<?xml version="1.0" encoding="UTF-8"?>
<corpus>

	<body>
<s id="s1" ref="1" source="Running text" forest="1" text="Remete 8 Definições encontradas.">
	<graph root="s1_500">
		<terminals>
			<t id="s1_1" word="Remete" lemma="remeter" pos="v-fin" morph="PR 3S IND VFIN" extra="* vH fmc mv"/>
			<t id="s1_2" word="8" lemma="8" pos="num" morph="F P" extra="card"/>
			<t id="s1_3" word="Definições" lemma="definição" pos="n" morph="F P" sem="sem-c" extra="prop *"/>
			<t id="s1_4" word="encontradas" lemma="encontrado" pos="adj" morph="F P" extra="nh np-close"/>
			<t id="s1_5" word="." lemma="--" pos="pu" morph="--" extra="--"/>
		</terminals>

		<nonterminals>
			<nt id="s1_500" cat="s">
				<edge label="STA" idref="s1_501"/>
			</nt>
			<nt id="s1_501" cat="fcl">
				<edge label="P" idref="s1_1"/>
				<edge label="Od" idref="s1_502"/>
				<edge label="PU" idref="s1_5"/>
			</nt>
			<nt id="s1_502" cat="np">
				<edge label="DN" idref="s1_2"/>
				<edge label="H" idref="s1_3"/>
				<edge label="DN" idref="s1_4"/>
			</nt>
		</nonterminals>
	</graph>
</s>

<s id="s2" ref="2" source="Running text" forest="1" text="Tweet Classificação morfossintática:">
	<graph root="s2_500">
		<terminals>
			<t id="s2_1" word="Tweet_Classificação" lemma="Tweet_Classificação" pos="prop" morph="M S" extra="common * heur"/>
			<t id="s2_2" word="morfossintática" lemma="morfossintático" pos="adj" morph="F S" extra="DERS jh np-close"/>
			<t id="s2_3" word=":" lemma="--" pos="pu" morph="--" extra="--"/>
		</terminals>

		<nonterminals>
			<nt id="s2_500" cat="s">
				<edge label="X" idref="s2_501"/>
			</nt>
			<nt id="s2_501" cat="np">
				<edge label="H" idref="s2_1"/>
				<edge label="DN" idref="s2_2"/>
				<edge label="PU" idref="s2_3"/>
			</nt>
		</nonterminals>
	</graph>
</s>

<s id="s3" ref="3" source="Running text" forest="1" text="Verbo, presente do indicativo 3a pessoa singular de remeter Verbo, imperativo 2a pessoa singular de remeter Flexões da palavra Remete Significados de Remete:">
	<graph root="s3_500">
		<terminals>
			<t id="s3_1" word="Verbo" lemma="verbo" pos="n" morph="M S" sem="ac-cat" extra="cjt-head cjt-head-X *"/>
			<t id="s3_2" word="," lemma="--" pos="pu" morph="--" extra="--"/>
			<t id="s3_3" word="presente" lemma="presente" pos="adj" morph="M/F S" extra="jh"/>
			<t id="s3_4" word="de" lemma="de" pos="prp" morph="--" extra="sam-"/>
			<t id="s3_5" word="o" lemma="o" pos="art" morph="M S" extra="-sam "/>
			<t id="s3_6" word="indicativo" lemma="indicativo" pos="n" morph="M S" sem="ac-cat" extra="--"/>
			<t id="s3_7" word="3a" lemma="3a" pos="num" morph="F P" extra="card"/>
			<t id="s3_8" word="pessoa" lemma="pessoa" pos="n" morph="F P" sem="H" extra="cjt-X"/>
			<t id="s3_9" word="singular" lemma="singular" pos="adj" morph="F S" extra="jh np-close"/>
			<t id="s3_10" word="de" lemma="de" pos="prp" morph="--" extra="np-close"/>
			<t id="s3_11" word="remeter" lemma="remeter" pos="v-inf" morph="--" extra="vH mv"/>
			<t id="s3_12" word="Verbo" lemma="Verbo" pos="prop" morph="M S" extra="hum *"/>
			<t id="s3_13" word="," lemma="--" pos="pu" morph="--" extra="--"/>
			<t id="s3_14" word="imperativo" lemma="imperativo" pos="adj" morph="M S" extra="nh np-close"/>
			<t id="s3_15" word="2a" lemma="2a" pos="num" morph="F P" extra="card"/>
			<t id="s3_16" word="pessoa" lemma="pessoa" pos="n" morph="F P" sem="H" extra="cjt-X"/>
			<t id="s3_17" word="singular" lemma="singular" pos="adj" morph="F S" extra="jh np-close"/>
			<t id="s3_18" word="de" lemma="de" pos="prp" morph="--" extra="np-close"/>
			<t id="s3_19" word="remeter" lemma="remeter" pos="v-inf" morph="--" extra="vH mv"/>
			<t id="s3_20" word="Flexões" lemma="Flexões" pos="prop" morph="M/F S" extra="hum *"/>
			<t id="s3_21" word="de" lemma="de" pos="prp" morph="--" extra="sam- np-close"/>
			<t id="s3_22" word="a" lemma="o" pos="art" morph="F S" extra="-sam "/>
			<t id="s3_23" word="palavra" lemma="palavra" pos="n" morph="F S" sem="ac-cat act-s" extra="--"/>
			<t id="s3_24" word="Remete_Significados_de_Remete" lemma="Remete_Significados_de_Remete" pos="prop" morph="F S" extra="org * heur np-close"/>
			<t id="s3_25" word=":" lemma="--" pos="pu" morph="--" extra="--"/>
		</terminals>

		<nonterminals>
			<nt id="s3_500" cat="s">
				<edge label="X" idref="s3_501"/>
			</nt>
			<nt id="s3_501" cat="par">
				<edge label="CJT" idref="s3_502"/>
				<edge label="PU" idref="s3_2"/>
				<edge label="CJT" idref="s3_503"/>
				<edge label="CJT" idref="s3_509"/>
				<edge label="PU" idref="s3_25"/>
			</nt>
			<nt id="s3_502" cat="np">
				<edge label="H" idref="s3_1"/>
			</nt>
			<nt id="s3_503" cat="np">
				<edge label="DN" idref="s3_504"/>
				<edge label="fA" idref="s3_506"/>
				<edge label="DN" idref="s3_7"/>
				<edge label="H" idref="s3_8"/>
				<edge label="DN" idref="s3_9"/>
			</nt>
			<nt id="s3_504" cat="pp">
				<edge label="DP" idref="s3_505"/>
				<edge label="H" idref="s3_10"/>
			</nt>
			<nt id="s3_505" cat="icl">
				<edge label="fCs" idref="s3_3"/>
				<edge label="P" idref="s3_11"/>
				<edge label="Od" idref="s3_508"/>
			</nt>
			<nt id="s3_506" cat="pp">
				<edge label="H" idref="s3_4"/>
				<edge label="DP" idref="s3_507"/>
			</nt>
			<nt id="s3_507" cat="np">
				<edge label="DN" idref="s3_5"/>
				<edge label="H" idref="s3_6"/>
			</nt>
			<nt id="s3_508" cat="np">
				<edge label="H" idref="s3_12"/>
				<edge label="PU" idref="s3_13"/>
				<edge label="DNc" idref="s3_14"/>
			</nt>
			<nt id="s3_509" cat="np">
				<edge label="DN" idref="s3_15"/>
				<edge label="H" idref="s3_16"/>
				<edge label="DN" idref="s3_17"/>
				<edge label="DN" idref="s3_510"/>
			</nt>
			<nt id="s3_510" cat="pp">
				<edge label="H" idref="s3_18"/>
				<edge label="DP" idref="s3_511"/>
			</nt>
			<nt id="s3_511" cat="icl">
				<edge label="P" idref="s3_19"/>
				<edge label="Od" idref="s3_512"/>
			</nt>
			<nt id="s3_512" cat="np">
				<edge label="H" idref="s3_20"/>
				<edge label="DN" idref="s3_513"/>
			</nt>
			<nt id="s3_513" cat="pp">
				<edge label="H" idref="s3_21"/>
				<edge label="DP" idref="s3_514"/>
			</nt>
			<nt id="s3_514" cat="np">
				<edge label="DN" idref="s3_22"/>
				<edge label="H" idref="s3_23"/>
				<edge label="DN" idref="s3_24"/>
			</nt>
		</nonterminals>
	</graph>
</s>

<s id="s4" ref="4" source="Running text" forest="1" text="7 sobe, 1 desce 1. Remete Por Dicionário inFormal(SP) em 25-10-2013 Conjugação do verbo remeter.">
	<graph root="s4_500">
		<terminals>
			<t id="s4_1" word="7" lemma="7" pos="num" morph="M/F S" extra="card"/>
			<t id="s4_2" word="sobe" lemma="subir" pos="v-fin" morph="PR 3S IND VFIN" extra="cjt-head cjt-head-STA fmc mv"/>
			<t id="s4_3" word="," lemma="--" pos="pu" morph="--" extra="--"/>
			<t id="s4_4" word="1" lemma="1" pos="num" morph="M/F S" extra="card"/>
			<t id="s4_5" word="desce" lemma="descer" pos="v-fin" morph="PR 3S IND VFIN" extra="cjt-STA fmc mv"/>
			<t id="s4_6" word="1." lemma="1." pos="adj" morph="M/F S" extra="NUM-ord"/>
			<t id="s4_7" word="Remete_Por_Dicionário" lemma="Remete_Por_Dicionário" pos="prop" morph="M S" extra="tit *"/>
			<t id="s4_8" word="inFormal" lemma="inFormal" pos="adj" morph="M S" extra="np-close"/>
			<t id="s4_9" word="(" lemma="--" pos="pu" morph="--" extra="--"/>
			<t id="s4_10" word="SP" lemma="SP" pos="prop" morph="M S" extra="civ * np-close"/>
			<t id="s4_11" word=")" lemma="--" pos="pu" morph="--" extra="--"/>
			<t id="s4_12" word="em" lemma="em" pos="prp" morph="--" extra="--"/>
			<t id="s4_13" word="25-10-2013" lemma="25-10-2013" pos="num" morph="F P" extra="card"/>
			<t id="s4_14" word="Conjugação" lemma="conjugação" pos="n" morph="F P" sem="act event ac-cat" extra="prop *"/>
			<t id="s4_15" word="de" lemma="de" pos="prp" morph="--" extra="sam- np-close"/>
			<t id="s4_16" word="o" lemma="o" pos="art" morph="M S" extra="clb -sam artd"/>
			<t id="s4_17" word="verbo" lemma="verbo" pos="n" morph="M S" sem="ac-cat" extra="--"/>
			<t id="s4_18" word="remeter" lemma="remeter" pos="v-inf" morph="3S" extra="vH mv"/>
			<t id="s4_19" word="." lemma="--" pos="pu" morph="--" extra="--"/>
		</terminals>

		<nonterminals>
			<nt id="s4_500" cat="s">
				<edge label="STA" idref="s4_501"/>
			</nt>
			<nt id="s4_501" cat="par">
				<edge label="CJT" idref="s4_502"/>
				<edge label="PU" idref="s4_3"/>
				<edge label="CJT" idref="s4_503"/>
				<edge label="PU" idref="s4_19"/>
			</nt>
			<nt id="s4_502" cat="fcl">
				<edge label="S" idref="s4_1"/>
				<edge label="P" idref="s4_2"/>
			</nt>
			<nt id="s4_503" cat="fcl">
				<edge label="S" idref="s4_4"/>
				<edge label="P" idref="s4_5"/>
				<edge label="fCs" idref="s4_6"/>
				<edge label="Od" idref="s4_504"/>
				<edge label="fA" idref="s4_505"/>
			</nt>
			<nt id="s4_504" cat="np">
				<edge label="H" idref="s4_7"/>
				<edge label="DN" idref="s4_8"/>
				<edge label="PU" idref="s4_9"/>
				<edge label="DNapp" idref="s4_10"/>
				<edge label="PU" idref="s4_11"/>
			</nt>
			<nt id="s4_505" cat="pp">
				<edge label="H" idref="s4_12"/>
				<edge label="DP" idref="s4_506"/>
			</nt>
			<nt id="s4_506" cat="np">
				<edge label="DN" idref="s4_13"/>
				<edge label="H" idref="s4_14"/>
				<edge label="DN" idref="s4_507"/>
			</nt>
			<nt id="s4_507" cat="pp">
				<edge label="H" idref="s4_15"/>
				<edge label="DP" idref="s4_508"/>
			</nt>
			<nt id="s4_508" cat="fcl">
				<edge label="S" idref="s4_509"/>
				<edge label="P" idref="s4_18"/>
			</nt>
			<nt id="s4_509" cat="np">
				<edge label="DN" idref="s4_16"/>
				<edge label="H" idref="s4_17"/>
			</nt>
		</nonterminals>
	</graph>
</s>

<s id="s5" ref="5" source="Running text" forest="1" text="Diz- se daquele que envia alguma coisa a outra pessoa.">
	<graph root="s5_500">
		<terminals>
			<t id="s5_1" word="Diz-" lemma="dizer" pos="v-fin" morph="PR 3S IND VFIN" extra="* hyfen vH fmc mv"/>
			<t id="s5_2" word="se" lemma="se" pos="pron-pers" morph="M/F 3S/P ACC" extra="--"/>
			<t id="s5_3" word="de" lemma="de" pos="prp" morph="--" extra="sam-"/>
			<t id="s5_4" word="aquele" lemma="aquele" pos="pron-dem" morph="DET M S" extra="-sam dem"/>
			<t id="s5_5" word="que" lemma="que" pos="conj-s" morph="--" extra="clb clb-fs"/>
			<t id="s5_6" word="envia" lemma="enviar" pos="v-fin" morph="PR 3S IND VFIN" extra="vH mv"/>
			<t id="s5_7" word="alguma" lemma="algum" pos="pron-indef" morph="DET F S" extra="quant"/>
			<t id="s5_8" word="coisa" lemma="coisa" pos="n" morph="F S" sem="cc ac" extra="--"/>
			<t id="s5_9" word="a" lemma="o" pos="art" morph="F S" extra="--"/>
			<t id="s5_10" word="outra" lemma="outro" pos="pron-indef" morph="DET F S" extra="diff KOMP"/>
			<t id="s5_11" word="pessoa" lemma="pessoa" pos="n" morph="F S" sem="H" extra="--"/>
			<t id="s5_12" word="." lemma="--" pos="pu" morph="--" extra="--"/>
		</terminals>

		<nonterminals>
			<nt id="s5_500" cat="s">
				<edge label="STA" idref="s5_501"/>
			</nt>
			<nt id="s5_501" cat="fcl">
				<edge label="P" idref="s5_1"/>
				<edge label="S" idref="s5_2"/>
				<edge label="fA" idref="s5_502"/>
				<edge label="Od" idref="s5_503"/>
				<edge label="PU" idref="s5_12"/>
			</nt>
			<nt id="s5_502" cat="pp">
				<edge label="H" idref="s5_3"/>
				<edge label="DP" idref="s5_4"/>
			</nt>
			<nt id="s5_503" cat="fcl">
				<edge label="SUB" idref="s5_5"/>
				<edge label="P" idref="s5_6"/>
				<edge label="Od" idref="s5_504"/>
				<edge label="S" idref="s5_505"/>
			</nt>
			<nt id="s5_504" cat="np">
				<edge label="DN" idref="s5_7"/>
				<edge label="H" idref="s5_8"/>
			</nt>
			<nt id="s5_505" cat="np">
				<edge label="DN" idref="s5_9"/>
				<edge label="DN" idref="s5_10"/>
				<edge label="H" idref="s5_11"/>
			</nt>
		</nonterminals>
	</graph>
</s>

<s id="s6" ref="6" source="Running text" forest="1" text="É um termo utilizado também quando se quer fazer menção, fazer referência a alguém.">
	<graph root="s6_500">
		<terminals>
			<t id="s6_1" word="É" lemma="ser" pos="v-fin" morph="PR 3S IND VFIN" extra="* vK fmc mv"/>
			<t id="s6_2" word="um" lemma="um" pos="art" morph="M S" extra="--"/>
			<t id="s6_3" word="termo" lemma="termo" pos="n" morph="M S" sem="ac-cat Labs temp act-s con" extra="--"/>
			<t id="s6_4" word="utilizado" lemma="utilizar" pos="v-pcp" morph="M S" extra="vH np-close"/>
			<t id="s6_5" word="também" lemma="também" pos="adv" morph="--" extra="--"/>
			<t id="s6_6" word="quando" lemma="quando" pos="adv" morph="--" extra="clb clb-fs rel ks"/>
			<t id="s6_7" word="se" lemma="se" pos="pron-pers" morph="M/F 3S/P ACC" extra="--"/>
			<t id="s6_8" word="quer" lemma="querer" pos="v-fin" morph="PR 3S IND VFIN" extra="vH mv"/>
			<t id="s6_9" word="fazer" lemma="fazer" pos="v-inf" morph="--" extra="mv"/>
			<t id="s6_10" word="menção" lemma="menção" pos="n" morph="F S" sem="sem-r act-d" extra="--"/>
			<t id="s6_11" word="," lemma="--" pos="pu" morph="--" extra="--"/>
			<t id="s6_12" word="fazer" lemma="fazer" pos="v-inf" morph="--" extra="mv"/>
			<t id="s6_13" word="referência" lemma="referência" pos="n" morph="F S" sem="act-s sem-r ac" extra="--"/>
			<t id="s6_14" word="a" lemma="a" pos="prp" morph="--" extra="np-close"/>
			<t id="s6_15" word="alguém" lemma="alguém" pos="spec" morph="M S" extra="--"/>
			<t id="s6_16" word="." lemma="--" pos="pu" morph="--" extra="--"/>
		</terminals>

		<nonterminals>
			<nt id="s6_500" cat="s">
				<edge label="STA" idref="s6_501"/>
			</nt>
			<nt id="s6_501" cat="fcl">
				<edge label="P" idref="s6_1"/>
				<edge label="Cs" idref="s6_502"/>
				<edge label="fA" idref="s6_5"/>
				<edge label="fA" idref="s6_503"/>
				<edge label="Od" idref="s6_10"/>
				<edge label="PU" idref="s6_16"/>
			</nt>
			<nt id="s6_502" cat="np">
				<edge label="DN" idref="s6_2"/>
				<edge label="H" idref="s6_3"/>
				<edge label="DN" idref="s6_4"/>
			</nt>
			<nt id="s6_503" cat="fcl">
				<edge label="fA" idref="s6_6"/>
				<edge label="S" idref="s6_7"/>
				<edge label="P" idref="s6_8"/>
				<edge label="Od" idref="s6_504"/>
			</nt>
			<nt id="s6_504" cat="icl">
				<edge label="P" idref="s6_9"/>
				<edge label="PU" idref="s6_11"/>
				<edge label="Od" idref="s6_505"/>
			</nt>
			<nt id="s6_505" cat="icl">
				<edge label="P" idref="s6_12"/>
				<edge label="Od" idref="s6_506"/>
			</nt>
			<nt id="s6_506" cat="np">
				<edge label="H" idref="s6_13"/>
				<edge label="DN" idref="s6_507"/>
			</nt>
			<nt id="s6_507" cat="pp">
				<edge label="H" idref="s6_14"/>
				<edge label="DP" idref="s6_15"/>
			</nt>
		</nonterminals>
	</graph>
</s>

<s id="s7" ref="7" source="Running text" forest="1" text="A palestra que ele deu remete muito a uma que assisti na semana passada.">
	<graph root="s7_500">
		<terminals>
			<t id="s7_1" word="A" lemma="o" pos="art" morph="F S" extra="* "/>
			<t id="s7_2" word="palestra" lemma="palestra" pos="n" morph="F S" sem="sem-s talk" extra="--"/>
			<t id="s7_3" word="que" lemma="que" pos="spec" morph="M S" extra="clb clb-fs rel"/>
			<t id="s7_4" word="ele" lemma="ele" pos="pron-pers" morph="M 3S NOM" extra="--"/>
			<t id="s7_5" word="deu" lemma="dar" pos="v-fin" morph="PS 3S IND VFIN" extra="mv np-close"/>
			<t id="s7_6" word="remete" lemma="remeter" pos="v-fin" morph="PR 3S IND VFIN" extra="cjt-head cjt-head-STA vH fmc mv"/>
			<t id="s7_7" word="muito" lemma="muito" pos="adv" morph="--" extra="quant"/>
			<t id="s7_8" word="a" lemma="o" pos="art" morph="F S" extra="--"/>
			<t id="s7_9" word="uma" lemma="uma" pos="num" morph="F S" extra="card"/>
			<t id="s7_10" word="que" lemma="que" pos="spec" morph="M S" extra="clb rel"/>
			<t id="s7_11" word="assisti" lemma="assistir" pos="v-fin" morph="PS 1S IND VFIN" extra="nosubj cjt-STA vH mv"/>
			<t id="s7_12" word="em" lemma="em" pos="prp" morph="--" extra="sam-"/>
			<t id="s7_13" word="a" lemma="o" pos="art" morph="F S" extra="-sam "/>
			<t id="s7_14" word="semana" lemma="semana" pos="n" morph="F S" sem="dur" extra="--"/>
			<t id="s7_15" word="passada" lemma="passado" pos="adj" morph="F S" extra="np-close"/>
			<t id="s7_16" word="." lemma="--" pos="pu" morph="--" extra="--"/>
		</terminals>

		<nonterminals>
			<nt id="s7_500" cat="s">
				<edge label="STA" idref="s7_501"/>
			</nt>
			<nt id="s7_501" cat="par">
				<edge label="CJT" idref="s7_502"/>
				<edge label="CJT" idref="s7_506"/>
				<edge label="PU" idref="s7_16"/>
			</nt>
			<nt id="s7_502" cat="fcl">
				<edge label="S" idref="s7_503"/>
				<edge label="P" idref="s7_6"/>
				<edge label="fA" idref="s7_7"/>
				<edge label="Od" idref="s7_505"/>
			</nt>
			<nt id="s7_503" cat="np">
				<edge label="DN" idref="s7_1"/>
				<edge label="H" idref="s7_2"/>
				<edge label="DN" idref="s7_504"/>
			</nt>
			<nt id="s7_504" cat="fcl">
				<edge label="Od" idref="s7_3"/>
				<edge label="S" idref="s7_4"/>
				<edge label="P" idref="s7_5"/>
			</nt>
			<nt id="s7_505" cat="np">
				<edge label="DN" idref="s7_8"/>
				<edge label="H" idref="s7_9"/>
			</nt>
			<nt id="s7_506" cat="x">
				<edge label="X" idref="s7_10"/>
				<edge label="P" idref="s7_11"/>
				<edge label="Op" idref="s7_507"/>
			</nt>
			<nt id="s7_507" cat="pp">
				<edge label="H" idref="s7_12"/>
				<edge label="DP" idref="s7_508"/>
			</nt>
			<nt id="s7_508" cat="np">
				<edge label="DN" idref="s7_13"/>
				<edge label="H" idref="s7_14"/>
				<edge label="DN" idref="s7_15"/>
			</nt>
		</nonterminals>
	</graph>
</s>

<s id="s8" ref="8" source="Running text" forest="1" text="Compartilhar enviar nova definição enviar nova imagem denunciar abuso Relacionadas:">
	<graph root="s8_500">
		<terminals>
			<t id="s8_1" word="Compartilhar" lemma="compartilhar" pos="v-inf" morph="--" extra="* vH mv"/>
			<t id="s8_2" word="enviar" lemma="enviar" pos="v-inf" morph="--" extra="vH mv"/>
			<t id="s8_3" word="nova" lemma="novo" pos="adj" morph="F S" extra="jh"/>
			<t id="s8_4" word="definição" lemma="definição" pos="n" morph="F S" sem="sem-c" extra="--"/>
			<t id="s8_5" word="enviar" lemma="enviar" pos="v-inf" morph="--" extra="vH mv"/>
			<t id="s8_6" word="nova" lemma="novo" pos="adj" morph="F S" extra="jh"/>
			<t id="s8_7" word="imagem" lemma="imagem" pos="n" morph="F S" sem="pict sem-c ac-cat" extra="--"/>
			<t id="s8_8" word="denunciar" lemma="denunciar" pos="v-inf" morph="--" extra="vH mv"/>
			<t id="s8_9" word="abuso" lemma="abuso" pos="n" morph="M S" sem="activity" extra="--"/>
			<t id="s8_10" word="Relacionadas" lemma="Relacionadas" pos="prop" morph="M S" extra="hum * np-close"/>
			<t id="s8_11" word=":" lemma="--" pos="pu" morph="--" extra="--"/>
		</terminals>

		<nonterminals>
			<nt id="s8_500" cat="s">
				<edge label="UTT" idref="s8_501"/>
			</nt>
			<nt id="s8_501" cat="icl">
				<edge label="P" idref="s8_1"/>
				<edge label="Od" idref="s8_502"/>
				<edge label="PU" idref="s8_11"/>
			</nt>
			<nt id="s8_502" cat="icl">
				<edge label="P" idref="s8_2"/>
				<edge label="Od" idref="s8_503"/>
				<edge label="UTT" idref="s8_504"/>
				<edge label="UTT" idref="s8_506"/>
			</nt>
			<nt id="s8_503" cat="np">
				<edge label="DN" idref="s8_3"/>
				<edge label="H" idref="s8_4"/>
			</nt>
			<nt id="s8_504" cat="icl">
				<edge label="P" idref="s8_5"/>
				<edge label="Od" idref="s8_505"/>
			</nt>
			<nt id="s8_505" cat="np">
				<edge label="DN" idref="s8_6"/>
				<edge label="H" idref="s8_7"/>
			</nt>
			<nt id="s8_506" cat="icl">
				<edge label="P" idref="s8_8"/>
				<edge label="Od" idref="s8_507"/>
			</nt>
			<nt id="s8_507" cat="np">
				<edge label="H" idref="s8_9"/>
				<edge label="DN" idref="s8_10"/>
			</nt>
		</nonterminals>
	</graph>
</s>

<s id="s9" ref="9" source="Running text" forest="1" text="remeter mais...">
	<graph root="s9_500">
		<terminals>
			<t id="s9_1" word="remeter" lemma="remeter" pos="v-inf" morph="--" extra="vH mv"/>
			<t id="s9_2" word="mais" lemma="mais" pos="adv" morph="--" extra="--"/>
			<t id="s9_3" word="." lemma="--" pos="pu" morph="--" extra="--"/>
		</terminals>

		<nonterminals>
			<nt id="s9_500" cat="s">
				<edge label="UTT" idref="s9_501"/>
			</nt>
			<nt id="s9_501" cat="icl">
				<edge label="P" idref="s9_1"/>
				<edge label="fA" idref="s9_2"/>
				<edge label="PU" idref="s9_3"/>
			</nt>
		</nonterminals>
	</graph>
</s>

<s id="s10" ref="10" source="Running text" forest="1" text="Significados de remeter(Flexões):">
	<graph root="s10_500">
		<terminals>
			<t id="s10_1" word="Significados" lemma="significado" pos="n" morph="M P" sem="sem-c" extra="cjt-head cjt-head-X *"/>
			<t id="s10_2" word="de" lemma="de" pos="prp" morph="--" extra="np-close"/>
			<t id="s10_3" word="remeter" lemma="remeter" pos="v-inf" morph="--" extra="vH mv"/>
			<t id="s10_4" word="(" lemma="--" pos="pu" morph="--" extra="--"/>
			<t id="s10_5" word="Flexões" lemma="Flexões" pos="prop" morph="M/F S" extra="cjt-X hum *"/>
			<t id="s10_6" word=")" lemma="--" pos="pu" morph="--" extra="--"/>
			<t id="s10_7" word=":" lemma="--" pos="pu" morph="--" extra="--"/>
		</terminals>

		<nonterminals>
			<nt id="s10_500" cat="s">
				<edge label="X" idref="s10_501"/>
			</nt>
			<nt id="s10_501" cat="par">
				<edge label="CJT" idref="s10_502"/>
				<edge label="PU" idref="s10_4"/>
				<edge label="CJT" idref="s10_5"/>
				<edge label="PU" idref="s10_6"/>
				<edge label="PU" idref="s10_7"/>
			</nt>
			<nt id="s10_502" cat="np">
				<edge label="H" idref="s10_1"/>
				<edge label="DN" idref="s10_503"/>
			</nt>
			<nt id="s10_503" cat="pp">
				<edge label="H" idref="s10_2"/>
				<edge label="DP" idref="s10_3"/>
			</nt>
		</nonterminals>
	</graph>
</s>

<s id="s11" ref="11" source="Running text" forest="1" text="96 sobe, 41 desce 2. Remetido Por Gabriel Pine(SP) em 17-01-2008 Enviado, postado, encaminhado.">
	<graph root="s11_500">
		<terminals>
			<t id="s11_1" word="96" lemma="96" pos="num" morph="M/F S" extra="card"/>
			<t id="s11_2" word="sobe" lemma="subir" pos="v-fin" morph="PR 3S IND VFIN" extra="cjt-head cjt-head-STA fmc mv"/>
			<t id="s11_3" word="," lemma="--" pos="pu" morph="--" extra="--"/>
			<t id="s11_4" word="41" lemma="41" pos="num" morph="M/F P" extra="card"/>
			<t id="s11_5" word="desce" lemma="descer" pos="v-fin" morph="PR 3S IND VFIN" extra="cjt-STA fmc mv"/>
			<t id="s11_6" word="2." lemma="2." pos="adj" morph="M/F S" extra="NUM-ord"/>
			<t id="s11_7" word="Remetido_Por_Gabriel_Pine" lemma="Remetido_Por_Gabriel_Pine" pos="prop" morph="M S" extra="hum * heur"/>
			<t id="s11_8" word="(" lemma="--" pos="pu" morph="--" extra="--"/>
			<t id="s11_9" word="SP" lemma="SP" pos="prop" morph="M S" extra="civ * np-close"/>
			<t id="s11_10" word=")" lemma="--" pos="pu" morph="--" extra="--"/>
			<t id="s11_11" word="em" lemma="em" pos="prp" morph="--" extra="--"/>
			<t id="s11_12" word="17-01-2008" lemma="17-01-2008" pos="num" morph="M P" extra="card"/>
			<t id="s11_13" word="Enviado" lemma="enviado" pos="n" morph="M P" sem="Hprof" extra="prop *"/>
			<t id="s11_14" word="," lemma="--" pos="pu" morph="--" extra="--"/>
			<t id="s11_15" word="postado" lemma="postar" pos="v-pcp" morph="M S" extra="vH np-close"/>
			<t id="s11_16" word="," lemma="--" pos="pu" morph="--" extra="--"/>
			<t id="s11_17" word="encaminhado" lemma="encaminhado" pos="adj" morph="M S" extra="jh np-close"/>
			<t id="s11_18" word="." lemma="--" pos="pu" morph="--" extra="--"/>
		</terminals>

		<nonterminals>
			<nt id="s11_500" cat="s">
				<edge label="STA" idref="s11_501"/>
			</nt>
			<nt id="s11_501" cat="par">
				<edge label="CJT" idref="s11_502"/>
				<edge label="PU" idref="s11_3"/>
				<edge label="CJT" idref="s11_503"/>
				<edge label="PU" idref="s11_18"/>
			</nt>
			<nt id="s11_502" cat="fcl">
				<edge label="S" idref="s11_1"/>
				<edge label="P" idref="s11_2"/>
			</nt>
			<nt id="s11_503" cat="fcl">
				<edge label="Od" idref="s11_4"/>
				<edge label="P" idref="s11_5"/>
				<edge label="fCs" idref="s11_6"/>
				<edge label="S" idref="s11_504"/>
				<edge label="fA" idref="s11_505"/>
			</nt>
			<nt id="s11_504" cat="np">
				<edge label="H" idref="s11_7"/>
				<edge label="PU" idref="s11_8"/>
				<edge label="DNc" idref="s11_9"/>
				<edge label="PU" idref="s11_10"/>
			</nt>
			<nt id="s11_505" cat="pp">
				<edge label="H" idref="s11_11"/>
				<edge label="DP" idref="s11_506"/>
			</nt>
			<nt id="s11_506" cat="np">
				<edge label="DN" idref="s11_12"/>
				<edge label="H" idref="s11_13"/>
				<edge label="PU" idref="s11_14"/>
				<edge label="DNc" idref="s11_507"/>
			</nt>
			<nt id="s11_507" cat="np">
				<edge label="H" idref="s11_15"/>
				<edge label="PU" idref="s11_16"/>
				<edge label="DNc" idref="s11_17"/>
			</nt>
		</nonterminals>
	</graph>
</s>

<s id="s12" ref="12" source="Running text" forest="1" text="O pacote foi remetido ontem.">
	<graph root="s12_500">
		<terminals>
			<t id="s12_1" word="O" lemma="o" pos="art" morph="M S" extra="* "/>
			<t id="s12_2" word="pacote" lemma="pacote" pos="n" morph="M S" sem="con" extra="--"/>
			<t id="s12_3" word="foi" lemma="ser" pos="v-fin" morph="PS 3S IND VFIN" extra="fmc aux"/>
			<t id="s12_4" word="remetido" lemma="remeter" pos="v-pcp" morph="M S" extra="vH mv"/>
			<t id="s12_5" word="ontem" lemma="ontem" pos="adv" morph="--" extra="--"/>
			<t id="s12_6" word="." lemma="--" pos="pu" morph="--" extra="--"/>
		</terminals>

		<nonterminals>
			<nt id="s12_500" cat="s">
				<edge label="STA" idref="s12_501"/>
			</nt>
			<nt id="s12_501" cat="fcl">
				<edge label="S" idref="s12_502"/>
				<edge label="P" idref="s12_503"/>
				<edge label="fA" idref="s12_5"/>
				<edge label="PU" idref="s12_6"/>
			</nt>
			<nt id="s12_502" cat="np">
				<edge label="DN" idref="s12_1"/>
				<edge label="H" idref="s12_2"/>
			</nt>
			<nt id="s12_503" cat="vp">
				<edge label="Vaux" idref="s12_3"/>
				<edge label="Vm" idref="s12_4"/>
			</nt>
		</nonterminals>
	</graph>
</s>

<s id="s13" ref="13" source="Running text" forest="1" text="Compartilhar enviar nova definição enviar nova imagem denunciar abuso 41 sobe, 10 desce 3. Remetido Por Vilson Ferreira(GO) em 10-05-2010 Particípio do verbo remeter;">
	<graph root="s13_500">
		<terminals>
			<t id="s13_1" word="Compartilhar" lemma="compartilhar" pos="v-inf" morph="--" extra="cjt-head cjt-head-S * vH mv"/>
			<t id="s13_2" word="enviar" lemma="enviar" pos="v-inf" morph="--" extra="vH mv"/>
			<t id="s13_3" word="nova" lemma="novo" pos="adj" morph="F S" extra="jh"/>
			<t id="s13_4" word="definição" lemma="definição" pos="n" morph="F S" sem="sem-c" extra="--"/>
			<t id="s13_5" word="enviar" lemma="enviar" pos="v-inf" morph="--" extra="vH mv"/>
			<t id="s13_6" word="nova" lemma="novo" pos="adj" morph="F S" extra="jh"/>
			<t id="s13_7" word="imagem" lemma="imagem" pos="n" morph="F S" sem="pict sem-c ac-cat" extra="--"/>
			<t id="s13_8" word="denunciar" lemma="denunciar" pos="v-inf" morph="--" extra="cjt-S vH mv"/>
			<t id="s13_9" word="abuso" lemma="abuso" pos="n" morph="M S" sem="activity" extra="--"/>
			<t id="s13_10" word="41" lemma="41" pos="num" morph="M/F P" extra="card"/>
			<t id="s13_11" word="sobe" lemma="subir" pos="v-fin" morph="PR 3S IND VFIN" extra="cjt-head cjt-head-STA fmc mv"/>
			<t id="s13_12" word="," lemma="--" pos="pu" morph="--" extra="--"/>
			<t id="s13_13" word="10" lemma="10" pos="num" morph="M/F P" extra="card"/>
			<t id="s13_14" word="desce" lemma="descer" pos="v-fin" morph="PR 3S IND VFIN" extra="cjt-STA fmc mv"/>
			<t id="s13_15" word="3." lemma="3." pos="adj" morph="M/F S" extra="NUM-ord"/>
			<t id="s13_16" word="Remetido_Por_Vilson_Ferreira" lemma="Remetido_Por_Vilson_Ferreira" pos="prop" morph="M S" extra="hum * heur"/>
			<t id="s13_17" word="(" lemma="--" pos="pu" morph="--" extra="--"/>
			<t id="s13_18" word="GO" lemma="GO" pos="prop" morph="M S" extra="civ * np-close"/>
			<t id="s13_19" word=")" lemma="--" pos="pu" morph="--" extra="--"/>
			<t id="s13_20" word="em" lemma="em" pos="prp" morph="--" extra="--"/>
			<t id="s13_21" word="10-05-2010" lemma="10-05-2010" pos="num" morph="M P" extra="card"/>
			<t id="s13_22" word="Particípio" lemma="particípio" pos="n" morph="M P" sem="ac-cat" extra="prop *"/>
			<t id="s13_23" word="de" lemma="de" pos="prp" morph="--" extra="sam- np-close"/>
			<t id="s13_24" word="o" lemma="o" pos="art" morph="M S" extra="clb -sam artd"/>
			<t id="s13_25" word="verbo" lemma="verbo" pos="n" morph="M S" sem="ac-cat" extra="--"/>
			<t id="s13_26" word="remeter" lemma="remeter" pos="v-inf" morph="3S" extra="vH mv"/>
			<t id="s13_27" word=";" lemma="--" pos="pu" morph="--" extra="--"/>
		</terminals>

		<nonterminals>
			<nt id="s13_500" cat="s">
				<edge label="STA" idref="s13_501"/>
			</nt>
			<nt id="s13_501" cat="par">
				<edge label="CJT" idref="s13_502"/>
				<edge label="PU" idref="s13_12"/>
				<edge label="CJT" idref="s13_510"/>
				<edge label="PU" idref="s13_27"/>
			</nt>
			<nt id="s13_502" cat="fcl">
				<edge label="S" idref="s13_503"/>
				<edge label="Od" idref="s13_10"/>
				<edge label="P" idref="s13_11"/>
			</nt>
			<nt id="s13_503" cat="par">
				<edge label="CJT" idref="s13_504"/>
				<edge label="CJT" idref="s13_507"/>
			</nt>
			<nt id="s13_504" cat="icl">
				<edge label="P" idref="s13_1"/>
				<edge label="Od" idref="s13_505"/>
			</nt>
			<nt id="s13_505" cat="icl">
				<edge label="P" idref="s13_2"/>
				<edge label="Od" idref="s13_506"/>
			</nt>
			<nt id="s13_506" cat="np">
				<edge label="DN" idref="s13_3"/>
				<edge label="H" idref="s13_4"/>
			</nt>
			<nt id="s13_507" cat="fcl">
				<edge label="S" idref="s13_508"/>
				<edge label="P" idref="s13_8"/>
				<edge label="Od" idref="s13_9"/>
			</nt>
			<nt id="s13_508" cat="icl">
				<edge label="P" idref="s13_5"/>
				<edge label="Od" idref="s13_509"/>
			</nt>
			<nt id="s13_509" cat="np">
				<edge label="DN" idref="s13_6"/>
				<edge label="H" idref="s13_7"/>
			</nt>
			<nt id="s13_510" cat="fcl">
				<edge label="Od" idref="s13_13"/>
				<edge label="P" idref="s13_14"/>
				<edge label="fCs" idref="s13_15"/>
				<edge label="S" idref="s13_511"/>
				<edge label="fA" idref="s13_512"/>
			</nt>
			<nt id="s13_511" cat="np">
				<edge label="H" idref="s13_16"/>
				<edge label="PU" idref="s13_17"/>
				<edge label="DNc" idref="s13_18"/>
				<edge label="PU" idref="s13_19"/>
			</nt>
			<nt id="s13_512" cat="pp">
				<edge label="H" idref="s13_20"/>
				<edge label="DP" idref="s13_513"/>
			</nt>
			<nt id="s13_513" cat="np">
				<edge label="DN" idref="s13_21"/>
				<edge label="H" idref="s13_22"/>
				<edge label="DN" idref="s13_514"/>
			</nt>
			<nt id="s13_514" cat="pp">
				<edge label="H" idref="s13_23"/>
				<edge label="DP" idref="s13_515"/>
			</nt>
			<nt id="s13_515" cat="fcl">
				<edge label="S" idref="s13_516"/>
				<edge label="P" idref="s13_26"/>
			</nt>
			<nt id="s13_516" cat="np">
				<edge label="DN" idref="s13_24"/>
				<edge label="H" idref="s13_25"/>
			</nt>
		</nonterminals>
	</graph>
</s>

<s id="s14" ref="14" source="Running text" forest="1" text="que significa:">
	<graph root="s14_500">
		<terminals>
			<t id="s14_1" word="que" lemma="que" pos="spec" morph="M S" extra="clb interr"/>
			<t id="s14_2" word="significa" lemma="significar" pos="v-fin" morph="PR 3S IND VFIN" extra="fmc mv"/>
			<t id="s14_3" word=":" lemma="--" pos="pu" morph="--" extra="--"/>
		</terminals>

		<nonterminals>
			<nt id="s14_500" cat="s">
				<edge label="STA" idref="s14_501"/>
			</nt>
			<nt id="s14_501" cat="fcl">
				<edge label="Od" idref="s14_1"/>
				<edge label="P" idref="s14_2"/>
				<edge label="PU" idref="s14_3"/>
			</nt>
		</nonterminals>
	</graph>
</s>

<s id="s15" ref="15" source="Running text" forest="1" text="enviado, postado, encaminhado, destinado.">
	<graph root="s15_500">
		<terminals>
			<t id="s15_1" word="enviado" lemma="enviar" pos="v-pcp" morph="M S" extra="vH"/>
			<t id="s15_2" word="," lemma="--" pos="pu" morph="--" extra="--"/>
			<t id="s15_3" word="postado" lemma="postar" pos="v-pcp" morph="M S" extra="vH"/>
			<t id="s15_4" word="," lemma="--" pos="pu" morph="--" extra="--"/>
			<t id="s15_5" word="encaminhado" lemma="encaminhado" pos="adj" morph="M S" extra="jh"/>
			<t id="s15_6" word="," lemma="--" pos="pu" morph="--" extra="--"/>
			<t id="s15_7" word="destinado" lemma="destinar" pos="v-pcp" morph="M S" extra="vH"/>
			<t id="s15_8" word="." lemma="--" pos="pu" morph="--" extra="--"/>
		</terminals>

		<nonterminals>
			<nt id="s15_500" cat="s">
				<edge label="UTT" idref="s15_501"/>
			</nt>
			<nt id="s15_501" cat="x">
				<edge label="fCs" idref="s15_1"/>
				<edge label="PU" idref="s15_2"/>
				<edge label="fCs" idref="s15_3"/>
				<edge label="PU" idref="s15_4"/>
				<edge label="fCs" idref="s15_5"/>
				<edge label="PU" idref="s15_6"/>
				<edge label="fCs" idref="s15_7"/>
				<edge label="PU" idref="s15_8"/>
			</nt>
		</nonterminals>
	</graph>
</s>

<s id="s16" ref="16" source="Running text" forest="1" text="O dinheiro recuperado foi remetido ao caixa da loja.">
	<graph root="s16_500">
		<terminals>
			<t id="s16_1" word="O" lemma="o" pos="art" morph="M S" extra="* "/>
			<t id="s16_2" word="dinheiro" lemma="dinheiro" pos="n" morph="M S" sem="mon cm" extra="--"/>
			<t id="s16_3" word="recuperado" lemma="recuperar" pos="v-pcp" morph="M S" extra="vH np-close"/>
			<t id="s16_4" word="foi" lemma="ser" pos="v-fin" morph="PS 3S IND VFIN" extra="fmc aux"/>
			<t id="s16_5" word="remetido" lemma="remeter" pos="v-pcp" morph="M S" extra="vH mv"/>
			<t id="s16_6" word="a" lemma="a" pos="prp" morph="--" extra="sam-"/>
			<t id="s16_7" word="o" lemma="o" pos="art" morph="M S" extra="-sam "/>
			<t id="s16_8" word="caixa" lemma="caixa" pos="n" morph="M S" sem="Hprof" extra="--"/>
			<t id="s16_9" word="de" lemma="de" pos="prp" morph="--" extra="sam- np-close"/>
			<t id="s16_10" word="a" lemma="o" pos="art" morph="F S" extra="-sam "/>
			<t id="s16_11" word="loja" lemma="loja" pos="n" morph="F S" sem="inst Lh" extra="--"/>
			<t id="s16_12" word="." lemma="--" pos="pu" morph="--" extra="--"/>
		</terminals>

		<nonterminals>
			<nt id="s16_500" cat="s">
				<edge label="STA" idref="s16_501"/>
			</nt>
			<nt id="s16_501" cat="fcl">
				<edge label="S" idref="s16_502"/>
				<edge label="P" idref="s16_503"/>
				<edge label="fA" idref="s16_504"/>
				<edge label="PU" idref="s16_12"/>
			</nt>
			<nt id="s16_502" cat="np">
				<edge label="DN" idref="s16_1"/>
				<edge label="H" idref="s16_2"/>
				<edge label="DN" idref="s16_3"/>
			</nt>
			<nt id="s16_503" cat="vp">
				<edge label="Vaux" idref="s16_4"/>
				<edge label="Vm" idref="s16_5"/>
			</nt>
			<nt id="s16_504" cat="pp">
				<edge label="H" idref="s16_6"/>
				<edge label="DP" idref="s16_505"/>
			</nt>
			<nt id="s16_505" cat="np">
				<edge label="DN" idref="s16_7"/>
				<edge label="H" idref="s16_8"/>
				<edge label="DN" idref="s16_506"/>
			</nt>
			<nt id="s16_506" cat="pp">
				<edge label="H" idref="s16_9"/>
				<edge label="DP" idref="s16_507"/>
			</nt>
			<nt id="s16_507" cat="np">
				<edge label="DN" idref="s16_10"/>
				<edge label="H" idref="s16_11"/>
			</nt>
		</nonterminals>
	</graph>
</s>

<s id="s17" ref="17" source="Running text" forest="1" text="O dinheiro arrecadado foi remetido � associação.">
	<graph root="s17_500">
		<terminals>
			<t id="s17_1" word="O" lemma="o" pos="art" morph="M S" extra="* "/>
			<t id="s17_2" word="dinheiro" lemma="dinheiro" pos="n" morph="M S" sem="mon cm" extra="--"/>
			<t id="s17_3" word="arrecadado" lemma="arrecadar" pos="v-pcp" morph="M S" extra="vH np-close"/>
			<t id="s17_4" word="foi" lemma="ser" pos="v-fin" morph="PS 3S IND VFIN" extra="fmc aux"/>
			<t id="s17_5" word="remetido" lemma="remeter" pos="v-pcp" morph="M S" extra="vH mv"/>
			<t id="s17_6" word="a" lemma="a" pos="prp" morph="--" extra="sam-"/>
			<t id="s17_7" word="a" lemma="o" pos="art" morph="F S" extra="-sam "/>
			<t id="s17_8" word="associação" lemma="associação" pos="n" morph="F S" sem="HH sem-c act" extra="--"/>
			<t id="s17_9" word="." lemma="--" pos="pu" morph="--" extra="--"/>
		</terminals>

		<nonterminals>
			<nt id="s17_500" cat="s">
				<edge label="STA" idref="s17_501"/>
			</nt>
			<nt id="s17_501" cat="fcl">
				<edge label="S" idref="s17_502"/>
				<edge label="P" idref="s17_503"/>
				<edge label="fA" idref="s17_504"/>
				<edge label="PU" idref="s17_9"/>
			</nt>
			<nt id="s17_502" cat="np">
				<edge label="DN" idref="s17_1"/>
				<edge label="H" idref="s17_2"/>
				<edge label="DN" idref="s17_3"/>
			</nt>
			<nt id="s17_503" cat="vp">
				<edge label="Vaux" idref="s17_4"/>
				<edge label="Vm" idref="s17_5"/>
			</nt>
			<nt id="s17_504" cat="pp">
				<edge label="H" idref="s17_6"/>
				<edge label="DP" idref="s17_505"/>
			</nt>
			<nt id="s17_505" cat="np">
				<edge label="DN" idref="s17_7"/>
				<edge label="H" idref="s17_8"/>
			</nt>
		</nonterminals>
	</graph>
</s>

<s id="s18" ref="18" source="Running text" forest="1" text="Compartilhar enviar nova definição enviar nova imagem denunciar abuso 34 sobe, 8 desce 4. Remeter Por Paola M. Merli Perrenoud(SP) em 17-09-2009 Dirigir, enviar, mandar Confiar a Adiar, dilatar Arremessar- se, arremeter.">
	<graph root="s18_500">
		<terminals>
			<t id="s18_1" word="Compartilhar" lemma="compartilhar" pos="v-inf" morph="--" extra="cjt-head cjt-head-S * vH mv"/>
			<t id="s18_2" word="enviar" lemma="enviar" pos="v-inf" morph="--" extra="vH mv"/>
			<t id="s18_3" word="nova" lemma="novo" pos="adj" morph="F S" extra="jh"/>
			<t id="s18_4" word="definição" lemma="definição" pos="n" morph="F S" sem="sem-c" extra="--"/>
			<t id="s18_5" word="enviar" lemma="enviar" pos="v-inf" morph="--" extra="vH mv"/>
			<t id="s18_6" word="nova" lemma="novo" pos="adj" morph="F S" extra="jh"/>
			<t id="s18_7" word="imagem" lemma="imagem" pos="n" morph="F S" sem="pict sem-c ac-cat" extra="--"/>
			<t id="s18_8" word="denunciar" lemma="denunciar" pos="v-inf" morph="--" extra="cjt-S vH mv"/>
			<t id="s18_9" word="abuso" lemma="abuso" pos="n" morph="M S" sem="activity" extra="--"/>
			<t id="s18_10" word="34" lemma="34" pos="num" morph="M/F P" extra="card"/>
			<t id="s18_11" word="sobe" lemma="subir" pos="v-fin" morph="PR 3S IND VFIN" extra="cjt-head cjt-head-STA fmc mv"/>
			<t id="s18_12" word="," lemma="--" pos="pu" morph="--" extra="--"/>
			<t id="s18_13" word="8" lemma="8" pos="num" morph="M/F P" extra="card"/>
			<t id="s18_14" word="desce" lemma="descer" pos="v-fin" morph="PR 3S IND VFIN" extra="cjt-STA fmc mv"/>
			<t id="s18_15" word="4." lemma="4." pos="adj" morph="M/F S" extra="NUM-ord"/>
			<t id="s18_16" word="Remeter_Por_Paola_M._Merli_Perrenoud" lemma="Remeter_Por_Paola_M._Merli_Perrenoud" pos="prop" morph="M/F S" extra="hum *"/>
			<t id="s18_17" word="(" lemma="--" pos="pu" morph="--" extra="--"/>
			<t id="s18_18" word="SP" lemma="SP" pos="prop" morph="M S" extra="civ * np-close"/>
			<t id="s18_19" word=")" lemma="--" pos="pu" morph="--" extra="--"/>
			<t id="s18_20" word="em" lemma="em" pos="prp" morph="--" extra="--"/>
			<t id="s18_21" word="17-09-2009" lemma="17-09-2009" pos="num" morph="M/F S" extra="card"/>
			<t id="s18_22" word="Dirigir" lemma="dirigir" pos="v-inf" morph="--" extra="* vH mv"/>
			<t id="s18_23" word="," lemma="--" pos="pu" morph="--" extra="--"/>
			<t id="s18_24" word="enviar" lemma="enviar" pos="v-inf" morph="--" extra="vH mv"/>
			<t id="s18_25" word="," lemma="--" pos="pu" morph="--" extra="--"/>
			<t id="s18_26" word="mandar" lemma="mandar" pos="v-inf" morph="--" extra="vH mv"/>
			<t id="s18_27" word="Confiar" lemma="Confiar" pos="prop" morph="M/F S" extra="hum *"/>
			<t id="s18_28" word="a" lemma="a" pos="prp" morph="--" extra="--"/>
			<t id="s18_29" word="Adiar" lemma="adiar" pos="v-inf" morph="--" extra="cjt-head cjt-head-DP * vH mv"/>
			<t id="s18_30" word="," lemma="--" pos="pu" morph="--" extra="--"/>
			<t id="s18_31" word="dilatar" lemma="dilatar" pos="v-inf" morph="--" extra="cjt-DP vH mv"/>
			<t id="s18_32" word="Arremessar-" lemma="arremessar" pos="v-inf" morph="--" extra="* hyfen vH mv"/>
			<t id="s18_33" word="se" lemma="se" pos="pron-pers" morph="M/F 3S ACC" extra="pass"/>
			<t id="s18_34" word="," lemma="--" pos="pu" morph="--" extra="--"/>
			<t id="s18_35" word="arremeter" lemma="arremeter" pos="v-inf" morph="--" extra="vH mv"/>
			<t id="s18_36" word="." lemma="--" pos="pu" morph="--" extra="--"/>
		</terminals>

		<nonterminals>
			<nt id="s18_500" cat="s">
				<edge label="STA" idref="s18_501"/>
			</nt>
			<nt id="s18_501" cat="par">
				<edge label="CJT" idref="s18_502"/>
				<edge label="PU" idref="s18_12"/>
				<edge label="CJT" idref="s18_510"/>
				<edge label="PU" idref="s18_36"/>
			</nt>
			<nt id="s18_502" cat="fcl">
				<edge label="S" idref="s18_503"/>
				<edge label="Od" idref="s18_10"/>
				<edge label="P" idref="s18_11"/>
			</nt>
			<nt id="s18_503" cat="par">
				<edge label="CJT" idref="s18_504"/>
				<edge label="CJT" idref="s18_507"/>
			</nt>
			<nt id="s18_504" cat="icl">
				<edge label="P" idref="s18_1"/>
				<edge label="Od" idref="s18_505"/>
			</nt>
			<nt id="s18_505" cat="icl">
				<edge label="P" idref="s18_2"/>
				<edge label="Od" idref="s18_506"/>
			</nt>
			<nt id="s18_506" cat="np">
				<edge label="DN" idref="s18_3"/>
				<edge label="H" idref="s18_4"/>
			</nt>
			<nt id="s18_507" cat="fcl">
				<edge label="S" idref="s18_508"/>
				<edge label="P" idref="s18_8"/>
				<edge label="Od" idref="s18_9"/>
			</nt>
			<nt id="s18_508" cat="icl">
				<edge label="P" idref="s18_5"/>
				<edge label="Od" idref="s18_509"/>
			</nt>
			<nt id="s18_509" cat="np">
				<edge label="DN" idref="s18_6"/>
				<edge label="H" idref="s18_7"/>
			</nt>
			<nt id="s18_510" cat="fcl">
				<edge label="Od" idref="s18_13"/>
				<edge label="P" idref="s18_14"/>
				<edge label="fCs" idref="s18_15"/>
				<edge label="S" idref="s18_511"/>
				<edge label="fA" idref="s18_512"/>
				<edge label="Od" idref="s18_513"/>
			</nt>
			<nt id="s18_511" cat="np">
				<edge label="H" idref="s18_16"/>
				<edge label="PU" idref="s18_17"/>
				<edge label="DNc" idref="s18_18"/>
				<edge label="PU" idref="s18_19"/>
			</nt>
			<nt id="s18_512" cat="pp">
				<edge label="H" idref="s18_20"/>
				<edge label="DP" idref="s18_21"/>
			</nt>
			<nt id="s18_513" cat="icl">
				<edge label="P" idref="s18_22"/>
				<edge label="PU" idref="s18_23"/>
				<edge label="Od" idref="s18_514"/>
			</nt>
			<nt id="s18_514" cat="icl">
				<edge label="P" idref="s18_24"/>
				<edge label="PU" idref="s18_25"/>
				<edge label="Od" idref="s18_515"/>
			</nt>
			<nt id="s18_515" cat="icl">
				<edge label="P" idref="s18_26"/>
				<edge label="Od" idref="s18_27"/>
				<edge label="fA" idref="s18_516"/>
			</nt>
			<nt id="s18_516" cat="pp">
				<edge label="H" idref="s18_28"/>
				<edge label="DP" idref="s18_517"/>
			</nt>
			<nt id="s18_517" cat="par">
				<edge label="CJT" idref="s18_29"/>
				<edge label="PU" idref="s18_30"/>
				<edge label="CJT" idref="s18_518"/>
			</nt>
			<nt id="s18_518" cat="icl">
				<edge label="P" idref="s18_31"/>
				<edge label="Od" idref="s18_519"/>
			</nt>
			<nt id="s18_519" cat="icl">
				<edge label="P" idref="s18_32"/>
				<edge label="Od" idref="s18_33"/>
				<edge label="PU" idref="s18_34"/>
				<edge label="Od" idref="s18_35"/>
			</nt>
		</nonterminals>
	</graph>
</s>

<s id="s19" ref="19" source="Running text" forest="1" text="Anuir, aquiescer.">
	<graph root="s19_500">
		<terminals>
			<t id="s19_1" word="Anuir" lemma="anuir" pos="v-inf" morph="--" extra="* vH mv"/>
			<t id="s19_2" word="," lemma="--" pos="pu" morph="--" extra="--"/>
			<t id="s19_3" word="aquiescer" lemma="aquiescer" pos="v-inf" morph="--" extra="vH mv"/>
			<t id="s19_4" word="." lemma="--" pos="pu" morph="--" extra="--"/>
		</terminals>

		<nonterminals>
			<nt id="s19_500" cat="s">
				<edge label="UTT" idref="s19_501"/>
			</nt>
			<nt id="s19_501" cat="x">
				<edge label="UTT" idref="s19_1"/>
				<edge label="PU" idref="s19_2"/>
				<edge label="UTT" idref="s19_3"/>
				<edge label="PU" idref="s19_4"/>
			</nt>
		</nonterminals>
	</graph>
</s>

<s id="s20" ref="20" source="Running text" forest="1" text="Reportar- se Remeter uma encomenda.">
	<graph root="s20_500">
		<terminals>
			<t id="s20_1" word="Reportar-" lemma="reportar" pos="v-inf" morph="--" extra="* hyfen vH mv v-pron"/>
			<t id="s20_2" word="se" lemma="se" pos="pron-pers" morph="M/F 3S/P ACC" extra="refl"/>
			<t id="s20_3" word="Remeter" lemma="Remeter" pos="prop" morph="M/F S" extra="cjt-head cjt-head-S *"/>
			<t id="s20_4" word="uma" lemma="um" pos="art" morph="F S" extra="--"/>
			<t id="s20_5" word="encomenda" lemma="encomenda" pos="n" morph="F S" sem="act-s act-d" extra="cjt-S"/>
			<t id="s20_6" word="." lemma="--" pos="pu" morph="--" extra="--"/>
		</terminals>

		<nonterminals>
			<nt id="s20_500" cat="s">
				<edge label="UTT" idref="s20_501"/>
			</nt>
			<nt id="s20_501" cat="fcl">
				<edge label="P" idref="s20_1"/>
				<edge label="Od" idref="s20_2"/>
				<edge label="S" idref="s20_502"/>
				<edge label="PU" idref="s20_6"/>
			</nt>
			<nt id="s20_502" cat="par">
				<edge label="CJT" idref="s20_3"/>
				<edge label="CJT" idref="s20_503"/>
			</nt>
			<nt id="s20_503" cat="np">
				<edge label="DN" idref="s20_4"/>
				<edge label="H" idref="s20_5"/>
			</nt>
		</nonterminals>
	</graph>
</s>

<s id="s21" ref="21" source="Running text" forest="1" text="Remeter o negócio a pessoa de confiança.">
	<graph root="s21_500">
		<terminals>
			<t id="s21_1" word="Remeter" lemma="remeter" pos="v-inf" morph="--" extra="* vH mv"/>
			<t id="s21_2" word="o" lemma="o" pos="art" morph="M S" extra="--"/>
			<t id="s21_3" word="negócio" lemma="negócio" pos="n" morph="M S" sem="act-d" extra="--"/>
			<t id="s21_4" word="a" lemma="o" pos="art" morph="F S" extra="--"/>
			<t id="s21_5" word="pessoa" lemma="pessoa" pos="n" morph="F S" sem="H" extra="--"/>
			<t id="s21_6" word="de" lemma="de" pos="prp" morph="--" extra="np-close"/>
			<t id="s21_7" word="confiança" lemma="confiança" pos="n" morph="F S" sem="percep-f" extra="--"/>
			<t id="s21_8" word="." lemma="--" pos="pu" morph="--" extra="--"/>
		</terminals>

		<nonterminals>
			<nt id="s21_500" cat="s">
				<edge label="UTT" idref="s21_501"/>
			</nt>
			<nt id="s21_501" cat="fcl">
				<edge label="P" idref="s21_1"/>
				<edge label="Od" idref="s21_502"/>
				<edge label="S" idref="s21_503"/>
				<edge label="PU" idref="s21_8"/>
			</nt>
			<nt id="s21_502" cat="np">
				<edge label="DN" idref="s21_2"/>
				<edge label="H" idref="s21_3"/>
			</nt>
			<nt id="s21_503" cat="np">
				<edge label="DN" idref="s21_4"/>
				<edge label="H" idref="s21_5"/>
				<edge label="DN" idref="s21_504"/>
			</nt>
			<nt id="s21_504" cat="pp">
				<edge label="H" idref="s21_6"/>
				<edge label="DP" idref="s21_7"/>
			</nt>
		</nonterminals>
	</graph>
</s>

<s id="s22" ref="22" source="Running text" forest="1" text="remeter o assunto para dias mais propícios.">
	<graph root="s22_500">
		<terminals>
			<t id="s22_1" word="remeter" lemma="remeter" pos="v-inf" morph="--" extra="vH mv"/>
			<t id="s22_2" word="o" lemma="o" pos="art" morph="M S" extra="--"/>
			<t id="s22_3" word="assunto" lemma="assunto" pos="n" morph="M S" sem="sem-c" extra="--"/>
			<t id="s22_4" word="para" lemma="para" pos="prp" morph="--" extra="--"/>
			<t id="s22_5" word="dias" lemma="dia" pos="n" morph="M P" sem="temp dur per unit" extra="--"/>
			<t id="s22_6" word="mais" lemma="mais" pos="adv" morph="--" extra="quant KOMP"/>
			<t id="s22_7" word="propícios" lemma="propício" pos="adj" morph="M P" extra="np-close"/>
			<t id="s22_8" word="." lemma="--" pos="pu" morph="--" extra="--"/>
		</terminals>

		<nonterminals>
			<nt id="s22_500" cat="s">
				<edge label="UTT" idref="s22_501"/>
			</nt>
			<nt id="s22_501" cat="icl">
				<edge label="P" idref="s22_1"/>
				<edge label="Od" idref="s22_502"/>
				<edge label="fA" idref="s22_503"/>
				<edge label="PU" idref="s22_8"/>
			</nt>
			<nt id="s22_502" cat="np">
				<edge label="DN" idref="s22_2"/>
				<edge label="H" idref="s22_3"/>
			</nt>
			<nt id="s22_503" cat="pp">
				<edge label="H" idref="s22_4"/>
				<edge label="DP" idref="s22_504"/>
			</nt>
			<nt id="s22_504" cat="np">
				<edge label="H" idref="s22_5"/>
				<edge label="DN" idref="s22_505"/>
			</nt>
			<nt id="s22_505" cat="adjp">
				<edge label="DA" idref="s22_6"/>
				<edge label="H" idref="s22_7"/>
			</nt>
		</nonterminals>
	</graph>
</s>

<s id="s23" ref="23" source="Running text" forest="1" text="remeteu- se a autores abalizados.">
	<graph root="s23_500">
		<terminals>
			<t id="s23_1" word="remeteu-" lemma="remeter" pos="v-fin" morph="PS 3S IND VFIN" extra="hyfen vH fmc mv v-pron"/>
			<t id="s23_2" word="se" lemma="se" pos="pron-pers" morph="M/F 3S ACC" extra="refl"/>
			<t id="s23_3" word="a" lemma="a" pos="prp" morph="--" extra="--"/>
			<t id="s23_4" word="autores" lemma="autor" pos="n" morph="M P" sem="Hprof" extra="--"/>
			<t id="s23_5" word="abalizados" lemma="abalizado" pos="adj" morph="M P" extra="jh np-close"/>
			<t id="s23_6" word="." lemma="--" pos="pu" morph="--" extra="--"/>
		</terminals>

		<nonterminals>
			<nt id="s23_500" cat="s">
				<edge label="STA" idref="s23_501"/>
			</nt>
			<nt id="s23_501" cat="fcl">
				<edge label="P" idref="s23_1"/>
				<edge label="Od" idref="s23_2"/>
				<edge label="Op" idref="s23_502"/>
				<edge label="PU" idref="s23_6"/>
			</nt>
			<nt id="s23_502" cat="pp">
				<edge label="H" idref="s23_3"/>
				<edge label="DP" idref="s23_503"/>
			</nt>
			<nt id="s23_503" cat="np">
				<edge label="H" idref="s23_4"/>
				<edge label="DN" idref="s23_5"/>
			</nt>
		</nonterminals>
	</graph>
</s>

<s id="s24" ref="24" source="Running text" forest="1" text="Compartilhar enviar nova definição enviar nova imagem denunciar abuso 16 sobe, 11 desce 5. Remeter Por Gustavo(BA) em 02-09-2009 Emandar, enviar, expedir, fazer seguir, mandar, postar, legar, comunicar e transmitir Remeter o documento por o portador.">
	<graph root="s24_500">
		<terminals>
			<t id="s24_1" word="Compartilhar" lemma="compartilhar" pos="v-inf" morph="--" extra="cjt-head cjt-head-S * vH mv"/>
			<t id="s24_2" word="enviar" lemma="enviar" pos="v-inf" morph="--" extra="vH mv"/>
			<t id="s24_3" word="nova" lemma="novo" pos="adj" morph="F S" extra="jh"/>
			<t id="s24_4" word="definição" lemma="definição" pos="n" morph="F S" sem="sem-c" extra="--"/>
			<t id="s24_5" word="enviar" lemma="enviar" pos="v-inf" morph="--" extra="vH mv"/>
			<t id="s24_6" word="nova" lemma="novo" pos="adj" morph="F S" extra="jh"/>
			<t id="s24_7" word="imagem" lemma="imagem" pos="n" morph="F S" sem="pict sem-c ac-cat" extra="--"/>
			<t id="s24_8" word="denunciar" lemma="denunciar" pos="v-inf" morph="--" extra="cjt-S vH mv"/>
			<t id="s24_9" word="abuso" lemma="abuso" pos="n" morph="M S" sem="activity" extra="--"/>
			<t id="s24_10" word="16" lemma="16" pos="num" morph="M/F P" extra="card"/>
			<t id="s24_11" word="sobe" lemma="subir" pos="v-fin" morph="PR 3S IND VFIN" extra="cjt-head cjt-head-STA fmc mv"/>
			<t id="s24_12" word="," lemma="--" pos="pu" morph="--" extra="--"/>
			<t id="s24_13" word="11" lemma="11" pos="num" morph="M/F P" extra="card"/>
			<t id="s24_14" word="desce" lemma="descer" pos="v-fin" morph="PR 3S IND VFIN" extra="cjt-STA fmc mv"/>
			<t id="s24_15" word="5." lemma="5." pos="adj" morph="M/F S" extra="NUM-ord"/>
			<t id="s24_16" word="Remeter_Por_Gustavo" lemma="Remeter_Por_Gustavo" pos="prop" morph="M S" extra="hum * heur"/>
			<t id="s24_17" word="(" lemma="--" pos="pu" morph="--" extra="--"/>
			<t id="s24_18" word="BA" lemma="BA" pos="prop" morph="F S" extra="civ * np-close"/>
			<t id="s24_19" word=")" lemma="--" pos="pu" morph="--" extra="--"/>
			<t id="s24_20" word="em" lemma="em" pos="prp" morph="--" extra="--"/>
			<t id="s24_21" word="02-09-2009" lemma="02-09-2009" pos="num" morph="M/F S" extra="card"/>
			<t id="s24_22" word="Emandar" lemma="Emandar" pos="prop" morph="M/F S/P" extra="hum * heur"/>
			<t id="s24_23" word="," lemma="--" pos="pu" morph="--" extra="--"/>
			<t id="s24_24" word="enviar" lemma="enviar" pos="v-inf" morph="--" extra="vH mv"/>
			<t id="s24_25" word="," lemma="--" pos="pu" morph="--" extra="--"/>
			<t id="s24_26" word="expedir" lemma="expedir" pos="v-inf" morph="--" extra="vH mv"/>
			<t id="s24_27" word="," lemma="--" pos="pu" morph="--" extra="--"/>
			<t id="s24_28" word="fazer" lemma="fazer" pos="v-inf" morph="--" extra="mv"/>
			<t id="s24_29" word="seguir" lemma="seguir" pos="v-inf" morph="--" extra="mv"/>
			<t id="s24_30" word="," lemma="--" pos="pu" morph="--" extra="--"/>
			<t id="s24_31" word="mandar" lemma="mandar" pos="v-inf" morph="--" extra="vH mv"/>
			<t id="s24_32" word="," lemma="--" pos="pu" morph="--" extra="--"/>
			<t id="s24_33" word="postar" lemma="postar" pos="v-inf" morph="--" extra="vH mv"/>
			<t id="s24_34" word="," lemma="--" pos="pu" morph="--" extra="--"/>
			<t id="s24_35" word="legar" lemma="legar" pos="v-inf" morph="--" extra="vH mv"/>
			<t id="s24_36" word="," lemma="--" pos="pu" morph="--" extra="--"/>
			<t id="s24_37" word="comunicar" lemma="comunicar" pos="v-inf" morph="--" extra="vH mv"/>
			<t id="s24_38" word="e" lemma="e" pos="conj-c" morph="--" extra="--"/>
			<t id="s24_39" word="transmitir" lemma="transmitir" pos="v-inf" morph="--" extra="mv"/>
			<t id="s24_40" word="Remeter" lemma="Remeter" pos="prop" morph="M/F S" extra="*"/>
			<t id="s24_41" word="o" lemma="o" pos="art" morph="M S" extra="--"/>
			<t id="s24_42" word="documento" lemma="documento" pos="n" morph="M S" sem="sem-r" extra="--"/>
			<t id="s24_43" word="por" lemma="por" pos="prp" morph="--" extra="sam-"/>
			<t id="s24_44" word="o" lemma="o" pos="art" morph="M S" extra="-sam "/>
			<t id="s24_45" word="portador" lemma="portador" pos="n" morph="M S" sem="Hprof" extra="--"/>
			<t id="s24_46" word="." lemma="--" pos="pu" morph="--" extra="--"/>
		</terminals>

		<nonterminals>
			<nt id="s24_500" cat="s">
				<edge label="STA" idref="s24_501"/>
			</nt>
			<nt id="s24_501" cat="par">
				<edge label="CJT" idref="s24_502"/>
				<edge label="PU" idref="s24_12"/>
				<edge label="CJT" idref="s24_510"/>
				<edge label="PU" idref="s24_25"/>
				<edge label="UTT" idref="s24_26"/>
				<edge label="PU" idref="s24_27"/>
				<edge label="UTT" idref="s24_513"/>
				<edge label="PU" idref="s24_46"/>
			</nt>
			<nt id="s24_502" cat="fcl">
				<edge label="S" idref="s24_503"/>
				<edge label="Od" idref="s24_10"/>
				<edge label="P" idref="s24_11"/>
			</nt>
			<nt id="s24_503" cat="par">
				<edge label="CJT" idref="s24_504"/>
				<edge label="CJT" idref="s24_507"/>
			</nt>
			<nt id="s24_504" cat="icl">
				<edge label="P" idref="s24_1"/>
				<edge label="Od" idref="s24_505"/>
			</nt>
			<nt id="s24_505" cat="icl">
				<edge label="P" idref="s24_2"/>
				<edge label="Od" idref="s24_506"/>
			</nt>
			<nt id="s24_506" cat="np">
				<edge label="DN" idref="s24_3"/>
				<edge label="H" idref="s24_4"/>
			</nt>
			<nt id="s24_507" cat="fcl">
				<edge label="S" idref="s24_508"/>
				<edge label="P" idref="s24_8"/>
				<edge label="Od" idref="s24_9"/>
			</nt>
			<nt id="s24_508" cat="icl">
				<edge label="P" idref="s24_5"/>
				<edge label="Od" idref="s24_509"/>
			</nt>
			<nt id="s24_509" cat="np">
				<edge label="DN" idref="s24_6"/>
				<edge label="H" idref="s24_7"/>
			</nt>
			<nt id="s24_510" cat="fcl">
				<edge label="Od" idref="s24_13"/>
				<edge label="P" idref="s24_14"/>
				<edge label="fCs" idref="s24_15"/>
				<edge label="S" idref="s24_511"/>
				<edge label="fA" idref="s24_512"/>
				<edge label="Od" idref="s24_22"/>
				<edge label="PU" idref="s24_23"/>
				<edge label="S" idref="s24_24"/>
			</nt>
			<nt id="s24_511" cat="np">
				<edge label="H" idref="s24_16"/>
				<edge label="PU" idref="s24_17"/>
				<edge label="DNc" idref="s24_18"/>
				<edge label="PU" idref="s24_19"/>
			</nt>
			<nt id="s24_512" cat="pp">
				<edge label="H" idref="s24_20"/>
				<edge label="DP" idref="s24_21"/>
			</nt>
			<nt id="s24_513" cat="icl">
				<edge label="P" idref="s24_28"/>
				<edge label="Od" idref="s24_514"/>
			</nt>
			<nt id="s24_514" cat="icl">
				<edge label="P" idref="s24_29"/>
				<edge label="PU" idref="s24_30"/>
				<edge label="Od" idref="s24_515"/>
				<edge label="CO" idref="s24_38"/>
			</nt>
			<nt id="s24_515" cat="icl">
				<edge label="P" idref="s24_31"/>
				<edge label="PU" idref="s24_32"/>
				<edge label="Od" idref="s24_516"/>
			</nt>
			<nt id="s24_516" cat="icl">
				<edge label="P" idref="s24_33"/>
				<edge label="PU" idref="s24_34"/>
				<edge label="Od" idref="s24_517"/>
			</nt>
			<nt id="s24_517" cat="icl">
				<edge label="P" idref="s24_35"/>
				<edge label="PU" idref="s24_36"/>
				<edge label="Od" idref="s24_518"/>
			</nt>
			<nt id="s24_518" cat="icl">
				<edge label="P" idref="s24_37"/>
			</nt>
			<nt id="s24_519" cat="fcl">
				<edge label="P" idref="s24_39"/>
				<edge label="Od" idref="s24_40"/>
				<edge label="S" idref="s24_520"/>
				<edge label="fA" idref="s24_521"/>
			</nt>
			<nt id="s24_520" cat="np">
				<edge label="DN" idref="s24_41"/>
				<edge label="H" idref="s24_42"/>
			</nt>
			<nt id="s24_521" cat="pp">
				<edge label="H" idref="s24_43"/>
				<edge label="DP" idref="s24_522"/>
			</nt>
			<nt id="s24_522" cat="np">
				<edge label="DN" idref="s24_44"/>
				<edge label="H" idref="s24_45"/>
			</nt>
		</nonterminals>
	</graph>
</s>

<s id="s25" ref="25" source="Running text" forest="1" text="Compartilhar enviar nova definição enviar nova imagem denunciar abuso 4 sobe, 1 desce 6. Remeter Por Dicionário inFormal(SP) em 06-09-2008 Enviar.">
	<graph root="s25_500">
		<terminals>
			<t id="s25_1" word="Compartilhar" lemma="compartilhar" pos="v-inf" morph="--" extra="cjt-head cjt-head-S * vH mv"/>
			<t id="s25_2" word="enviar" lemma="enviar" pos="v-inf" morph="--" extra="vH mv"/>
			<t id="s25_3" word="nova" lemma="novo" pos="adj" morph="F S" extra="jh"/>
			<t id="s25_4" word="definição" lemma="definição" pos="n" morph="F S" sem="sem-c" extra="--"/>
			<t id="s25_5" word="enviar" lemma="enviar" pos="v-inf" morph="--" extra="vH mv"/>
			<t id="s25_6" word="nova" lemma="novo" pos="adj" morph="F S" extra="jh"/>
			<t id="s25_7" word="imagem" lemma="imagem" pos="n" morph="F S" sem="pict sem-c ac-cat" extra="--"/>
			<t id="s25_8" word="denunciar" lemma="denunciar" pos="v-inf" morph="--" extra="cjt-S vH mv"/>
			<t id="s25_9" word="abuso" lemma="abuso" pos="n" morph="M S" sem="activity" extra="--"/>
			<t id="s25_10" word="4" lemma="4" pos="num" morph="M/F P" extra="card"/>
			<t id="s25_11" word="sobe" lemma="subir" pos="v-fin" morph="PR 3S IND VFIN" extra="predco fmc mv"/>
			<t id="s25_12" word="," lemma="--" pos="pu" morph="--" extra="--"/>
			<t id="s25_13" word="1" lemma="1" pos="num" morph="M/F S" extra="card"/>
			<t id="s25_14" word="desce" lemma="descer" pos="v-fin" morph="PR 3S IND VFIN" extra="cjt-STA fmc mv"/>
			<t id="s25_15" word="6." lemma="6." pos="adj" morph="M/F S" extra="NUM-ord"/>
			<t id="s25_16" word="Remeter_Por_Dicionário" lemma="Remeter_Por_Dicionário" pos="prop" morph="M S" extra="tit *"/>
			<t id="s25_17" word="inFormal" lemma="inFormal" pos="adj" morph="M S" extra="np-close"/>
			<t id="s25_18" word="(" lemma="--" pos="pu" morph="--" extra="--"/>
			<t id="s25_19" word="SP" lemma="SP" pos="prop" morph="M S" extra="civ * np-close"/>
			<t id="s25_20" word=")" lemma="--" pos="pu" morph="--" extra="--"/>
			<t id="s25_21" word="em" lemma="em" pos="prp" morph="--" extra="--"/>
			<t id="s25_22" word="06-09-2008" lemma="06-09-2008" pos="num" morph="M/F S" extra="card"/>
			<t id="s25_23" word="Enviar" lemma="enviar" pos="v-inf" morph="--" extra="* vH mv"/>
			<t id="s25_24" word="." lemma="--" pos="pu" morph="--" extra="--"/>
		</terminals>

		<nonterminals>
			<nt id="s25_500" cat="s">
				<edge label="STA" idref="s25_501"/>
			</nt>
			<nt id="s25_501" cat="fcl">
				<edge label="S" idref="s25_502"/>
				<edge label="Od" idref="s25_10"/>
				<edge label="X" idref="s25_509"/>
				<edge label="PU" idref="s25_24"/>
			</nt>
			<nt id="s25_502" cat="par">
				<edge label="CJT" idref="s25_503"/>
				<edge label="CJT" idref="s25_506"/>
			</nt>
			<nt id="s25_503" cat="icl">
				<edge label="P" idref="s25_1"/>
				<edge label="Od" idref="s25_504"/>
			</nt>
			<nt id="s25_504" cat="icl">
				<edge label="P" idref="s25_2"/>
				<edge label="Od" idref="s25_505"/>
			</nt>
			<nt id="s25_505" cat="np">
				<edge label="DN" idref="s25_3"/>
				<edge label="H" idref="s25_4"/>
			</nt>
			<nt id="s25_506" cat="fcl">
				<edge label="S" idref="s25_507"/>
				<edge label="P" idref="s25_8"/>
				<edge label="Od" idref="s25_9"/>
			</nt>
			<nt id="s25_507" cat="icl">
				<edge label="P" idref="s25_5"/>
				<edge label="Od" idref="s25_508"/>
			</nt>
			<nt id="s25_508" cat="np">
				<edge label="DN" idref="s25_6"/>
				<edge label="H" idref="s25_7"/>
			</nt>
			<nt id="s25_509" cat="par">
				<edge label="CJT" idref="s25_510"/>
				<edge label="PU" idref="s25_12"/>
				<edge label="CJT" idref="s25_511"/>
			</nt>
			<nt id="s25_510" cat="x">
				<edge label="P" idref="s25_11"/>
			</nt>
			<nt id="s25_511" cat="fcl">
				<edge label="S" idref="s25_13"/>
				<edge label="P" idref="s25_14"/>
				<edge label="fCs" idref="s25_15"/>
				<edge label="Od" idref="s25_512"/>
				<edge label="fA" idref="s25_513"/>
				<edge label="UTT" idref="s25_23"/>
			</nt>
			<nt id="s25_512" cat="np">
				<edge label="H" idref="s25_16"/>
				<edge label="DN" idref="s25_17"/>
				<edge label="PU" idref="s25_18"/>
				<edge label="DNapp" idref="s25_19"/>
				<edge label="PU" idref="s25_20"/>
			</nt>
			<nt id="s25_513" cat="pp">
				<edge label="H" idref="s25_21"/>
				<edge label="DP" idref="s25_22"/>
			</nt>
		</nonterminals>
	</graph>
</s>

<s id="s26" ref="26" source="Running text" forest="1" text="É preciso remeter esta carta.">
	<graph root="s26_500">
		<terminals>
			<t id="s26_1" word="É" lemma="ser" pos="v-fin" morph="PR 3S IND VFIN" extra="* vK fmc mv"/>
			<t id="s26_2" word="preciso" lemma="preciso" pos="adj" morph="M S" extra="nh"/>
			<t id="s26_3" word="remeter" lemma="remeter" pos="v-inf" morph="--" extra="vH mv"/>
			<t id="s26_4" word="esta" lemma="este" pos="pron-dem" morph="DET F S" extra="dem"/>
			<t id="s26_5" word="carta" lemma="carta" pos="n" morph="F S" sem="sem-r" extra="--"/>
			<t id="s26_6" word="." lemma="--" pos="pu" morph="--" extra="--"/>
		</terminals>

		<nonterminals>
			<nt id="s26_500" cat="s">
				<edge label="STA" idref="s26_501"/>
			</nt>
			<nt id="s26_501" cat="fcl">
				<edge label="P" idref="s26_1"/>
				<edge label="Cs" idref="s26_2"/>
				<edge label="S" idref="s26_502"/>
				<edge label="PU" idref="s26_6"/>
			</nt>
			<nt id="s26_502" cat="icl">
				<edge label="P" idref="s26_3"/>
				<edge label="Od" idref="s26_503"/>
			</nt>
			<nt id="s26_503" cat="np">
				<edge label="DN" idref="s26_4"/>
				<edge label="H" idref="s26_5"/>
			</nt>
		</nonterminals>
	</graph>
</s>

<s id="s27" ref="27" source="Running text" forest="1" text="Compartilhar enviar nova definição enviar nova imagem denunciar abuso 1 sobe, 0 desce 7. Remetida Por Dicionário inFormal(SP) em 25-10-2013 S.F. ou ADJ.">
	<graph root="s27_500">
		<terminals>
			<t id="s27_1" word="Compartilhar" lemma="compartilhar" pos="v-inf" morph="--" extra="* vH mv"/>
			<t id="s27_2" word="enviar" lemma="enviar" pos="v-inf" morph="--" extra="vH mv"/>
			<t id="s27_3" word="nova" lemma="novo" pos="adj" morph="F S" extra="jh"/>
			<t id="s27_4" word="definição" lemma="definição" pos="n" morph="F S" sem="sem-c" extra="--"/>
			<t id="s27_5" word="enviar" lemma="enviar" pos="v-inf" morph="--" extra="vH mv"/>
			<t id="s27_6" word="nova" lemma="novo" pos="adj" morph="F S" extra="jh"/>
			<t id="s27_7" word="imagem" lemma="imagem" pos="n" morph="F S" sem="pict sem-c ac-cat" extra="--"/>
			<t id="s27_8" word="denunciar" lemma="denunciar" pos="v-inf" morph="--" extra="vH mv"/>
			<t id="s27_9" word="abuso" lemma="abuso" pos="n" morph="M S" sem="activity" extra="--"/>
			<t id="s27_10" word="1" lemma="1" pos="num" morph="M/F S" extra="card"/>
			<t id="s27_11" word="sobe" lemma="subir" pos="v-fin" morph="PR 3S IND VFIN" extra="cjt-head cjt-head-STA fmc mv"/>
			<t id="s27_12" word="," lemma="--" pos="pu" morph="--" extra="--"/>
			<t id="s27_13" word="0" lemma="xx" pos="num" morph="M/F P" extra="card"/>
			<t id="s27_14" word="desce" lemma="descer" pos="v-fin" morph="PR 3S IND VFIN" extra="cjt-STA fmc mv"/>
			<t id="s27_15" word="7." lemma="7." pos="adj" morph="M/F S" extra="NUM-ord"/>
			<t id="s27_16" word="Remetida_Por_Dicionário" lemma="Remetida_Por_Dicionário" pos="prop" morph="M S" extra="tit *"/>
			<t id="s27_17" word="inFormal" lemma="inFormal" pos="adj" morph="M S" extra="np-close"/>
			<t id="s27_18" word="(" lemma="--" pos="pu" morph="--" extra="--"/>
			<t id="s27_19" word="SP" lemma="SP" pos="prop" morph="M S" extra="civ * np-close"/>
			<t id="s27_20" word=")" lemma="--" pos="pu" morph="--" extra="--"/>
			<t id="s27_21" word="em" lemma="em" pos="prp" morph="--" extra="--"/>
			<t id="s27_22" word="25-10-2013" lemma="25-10-2013" pos="num" morph="M/F S" extra="card"/>
			<t id="s27_23" word="S.F." lemma="S.F." pos="prop" morph="M/F S/P" extra="cjt-head cjt-head-Od hum * heur"/>
			<t id="s27_24" word="ou" lemma="ou" pos="conj-c" morph="--" extra="--"/>
			<t id="s27_25" word="ADJ" lemma="ADJ" pos="prop" morph="M/F S" extra="cjt-Od org *"/>
			<t id="s27_26" word="." lemma="--" pos="pu" morph="--" extra="--"/>
		</terminals>

		<nonterminals>
			<nt id="s27_500" cat="s">
				<edge label="UTT" idref="s27_501"/>
			</nt>
			<nt id="s27_501" cat="icl">
				<edge label="P" idref="s27_1"/>
				<edge label="Od" idref="s27_502"/>
				<edge label="PU" idref="s27_26"/>
			</nt>
			<nt id="s27_502" cat="icl">
				<edge label="P" idref="s27_2"/>
				<edge label="Od" idref="s27_503"/>
				<edge label="UTT" idref="s27_504"/>
				<edge label="UTT" idref="s27_506"/>
				<edge label="STA" idref="s27_507"/>
			</nt>
			<nt id="s27_503" cat="np">
				<edge label="DN" idref="s27_3"/>
				<edge label="H" idref="s27_4"/>
			</nt>
			<nt id="s27_504" cat="icl">
				<edge label="P" idref="s27_5"/>
				<edge label="Od" idref="s27_505"/>
			</nt>
			<nt id="s27_505" cat="np">
				<edge label="DN" idref="s27_6"/>
				<edge label="H" idref="s27_7"/>
			</nt>
			<nt id="s27_506" cat="icl">
				<edge label="P" idref="s27_8"/>
				<edge label="Od" idref="s27_9"/>
			</nt>
			<nt id="s27_507" cat="par">
				<edge label="CJT" idref="s27_508"/>
				<edge label="PU" idref="s27_12"/>
				<edge label="CJT" idref="s27_509"/>
			</nt>
			<nt id="s27_508" cat="fcl">
				<edge label="S" idref="s27_10"/>
				<edge label="P" idref="s27_11"/>
			</nt>
			<nt id="s27_509" cat="fcl">
				<edge label="Od" idref="s27_13"/>
				<edge label="P" idref="s27_14"/>
				<edge label="fCs" idref="s27_15"/>
				<edge label="S" idref="s27_510"/>
				<edge label="fA" idref="s27_511"/>
				<edge label="Od" idref="s27_512"/>
			</nt>
			<nt id="s27_510" cat="np">
				<edge label="H" idref="s27_16"/>
				<edge label="DN" idref="s27_17"/>
				<edge label="PU" idref="s27_18"/>
				<edge label="DNapp" idref="s27_19"/>
				<edge label="PU" idref="s27_20"/>
			</nt>
			<nt id="s27_511" cat="pp">
				<edge label="H" idref="s27_21"/>
				<edge label="DP" idref="s27_22"/>
			</nt>
			<nt id="s27_512" cat="par">
				<edge label="CJT" idref="s27_23"/>
				<edge label="CO" idref="s27_24"/>
				<edge label="CJT" idref="s27_25"/>
			</nt>
		</nonterminals>
	</graph>
</s>

<s id="s28" ref="28" source="Running text" forest="1" text="Característica do algo que foi emitido ou enviado.">
	<graph root="s28_500">
		<terminals>
			<t id="s28_1" word="Característica" lemma="característica" pos="n" morph="F S" extra="* ac"/>
			<t id="s28_2" word="de" lemma="de" pos="prp" morph="--" extra="sam- np-close"/>
			<t id="s28_3" word="o" lemma="o" pos="art" morph="M S" extra="-sam "/>
			<t id="s28_4" word="algo" lemma="algo" pos="spec" morph="M S" extra="quant"/>
			<t id="s28_5" word="que" lemma="que" pos="spec" morph="M S" extra="clb clb-fs rel"/>
			<t id="s28_6" word="foi" lemma="ser" pos="v-fin" morph="PS 3S IND VFIN" extra="aux np-close"/>
			<t id="s28_7" word="emitido" lemma="emitir" pos="v-pcp" morph="M S" extra="cjt-head cjt-head-AUX mv"/>
			<t id="s28_8" word="ou" lemma="ou" pos="conj-c" morph="--" extra="--"/>
			<t id="s28_9" word="enviado" lemma="enviar" pos="v-pcp" morph="M S" extra="cjt-AUX vH mv"/>
			<t id="s28_10" word="." lemma="--" pos="pu" morph="--" extra="--"/>
		</terminals>

		<nonterminals>
			<nt id="s28_500" cat="s">
				<edge label="X" idref="s28_501"/>
			</nt>
			<nt id="s28_501" cat="np">
				<edge label="H" idref="s28_1"/>
				<edge label="DN" idref="s28_502"/>
				<edge label="PU" idref="s28_10"/>
			</nt>
			<nt id="s28_502" cat="pp">
				<edge label="H" idref="s28_2"/>
				<edge label="DP" idref="s28_503"/>
			</nt>
			<nt id="s28_503" cat="np">
				<edge label="DN" idref="s28_3"/>
				<edge label="H" idref="s28_4"/>
				<edge label="DN" idref="s28_504"/>
			</nt>
			<nt id="s28_504" cat="fcl">
				<edge label="S" idref="s28_5"/>
				<edge label="Paux" idref="s28_6"/>
				<edge label="Oaux" idref="s28_505"/>
				<edge label="S" idref="s28_507"/>
			</nt>
			<nt id="s28_505" cat="par">
				<edge label="CJT" idref="s28_506"/>
			</nt>
			<nt id="s28_506" cat="icl">
				<edge label="P" idref="s28_7"/>
			</nt>
			<nt id="s28_507" cat="x">
				<edge label="CO" idref="s28_8"/>
				<edge label="CJT" idref="s28_9"/>
			</nt>
		</nonterminals>
	</graph>
</s>

<s id="s29" ref="29" source="Running text" forest="1" text="A carta foi remetida por o correio para a cidade vizinha.">
	<graph root="s29_500">
		<terminals>
			<t id="s29_1" word="A" lemma="o" pos="art" morph="F S" extra="* "/>
			<t id="s29_2" word="carta" lemma="carta" pos="n" morph="F S" sem="sem-r" extra="--"/>
			<t id="s29_3" word="foi" lemma="ser" pos="v-fin" morph="PS 3S IND VFIN" extra="fmc aux"/>
			<t id="s29_4" word="remetida" lemma="remeter" pos="v-pcp" morph="F S" extra="vH mv"/>
			<t id="s29_5" word="por" lemma="por" pos="prp" morph="--" extra="sam-"/>
			<t id="s29_6" word="o" lemma="o" pos="art" morph="M S" extra="-sam "/>
			<t id="s29_7" word="correio" lemma="correio" pos="n" morph="M S" sem="inst cm H con" extra="--"/>
			<t id="s29_8" word="para" lemma="para" pos="prp" morph="--" extra="--"/>
			<t id="s29_9" word="a" lemma="o" pos="art" morph="F S" extra="--"/>
			<t id="s29_10" word="cidade" lemma="cidade" pos="n" morph="F S" sem="Lciv" extra="--"/>
			<t id="s29_11" word="vizinha" lemma="vizinho" pos="adj" morph="F S" extra="jh np-close"/>
			<t id="s29_12" word="." lemma="--" pos="pu" morph="--" extra="--"/>
		</terminals>

		<nonterminals>
			<nt id="s29_500" cat="s">
				<edge label="STA" idref="s29_501"/>
			</nt>
			<nt id="s29_501" cat="fcl">
				<edge label="S" idref="s29_502"/>
				<edge label="P" idref="s29_503"/>
				<edge label="fApass" idref="s29_504"/>
				<edge label="fA" idref="s29_506"/>
				<edge label="PU" idref="s29_12"/>
			</nt>
			<nt id="s29_502" cat="np">
				<edge label="DN" idref="s29_1"/>
				<edge label="H" idref="s29_2"/>
			</nt>
			<nt id="s29_503" cat="vp">
				<edge label="Vaux" idref="s29_3"/>
				<edge label="Vm" idref="s29_4"/>
			</nt>
			<nt id="s29_504" cat="pp">
				<edge label="H" idref="s29_5"/>
				<edge label="DP" idref="s29_505"/>
			</nt>
			<nt id="s29_505" cat="np">
				<edge label="DN" idref="s29_6"/>
				<edge label="H" idref="s29_7"/>
			</nt>
			<nt id="s29_506" cat="pp">
				<edge label="H" idref="s29_8"/>
				<edge label="DP" idref="s29_507"/>
			</nt>
			<nt id="s29_507" cat="np">
				<edge label="DN" idref="s29_9"/>
				<edge label="H" idref="s29_10"/>
				<edge label="DN" idref="s29_11"/>
			</nt>
		</nonterminals>
	</graph>
</s>

<s id="s30" ref="30" source="Running text" forest="1" text="Compartilhar enviar nova definição enviar nova imagem denunciar abuso 1 sobe, 0 desce 8. Remeter Por Daniela(SP) em 12-03-2014 Enviar, mandar Remeti minha submissão a empresa pedindo liberação para o estágio Compartilhar enviar nova definição enviar nova imagem denunciar abuso Outras Informações:Palavras com 6 letras A palavra possui 3 vogais -- e e e A palavra possui 3 consoantes -- r m t 1 página -- 8 Definições zâmbia zorba respeito afogar o ganso arte.">
	<graph root="s30_500">
		<terminals>
			<t id="s30_1" word="Compartilhar" lemma="compartilhar" pos="v-inf" morph="--" extra="* vH mv"/>
			<t id="s30_2" word="enviar" lemma="enviar" pos="v-inf" morph="--" extra="vH mv"/>
			<t id="s30_3" word="nova" lemma="novo" pos="adj" morph="F S" extra="jh"/>
			<t id="s30_4" word="definição" lemma="definição" pos="n" morph="F S" sem="sem-c" extra="--"/>
			<t id="s30_5" word="enviar" lemma="enviar" pos="v-inf" morph="--" extra="vH mv"/>
			<t id="s30_6" word="nova" lemma="novo" pos="adj" morph="F S" extra="jh"/>
			<t id="s30_7" word="imagem" lemma="imagem" pos="n" morph="F S" sem="pict sem-c ac-cat" extra="--"/>
			<t id="s30_8" word="denunciar" lemma="denunciar" pos="v-inf" morph="--" extra="vH mv"/>
			<t id="s30_9" word="abuso" lemma="abuso" pos="n" morph="M S" sem="activity" extra="--"/>
			<t id="s30_10" word="1" lemma="1" pos="num" morph="M/F S" extra="card"/>
			<t id="s30_11" word="sobe" lemma="subir" pos="v-fin" morph="PR 3S IND VFIN" extra="nosubj cjt-head cjt-head-STA fmc mv"/>
			<t id="s30_12" word="," lemma="--" pos="pu" morph="--" extra="--"/>
			<t id="s30_13" word="0" lemma="xx" pos="num" morph="M/F P" extra="card"/>
			<t id="s30_14" word="desce" lemma="descer" pos="v-fin" morph="PR 3S IND VFIN" extra="cjt-STA fmc mv"/>
			<t id="s30_15" word="8." lemma="8." pos="adj" morph="M/F S" extra="NUM-ord"/>
			<t id="s30_16" word="Remeter_Por_Daniela" lemma="Remeter_Por_Daniela" pos="prop" morph="M/F S" extra="hum * heur"/>
			<t id="s30_17" word="(" lemma="--" pos="pu" morph="--" extra="--"/>
			<t id="s30_18" word="SP" lemma="SP" pos="prop" morph="M S" extra="civ * np-close"/>
			<t id="s30_19" word=")" lemma="--" pos="pu" morph="--" extra="--"/>
			<t id="s30_20" word="em" lemma="em" pos="prp" morph="--" extra="--"/>
			<t id="s30_21" word="12-03-2014" lemma="12-03-2014" pos="num" morph="M/F S" extra="card"/>
			<t id="s30_22" word="Enviar" lemma="enviar" pos="v-inf" morph="--" extra="* vH mv"/>
			<t id="s30_23" word="," lemma="--" pos="pu" morph="--" extra="--"/>
			<t id="s30_24" word="mandar" lemma="mandar" pos="v-inf" morph="--" extra="vH mv"/>
			<t id="s30_25" word="Remeti" lemma="Remeti" pos="prop" morph="M/F S" extra="hum *"/>
			<t id="s30_26" word="minha" lemma="meu" pos="pron-poss" morph="DET F S" extra="poss 1S"/>
			<t id="s30_27" word="submissão" lemma="submissão" pos="n" morph="F S" sem="act am" extra="cjt-head cjt-head-S"/>
			<t id="s30_28" word="a" lemma="o" pos="art" morph="F S" extra="--"/>
			<t id="s30_29" word="empresa" lemma="empresa" pos="n" morph="F S" sem="HH" extra="cjt-S"/>
			<t id="s30_30" word="pedindo" lemma="pedir" pos="v-ger" morph="--" extra="clb vH mv"/>
			<t id="s30_31" word="liberação" lemma="liberação" pos="n" morph="F S" sem="act" extra="--"/>
			<t id="s30_32" word="para" lemma="para" pos="prp" morph="--" extra="--"/>
			<t id="s30_33" word="o" lemma="o" pos="art" morph="M S" extra="--"/>
			<t id="s30_34" word="estágio" lemma="estágio" pos="n" morph="M S" sem="per act-d" extra="--"/>
			<t id="s30_35" word="Compartilhar" lemma="Compartilhar" pos="prop" morph="M/F S" extra="hum *"/>
			<t id="s30_36" word="enviar" lemma="enviar" pos="v-inf" morph="3S" extra="vH mv"/>
			<t id="s30_37" word="nova" lemma="novo" pos="adj" morph="F S" extra="jh"/>
			<t id="s30_38" word="definição" lemma="definição" pos="n" morph="F S" sem="sem-c" extra="--"/>
			<t id="s30_39" word="enviar" lemma="enviar" pos="v-inf" morph="--" extra="vH mv"/>
			<t id="s30_40" word="nova" lemma="novo" pos="adj" morph="F S" extra="jh"/>
			<t id="s30_41" word="imagem" lemma="imagem" pos="n" morph="F S" sem="pict sem-c ac-cat" extra="--"/>
			<t id="s30_42" word="denunciar" lemma="denunciar" pos="v-inf" morph="--" extra="vH mv"/>
			<t id="s30_43" word="abuso" lemma="abuso" pos="n" morph="M S" sem="activity" extra="--"/>
			<t id="s30_44" word="Outras_Informações" lemma="Outras_Informações" pos="prop" morph="M S" extra="hum * heur np-close"/>
			<t id="s30_45" word=":Palavras" lemma=":Palavras" pos="n" morph="M S" extra="cjt-head cjt-head-S"/>
			<t id="s30_46" word="com" lemma="com" pos="prp" morph="--" extra="--"/>
			<t id="s30_47" word="6" lemma="6" pos="num" morph="F P" extra="card"/>
			<t id="s30_48" word="letras" lemma="letra" pos="n" morph="F P" sem="ac-sign sem-r domain" extra="--"/>
			<t id="s30_49" word="A" lemma="o" pos="art" morph="F S" extra="* "/>
			<t id="s30_50" word="palavra" lemma="palavra" pos="n" morph="F S" sem="ac-cat act-s" extra="cjt-S"/>
			<t id="s30_51" word="possui" lemma="possuir" pos="v-fin" morph="PR 3S IND VFIN" extra="cjt-STA vH fmc mv"/>
			<t id="s30_52" word="3" lemma="3" pos="num" morph="M P" extra="card"/>
			<t id="s30_53" word="vogais" lemma="vogal" pos="n" morph="M P" sem="ac-cat H" extra="--"/>
			<t id="s30_54" word="--" lemma="--" pos="pu" morph="--" extra="--"/>
			<t id="s30_55" word="e" lemma="e" pos="conj-c" morph="--" extra="--"/>
			<t id="s30_56" word="e" lemma="e" pos="conj-c" morph="--" extra="--"/>
			<t id="s30_57" word="e" lemma="e" pos="conj-c" morph="--" extra="--"/>
			<t id="s30_58" word="A" lemma="o" pos="art" morph="F S" extra="* "/>
			<t id="s30_59" word="palavra" lemma="palavra" pos="n" morph="F S" sem="ac-cat act-s" extra="--"/>
			<t id="s30_60" word="possui" lemma="possuir" pos="v-fin" morph="PR 3S IND VFIN" extra="cjt-STA vH fmc mv"/>
			<t id="s30_61" word="3" lemma="3" pos="num" morph="F P" extra="card"/>
			<t id="s30_62" word="consoantes" lemma="consoante" pos="n" morph="F P" sem="ac-cat" extra="--"/>
			<t id="s30_63" word="--" lemma="--" pos="pu" morph="--" extra="--"/>
			<t id="s30_64" word="r" lemma="r" pos="n" morph="M S" sem="ac-sign" extra="cjt-head cjt-head-S"/>
			<t id="s30_65" word="m" lemma="m" pos="n" morph="M S" sem="unit ac-sign" extra="cjt-S"/>
			<t id="s30_66" word="t" lemma="t" pos="n" morph="M S" sem="ac-sign" extra="cjt-S"/>
			<t id="s30_67" word="1" lemma="1" pos="num" morph="F S" extra="card"/>
			<t id="s30_68" word="página" lemma="página" pos="n" morph="F S" sem="cc-r" extra="cjt-S"/>
			<t id="s30_69" word="--" lemma="--" pos="pu" morph="--" extra="--"/>
			<t id="s30_70" word="8" lemma="8" pos="num" morph="F P" extra="card"/>
			<t id="s30_71" word="Definições" lemma="definição" pos="n" morph="F P" sem="sem-c" extra="prop *"/>
			<t id="s30_72" word="zâmbia" lemma="z�=mbia" pos="n" morph="F S" extra="DERS"/>
			<t id="s30_73" word="zorba" lemma="zorbo" pos="adj" morph="F S" extra="heur np-close"/>
			<t id="s30_74" word="respeito" lemma="respeitar" pos="v-fin" morph="PR 1S IND VFIN" extra="cjt-STA vH fmc mv"/>
			<t id="s30_75" word="afogar" lemma="afogar" pos="v-inf" morph="--" extra="mv"/>
			<t id="s30_76" word="o" lemma="o" pos="art" morph="M S" extra="--"/>
			<t id="s30_77" word="ganso" lemma="ganso" pos="n" morph="M S" sem="Aorn H" extra="cjt-head cjt-head-Od"/>
			<t id="s30_78" word="arte" lemma="arte" pos="n" morph="F S" sem="domain" extra="cjt-Od"/>
			<t id="s30_79" word="." lemma="--" pos="pu" morph="--" extra="--"/>
		</terminals>

		<nonterminals>
			<nt id="s30_500" cat="s">
				<edge label="UTT" idref="s30_501"/>
			</nt>
			<nt id="s30_501" cat="icl">
				<edge label="P" idref="s30_1"/>
				<edge label="Od" idref="s30_502"/>
				<edge label="PU" idref="s30_79"/>
			</nt>
			<nt id="s30_502" cat="icl">
				<edge label="P" idref="s30_2"/>
				<edge label="Od" idref="s30_503"/>
				<edge label="UTT" idref="s30_504"/>
				<edge label="UTT" idref="s30_506"/>
				<edge label="STA" idref="s30_507"/>
				<edge label="UTT" idref="s30_520"/>
				<edge label="UTT" idref="s30_522"/>
				<edge label="UTT" idref="s30_524"/>
			</nt>
			<nt id="s30_503" cat="np">
				<edge label="DN" idref="s30_3"/>
				<edge label="H" idref="s30_4"/>
			</nt>
			<nt id="s30_504" cat="icl">
				<edge label="P" idref="s30_5"/>
				<edge label="Od" idref="s30_505"/>
			</nt>
			<nt id="s30_505" cat="np">
				<edge label="DN" idref="s30_6"/>
				<edge label="H" idref="s30_7"/>
			</nt>
			<nt id="s30_506" cat="icl">
				<edge label="P" idref="s30_8"/>
				<edge label="Od" idref="s30_9"/>
			</nt>
			<nt id="s30_507" cat="par">
				<edge label="CJT" idref="s30_508"/>
				<edge label="PU" idref="s30_12"/>
				<edge label="CJT" idref="s30_509"/>
				<edge label="PU" idref="s30_23"/>
				<edge label="CJT" idref="s30_512"/>
			</nt>
			<nt id="s30_508" cat="fcl">
				<edge label="S" idref="s30_10"/>
				<edge label="P" idref="s30_11"/>
			</nt>
			<nt id="s30_509" cat="fcl">
				<edge label="Od" idref="s30_13"/>
				<edge label="P" idref="s30_14"/>
				<edge label="fCs" idref="s30_15"/>
				<edge label="S" idref="s30_510"/>
				<edge label="fA" idref="s30_511"/>
				<edge label="Od" idref="s30_22"/>
			</nt>
			<nt id="s30_510" cat="np">
				<edge label="H" idref="s30_16"/>
				<edge label="PU" idref="s30_17"/>
				<edge label="DNc" idref="s30_18"/>
				<edge label="PU" idref="s30_19"/>
			</nt>
			<nt id="s30_511" cat="pp">
				<edge label="H" idref="s30_20"/>
				<edge label="DP" idref="s30_21"/>
			</nt>
			<nt id="s30_512" cat="fcl">
				<edge label="fA" idref="s30_513"/>
				<edge label="S" idref="s30_35"/>
			</nt>
			<nt id="s30_513" cat="fcl">
				<edge label="S" idref="s30_514"/>
				<edge label="P" idref="s30_30"/>
				<edge label="Od" idref="s30_31"/>
				<edge label="fA" idref="s30_518"/>
			</nt>
			<nt id="s30_514" cat="fcl">
				<edge label="P" idref="s30_24"/>
				<edge label="Od" idref="s30_25"/>
				<edge label="S" idref="s30_515"/>
			</nt>
			<nt id="s30_515" cat="par">
				<edge label="CJT" idref="s30_516"/>
				<edge label="CJT" idref="s30_517"/>
			</nt>
			<nt id="s30_516" cat="np">
				<edge label="DN" idref="s30_26"/>
				<edge label="H" idref="s30_27"/>
			</nt>
			<nt id="s30_517" cat="np">
				<edge label="DN" idref="s30_28"/>
				<edge label="H" idref="s30_29"/>
			</nt>
			<nt id="s30_518" cat="pp">
				<edge label="H" idref="s30_32"/>
				<edge label="DP" idref="s30_519"/>
			</nt>
			<nt id="s30_519" cat="np">
				<edge label="DN" idref="s30_33"/>
				<edge label="H" idref="s30_34"/>
			</nt>
			<nt id="s30_520" cat="icl">
				<edge label="P" idref="s30_36"/>
				<edge label="Od" idref="s30_521"/>
			</nt>
			<nt id="s30_521" cat="np">
				<edge label="DN" idref="s30_37"/>
				<edge label="H" idref="s30_38"/>
			</nt>
			<nt id="s30_522" cat="icl">
				<edge label="P" idref="s30_39"/>
				<edge label="Od" idref="s30_523"/>
			</nt>
			<nt id="s30_523" cat="np">
				<edge label="DN" idref="s30_40"/>
				<edge label="H" idref="s30_41"/>
			</nt>
			<nt id="s30_524" cat="fcl">
				<edge label="P" idref="s30_42"/>
				<edge label="Od" idref="s30_525"/>
				<edge label="S" idref="s30_526"/>
				<edge label="fA" idref="s30_527"/>
				<edge label="CJT" idref="s30_531"/>
				<edge label="CJT" idref="s30_536"/>
				<edge label="S" idref="s30_538"/>
			</nt>
			<nt id="s30_525" cat="np">
				<edge label="H" idref="s30_43"/>
				<edge label="DN" idref="s30_44"/>
			</nt>
			<nt id="s30_526" cat="par">
				<edge label="CJT" idref="s30_45"/>
			</nt>
			<nt id="s30_527" cat="pp">
				<edge label="H" idref="s30_46"/>
				<edge label="DP" idref="s30_528"/>
				<edge label="CJT" idref="s30_529"/>
				<edge label="P" idref="s30_51"/>
				<edge label="Od" idref="s30_530"/>
			</nt>
			<nt id="s30_528" cat="np">
				<edge label="DN" idref="s30_47"/>
				<edge label="H" idref="s30_48"/>
			</nt>
			<nt id="s30_529" cat="np">
				<edge label="DN" idref="s30_49"/>
				<edge label="H" idref="s30_50"/>
			</nt>
			<nt id="s30_530" cat="np">
				<edge label="DN" idref="s30_52"/>
				<edge label="H" idref="s30_53"/>
				<edge label="PU" idref="s30_54"/>
				<edge label="CO" idref="s30_55"/>
				<edge label="CO" idref="s30_56"/>
				<edge label="CO" idref="s30_57"/>
			</nt>
			<nt id="s30_531" cat="fcl">
				<edge label="S" idref="s30_532"/>
				<edge label="P" idref="s30_60"/>
				<edge label="Od" idref="s30_533"/>
				<edge label="S" idref="s30_534"/>
			</nt>
			<nt id="s30_532" cat="np">
				<edge label="DN" idref="s30_58"/>
				<edge label="H" idref="s30_59"/>
			</nt>
			<nt id="s30_533" cat="np">
				<edge label="DN" idref="s30_61"/>
				<edge label="H" idref="s30_62"/>
				<edge label="PU" idref="s30_63"/>
			</nt>
			<nt id="s30_534" cat="par">
				<edge label="CJT" idref="s30_64"/>
				<edge label="CJT" idref="s30_65"/>
				<edge label="CJT" idref="s30_66"/>
				<edge label="CJT" idref="s30_535"/>
			</nt>
			<nt id="s30_535" cat="np">
				<edge label="DN" idref="s30_67"/>
				<edge label="H" idref="s30_68"/>
				<edge label="PU" idref="s30_69"/>
			</nt>
			<nt id="s30_536" cat="fcl">
				<edge label="fCs" idref="s30_537"/>
			</nt>
			<nt id="s30_537" cat="np">
				<edge label="DN" idref="s30_70"/>
				<edge label="H" idref="s30_71"/>
				<edge label="H" idref="s30_72"/>
				<edge label="DN" idref="s30_73"/>
			</nt>
			<nt id="s30_538" cat="np">
				<edge label="P" idref="s30_74"/>
				<edge label="Od" idref="s30_539"/>
			</nt>
			<nt id="s30_539" cat="icl">
				<edge label="P" idref="s30_75"/>
				<edge label="Od" idref="s30_540"/>
			</nt>
			<nt id="s30_540" cat="par">
				<edge label="CJT" idref="s30_541"/>
				<edge label="CJT" idref="s30_78"/>
			</nt>
			<nt id="s30_541" cat="np">
				<edge label="DN" idref="s30_76"/>
				<edge label="H" idref="s30_77"/>
			</nt>
		</nonterminals>
	</graph>
</s>

	</body>
</corpus>
