<?xml version="1.0" encoding="UTF-8"?>
<corpus>

	<body>
<s id="s1" ref="1" source="Running text" forest="1" text="Retrógrado 3 Definições encontradas.">
	<graph root="s1_500">
		<terminals>
			<t id="s1_1" word="Retrógrado" lemma="retrógrado" pos="adj" morph="M S" extra="cjt-head cjt-head-X * nh"/>
			<t id="s1_2" word="3" lemma="3" pos="num" morph="F P" extra="card"/>
			<t id="s1_3" word="Definições" lemma="definição" pos="n" morph="F P" sem="sem-c" extra="cjt-X prop *"/>
			<t id="s1_4" word="encontradas" lemma="encontrado" pos="adj" morph="F P" extra="nh np-close"/>
			<t id="s1_5" word="." lemma="--" pos="pu" morph="--" extra="--"/>
		</terminals>

		<nonterminals>
			<nt id="s1_500" cat="s">
				<edge label="X" idref="s1_501"/>
			</nt>
			<nt id="s1_501" cat="par">
				<edge label="CJT" idref="s1_1"/>
				<edge label="CJT" idref="s1_502"/>
				<edge label="PU" idref="s1_5"/>
			</nt>
			<nt id="s1_502" cat="np">
				<edge label="DN" idref="s1_2"/>
				<edge label="H" idref="s1_3"/>
				<edge label="DN" idref="s1_4"/>
			</nt>
		</nonterminals>
	</graph>
</s>

<s id="s2" ref="2" source="Running text" forest="1" text="Tweet Classificação morfossintática:">
	<graph root="s2_500">
		<terminals>
			<t id="s2_1" word="Tweet_Classificação" lemma="Tweet_Classificação" pos="prop" morph="M S" extra="common * heur"/>
			<t id="s2_2" word="morfossintática" lemma="morfossintático" pos="adj" morph="F S" extra="DERS jh np-close"/>
			<t id="s2_3" word=":" lemma="--" pos="pu" morph="--" extra="--"/>
		</terminals>

		<nonterminals>
			<nt id="s2_500" cat="s">
				<edge label="X" idref="s2_501"/>
			</nt>
			<nt id="s2_501" cat="np">
				<edge label="H" idref="s2_1"/>
				<edge label="DN" idref="s2_2"/>
				<edge label="PU" idref="s2_3"/>
			</nt>
		</nonterminals>
	</graph>
</s>

<s id="s3" ref="3" source="Running text" forest="1" text="Substantivo, masculino singular Adjetivo, masculino singular Flexões da palavra Retrógrado Significados de Retrógrado:">
	<graph root="s3_500">
		<terminals>
			<t id="s3_1" word="Substantivo" lemma="substantivar" pos="v-fin" morph="PR 1S IND VFIN" extra="* vH fmc mv"/>
			<t id="s3_2" word="," lemma="--" pos="pu" morph="--" extra="--"/>
			<t id="s3_3" word="masculino" lemma="masculino" pos="adj" morph="M S" extra="--"/>
			<t id="s3_4" word="singular" lemma="singular" pos="adj" morph="M S" extra="--"/>
			<t id="s3_5" word="Adjetivo" lemma="adjetivo" pos="n" morph="M S" sem="ac-cat" extra="prop *"/>
			<t id="s3_6" word="," lemma="--" pos="pu" morph="--" extra="--"/>
			<t id="s3_7" word="masculino" lemma="masculino" pos="n" morph="M S" sem="ac-cat" extra="cjt-head cjt-head-Od"/>
			<t id="s3_8" word="singular" lemma="singular" pos="adj" morph="M S" extra="np-close"/>
			<t id="s3_9" word="Flexões" lemma="flexão" pos="n" morph="F P" sem="act" extra="cjt-Od prop *"/>
			<t id="s3_10" word="de" lemma="de" pos="prp" morph="--" extra="sam- np-close"/>
			<t id="s3_11" word="a" lemma="o" pos="art" morph="F S" extra="-sam "/>
			<t id="s3_12" word="palavra" lemma="palavra" pos="n" morph="F S" sem="ac-cat act-s" extra="--"/>
			<t id="s3_13" word="Retrógrado_Significados_de_Retrógrado" lemma="Retrógrado_Significados_de_Retrógrado" pos="prop" morph="F S" extra="org * heur np-close"/>
			<t id="s3_14" word=":" lemma="--" pos="pu" morph="--" extra="--"/>
		</terminals>

		<nonterminals>
			<nt id="s3_500" cat="s">
				<edge label="STA" idref="s3_501"/>
			</nt>
			<nt id="s3_501" cat="fcl">
				<edge label="P" idref="s3_1"/>
				<edge label="PU" idref="s3_2"/>
				<edge label="fCs" idref="s3_502"/>
				<edge label="PU" idref="s3_6"/>
				<edge label="Od" idref="s3_503"/>
				<edge label="PU" idref="s3_14"/>
			</nt>
			<nt id="s3_502" cat="np">
				<edge label="DN" idref="s3_3"/>
				<edge label="DN" idref="s3_4"/>
				<edge label="H" idref="s3_5"/>
			</nt>
			<nt id="s3_503" cat="par">
				<edge label="CJT" idref="s3_504"/>
				<edge label="CJT" idref="s3_505"/>
			</nt>
			<nt id="s3_504" cat="np">
				<edge label="H" idref="s3_7"/>
				<edge label="DN" idref="s3_8"/>
			</nt>
			<nt id="s3_505" cat="np">
				<edge label="H" idref="s3_9"/>
				<edge label="DN" idref="s3_506"/>
			</nt>
			<nt id="s3_506" cat="pp">
				<edge label="H" idref="s3_10"/>
				<edge label="DP" idref="s3_507"/>
			</nt>
			<nt id="s3_507" cat="np">
				<edge label="DN" idref="s3_11"/>
				<edge label="H" idref="s3_12"/>
				<edge label="DN" idref="s3_13"/>
			</nt>
		</nonterminals>
	</graph>
</s>

<s id="s4" ref="4" source="Running text" forest="1" text="131 sobe, 61 desce 1. Retrógrado Por Luciana Nogueira(SP) em 29-06-2007 Retrógrado re.">
	<graph root="s4_500">
		<terminals>
			<t id="s4_1" word="131" lemma="131" pos="num" morph="M/F S" extra="card"/>
			<t id="s4_2" word="sobe" lemma="subir" pos="v-fin" morph="PR 3S IND VFIN" extra="cjt-head cjt-head-STA fmc mv"/>
			<t id="s4_3" word="," lemma="--" pos="pu" morph="--" extra="--"/>
			<t id="s4_4" word="61" lemma="61" pos="num" morph="M/F P" extra="card"/>
			<t id="s4_5" word="desce" lemma="descer" pos="v-fin" morph="PR 3S IND VFIN" extra="cjt-STA fmc mv"/>
			<t id="s4_6" word="1." lemma="1." pos="adj" morph="M/F S" extra="NUM-ord"/>
			<t id="s4_7" word="Retrógrado_Por_Luciana_Nogueira" lemma="Retrógrado_Por_Luciana_Nogueira" pos="prop" morph="M S" extra="hum * heur"/>
			<t id="s4_8" word="(" lemma="--" pos="pu" morph="--" extra="--"/>
			<t id="s4_9" word="SP" lemma="SP" pos="prop" morph="M S" extra="civ * np-close"/>
			<t id="s4_10" word=")" lemma="--" pos="pu" morph="--" extra="--"/>
			<t id="s4_11" word="em" lemma="em" pos="prp" morph="--" extra="--"/>
			<t id="s4_12" word="29-06-2007" lemma="29-06-2007" pos="num" morph="M P" extra="card"/>
			<t id="s4_13" word="Retrógrado" lemma="retrógrado" pos="adj" morph="M S" extra="prop * nh"/>
			<t id="s4_14" word="re" lemma="ré" pos="n" morph="M P" sem="tool-mus" extra="--"/>
			<t id="s4_15" word="." lemma="--" pos="pu" morph="--" extra="--"/>
		</terminals>

		<nonterminals>
			<nt id="s4_500" cat="s">
				<edge label="STA" idref="s4_501"/>
			</nt>
			<nt id="s4_501" cat="par">
				<edge label="CJT" idref="s4_502"/>
				<edge label="PU" idref="s4_3"/>
				<edge label="CJT" idref="s4_503"/>
				<edge label="PU" idref="s4_15"/>
			</nt>
			<nt id="s4_502" cat="fcl">
				<edge label="S" idref="s4_1"/>
				<edge label="P" idref="s4_2"/>
			</nt>
			<nt id="s4_503" cat="fcl">
				<edge label="Od" idref="s4_4"/>
				<edge label="P" idref="s4_5"/>
				<edge label="fCs" idref="s4_6"/>
				<edge label="S" idref="s4_504"/>
				<edge label="fA" idref="s4_505"/>
			</nt>
			<nt id="s4_504" cat="np">
				<edge label="H" idref="s4_7"/>
				<edge label="PU" idref="s4_8"/>
				<edge label="DNc" idref="s4_9"/>
				<edge label="PU" idref="s4_10"/>
			</nt>
			<nt id="s4_505" cat="pp">
				<edge label="H" idref="s4_11"/>
				<edge label="DP" idref="s4_506"/>
			</nt>
			<nt id="s4_506" cat="np">
				<edge label="DN" idref="s4_12"/>
				<edge label="DN" idref="s4_13"/>
				<edge label="H" idref="s4_14"/>
			</nt>
		</nonterminals>
	</graph>
</s>

<s id="s5" ref="5" source="Running text" forest="1" text="tró.">
	<graph root="s5_500">
		<terminals>
			<t id="s5_1" word="tró" lemma="tró" pos="n" morph="M S" extra="heur"/>
			<t id="s5_2" word="." lemma="--" pos="pu" morph="--" extra="--"/>
		</terminals>

		<nonterminals>
			<nt id="s5_500" cat="s">
				<edge label="UTT" idref="s5_501"/>
			</nt>
			<nt id="s5_501" cat="x">
				<edge label="X" idref="s5_1"/>
				<edge label="PU" idref="s5_2"/>
			</nt>
		</nonterminals>
	</graph>
</s>

<s id="s6" ref="6" source="Running text" forest="1" text="gra.">
	<graph root="s6_500">
		<terminals>
			<t id="s6_1" word="gra" lemma="gra" pos="n" morph="M S" extra="heur"/>
			<t id="s6_2" word="." lemma="--" pos="pu" morph="--" extra="--"/>
		</terminals>

		<nonterminals>
			<nt id="s6_500" cat="s">
				<edge label="UTT" idref="s6_501"/>
			</nt>
			<nt id="s6_501" cat="x">
				<edge label="X" idref="s6_1"/>
				<edge label="PU" idref="s6_2"/>
			</nt>
		</nonterminals>
	</graph>
</s>

<s id="s7" ref="7" source="Running text" forest="1" text="de o adj(lat retrogradu) 1 Que retrograda;">
	<graph root="s7_500">
		<terminals>
			<t id="s7_1" word="de" lemma="de" pos="prp" morph="--" extra="sam-"/>
			<t id="s7_2" word="o" lemma="o" pos="art" morph="M S" extra="-sam "/>
			<t id="s7_3" word="adj" lemma="adj" pos="n" morph="M S" extra="cjt-head cjt-head-DP heur"/>
			<t id="s7_4" word="(" lemma="--" pos="pu" morph="--" extra="--"/>
			<t id="s7_5" word="lat" lemma="lat" pos="n" morph="M S" extra="cjt-head cjt-head-X heur"/>
			<t id="s7_6" word="retrogradu" lemma="retrogradu" pos="n" morph="M S" extra="cjt-X heur"/>
			<t id="s7_7" word=")" lemma="--" pos="pu" morph="--" extra="--"/>
			<t id="s7_8" word="1" lemma="1" pos="num" morph="M/F S" extra="cjt-DP card"/>
			<t id="s7_9" word="Que" lemma="que" pos="spec" morph="M S" extra="clb clb-fs * rel"/>
			<t id="s7_10" word="retrograda" lemma="retrogradar" pos="v-fin" morph="PR 3S IND VFIN" extra="vN mv np-close"/>
			<t id="s7_11" word=";" lemma="--" pos="pu" morph="--" extra="--"/>
		</terminals>

		<nonterminals>
			<nt id="s7_500" cat="s">
				<edge label="fA" idref="s7_501"/>
			</nt>
			<nt id="s7_501" cat="pp">
				<edge label="H" idref="s7_1"/>
				<edge label="DP" idref="s7_502"/>
				<edge label="PU" idref="s7_4"/>
				<edge label="X" idref="s7_504"/>
				<edge label="PU" idref="s7_7"/>
				<edge label="PU" idref="s7_11"/>
			</nt>
			<nt id="s7_502" cat="par">
				<edge label="CJT" idref="s7_503"/>
			</nt>
			<nt id="s7_503" cat="np">
				<edge label="DN" idref="s7_2"/>
				<edge label="H" idref="s7_3"/>
			</nt>
			<nt id="s7_504" cat="par">
				<edge label="CJT" idref="s7_5"/>
				<edge label="CJT" idref="s7_6"/>
				<edge label="CJT" idref="s7_505"/>
			</nt>
			<nt id="s7_505" cat="np">
				<edge label="H" idref="s7_8"/>
				<edge label="DN" idref="s7_506"/>
			</nt>
			<nt id="s7_506" cat="fcl">
				<edge label="S" idref="s7_9"/>
				<edge label="P" idref="s7_10"/>
			</nt>
		</nonterminals>
	</graph>
</s>

<s id="s8" ref="8" source="Running text" forest="1" text="que anda para trás.">
	<graph root="s8_500">
		<terminals>
			<t id="s8_1" word="que" lemma="que" pos="conj-s" morph="--" extra="clb"/>
			<t id="s8_2" word="anda" lemma="andar" pos="v-fin" morph="PR 3S IND VFIN" extra="vH fmc mv"/>
			<t id="s8_3" word="para" lemma="para" pos="prp" morph="--" extra="--"/>
			<t id="s8_4" word="trás" lemma="trás" pos="adv" morph="--" extra="--"/>
			<t id="s8_5" word="." lemma="--" pos="pu" morph="--" extra="--"/>
		</terminals>

		<nonterminals>
			<nt id="s8_500" cat="s">
				<edge label="STA" idref="s8_501"/>
			</nt>
			<nt id="s8_501" cat="fcl">
				<edge label="SUB" idref="s8_1"/>
				<edge label="P" idref="s8_2"/>
				<edge label="fA" idref="s8_3"/>
				<edge label="fA" idref="s8_4"/>
				<edge label="PU" idref="s8_5"/>
			</nt>
		</nonterminals>
	</graph>
</s>

<s id="s9" ref="9" source="Running text" forest="1" text="2 Que se opõe ao progresso;">
	<graph root="s9_500">
		<terminals>
			<t id="s9_1" word="2" lemma="2" pos="num" morph="M/F P" extra="card"/>
			<t id="s9_2" word="Que" lemma="que" pos="spec" morph="M S" extra="clb clb-fs * rel"/>
			<t id="s9_3" word="se" lemma="se" pos="pron-pers" morph="M/F 3S ACC" extra="refl"/>
			<t id="s9_4" word="opõe" lemma="opor" pos="v-fin" morph="PR 3S IND VFIN" extra="vH mv v-pron np-close"/>
			<t id="s9_5" word="a" lemma="a" pos="prp" morph="--" extra="sam-"/>
			<t id="s9_6" word="o" lemma="o" pos="art" morph="M S" extra="-sam "/>
			<t id="s9_7" word="progresso" lemma="progresso" pos="n" morph="M S" sem="am" extra="--"/>
			<t id="s9_8" word=";" lemma="--" pos="pu" morph="--" extra="--"/>
		</terminals>

		<nonterminals>
			<nt id="s9_500" cat="s">
				<edge label="Od" idref="s9_501"/>
			</nt>
			<nt id="s9_501" cat="np">
				<edge label="DN" idref="s9_502"/>
				<edge label="H" idref="s9_3"/>
				<edge label="PU" idref="s9_8"/>
			</nt>
			<nt id="s9_502" cat="fcl">
				<edge label="S" idref="s9_503"/>
				<edge label="P" idref="s9_4"/>
				<edge label="Op" idref="s9_504"/>
			</nt>
			<nt id="s9_503" cat="np">
				<edge label="DN" idref="s9_1"/>
				<edge label="H" idref="s9_2"/>
			</nt>
			<nt id="s9_504" cat="pp">
				<edge label="H" idref="s9_5"/>
				<edge label="DP" idref="s9_505"/>
			</nt>
			<nt id="s9_505" cat="np">
				<edge label="DN" idref="s9_6"/>
				<edge label="H" idref="s9_7"/>
			</nt>
		</nonterminals>
	</graph>
</s>

<s id="s10" ref="10" source="Running text" forest="1" text="reacionário.">
	<graph root="s10_500">
		<terminals>
			<t id="s10_1" word="reacionário" lemma="reacionário" pos="adj" morph="M S" extra="jh"/>
			<t id="s10_2" word="." lemma="--" pos="pu" morph="--" extra="--"/>
		</terminals>

		<nonterminals>
			<nt id="s10_500" cat="s">
				<edge label="UTT" idref="s10_501"/>
			</nt>
			<nt id="s10_501" cat="x">
				<edge label="X" idref="s10_1"/>
				<edge label="PU" idref="s10_2"/>
			</nt>
		</nonterminals>
	</graph>
</s>

<s id="s11" ref="11" source="Running text" forest="1" text="sm Aquele que é aferrado � rotina ou �s idéias antigas, e portanto inimigo do progresso.">
	<graph root="s11_500">
		<terminals>
			<t id="s11_1" word="sm" lemma="sm" pos="n" morph="M/F S" extra="foreign"/>
			<t id="s11_2" word="Aquele" lemma="Aquele" pos="prop" morph="M/F S" extra="top * np-close"/>
			<t id="s11_3" word="que" lemma="que" pos="spec" morph="M S" extra="clb clb-fs rel"/>
			<t id="s11_4" word="é" lemma="ser" pos="v-fin" morph="PR 3S IND VFIN" extra="aux np-close"/>
			<t id="s11_5" word="aferrado" lemma="aferrar" pos="v-pcp" morph="M S" extra="vH mv"/>
			<t id="s11_6" word="a" lemma="a" pos="prp" morph="--" extra="sam-"/>
			<t id="s11_7" word="a" lemma="o" pos="art" morph="F S" extra="-sam "/>
			<t id="s11_8" word="rotina" lemma="rotina" pos="n" morph="F S" sem="ac sem-c" extra="--"/>
			<t id="s11_9" word="ou" lemma="ou" pos="conj-c" morph="--" extra="--"/>
			<t id="s11_10" word="a" lemma="a" pos="prp" morph="--" extra="sam-"/>
			<t id="s11_11" word="as" lemma="o" pos="art" morph="F P" extra="-sam "/>
			<t id="s11_12" word="idéias" lemma="idéia" pos="n" morph="F P" sem="sem-c" extra="--"/>
			<t id="s11_13" word="antigas" lemma="antigo" pos="adj" morph="F P" extra="jh np-close"/>
			<t id="s11_14" word="," lemma="--" pos="pu" morph="--" extra="--"/>
			<t id="s11_15" word="e" lemma="e" pos="conj-c" morph="--" extra="--"/>
			<t id="s11_16" word="portanto" lemma="portanto" pos="adv" morph="--" extra="kc"/>
			<t id="s11_17" word="inimigo" lemma="inimigo" pos="n" morph="M S" sem="Hattr" extra="--"/>
			<t id="s11_18" word="de" lemma="de" pos="prp" morph="--" extra="sam- np-close"/>
			<t id="s11_19" word="o" lemma="o" pos="art" morph="M S" extra="-sam "/>
			<t id="s11_20" word="progresso" lemma="progresso" pos="n" morph="M S" sem="am" extra="--"/>
			<t id="s11_21" word="." lemma="--" pos="pu" morph="--" extra="--"/>
		</terminals>

		<nonterminals>
			<nt id="s11_500" cat="s">
				<edge label="X" idref="s11_501"/>
			</nt>
			<nt id="s11_501" cat="np">
				<edge label="H" idref="s11_1"/>
				<edge label="DN" idref="s11_502"/>
				<edge label="PU" idref="s11_21"/>
			</nt>
			<nt id="s11_502" cat="np">
				<edge label="H" idref="s11_2"/>
				<edge label="DN" idref="s11_503"/>
			</nt>
			<nt id="s11_503" cat="fcl">
				<edge label="S" idref="s11_3"/>
				<edge label="P" idref="s11_504"/>
				<edge label="fA" idref="s11_505"/>
				<edge label="DA" idref="s11_507"/>
				<edge label="fA" idref="s11_16"/>
				<edge label="H" idref="s11_17"/>
				<edge label="-DN" idref="s11_18"/>
			</nt>
			<nt id="s11_504" cat="vp">
				<edge label="Vaux" idref="s11_4"/>
				<edge label="Vm" idref="s11_5"/>
			</nt>
			<nt id="s11_505" cat="pp">
				<edge label="H" idref="s11_6"/>
				<edge label="DP" idref="s11_506"/>
			</nt>
			<nt id="s11_506" cat="np">
				<edge label="DN" idref="s11_7"/>
				<edge label="H" idref="s11_8"/>
			</nt>
			<nt id="s11_507" cat="pp">
				<edge label="DP" idref="s11_508"/>
				<edge label="H" idref="s11_10"/>
				<edge label="PU" idref="s11_14"/>
				<edge label="fCs" idref="s11_510"/>
				<edge label="DP" idref="s11_512"/>
			</nt>
			<nt id="s11_508" cat="np">
				<edge label="DN" idref="s11_509"/>
				<edge label="DN" idref="s11_11"/>
				<edge label="H" idref="s11_12"/>
				<edge label="-DN" idref="s11_13"/>
			</nt>
			<nt id="s11_509" cat="adjp">
				<edge label="CO" idref="s11_9"/>
			</nt>
			<nt id="s11_510" cat="np">
				<edge label="DN" idref="s11_511"/>
			</nt>
			<nt id="s11_511" cat="pp">
				<edge label="CO" idref="s11_15"/>
			</nt>
			<nt id="s11_512" cat="np">
				<edge label="DN" idref="s11_19"/>
				<edge label="H" idref="s11_20"/>
			</nt>
		</nonterminals>
	</graph>
</s>

<s id="s12" ref="12" source="Running text" forest="1" text="3 Astr Diz-se do movimento que parece executar- se em oposição aos signos celestes, ou de oriente para ocidente.">
	<graph root="s12_500">
		<terminals>
			<t id="s12_1" word="3" lemma="3" pos="num" morph="M/F P" extra="card"/>
			<t id="s12_2" word="Astr_Diz-se" lemma="Astr_Diz-se" pos="prop" morph="M/F P" sem="inst" extra="* heur"/>
			<t id="s12_3" word="de" lemma="de" pos="prp" morph="--" extra="sam- np-close"/>
			<t id="s12_4" word="o" lemma="o" pos="art" morph="M S" extra="-sam "/>
			<t id="s12_5" word="movimento" lemma="movimento" pos="n" morph="M S" sem="HH activity amount mon" extra="--"/>
			<t id="s12_6" word="que" lemma="que" pos="spec" morph="M S" extra="clb clb-fs rel"/>
			<t id="s12_7" word="parece" lemma="parecer" pos="v-fin" morph="PR 3S IND VFIN" extra="aux np-close"/>
			<t id="s12_8" word="executar-" lemma="executar" pos="v-inf" morph="--" extra="hyfen vH mv"/>
			<t id="s12_9" word="se" lemma="se" pos="pron-pers" morph="M 3S ACC" extra="pass"/>
			<t id="s12_10" word="em" lemma="em" pos="prp" morph="--" extra="--"/>
			<t id="s12_11" word="oposição" lemma="oposição" pos="n" morph="F S" sem="am Labs HH act-s" extra="--"/>
			<t id="s12_12" word="a" lemma="a" pos="prp" morph="--" extra="sam- np-close"/>
			<t id="s12_13" word="os" lemma="o" pos="art" morph="M P" extra="-sam "/>
			<t id="s12_14" word="signos" lemma="signo" pos="n" morph="M P" sem="ac-sign" extra="--"/>
			<t id="s12_15" word="celestes" lemma="celeste" pos="adj" morph="M P" extra="nh np-close"/>
			<t id="s12_16" word="," lemma="--" pos="pu" morph="--" extra="--"/>
			<t id="s12_17" word="ou" lemma="ou" pos="conj-c" morph="--" extra="--"/>
			<t id="s12_18" word="de" lemma="de" pos="prp" morph="--" extra="np-close"/>
			<t id="s12_19" word="oriente" lemma="oriente" pos="n" morph="M S" sem="dir Ltop" extra="--"/>
			<t id="s12_20" word="para" lemma="para" pos="prp" morph="--" extra="--"/>
			<t id="s12_21" word="ocidente" lemma="ocidente" pos="n" morph="M S" sem="dir Ltop Lciv" extra="--"/>
			<t id="s12_22" word="." lemma="--" pos="pu" morph="--" extra="--"/>
		</terminals>

		<nonterminals>
			<nt id="s12_500" cat="s">
				<edge label="X" idref="s12_501"/>
			</nt>
			<nt id="s12_501" cat="np">
				<edge label="DN" idref="s12_1"/>
				<edge label="H" idref="s12_2"/>
				<edge label="DN" idref="s12_502"/>
				<edge label="PU" idref="s12_22"/>
			</nt>
			<nt id="s12_502" cat="pp">
				<edge label="H" idref="s12_3"/>
				<edge label="DP" idref="s12_503"/>
			</nt>
			<nt id="s12_503" cat="np">
				<edge label="DN" idref="s12_4"/>
				<edge label="H" idref="s12_5"/>
				<edge label="DN" idref="s12_504"/>
			</nt>
			<nt id="s12_504" cat="fcl">
				<edge label="S" idref="s12_6"/>
				<edge label="P" idref="s12_505"/>
				<edge label="Od" idref="s12_9"/>
				<edge label="fA" idref="s12_506"/>
				<edge label="fA" idref="s12_511"/>
			</nt>
			<nt id="s12_505" cat="vp">
				<edge label="Vaux" idref="s12_7"/>
				<edge label="Vm" idref="s12_8"/>
			</nt>
			<nt id="s12_506" cat="pp">
				<edge label="H" idref="s12_10"/>
				<edge label="DP" idref="s12_507"/>
			</nt>
			<nt id="s12_507" cat="np">
				<edge label="H" idref="s12_11"/>
				<edge label="DN" idref="s12_508"/>
			</nt>
			<nt id="s12_508" cat="pp">
				<edge label="H" idref="s12_12"/>
				<edge label="DP" idref="s12_509"/>
			</nt>
			<nt id="s12_509" cat="np">
				<edge label="DN" idref="s12_13"/>
				<edge label="H" idref="s12_14"/>
				<edge label="DN" idref="s12_15"/>
				<edge label="PU" idref="s12_16"/>
				<edge label="DNc" idref="s12_510"/>
			</nt>
			<nt id="s12_510" cat="pp">
				<edge label="CO" idref="s12_17"/>
				<edge label="H" idref="s12_18"/>
				<edge label="DP" idref="s12_19"/>
			</nt>
			<nt id="s12_511" cat="pp">
				<edge label="H" idref="s12_20"/>
				<edge label="DP" idref="s12_21"/>
			</nt>
		</nonterminals>
	</graph>
</s>

<s id="s13" ref="13" source="Running text" forest="1" text="Pessoa que não admite mudanças.">
	<graph root="s13_500">
		<terminals>
			<t id="s13_1" word="Pessoa" lemma="pessoa" pos="n" morph="F S" extra="* H"/>
			<t id="s13_2" word="que" lemma="que" pos="spec" morph="M S" extra="clb clb-fs rel"/>
			<t id="s13_3" word="não" lemma="não" pos="adv" morph="--" extra="--"/>
			<t id="s13_4" word="admite" lemma="admitir" pos="v-fin" morph="PR 3S IND VFIN" extra="vH mv np-close"/>
			<t id="s13_5" word="mudanças" lemma="mudança" pos="n" morph="F P" sem="event act-d" extra="--"/>
			<t id="s13_6" word="." lemma="--" pos="pu" morph="--" extra="--"/>
		</terminals>

		<nonterminals>
			<nt id="s13_500" cat="s">
				<edge label="X" idref="s13_501"/>
			</nt>
			<nt id="s13_501" cat="np">
				<edge label="H" idref="s13_1"/>
				<edge label="DN" idref="s13_502"/>
				<edge label="PU" idref="s13_6"/>
			</nt>
			<nt id="s13_502" cat="fcl">
				<edge label="S" idref="s13_2"/>
				<edge label="fA" idref="s13_3"/>
				<edge label="P" idref="s13_4"/>
				<edge label="Od" idref="s13_5"/>
			</nt>
		</nonterminals>
	</graph>
</s>

<s id="s14" ref="14" source="Running text" forest="1" text="Compartilhar enviar nova definição enviar nova imagem denunciar abuso Sinônimos:">
	<graph root="s14_500">
		<terminals>
			<t id="s14_1" word="Compartilhar" lemma="compartilhar" pos="v-inf" morph="--" extra="* vH mv"/>
			<t id="s14_2" word="enviar" lemma="enviar" pos="v-inf" morph="--" extra="vH mv"/>
			<t id="s14_3" word="nova" lemma="novo" pos="adj" morph="F S" extra="jh"/>
			<t id="s14_4" word="definição" lemma="definição" pos="n" morph="F S" sem="sem-c" extra="--"/>
			<t id="s14_5" word="enviar" lemma="enviar" pos="v-inf" morph="--" extra="vH mv"/>
			<t id="s14_6" word="nova" lemma="novo" pos="adj" morph="F S" extra="jh"/>
			<t id="s14_7" word="imagem" lemma="imagem" pos="n" morph="F S" sem="pict sem-c ac-cat" extra="--"/>
			<t id="s14_8" word="denunciar" lemma="denunciar" pos="v-inf" morph="--" extra="vH mv"/>
			<t id="s14_9" word="abuso" lemma="abuso" pos="n" morph="M S" sem="activity" extra="--"/>
			<t id="s14_10" word="Sinônimos" lemma="Sinônimos" pos="prop" morph="M S" extra="hum * np-close"/>
			<t id="s14_11" word=":" lemma="--" pos="pu" morph="--" extra="--"/>
		</terminals>

		<nonterminals>
			<nt id="s14_500" cat="s">
				<edge label="UTT" idref="s14_501"/>
			</nt>
			<nt id="s14_501" cat="icl">
				<edge label="P" idref="s14_1"/>
				<edge label="Od" idref="s14_502"/>
				<edge label="PU" idref="s14_11"/>
			</nt>
			<nt id="s14_502" cat="icl">
				<edge label="P" idref="s14_2"/>
				<edge label="Od" idref="s14_503"/>
				<edge label="UTT" idref="s14_504"/>
				<edge label="UTT" idref="s14_506"/>
			</nt>
			<nt id="s14_503" cat="np">
				<edge label="DN" idref="s14_3"/>
				<edge label="H" idref="s14_4"/>
			</nt>
			<nt id="s14_504" cat="icl">
				<edge label="P" idref="s14_5"/>
				<edge label="Od" idref="s14_505"/>
			</nt>
			<nt id="s14_505" cat="np">
				<edge label="DN" idref="s14_6"/>
				<edge label="H" idref="s14_7"/>
			</nt>
			<nt id="s14_506" cat="icl">
				<edge label="P" idref="s14_8"/>
				<edge label="Od" idref="s14_507"/>
			</nt>
			<nt id="s14_507" cat="np">
				<edge label="H" idref="s14_9"/>
				<edge label="DN" idref="s14_10"/>
			</nt>
		</nonterminals>
	</graph>
</s>

<s id="s15" ref="15" source="Running text" forest="1" text="reacionário anacrônico antigo conservador antiquado ultrapassado tradicional fóssil mais...">
	<graph root="s15_500">
		<terminals>
			<t id="s15_1" word="reacionário" lemma="reacionário" pos="adj" morph="M S" extra="jh"/>
			<t id="s15_2" word="anacrônico" lemma="anacrônico" pos="adj" morph="M S" extra="nh"/>
			<t id="s15_3" word="antigo" lemma="antigo" pos="adj" morph="M S" extra="jh"/>
			<t id="s15_4" word="conservador" lemma="conservador" pos="n" morph="M S" sem="Hattr" extra="cjt-head cjt-head-X"/>
			<t id="s15_5" word="antiquado" lemma="antiquado" pos="adj" morph="M S" extra="nh np-close"/>
			<t id="s15_6" word="tradicional" lemma="tradicional" pos="adj" morph="M S" extra="--"/>
			<t id="s15_7" word="fóssil" lemma="fóssil" pos="n" morph="M S" sem="A" extra="cjt-X"/>
			<t id="s15_8" word="mais" lemma="mais" pos="adv" morph="--" extra="--"/>
			<t id="s15_9" word="." lemma="--" pos="pu" morph="--" extra="--"/>
		</terminals>

		<nonterminals>
			<nt id="s15_500" cat="s">
				<edge label="X" idref="s15_501"/>
			</nt>
			<nt id="s15_501" cat="par">
				<edge label="CJT" idref="s15_502"/>
				<edge label="CJT" idref="s15_503"/>
				<edge label="PU" idref="s15_9"/>
			</nt>
			<nt id="s15_502" cat="np">
				<edge label="DN" idref="s15_1"/>
				<edge label="DN" idref="s15_2"/>
				<edge label="DN" idref="s15_3"/>
				<edge label="H" idref="s15_4"/>
				<edge label="DN" idref="s15_5"/>
			</nt>
			<nt id="s15_503" cat="np">
				<edge label="DN" idref="s15_6"/>
				<edge label="H" idref="s15_7"/>
				<edge label="fA" idref="s15_8"/>
			</nt>
		</nonterminals>
	</graph>
</s>

<s id="s16" ref="16" source="Running text" forest="1" text="Antônimos:">
	<graph root="s16_500">
		<terminals>
			<t id="s16_1" word="Antônimos" lemma="antônimo" pos="adj" morph="M P" extra="* nh"/>
			<t id="s16_2" word=":" lemma="--" pos="pu" morph="--" extra="--"/>
		</terminals>

		<nonterminals>
			<nt id="s16_500" cat="s">
				<edge label="UTT" idref="s16_501"/>
			</nt>
			<nt id="s16_501" cat="x">
				<edge label="X" idref="s16_1"/>
				<edge label="PU" idref="s16_2"/>
			</nt>
		</nonterminals>
	</graph>
</s>

<s id="s17" ref="17" source="Running text" forest="1" text="avançado progressivo novidade moderno recente atual mais...">
	<graph root="s17_500">
		<terminals>
			<t id="s17_1" word="avançado" lemma="avançado" pos="n" morph="M S" sem="Hprof" extra="cjt-head cjt-head-X"/>
			<t id="s17_2" word="progressivo" lemma="progressivo" pos="adj" morph="M S" extra="jh np-close"/>
			<t id="s17_3" word="novidade" lemma="novidade" pos="n" morph="F S" sem="am" extra="cjt-X"/>
			<t id="s17_4" word="moderno" lemma="moderno" pos="adj" morph="M S" extra="np-close"/>
			<t id="s17_5" word="recente" lemma="recente" pos="adj" morph="F S" extra="nh np-long"/>
			<t id="s17_6" word="atual" lemma="atual" pos="adj" morph="F S" extra="nh np-long"/>
			<t id="s17_7" word="mais" lemma="mais" pos="adv" morph="--" extra="quant KOMP"/>
			<t id="s17_8" word="." lemma="--" pos="pu" morph="--" extra="--"/>
		</terminals>

		<nonterminals>
			<nt id="s17_500" cat="s">
				<edge label="X" idref="s17_501"/>
			</nt>
			<nt id="s17_501" cat="par">
				<edge label="CJT" idref="s17_502"/>
				<edge label="CJT" idref="s17_503"/>
				<edge label="PU" idref="s17_8"/>
			</nt>
			<nt id="s17_502" cat="np">
				<edge label="H" idref="s17_1"/>
				<edge label="DN" idref="s17_2"/>
			</nt>
			<nt id="s17_503" cat="np">
				<edge label="H" idref="s17_3"/>
				<edge label="DN" idref="s17_4"/>
				<edge label="DN" idref="s17_5"/>
				<edge label="DN" idref="s17_6"/>
				<edge label="fA" idref="s17_7"/>
			</nt>
		</nonterminals>
	</graph>
</s>

<s id="s18" ref="18" source="Running text" forest="1" text="Relacionadas:">
	<graph root="s18_500">
		<terminals>
			<t id="s18_1" word="Relacionadas" lemma="relacionado" pos="adj" morph="F P" extra="* nh"/>
			<t id="s18_2" word=":" lemma="--" pos="pu" morph="--" extra="--"/>
		</terminals>

		<nonterminals>
			<nt id="s18_500" cat="s">
				<edge label="UTT" idref="s18_501"/>
			</nt>
			<nt id="s18_501" cat="x">
				<edge label="X" idref="s18_1"/>
				<edge label="PU" idref="s18_2"/>
			</nt>
		</nonterminals>
	</graph>
</s>

<s id="s19" ref="19" source="Running text" forest="1" text="novidade modernização lento atrassado mais...">
	<graph root="s19_500">
		<terminals>
			<t id="s19_1" word="novidade" lemma="novidade" pos="n" morph="F S" sem="am" extra="--"/>
			<t id="s19_2" word="modernização" lemma="modernização" pos="n" morph="F S" sem="act" extra="--"/>
			<t id="s19_3" word="lento" lemma="lento" pos="adj" morph="M S" extra="nh np-close"/>
			<t id="s19_4" word="atrassado" lemma="atrassar" pos="v-pcp" morph="M S" extra="heur np-long"/>
			<t id="s19_5" word="mais" lemma="muito" pos="pron-indef" morph="DET M/F S" extra="quant KOMP"/>
			<t id="s19_6" word="." lemma="--" pos="pu" morph="--" extra="--"/>
		</terminals>

		<nonterminals>
			<nt id="s19_500" cat="s">
				<edge label="UTT" idref="s19_501"/>
			</nt>
			<nt id="s19_501" cat="x">
				<edge label="fCs" idref="s19_1"/>
				<edge label="S" idref="s19_502"/>
				<edge label="H" idref="s19_2"/>
				<edge label="DN" idref="s19_3"/>
				<edge label="DN" idref="s19_4"/>
				<edge label="S" idref="s19_5"/>
				<edge label="PU" idref="s19_6"/>
			</nt>
			<nt id="s19_502" cat="np">
			</nt>
		</nonterminals>
	</graph>
</s>

<s id="s20" ref="20" source="Running text" forest="1" text="1 sobe, 0 desce 2. Retrógrado Por Dicionário inFormal(SP) em 20-11-2013 Conservador, tradicional, ultrapassado.">
	<graph root="s20_500">
		<terminals>
			<t id="s20_1" word="1" lemma="1" pos="num" morph="M/F S" extra="card"/>
			<t id="s20_2" word="sobe" lemma="subir" pos="v-fin" morph="PR 3S IND VFIN" extra="cjt-head cjt-head-STA fmc mv"/>
			<t id="s20_3" word="," lemma="--" pos="pu" morph="--" extra="--"/>
			<t id="s20_4" word="0" lemma="xx" pos="num" morph="M/F P" extra="card"/>
			<t id="s20_5" word="desce" lemma="descer" pos="v-fin" morph="PR 3S IND VFIN" extra="cjt-STA fmc mv"/>
			<t id="s20_6" word="2." lemma="2." pos="adj" morph="M/F S" extra="NUM-ord"/>
			<t id="s20_7" word="Retrógrado_Por_Dicionário" lemma="Retrógrado_Por_Dicionário" pos="prop" morph="M S" extra="tit *"/>
			<t id="s20_8" word="inFormal" lemma="inFormal" pos="adj" morph="M S" extra="np-close"/>
			<t id="s20_9" word="(" lemma="--" pos="pu" morph="--" extra="--"/>
			<t id="s20_10" word="SP" lemma="SP" pos="prop" morph="M S" extra="civ * np-close"/>
			<t id="s20_11" word=")" lemma="--" pos="pu" morph="--" extra="--"/>
			<t id="s20_12" word="em" lemma="em" pos="prp" morph="--" extra="--"/>
			<t id="s20_13" word="20-11-2013" lemma="20-11-2013" pos="num" morph="M P" extra="card"/>
			<t id="s20_14" word="Conservador" lemma="conservador" pos="n" morph="M P" sem="Hattr" extra="prop *"/>
			<t id="s20_15" word="," lemma="--" pos="pu" morph="--" extra="--"/>
			<t id="s20_16" word="tradicional" lemma="tradicional" pos="adj" morph="M/F S" extra="jh np-close"/>
			<t id="s20_17" word="," lemma="--" pos="pu" morph="--" extra="--"/>
			<t id="s20_18" word="ultrapassado" lemma="ultrapassado" pos="adj" morph="M S" extra="nh np-close"/>
			<t id="s20_19" word="." lemma="--" pos="pu" morph="--" extra="--"/>
		</terminals>

		<nonterminals>
			<nt id="s20_500" cat="s">
				<edge label="STA" idref="s20_501"/>
			</nt>
			<nt id="s20_501" cat="par">
				<edge label="CJT" idref="s20_502"/>
				<edge label="PU" idref="s20_3"/>
				<edge label="CJT" idref="s20_503"/>
				<edge label="PU" idref="s20_19"/>
			</nt>
			<nt id="s20_502" cat="fcl">
				<edge label="S" idref="s20_1"/>
				<edge label="P" idref="s20_2"/>
			</nt>
			<nt id="s20_503" cat="fcl">
				<edge label="Od" idref="s20_4"/>
				<edge label="P" idref="s20_5"/>
				<edge label="fCs" idref="s20_6"/>
				<edge label="S" idref="s20_504"/>
				<edge label="fA" idref="s20_505"/>
			</nt>
			<nt id="s20_504" cat="np">
				<edge label="H" idref="s20_7"/>
				<edge label="DN" idref="s20_8"/>
				<edge label="PU" idref="s20_9"/>
				<edge label="DNapp" idref="s20_10"/>
				<edge label="PU" idref="s20_11"/>
			</nt>
			<nt id="s20_505" cat="pp">
				<edge label="H" idref="s20_12"/>
				<edge label="DP" idref="s20_506"/>
			</nt>
			<nt id="s20_506" cat="np">
				<edge label="DN" idref="s20_13"/>
				<edge label="H" idref="s20_14"/>
				<edge label="PU" idref="s20_15"/>
				<edge label="DNc" idref="s20_507"/>
			</nt>
			<nt id="s20_507" cat="np">
				<edge label="H" idref="s20_16"/>
				<edge label="PU" idref="s20_17"/>
				<edge label="DNc" idref="s20_18"/>
			</nt>
		</nonterminals>
	</graph>
</s>

<s id="s21" ref="21" source="Running text" forest="1" text="Você tem o mesmo pensamento retrógrado da vovó.">
	<graph root="s21_500">
		<terminals>
			<t id="s21_1" word="Você" lemma="você" pos="pron-pers" morph="M/F 3S NOM" extra="*"/>
			<t id="s21_2" word="tem" lemma="ter" pos="v-fin" morph="PR 3S IND VFIN" extra="fmc mv"/>
			<t id="s21_3" word="o" lemma="o" pos="art" morph="M S" extra="--"/>
			<t id="s21_4" word="mesmo" lemma="mesmo" pos="pron-indef" morph="DET M S" extra="diff KOMP"/>
			<t id="s21_5" word="pensamento" lemma="pensamento" pos="n" morph="M S" sem="sem-c activity" extra="--"/>
			<t id="s21_6" word="retrógrado" lemma="retrógrado" pos="adj" morph="M S" extra="nh np-close"/>
			<t id="s21_7" word="de" lemma="de" pos="prp" morph="--" extra="sam- np-close"/>
			<t id="s21_8" word="a" lemma="o" pos="art" morph="F S" extra="-sam "/>
			<t id="s21_9" word="vovó" lemma="vovó" pos="n" morph="F S" sem="Hfam" extra="--"/>
			<t id="s21_10" word="." lemma="--" pos="pu" morph="--" extra="--"/>
		</terminals>

		<nonterminals>
			<nt id="s21_500" cat="s">
				<edge label="STA" idref="s21_501"/>
			</nt>
			<nt id="s21_501" cat="fcl">
				<edge label="S" idref="s21_1"/>
				<edge label="P" idref="s21_2"/>
				<edge label="Od" idref="s21_502"/>
				<edge label="PU" idref="s21_10"/>
			</nt>
			<nt id="s21_502" cat="np">
				<edge label="DN" idref="s21_3"/>
				<edge label="DN" idref="s21_4"/>
				<edge label="H" idref="s21_5"/>
				<edge label="DN" idref="s21_6"/>
				<edge label="DN" idref="s21_503"/>
			</nt>
			<nt id="s21_503" cat="pp">
				<edge label="H" idref="s21_7"/>
				<edge label="DP" idref="s21_504"/>
			</nt>
			<nt id="s21_504" cat="np">
				<edge label="DN" idref="s21_8"/>
				<edge label="H" idref="s21_9"/>
			</nt>
		</nonterminals>
	</graph>
</s>

<s id="s22" ref="22" source="Running text" forest="1" text="Compartilhar enviar nova definição enviar nova imagem denunciar abuso 2 sobe, 2 desce 3. Retrógrado Por Christian J Santos(RJ) em 16-10-2012 Contrário a novidades e modernizações Tenho idéias retrógradas, não aceito novidades Compartilhar enviar nova definição enviar nova imagem denunciar abuso Outras Informações:Palavras com 10 letras A palavra possui 4 vogais -- e o ao A palavra possui 6 consoantes -- r tr gr d 1 página -- 3 Definições 68 zorba respeito langite estreito de bósforo.">
	<graph root="s22_500">
		<terminals>
			<t id="s22_1" word="Compartilhar" lemma="compartilhar" pos="v-inf" morph="--" extra="cjt-head cjt-head-S * vH mv"/>
			<t id="s22_2" word="enviar" lemma="enviar" pos="v-inf" morph="--" extra="vH mv"/>
			<t id="s22_3" word="nova" lemma="novo" pos="adj" morph="F S" extra="jh"/>
			<t id="s22_4" word="definição" lemma="definição" pos="n" morph="F S" sem="sem-c" extra="--"/>
			<t id="s22_5" word="enviar" lemma="enviar" pos="v-inf" morph="--" extra="vH mv"/>
			<t id="s22_6" word="nova" lemma="novo" pos="adj" morph="F S" extra="jh"/>
			<t id="s22_7" word="imagem" lemma="imagem" pos="n" morph="F S" sem="pict sem-c ac-cat" extra="--"/>
			<t id="s22_8" word="denunciar" lemma="denunciar" pos="v-inf" morph="--" extra="cjt-S vH mv"/>
			<t id="s22_9" word="abuso" lemma="abuso" pos="n" morph="M S" sem="activity" extra="--"/>
			<t id="s22_10" word="2" lemma="2" pos="num" morph="M/F P" extra="card"/>
			<t id="s22_11" word="sobe" lemma="subir" pos="v-fin" morph="PR 3S IND VFIN" extra="predco predco fmc mv"/>
			<t id="s22_12" word="," lemma="--" pos="pu" morph="--" extra="--"/>
			<t id="s22_13" word="2" lemma="2" pos="num" morph="M/F P" extra="card"/>
			<t id="s22_14" word="desce" lemma="descer" pos="v-fin" morph="PR 3S IND VFIN" extra="cjt-STA fmc mv"/>
			<t id="s22_15" word="3." lemma="3." pos="adj" morph="M/F S" extra="NUM-ord"/>
			<t id="s22_16" word="Retrógrado_Por_Christian_J_Santos" lemma="Retrógrado_Por_Christian_J_Santos" pos="prop" morph="M S" extra="hum * heur"/>
			<t id="s22_17" word="(" lemma="--" pos="pu" morph="--" extra="--"/>
			<t id="s22_18" word="RJ" lemma="RJ" pos="prop" morph="M S" extra="civ * np-close"/>
			<t id="s22_19" word=")" lemma="--" pos="pu" morph="--" extra="--"/>
			<t id="s22_20" word="em" lemma="em" pos="prp" morph="--" extra="--"/>
			<t id="s22_21" word="16-10-2012" lemma="16-10-2012" pos="num" morph="M/F P" extra="card"/>
			<t id="s22_22" word="Contrário" lemma="contrário" pos="adj" morph="M S" extra="prop n * nh"/>
			<t id="s22_23" word="a" lemma="a" pos="prp" morph="--" extra="--"/>
			<t id="s22_24" word="novidades" lemma="novidade" pos="n" morph="F P" sem="am" extra="cjt-head cjt-head-DP"/>
			<t id="s22_25" word="e" lemma="e" pos="conj-c" morph="--" extra="--"/>
			<t id="s22_26" word="modernizações" lemma="modernização" pos="n" morph="F P" sem="act" extra="cjt-DP"/>
			<t id="s22_27" word="Tenho" lemma="Tenho" pos="prop" morph="F S" extra="hum * np-close"/>
			<t id="s22_28" word="idéias" lemma="idéia" pos="n" morph="F P" sem="sem-c" extra="--"/>
			<t id="s22_29" word="retrógradas" lemma="retrógrado" pos="adj" morph="F P" extra="nh np-close"/>
			<t id="s22_30" word="," lemma="--" pos="pu" morph="--" extra="--"/>
			<t id="s22_31" word="não" lemma="não" pos="adv" morph="--" extra="--"/>
			<t id="s22_32" word="aceito" lemma="aceitar" pos="v-pcp" morph="M S" extra="vH"/>
			<t id="s22_33" word="novidades" lemma="novidade" pos="n" morph="F P" sem="am" extra="--"/>
			<t id="s22_34" word="Compartilhar" lemma="Compartilhar" pos="prop" morph="M/F S" extra="hum *"/>
			<t id="s22_35" word="enviar" lemma="enviar" pos="v-inf" morph="3S" extra="vH mv"/>
			<t id="s22_36" word="nova" lemma="novo" pos="adj" morph="F S" extra="jh"/>
			<t id="s22_37" word="definição" lemma="definição" pos="n" morph="F S" sem="sem-c" extra="--"/>
			<t id="s22_38" word="enviar" lemma="enviar" pos="v-inf" morph="--" extra="vH mv"/>
			<t id="s22_39" word="nova" lemma="novo" pos="adj" morph="F S" extra="jh"/>
			<t id="s22_40" word="imagem" lemma="imagem" pos="n" morph="F S" sem="pict sem-c ac-cat" extra="--"/>
			<t id="s22_41" word="denunciar" lemma="denunciar" pos="v-inf" morph="--" extra="vH mv"/>
			<t id="s22_42" word="abuso" lemma="abuso" pos="n" morph="M S" sem="activity" extra="--"/>
			<t id="s22_43" word="Outras_Informações" lemma="Outras_Informações" pos="prop" morph="M S" extra="hum * heur np-close"/>
			<t id="s22_44" word=":Palavras" lemma=":Palavras" pos="n" morph="M S" extra="cjt-head cjt-head-S"/>
			<t id="s22_45" word="com" lemma="com" pos="prp" morph="--" extra="--"/>
			<t id="s22_46" word="10" lemma="10" pos="num" morph="F P" extra="card"/>
			<t id="s22_47" word="letras" lemma="letra" pos="n" morph="F P" sem="ac-sign sem-r domain" extra="--"/>
			<t id="s22_48" word="A" lemma="o" pos="art" morph="F S" extra="* "/>
			<t id="s22_49" word="palavra" lemma="palavra" pos="n" morph="F S" sem="ac-cat act-s" extra="cjt-S"/>
			<t id="s22_50" word="possui" lemma="possuir" pos="v-fin" morph="PR 3S IND VFIN" extra="cjt-STA vH fmc mv"/>
			<t id="s22_51" word="4" lemma="4" pos="num" morph="M P" extra="card"/>
			<t id="s22_52" word="vogais" lemma="vogal" pos="n" morph="M P" sem="ac-cat H" extra="--"/>
			<t id="s22_53" word="--" lemma="--" pos="pu" morph="--" extra="--"/>
			<t id="s22_54" word="e" lemma="e" pos="conj-c" morph="--" extra="--"/>
			<t id="s22_55" word="o" lemma="o" pos="pron-dem" morph="DET M S" extra="dem"/>
			<t id="s22_56" word="a" lemma="a" pos="prp" morph="--" extra="np-close"/>
			<t id="s22_57" word="o" lemma="o" pos="art" morph="M S" extra="--"/>
			<t id="s22_58" word="A" lemma="o" pos="art" morph="F S" extra="* "/>
			<t id="s22_59" word="palavra" lemma="palavra" pos="n" morph="F S" sem="ac-cat act-s" extra="--"/>
			<t id="s22_60" word="possui" lemma="possuir" pos="v-fin" morph="PR 3S IND VFIN" extra="cjt-STA vH fmc mv"/>
			<t id="s22_61" word="6" lemma="6" pos="num" morph="F P" extra="card"/>
			<t id="s22_62" word="consoantes" lemma="consoante" pos="n" morph="F P" sem="ac-cat" extra="--"/>
			<t id="s22_63" word="--" lemma="--" pos="pu" morph="--" extra="--"/>
			<t id="s22_64" word="r" lemma="r" pos="n" morph="M S" sem="ac-sign" extra="cjt-head cjt-head-S"/>
			<t id="s22_65" word="tr" lemma="tr" pos="n" morph="M/F S" extra="cjt-S foreign"/>
			<t id="s22_66" word="gr" lemma="gr" pos="n" morph="M S/P" extra="cjt-S"/>
			<t id="s22_67" word="d" lemma="d" pos="n" morph="M S" sem="ac-sign" extra="cjt-S"/>
			<t id="s22_68" word="1" lemma="1" pos="num" morph="F S" extra="card"/>
			<t id="s22_69" word="página" lemma="página" pos="n" morph="F S" sem="cc-r" extra="cjt-S"/>
			<t id="s22_70" word="--" lemma="--" pos="pu" morph="--" extra="--"/>
			<t id="s22_71" word="3" lemma="3" pos="num" morph="F P" extra="card"/>
			<t id="s22_72" word="Definições" lemma="definição" pos="n" morph="F P" sem="sem-c" extra="prop *"/>
			<t id="s22_73" word="68" lemma="68" pos="num" morph="M/F P" extra="card"/>
			<t id="s22_74" word="zorba" lemma="zorbar" pos="v-fin" morph="PR 3S IND VFIN" extra="cjt-STA heur fmc mv"/>
			<t id="s22_75" word="respeito" lemma="respeito" pos="n" morph="M S" sem="am ac sem-r" extra="cjt-head cjt-head-S"/>
			<t id="s22_76" word="langite" lemma="langite" pos="n" morph="F S" extra="cjt-S DERS"/>
			<t id="s22_77" word="estreito" lemma="estreito" pos="adj" morph="M S" extra="nh np-close"/>
			<t id="s22_78" word="de" lemma="de" pos="prp" morph="--" extra="np-close"/>
			<t id="s22_79" word="bósforo" lemma="bósforar" pos="v-fin" morph="PR 1S IND VFIN" extra="nosubj cjt-STA DERS fmc mv"/>
			<t id="s22_80" word="." lemma="--" pos="pu" morph="--" extra="--"/>
		</terminals>

		<nonterminals>
			<nt id="s22_500" cat="s">
				<edge label="STA" idref="s22_501"/>
			</nt>
			<nt id="s22_501" cat="fcl">
				<edge label="S" idref="s22_502"/>
				<edge label="Od" idref="s22_10"/>
				<edge label="X" idref="s22_509"/>
				<edge label="PU" idref="s22_80"/>
			</nt>
			<nt id="s22_502" cat="par">
				<edge label="CJT" idref="s22_503"/>
				<edge label="CJT" idref="s22_506"/>
			</nt>
			<nt id="s22_503" cat="icl">
				<edge label="P" idref="s22_1"/>
				<edge label="Od" idref="s22_504"/>
			</nt>
			<nt id="s22_504" cat="icl">
				<edge label="P" idref="s22_2"/>
				<edge label="Od" idref="s22_505"/>
			</nt>
			<nt id="s22_505" cat="np">
				<edge label="DN" idref="s22_3"/>
				<edge label="H" idref="s22_4"/>
			</nt>
			<nt id="s22_506" cat="fcl">
				<edge label="S" idref="s22_507"/>
				<edge label="P" idref="s22_8"/>
				<edge label="Od" idref="s22_9"/>
			</nt>
			<nt id="s22_507" cat="icl">
				<edge label="P" idref="s22_5"/>
				<edge label="Od" idref="s22_508"/>
			</nt>
			<nt id="s22_508" cat="np">
				<edge label="DN" idref="s22_6"/>
				<edge label="H" idref="s22_7"/>
			</nt>
			<nt id="s22_509" cat="par">
				<edge label="CJT" idref="s22_510"/>
				<edge label="PU" idref="s22_12"/>
				<edge label="CJT" idref="s22_511"/>
				<edge label="PU" idref="s22_30"/>
				<edge label="CJT" idref="s22_519"/>
				<edge label="CJT" idref="s22_533"/>
				<edge label="CJT" idref="s22_540"/>
				<edge label="CJT" idref="s22_79"/>
			</nt>
			<nt id="s22_510" cat="x">
				<edge label="P" idref="s22_11"/>
			</nt>
			<nt id="s22_511" cat="fcl">
				<edge label="Od" idref="s22_13"/>
				<edge label="P" idref="s22_14"/>
				<edge label="fCs" idref="s22_15"/>
				<edge label="S" idref="s22_512"/>
				<edge label="fA" idref="s22_513"/>
				<edge label="Od" idref="s22_518"/>
			</nt>
			<nt id="s22_512" cat="np">
				<edge label="H" idref="s22_16"/>
				<edge label="PU" idref="s22_17"/>
				<edge label="DNc" idref="s22_18"/>
				<edge label="PU" idref="s22_19"/>
			</nt>
			<nt id="s22_513" cat="pp">
				<edge label="H" idref="s22_20"/>
				<edge label="DP" idref="s22_514"/>
			</nt>
			<nt id="s22_514" cat="np">
				<edge label="DN" idref="s22_21"/>
				<edge label="H" idref="s22_22"/>
				<edge label="DA" idref="s22_515"/>
			</nt>
			<nt id="s22_515" cat="pp">
				<edge label="H" idref="s22_23"/>
				<edge label="DP" idref="s22_516"/>
			</nt>
			<nt id="s22_516" cat="par">
				<edge label="CJT" idref="s22_24"/>
				<edge label="CO" idref="s22_25"/>
				<edge label="CJT" idref="s22_517"/>
			</nt>
			<nt id="s22_517" cat="np">
				<edge label="H" idref="s22_26"/>
				<edge label="DN" idref="s22_27"/>
			</nt>
			<nt id="s22_518" cat="np">
				<edge label="H" idref="s22_28"/>
				<edge label="DN" idref="s22_29"/>
			</nt>
			<nt id="s22_519" cat="fcl">
				<edge label="S" idref="s22_520"/>
				<edge label="S" idref="s22_34"/>
				<edge label="S" idref="s22_522"/>
				<edge label="P" idref="s22_50"/>
				<edge label="Od" idref="s22_532"/>
			</nt>
			<nt id="s22_520" cat="np">
				<edge label="DN" idref="s22_521"/>
				<edge label="H" idref="s22_33"/>
			</nt>
			<nt id="s22_521" cat="adjp">
				<edge label="DA" idref="s22_31"/>
				<edge label="H" idref="s22_32"/>
			</nt>
			<nt id="s22_522" cat="icl">
				<edge label="P" idref="s22_35"/>
				<edge label="Od" idref="s22_523"/>
				<edge label="UTT" idref="s22_524"/>
				<edge label="UTT" idref="s22_526"/>
			</nt>
			<nt id="s22_523" cat="np">
				<edge label="DN" idref="s22_36"/>
				<edge label="H" idref="s22_37"/>
			</nt>
			<nt id="s22_524" cat="icl">
				<edge label="P" idref="s22_38"/>
				<edge label="Od" idref="s22_525"/>
			</nt>
			<nt id="s22_525" cat="np">
				<edge label="DN" idref="s22_39"/>
				<edge label="H" idref="s22_40"/>
			</nt>
			<nt id="s22_526" cat="fcl">
				<edge label="P" idref="s22_41"/>
				<edge label="Od" idref="s22_527"/>
				<edge label="S" idref="s22_528"/>
				<edge label="fA" idref="s22_529"/>
			</nt>
			<nt id="s22_527" cat="np">
				<edge label="H" idref="s22_42"/>
				<edge label="DN" idref="s22_43"/>
			</nt>
			<nt id="s22_528" cat="par">
				<edge label="CJT" idref="s22_44"/>
			</nt>
			<nt id="s22_529" cat="pp">
				<edge label="H" idref="s22_45"/>
				<edge label="DP" idref="s22_530"/>
				<edge label="CJT" idref="s22_531"/>
			</nt>
			<nt id="s22_530" cat="np">
				<edge label="DN" idref="s22_46"/>
				<edge label="H" idref="s22_47"/>
			</nt>
			<nt id="s22_531" cat="np">
				<edge label="DN" idref="s22_48"/>
				<edge label="H" idref="s22_49"/>
			</nt>
			<nt id="s22_532" cat="np">
				<edge label="DN" idref="s22_51"/>
				<edge label="H" idref="s22_52"/>
				<edge label="PU" idref="s22_53"/>
				<edge label="CO" idref="s22_54"/>
			</nt>
			<nt id="s22_533" cat="fcl">
				<edge label="Od" idref="s22_534"/>
				<edge label="P" idref="s22_60"/>
				<edge label="Od" idref="s22_537"/>
				<edge label="S" idref="s22_538"/>
			</nt>
			<nt id="s22_534" cat="np">
				<edge label="H" idref="s22_55"/>
				<edge label="DN" idref="s22_535"/>
			</nt>
			<nt id="s22_535" cat="pp">
				<edge label="H" idref="s22_56"/>
				<edge label="DP" idref="s22_536"/>
			</nt>
			<nt id="s22_536" cat="np">
				<edge label="DN" idref="s22_57"/>
				<edge label="DN" idref="s22_58"/>
				<edge label="H" idref="s22_59"/>
			</nt>
			<nt id="s22_537" cat="np">
				<edge label="DN" idref="s22_61"/>
				<edge label="H" idref="s22_62"/>
				<edge label="PU" idref="s22_63"/>
			</nt>
			<nt id="s22_538" cat="par">
				<edge label="CJT" idref="s22_64"/>
				<edge label="CJT" idref="s22_65"/>
				<edge label="CJT" idref="s22_66"/>
				<edge label="CJT" idref="s22_67"/>
				<edge label="CJT" idref="s22_539"/>
			</nt>
			<nt id="s22_539" cat="np">
				<edge label="DN" idref="s22_68"/>
				<edge label="H" idref="s22_69"/>
				<edge label="PU" idref="s22_70"/>
			</nt>
			<nt id="s22_540" cat="fcl">
				<edge label="fCs" idref="s22_541"/>
				<edge label="Od" idref="s22_73"/>
				<edge label="P" idref="s22_74"/>
				<edge label="S" idref="s22_542"/>
			</nt>
			<nt id="s22_541" cat="np">
				<edge label="DN" idref="s22_71"/>
				<edge label="H" idref="s22_72"/>
			</nt>
			<nt id="s22_542" cat="par">
				<edge label="CJT" idref="s22_75"/>
				<edge label="CJT" idref="s22_543"/>
			</nt>
			<nt id="s22_543" cat="np">
				<edge label="H" idref="s22_76"/>
				<edge label="DN" idref="s22_77"/>
				<edge label="DN" idref="s22_78"/>
			</nt>
		</nonterminals>
	</graph>
</s>

	</body>
</corpus>
