<?xml version="1.0" encoding="UTF-8"?>
<corpus>

	<body>
<s id="s1" ref="1" source="Running text" forest="1" text="Incipiente 3 Definições encontradas.">
	<graph root="s1_500">
		<terminals>
			<t id="s1_1" word="Incipiente" lemma="incipiente" pos="adj" morph="M/F S" extra="cjt-head cjt-head-X * nh"/>
			<t id="s1_2" word="3" lemma="3" pos="num" morph="F P" extra="card"/>
			<t id="s1_3" word="Definições" lemma="definição" pos="n" morph="F P" sem="sem-c" extra="cjt-X prop *"/>
			<t id="s1_4" word="encontradas" lemma="encontrado" pos="adj" morph="F P" extra="nh np-close"/>
			<t id="s1_5" word="." lemma="--" pos="pu" morph="--" extra="--"/>
		</terminals>

		<nonterminals>
			<nt id="s1_500" cat="s">
				<edge label="X" idref="s1_501"/>
			</nt>
			<nt id="s1_501" cat="par">
				<edge label="CJT" idref="s1_1"/>
				<edge label="CJT" idref="s1_502"/>
				<edge label="PU" idref="s1_5"/>
			</nt>
			<nt id="s1_502" cat="np">
				<edge label="DN" idref="s1_2"/>
				<edge label="H" idref="s1_3"/>
				<edge label="DN" idref="s1_4"/>
			</nt>
		</nonterminals>
	</graph>
</s>

<s id="s2" ref="2" source="Running text" forest="1" text="Tweet Classificação morfossintática:">
	<graph root="s2_500">
		<terminals>
			<t id="s2_1" word="Tweet_Classificação" lemma="Tweet_Classificação" pos="prop" morph="M S" extra="common * heur"/>
			<t id="s2_2" word="morfossintática" lemma="morfossintático" pos="adj" morph="F S" extra="DERS jh np-close"/>
			<t id="s2_3" word=":" lemma="--" pos="pu" morph="--" extra="--"/>
		</terminals>

		<nonterminals>
			<nt id="s2_500" cat="s">
				<edge label="X" idref="s2_501"/>
			</nt>
			<nt id="s2_501" cat="np">
				<edge label="H" idref="s2_1"/>
				<edge label="DN" idref="s2_2"/>
				<edge label="PU" idref="s2_3"/>
			</nt>
		</nonterminals>
	</graph>
</s>

<s id="s3" ref="3" source="Running text" forest="1" text="Adjetivo, masculino singular Adjetivo, feminino singular Flexões da palavra Incipiente Significados de Incipiente:">
	<graph root="s3_500">
		<terminals>
			<t id="s3_1" word="Adjetivo" lemma="adjetivar" pos="v-fin" morph="PR 1S IND VFIN" extra="* vH fmc mv"/>
			<t id="s3_2" word="," lemma="--" pos="pu" morph="--" extra="--"/>
			<t id="s3_3" word="masculino" lemma="masculino" pos="n" morph="M S" sem="ac-cat" extra="--"/>
			<t id="s3_4" word="singular" lemma="singular" pos="adj" morph="M/F S" extra="jh"/>
			<t id="s3_5" word="Adjetivo" lemma="adjetivo" pos="n" morph="M S" sem="ac-cat" extra="prop *"/>
			<t id="s3_6" word="," lemma="--" pos="pu" morph="--" extra="--"/>
			<t id="s3_7" word="feminino" lemma="feminino" pos="n" morph="M S" sem="ac-cat" extra="cjt-head cjt-head-Od"/>
			<t id="s3_8" word="singular" lemma="singular" pos="adj" morph="M S" extra="np-close"/>
			<t id="s3_9" word="Flexões" lemma="flexão" pos="n" morph="F P" sem="act" extra="cjt-Od prop *"/>
			<t id="s3_10" word="de" lemma="de" pos="prp" morph="--" extra="sam- np-close"/>
			<t id="s3_11" word="a" lemma="o" pos="art" morph="F S" extra="-sam "/>
			<t id="s3_12" word="palavra" lemma="palavra" pos="n" morph="F S" sem="ac-cat act-s" extra="--"/>
			<t id="s3_13" word="Incipiente_Significados_de_Incipiente" lemma="Incipiente_Significados_de_Incipiente" pos="prop" morph="F S" extra="org * heur np-close"/>
			<t id="s3_14" word=":" lemma="--" pos="pu" morph="--" extra="--"/>
		</terminals>

		<nonterminals>
			<nt id="s3_500" cat="s">
				<edge label="STA" idref="s3_501"/>
			</nt>
			<nt id="s3_501" cat="fcl">
				<edge label="P" idref="s3_1"/>
				<edge label="PU" idref="s3_2"/>
				<edge label="fCs" idref="s3_3"/>
				<edge label="fCs" idref="s3_4"/>
				<edge label="fCs" idref="s3_5"/>
				<edge label="PU" idref="s3_6"/>
				<edge label="Od" idref="s3_502"/>
				<edge label="PU" idref="s3_14"/>
			</nt>
			<nt id="s3_502" cat="par">
				<edge label="CJT" idref="s3_503"/>
				<edge label="CJT" idref="s3_504"/>
			</nt>
			<nt id="s3_503" cat="np">
				<edge label="H" idref="s3_7"/>
				<edge label="DN" idref="s3_8"/>
			</nt>
			<nt id="s3_504" cat="np">
				<edge label="H" idref="s3_9"/>
				<edge label="DN" idref="s3_505"/>
			</nt>
			<nt id="s3_505" cat="pp">
				<edge label="H" idref="s3_10"/>
				<edge label="DP" idref="s3_506"/>
			</nt>
			<nt id="s3_506" cat="np">
				<edge label="DN" idref="s3_11"/>
				<edge label="H" idref="s3_12"/>
				<edge label="DN" idref="s3_13"/>
			</nt>
		</nonterminals>
	</graph>
</s>

<s id="s4" ref="4" source="Running text" forest="1" text="152 sobe, 83 desce 1. Incipiente Por Amanda(DF) em 02-07-2009 Que está no começo;">
	<graph root="s4_500">
		<terminals>
			<t id="s4_1" word="152" lemma="152" pos="num" morph="M/F S" extra="card"/>
			<t id="s4_2" word="sobe" lemma="subir" pos="v-fin" morph="PR 3S IND VFIN" extra="cjt-head cjt-head-STA fmc mv"/>
			<t id="s4_3" word="," lemma="--" pos="pu" morph="--" extra="--"/>
			<t id="s4_4" word="83" lemma="83" pos="num" morph="M/F P" extra="card"/>
			<t id="s4_5" word="desce" lemma="descer" pos="v-fin" morph="PR 3S IND VFIN" extra="cjt-STA fmc mv"/>
			<t id="s4_6" word="1." lemma="1." pos="adj" morph="M/F S" extra="NUM-ord"/>
			<t id="s4_7" word="Incipiente_Por_Amanda" lemma="Incipiente_Por_Amanda" pos="prop" morph="M/F S" extra="hum * heur"/>
			<t id="s4_8" word="(" lemma="--" pos="pu" morph="--" extra="--"/>
			<t id="s4_9" word="DF" lemma="DF" pos="prop" morph="M S" extra="civ * np-close"/>
			<t id="s4_10" word=")" lemma="--" pos="pu" morph="--" extra="--"/>
			<t id="s4_11" word="em" lemma="em" pos="prp" morph="--" extra="--"/>
			<t id="s4_12" word="02-07-2009" lemma="02-07-2009" pos="num" morph="M/F S" extra="card"/>
			<t id="s4_13" word="Que" lemma="que" pos="spec" morph="M S" extra="clb clb-fs * rel"/>
			<t id="s4_14" word="está" lemma="estar" pos="v-fin" morph="PR 3S IND VFIN" extra="mv np-close"/>
			<t id="s4_15" word="em" lemma="em" pos="prp" morph="--" extra="sam-"/>
			<t id="s4_16" word="o" lemma="o" pos="art" morph="M S" extra="-sam "/>
			<t id="s4_17" word="começo" lemma="começo" pos="n" morph="M S" sem="temp" extra="--"/>
			<t id="s4_18" word=";" lemma="--" pos="pu" morph="--" extra="--"/>
		</terminals>

		<nonterminals>
			<nt id="s4_500" cat="s">
				<edge label="STA" idref="s4_501"/>
			</nt>
			<nt id="s4_501" cat="par">
				<edge label="CJT" idref="s4_502"/>
				<edge label="PU" idref="s4_3"/>
				<edge label="CJT" idref="s4_503"/>
				<edge label="PU" idref="s4_18"/>
			</nt>
			<nt id="s4_502" cat="fcl">
				<edge label="S" idref="s4_1"/>
				<edge label="P" idref="s4_2"/>
			</nt>
			<nt id="s4_503" cat="fcl">
				<edge label="Od" idref="s4_4"/>
				<edge label="P" idref="s4_5"/>
				<edge label="fCs" idref="s4_6"/>
				<edge label="S" idref="s4_504"/>
				<edge label="fA" idref="s4_505"/>
			</nt>
			<nt id="s4_504" cat="np">
				<edge label="H" idref="s4_7"/>
				<edge label="PU" idref="s4_8"/>
				<edge label="DNc" idref="s4_9"/>
				<edge label="PU" idref="s4_10"/>
			</nt>
			<nt id="s4_505" cat="pp">
				<edge label="H" idref="s4_11"/>
				<edge label="DP" idref="s4_506"/>
			</nt>
			<nt id="s4_506" cat="np">
				<edge label="H" idref="s4_12"/>
				<edge label="DN" idref="s4_507"/>
			</nt>
			<nt id="s4_507" cat="fcl">
				<edge label="S" idref="s4_13"/>
				<edge label="P" idref="s4_14"/>
				<edge label="As" idref="s4_508"/>
			</nt>
			<nt id="s4_508" cat="pp">
				<edge label="H" idref="s4_15"/>
				<edge label="DP" idref="s4_509"/>
			</nt>
			<nt id="s4_509" cat="np">
				<edge label="DN" idref="s4_16"/>
				<edge label="H" idref="s4_17"/>
			</nt>
		</nonterminals>
	</graph>
</s>

<s id="s5" ref="5" source="Running text" forest="1" text="principiante in-ci-piên- cia Câncer incipiente Compartilhar enviar nova definição enviar nova imagem denunciar abuso Sinônimos:">
	<graph root="s5_500">
		<terminals>
			<t id="s5_1" word="principiante" lemma="principiante" pos="n" morph="M/F S" sem="H" extra="--"/>
			<t id="s5_2" word="in-ci-piên-" lemma="in-ci-piên" pos="n" morph="M/F S" extra="heur foreign"/>
			<t id="s5_3" word="cia" lemma="ciar" pos="v-fin" morph="PR 3S IND VFIN" extra="vH fmc mv"/>
			<t id="s5_4" word="Câncer" lemma="C�=ncer" pos="prop" morph="M/F S" extra="common * np-close"/>
			<t id="s5_5" word="incipiente" lemma="incipiente" pos="adj" morph="M/F S" extra="nh np-close"/>
			<t id="s5_6" word="Compartilhar" lemma="compartilhar" pos="v-inf" morph="--" extra="* vH mv"/>
			<t id="s5_7" word="enviar" lemma="enviar" pos="v-inf" morph="--" extra="vH mv"/>
			<t id="s5_8" word="nova" lemma="novo" pos="adj" morph="F S" extra="jh"/>
			<t id="s5_9" word="definição" lemma="definição" pos="n" morph="F S" sem="sem-c" extra="--"/>
			<t id="s5_10" word="enviar" lemma="enviar" pos="v-inf" morph="--" extra="vH mv"/>
			<t id="s5_11" word="nova" lemma="novo" pos="adj" morph="F S" extra="jh"/>
			<t id="s5_12" word="imagem" lemma="imagem" pos="n" morph="F S" sem="pict sem-c ac-cat" extra="--"/>
			<t id="s5_13" word="denunciar" lemma="denunciar" pos="v-inf" morph="--" extra="vH mv"/>
			<t id="s5_14" word="abuso" lemma="abuso" pos="n" morph="M S" sem="activity" extra="--"/>
			<t id="s5_15" word="Sinônimos" lemma="Sinônimos" pos="prop" morph="M S" extra="hum * np-close"/>
			<t id="s5_16" word=":" lemma="--" pos="pu" morph="--" extra="--"/>
		</terminals>

		<nonterminals>
			<nt id="s5_500" cat="s">
				<edge label="STA" idref="s5_501"/>
			</nt>
			<nt id="s5_501" cat="fcl">
				<edge label="fCs" idref="s5_1"/>
				<edge label="S" idref="s5_502"/>
				<edge label="P" idref="s5_3"/>
				<edge label="PU" idref="s5_16"/>
			</nt>
			<nt id="s5_502" cat="np">
				<edge label="H" idref="s5_2"/>
				<edge label="DNapp" idref="s5_503"/>
				<edge label="UTT" idref="s5_504"/>
				<edge label="UTT" idref="s5_507"/>
				<edge label="UTT" idref="s5_509"/>
			</nt>
			<nt id="s5_503" cat="np">
				<edge label="H" idref="s5_4"/>
				<edge label="DN" idref="s5_5"/>
			</nt>
			<nt id="s5_504" cat="icl">
				<edge label="P" idref="s5_6"/>
				<edge label="Od" idref="s5_505"/>
			</nt>
			<nt id="s5_505" cat="icl">
				<edge label="P" idref="s5_7"/>
				<edge label="Od" idref="s5_506"/>
			</nt>
			<nt id="s5_506" cat="np">
				<edge label="DN" idref="s5_8"/>
				<edge label="H" idref="s5_9"/>
			</nt>
			<nt id="s5_507" cat="icl">
				<edge label="P" idref="s5_10"/>
				<edge label="Od" idref="s5_508"/>
			</nt>
			<nt id="s5_508" cat="np">
				<edge label="DN" idref="s5_11"/>
				<edge label="H" idref="s5_12"/>
			</nt>
			<nt id="s5_509" cat="icl">
				<edge label="P" idref="s5_13"/>
				<edge label="Od" idref="s5_510"/>
			</nt>
			<nt id="s5_510" cat="np">
				<edge label="H" idref="s5_14"/>
				<edge label="DN" idref="s5_15"/>
			</nt>
		</nonterminals>
	</graph>
</s>

<s id="s6" ref="6" source="Running text" forest="1" text="iniciante inicial incipiente primitivo principiante aprendiz iniciador neófito novato novel noviço praticante novo embrionário embrional começante germinal inaugural mais...">
	<graph root="s6_500">
		<terminals>
			<t id="s6_1" word="iniciante" lemma="iniciante" pos="n" morph="M/F S" sem="H" extra="cjt-head cjt-head-X"/>
			<t id="s6_2" word="inicial" lemma="inicial" pos="n" morph="F S" sem="ac-sign" extra="cjt-X"/>
			<t id="s6_3" word="incipiente" lemma="incipiente" pos="adj" morph="F S" extra="nh np-close"/>
			<t id="s6_4" word="primitivo" lemma="primitivo" pos="adj" morph="M S" extra="jh"/>
			<t id="s6_5" word="principiante" lemma="principiante" pos="n" morph="M S" sem="H" extra="cjt-X"/>
			<t id="s6_6" word="aprendiz" lemma="aprendiz" pos="n" morph="M S" sem="Hprof" extra="np-close"/>
			<t id="s6_7" word="iniciador" lemma="iniciador" pos="n" morph="M S" sem="H" extra="np-long"/>
			<t id="s6_8" word="neófito" lemma="neófito" pos="adj" morph="M S" extra="jh np-long"/>
			<t id="s6_9" word="novato" lemma="novato" pos="n" morph="M S" sem="H" extra="np-long"/>
			<t id="s6_10" word="novel" lemma="novel" pos="adj" morph="M S" extra="jh np-long"/>
			<t id="s6_11" word="noviço" lemma="noviço" pos="n" morph="M S" sem="Hprof" extra="np-long"/>
			<t id="s6_12" word="praticante" lemma="praticante" pos="n" morph="M/F S" sem="Hprof" extra="np-long"/>
			<t id="s6_13" word="novo" lemma="novo" pos="adj" morph="M S" extra="jh np-long"/>
			<t id="s6_14" word="embrionário" lemma="embrionário" pos="adj" morph="M S" extra="nh np-long"/>
			<t id="s6_15" word="embrional" lemma="embrional" pos="adj" morph="M/F S" extra="DERS DERS jh np-long"/>
			<t id="s6_16" word="começante" lemma="começante" pos="adj" morph="M/F S" extra="DERS jh np-long"/>
			<t id="s6_17" word="germinal" lemma="germinal" pos="adj" morph="M/F S" extra="DERS DERS jh np-long"/>
			<t id="s6_18" word="inaugural" lemma="inaugural" pos="adj" morph="M/F S" extra="nh np-long"/>
			<t id="s6_19" word="mais" lemma="mais" pos="adv" morph="--" extra="quant KOMP"/>
			<t id="s6_20" word="." lemma="--" pos="pu" morph="--" extra="--"/>
		</terminals>

		<nonterminals>
			<nt id="s6_500" cat="s">
				<edge label="X" idref="s6_501"/>
			</nt>
			<nt id="s6_501" cat="par">
				<edge label="CJT" idref="s6_1"/>
				<edge label="CJT" idref="s6_502"/>
				<edge label="CJT" idref="s6_503"/>
				<edge label="PU" idref="s6_20"/>
			</nt>
			<nt id="s6_502" cat="np">
				<edge label="H" idref="s6_2"/>
				<edge label="DN" idref="s6_3"/>
			</nt>
			<nt id="s6_503" cat="np">
				<edge label="DN" idref="s6_4"/>
				<edge label="H" idref="s6_5"/>
				<edge label="DN" idref="s6_6"/>
				<edge label="DN" idref="s6_7"/>
				<edge label="DN" idref="s6_8"/>
				<edge label="DN" idref="s6_9"/>
				<edge label="DN" idref="s6_10"/>
				<edge label="DN" idref="s6_11"/>
				<edge label="DN" idref="s6_12"/>
				<edge label="DN" idref="s6_13"/>
				<edge label="DN" idref="s6_14"/>
				<edge label="DN" idref="s6_15"/>
				<edge label="DN" idref="s6_16"/>
				<edge label="DN" idref="s6_17"/>
				<edge label="DN" idref="s6_18"/>
				<edge label="fA" idref="s6_19"/>
			</nt>
		</nonterminals>
	</graph>
</s>

<s id="s7" ref="7" source="Running text" forest="1" text="Antônimos:">
	<graph root="s7_500">
		<terminals>
			<t id="s7_1" word="Antônimos" lemma="antônimo" pos="adj" morph="M P" extra="* nh"/>
			<t id="s7_2" word=":" lemma="--" pos="pu" morph="--" extra="--"/>
		</terminals>

		<nonterminals>
			<nt id="s7_500" cat="s">
				<edge label="UTT" idref="s7_501"/>
			</nt>
			<nt id="s7_501" cat="x">
				<edge label="X" idref="s7_1"/>
				<edge label="PU" idref="s7_2"/>
			</nt>
		</nonterminals>
	</graph>
</s>

<s id="s8" ref="8" source="Running text" forest="1" text="desenvolvido mais...">
	<graph root="s8_500">
		<terminals>
			<t id="s8_1" word="desenvolvido" lemma="desenvolver" pos="v-pcp" morph="M S" extra="jh mv"/>
			<t id="s8_2" word="mais" lemma="muito" pos="pron-indef" morph="DET M/F S/P" extra="quant KOMP"/>
			<t id="s8_3" word="." lemma="--" pos="pu" morph="--" extra="--"/>
		</terminals>

		<nonterminals>
			<nt id="s8_500" cat="s">
				<edge label="UTT" idref="s8_501"/>
			</nt>
			<nt id="s8_501" cat="x">
				<edge label="UTT" idref="s8_1"/>
				<edge label="S" idref="s8_2"/>
				<edge label="PU" idref="s8_3"/>
			</nt>
		</nonterminals>
	</graph>
</s>

<s id="s9" ref="9" source="Running text" forest="1" text="Relacionadas:">
	<graph root="s9_500">
		<terminals>
			<t id="s9_1" word="Relacionadas" lemma="relacionado" pos="adj" morph="F P" extra="* nh"/>
			<t id="s9_2" word=":" lemma="--" pos="pu" morph="--" extra="--"/>
		</terminals>

		<nonterminals>
			<nt id="s9_500" cat="s">
				<edge label="UTT" idref="s9_501"/>
			</nt>
			<nt id="s9_501" cat="x">
				<edge label="X" idref="s9_1"/>
				<edge label="PU" idref="s9_2"/>
			</nt>
		</nonterminals>
	</graph>
</s>

<s id="s10" ref="10" source="Running text" forest="1" text="iniciante inaugural inicial mais...">
	<graph root="s10_500">
		<terminals>
			<t id="s10_1" word="iniciante" lemma="iniciante" pos="n" morph="M/F S" sem="H" extra="--"/>
			<t id="s10_2" word="inaugural" lemma="inaugural" pos="adj" morph="M/F S" extra="nh"/>
			<t id="s10_3" word="inicial" lemma="inicial" pos="n" morph="F S" sem="ac-sign" extra="--"/>
			<t id="s10_4" word="mais" lemma="mais" pos="adv" morph="--" extra="--"/>
			<t id="s10_5" word="." lemma="--" pos="pu" morph="--" extra="--"/>
		</terminals>

		<nonterminals>
			<nt id="s10_500" cat="s">
				<edge label="UTT" idref="s10_501"/>
			</nt>
			<nt id="s10_501" cat="x">
				<edge label="fCs" idref="s10_1"/>
				<edge label="fCs" idref="s10_2"/>
				<edge label="S" idref="s10_3"/>
				<edge label="fA" idref="s10_4"/>
				<edge label="PU" idref="s10_5"/>
			</nt>
		</nonterminals>
	</graph>
</s>

<s id="s11" ref="11" source="Running text" forest="1" text="1 sobe, 0 desce 2. Incipiente Por Dicionário inFormal(SP) em 20-03-2014 O mesmo que principiante.">
	<graph root="s11_500">
		<terminals>
			<t id="s11_1" word="1" lemma="1" pos="num" morph="M/F S" extra="card"/>
			<t id="s11_2" word="sobe" lemma="subir" pos="v-fin" morph="PR 3S IND VFIN" extra="cjt-head cjt-head-STA fmc mv"/>
			<t id="s11_3" word="," lemma="--" pos="pu" morph="--" extra="--"/>
			<t id="s11_4" word="0" lemma="xx" pos="num" morph="M/F P" extra="card"/>
			<t id="s11_5" word="desce" lemma="descer" pos="v-fin" morph="PR 3S IND VFIN" extra="cjt-STA fmc mv"/>
			<t id="s11_6" word="2." lemma="2." pos="adj" morph="M/F S" extra="NUM-ord"/>
			<t id="s11_7" word="Incipiente_Por_Dicionário" lemma="Incipiente_Por_Dicionário" pos="prop" morph="M S" extra="tit *"/>
			<t id="s11_8" word="inFormal" lemma="inFormal" pos="adj" morph="M S" extra="np-close"/>
			<t id="s11_9" word="(" lemma="--" pos="pu" morph="--" extra="--"/>
			<t id="s11_10" word="SP" lemma="SP" pos="prop" morph="M S" extra="civ * np-close"/>
			<t id="s11_11" word=")" lemma="--" pos="pu" morph="--" extra="--"/>
			<t id="s11_12" word="em" lemma="em" pos="prp" morph="--" extra="--"/>
			<t id="s11_13" word="20-03-2014" lemma="20-03-2014" pos="num" morph="M/F S" extra="card"/>
			<t id="s11_14" word="O" lemma="o" pos="art" morph="M S" extra="* "/>
			<t id="s11_15" word="mesmo" lemma="mesmo" pos="pron-indef" morph="DET M S" extra="--"/>
			<t id="s11_16" word="que" lemma="que" pos="spec" morph="M S" extra="rel"/>
			<t id="s11_17" word="principiante" lemma="principiante" pos="n" morph="M/F S" sem="H" extra="--"/>
			<t id="s11_18" word="." lemma="--" pos="pu" morph="--" extra="--"/>
		</terminals>

		<nonterminals>
			<nt id="s11_500" cat="s">
				<edge label="STA" idref="s11_501"/>
			</nt>
			<nt id="s11_501" cat="par">
				<edge label="CJT" idref="s11_502"/>
				<edge label="PU" idref="s11_3"/>
				<edge label="CJT" idref="s11_503"/>
				<edge label="fCs" idref="s11_17"/>
				<edge label="PU" idref="s11_18"/>
			</nt>
			<nt id="s11_502" cat="fcl">
				<edge label="S" idref="s11_1"/>
				<edge label="P" idref="s11_2"/>
			</nt>
			<nt id="s11_503" cat="fcl">
				<edge label="Od" idref="s11_4"/>
				<edge label="P" idref="s11_5"/>
				<edge label="fCs" idref="s11_6"/>
				<edge label="S" idref="s11_504"/>
				<edge label="fA" idref="s11_505"/>
				<edge label="Od" idref="s11_506"/>
				<edge label="X" idref="s11_16"/>
			</nt>
			<nt id="s11_504" cat="np">
				<edge label="H" idref="s11_7"/>
				<edge label="DN" idref="s11_8"/>
				<edge label="PU" idref="s11_9"/>
				<edge label="DNapp" idref="s11_10"/>
				<edge label="PU" idref="s11_11"/>
			</nt>
			<nt id="s11_505" cat="pp">
				<edge label="H" idref="s11_12"/>
				<edge label="DP" idref="s11_13"/>
			</nt>
			<nt id="s11_506" cat="np">
				<edge label="DN" idref="s11_14"/>
				<edge label="H" idref="s11_15"/>
			</nt>
		</nonterminals>
	</graph>
</s>

<s id="s12" ref="12" source="Running text" forest="1" text="O governo do Brasil foi incipiente.">
	<graph root="s12_500">
		<terminals>
			<t id="s12_1" word="O" lemma="o" pos="art" morph="M S" extra="* "/>
			<t id="s12_2" word="governo" lemma="governo" pos="n" morph="M S" sem="HH" extra="--"/>
			<t id="s12_3" word="de" lemma="de" pos="prp" morph="--" extra="sam- np-close"/>
			<t id="s12_4" word="o" lemma="o" pos="art" morph="M S" extra="-sam "/>
			<t id="s12_5" word="Brasil" lemma="Brasil" pos="prop" morph="M S" extra="civ *"/>
			<t id="s12_6" word="foi" lemma="ser" pos="v-fin" morph="PS 3S IND VFIN" extra="vK fmc mv"/>
			<t id="s12_7" word="incipiente" lemma="incipiente" pos="adj" morph="M S" extra="nh"/>
			<t id="s12_8" word="." lemma="--" pos="pu" morph="--" extra="--"/>
		</terminals>

		<nonterminals>
			<nt id="s12_500" cat="s">
				<edge label="STA" idref="s12_501"/>
			</nt>
			<nt id="s12_501" cat="fcl">
				<edge label="S" idref="s12_502"/>
				<edge label="P" idref="s12_6"/>
				<edge label="Cs" idref="s12_7"/>
				<edge label="PU" idref="s12_8"/>
			</nt>
			<nt id="s12_502" cat="np">
				<edge label="DN" idref="s12_1"/>
				<edge label="H" idref="s12_2"/>
				<edge label="DN" idref="s12_503"/>
			</nt>
			<nt id="s12_503" cat="pp">
				<edge label="H" idref="s12_3"/>
				<edge label="DP" idref="s12_504"/>
			</nt>
			<nt id="s12_504" cat="np">
				<edge label="DN" idref="s12_4"/>
				<edge label="H" idref="s12_5"/>
			</nt>
		</nonterminals>
	</graph>
</s>

<s id="s13" ref="13" source="Running text" forest="1" text="Compartilhar enviar nova definição enviar nova imagem denunciar abuso 125 sobe, 136 desce 3. Incipiente Por Josiane(MS) em 07-10-2007 Principiante;">
	<graph root="s13_500">
		<terminals>
			<t id="s13_1" word="Compartilhar" lemma="compartilhar" pos="v-inf" morph="--" extra="cjt-head cjt-head-S * vH mv"/>
			<t id="s13_2" word="enviar" lemma="enviar" pos="v-inf" morph="--" extra="vH mv"/>
			<t id="s13_3" word="nova" lemma="novo" pos="adj" morph="F S" extra="jh"/>
			<t id="s13_4" word="definição" lemma="definição" pos="n" morph="F S" sem="sem-c" extra="--"/>
			<t id="s13_5" word="enviar" lemma="enviar" pos="v-inf" morph="--" extra="vH mv"/>
			<t id="s13_6" word="nova" lemma="novo" pos="adj" morph="F S" extra="jh"/>
			<t id="s13_7" word="imagem" lemma="imagem" pos="n" morph="F S" sem="pict sem-c ac-cat" extra="--"/>
			<t id="s13_8" word="denunciar" lemma="denunciar" pos="v-inf" morph="--" extra="cjt-S vH mv"/>
			<t id="s13_9" word="abuso" lemma="abuso" pos="n" morph="M S" sem="activity" extra="--"/>
			<t id="s13_10" word="125" lemma="125" pos="num" morph="M/F P" extra="card"/>
			<t id="s13_11" word="sobe" lemma="subir" pos="v-fin" morph="PR 3S IND VFIN" extra="cjt-head cjt-head-STA fmc mv"/>
			<t id="s13_12" word="," lemma="--" pos="pu" morph="--" extra="--"/>
			<t id="s13_13" word="136" lemma="136" pos="num" morph="M/F P" extra="card"/>
			<t id="s13_14" word="desce" lemma="descer" pos="v-fin" morph="PR 3S IND VFIN" extra="cjt-STA fmc mv"/>
			<t id="s13_15" word="3." lemma="3." pos="adj" morph="M/F S" extra="NUM-ord"/>
			<t id="s13_16" word="Incipiente_Por_Josiane" lemma="Incipiente_Por_Josiane" pos="prop" morph="M/F S" extra="hum * heur"/>
			<t id="s13_17" word="(" lemma="--" pos="pu" morph="--" extra="--"/>
			<t id="s13_18" word="MS" lemma="MS" pos="prop" morph="M S" extra="civ * np-close"/>
			<t id="s13_19" word=")" lemma="--" pos="pu" morph="--" extra="--"/>
			<t id="s13_20" word="em" lemma="em" pos="prp" morph="--" extra="--"/>
			<t id="s13_21" word="07-10-2007" lemma="07-10-2007" pos="num" morph="M/F P" extra="card"/>
			<t id="s13_22" word="Principiante" lemma="principiante" pos="adj" morph="M/F S" extra="prop n * nh"/>
			<t id="s13_23" word=";" lemma="--" pos="pu" morph="--" extra="--"/>
		</terminals>

		<nonterminals>
			<nt id="s13_500" cat="s">
				<edge label="STA" idref="s13_501"/>
			</nt>
			<nt id="s13_501" cat="par">
				<edge label="CJT" idref="s13_502"/>
				<edge label="PU" idref="s13_12"/>
				<edge label="CJT" idref="s13_510"/>
				<edge label="PU" idref="s13_23"/>
			</nt>
			<nt id="s13_502" cat="fcl">
				<edge label="S" idref="s13_503"/>
				<edge label="Od" idref="s13_10"/>
				<edge label="P" idref="s13_11"/>
			</nt>
			<nt id="s13_503" cat="par">
				<edge label="CJT" idref="s13_504"/>
				<edge label="CJT" idref="s13_507"/>
			</nt>
			<nt id="s13_504" cat="icl">
				<edge label="P" idref="s13_1"/>
				<edge label="Od" idref="s13_505"/>
			</nt>
			<nt id="s13_505" cat="icl">
				<edge label="P" idref="s13_2"/>
				<edge label="Od" idref="s13_506"/>
			</nt>
			<nt id="s13_506" cat="np">
				<edge label="DN" idref="s13_3"/>
				<edge label="H" idref="s13_4"/>
			</nt>
			<nt id="s13_507" cat="fcl">
				<edge label="S" idref="s13_508"/>
				<edge label="P" idref="s13_8"/>
				<edge label="Od" idref="s13_9"/>
			</nt>
			<nt id="s13_508" cat="icl">
				<edge label="P" idref="s13_5"/>
				<edge label="Od" idref="s13_509"/>
			</nt>
			<nt id="s13_509" cat="np">
				<edge label="DN" idref="s13_6"/>
				<edge label="H" idref="s13_7"/>
			</nt>
			<nt id="s13_510" cat="fcl">
				<edge label="Od" idref="s13_13"/>
				<edge label="P" idref="s13_14"/>
				<edge label="fCs" idref="s13_15"/>
				<edge label="S" idref="s13_511"/>
				<edge label="fA" idref="s13_512"/>
			</nt>
			<nt id="s13_511" cat="np">
				<edge label="H" idref="s13_16"/>
				<edge label="PU" idref="s13_17"/>
				<edge label="DNc" idref="s13_18"/>
				<edge label="PU" idref="s13_19"/>
			</nt>
			<nt id="s13_512" cat="pp">
				<edge label="H" idref="s13_20"/>
				<edge label="DP" idref="s13_513"/>
			</nt>
			<nt id="s13_513" cat="np">
				<edge label="DN" idref="s13_21"/>
				<edge label="H" idref="s13_22"/>
			</nt>
		</nonterminals>
	</graph>
</s>

<s id="s14" ref="14" source="Running text" forest="1" text="iniciante.">
	<graph root="s14_500">
		<terminals>
			<t id="s14_1" word="iniciante" lemma="iniciante" pos="n" morph="M/F S" sem="H" extra="--"/>
			<t id="s14_2" word="." lemma="--" pos="pu" morph="--" extra="--"/>
		</terminals>

		<nonterminals>
			<nt id="s14_500" cat="s">
				<edge label="UTT" idref="s14_501"/>
			</nt>
			<nt id="s14_501" cat="x">
				<edge label="X" idref="s14_1"/>
				<edge label="PU" idref="s14_2"/>
			</nt>
		</nonterminals>
	</graph>
</s>

<s id="s15" ref="15" source="Running text" forest="1" text="O estudo, quanto a o regime jurídico administrativo, ainda é incipiente, exigindo- se um aprofundamento.">
	<graph root="s15_500">
		<terminals>
			<t id="s15_1" word="O" lemma="o" pos="art" morph="M S" extra="* "/>
			<t id="s15_2" word="estudo" lemma="estudo" pos="n" morph="M S" sem="sem-r per sem-l activity" extra="--"/>
			<t id="s15_3" word="," lemma="--" pos="pu" morph="--" extra="--"/>
			<t id="s15_4" word="quanto_a" lemma="quanto_a" pos="prp" morph="--" extra="sam-"/>
			<t id="s15_5" word="o" lemma="o" pos="art" morph="M S" extra="-sam "/>
			<t id="s15_6" word="regime" lemma="regime" pos="n" morph="M S" sem="HH ac" extra="--"/>
			<t id="s15_7" word="jurídico" lemma="jurídico" pos="adj" morph="M S" extra="nh np-close"/>
			<t id="s15_8" word="administrativo" lemma="administrativo" pos="adj" morph="M S" extra="nh np-long"/>
			<t id="s15_9" word="," lemma="--" pos="pu" morph="--" extra="--"/>
			<t id="s15_10" word="ainda" lemma="ainda" pos="adv" morph="--" extra="--"/>
			<t id="s15_11" word="é" lemma="ser" pos="v-fin" morph="PR 3S IND VFIN" extra="vK fmc mv"/>
			<t id="s15_12" word="incipiente" lemma="incipiente" pos="adj" morph="M S" extra="nh"/>
			<t id="s15_13" word="," lemma="--" pos="pu" morph="--" extra="--"/>
			<t id="s15_14" word="exigindo-" lemma="exigir" pos="v-ger" morph="--" extra="clb hyfen vH mv"/>
			<t id="s15_15" word="se" lemma="se" pos="pron-pers" morph="M/F 3S/P ACC" extra="--"/>
			<t id="s15_16" word="um" lemma="um" pos="art" morph="M S" extra="--"/>
			<t id="s15_17" word="aprofundamento" lemma="aprofundamento" pos="n" morph="M S" sem="act" extra="--"/>
			<t id="s15_18" word="." lemma="--" pos="pu" morph="--" extra="--"/>
		</terminals>

		<nonterminals>
			<nt id="s15_500" cat="s">
				<edge label="STA" idref="s15_501"/>
			</nt>
			<nt id="s15_501" cat="fcl">
				<edge label="S" idref="s15_502"/>
				<edge label="PU" idref="s15_3"/>
				<edge label="fA" idref="s15_503"/>
				<edge label="PU" idref="s15_9"/>
				<edge label="fA" idref="s15_10"/>
				<edge label="P" idref="s15_11"/>
				<edge label="Cs" idref="s15_12"/>
				<edge label="PU" idref="s15_13"/>
				<edge label="fA" idref="s15_505"/>
				<edge label="PU" idref="s15_18"/>
			</nt>
			<nt id="s15_502" cat="np">
				<edge label="DN" idref="s15_1"/>
				<edge label="H" idref="s15_2"/>
			</nt>
			<nt id="s15_503" cat="pp">
				<edge label="H" idref="s15_4"/>
				<edge label="DP" idref="s15_504"/>
			</nt>
			<nt id="s15_504" cat="np">
				<edge label="DN" idref="s15_5"/>
				<edge label="H" idref="s15_6"/>
				<edge label="DN" idref="s15_7"/>
				<edge label="DN" idref="s15_8"/>
			</nt>
			<nt id="s15_505" cat="fcl">
				<edge label="P" idref="s15_14"/>
				<edge label="S" idref="s15_15"/>
				<edge label="Od" idref="s15_506"/>
			</nt>
			<nt id="s15_506" cat="np">
				<edge label="DN" idref="s15_16"/>
				<edge label="H" idref="s15_17"/>
			</nt>
		</nonterminals>
	</graph>
</s>

<s id="s16" ref="16" source="Running text" forest="1" text="Compartilhar enviar nova definição enviar nova imagem denunciar abuso Outras Informações:Palavras com 10 letras A palavra possui 5 vogais -- i i ie e A palavra possui 5 consoantes -- nc p nt 1 página -- 3 Definições flor-de-sapato okhotsk birimbex lágrima-de-noiva queixada.">
	<graph root="s16_500">
		<terminals>
			<t id="s16_1" word="Compartilhar" lemma="compartilhar" pos="v-inf" morph="--" extra="* vH mv"/>
			<t id="s16_2" word="enviar" lemma="enviar" pos="v-inf" morph="--" extra="vH mv"/>
			<t id="s16_3" word="nova" lemma="novo" pos="adj" morph="F S" extra="jh"/>
			<t id="s16_4" word="definição" lemma="definição" pos="n" morph="F S" sem="sem-c" extra="--"/>
			<t id="s16_5" word="enviar" lemma="enviar" pos="v-inf" morph="--" extra="vH mv"/>
			<t id="s16_6" word="nova" lemma="novo" pos="adj" morph="F S" extra="jh"/>
			<t id="s16_7" word="imagem" lemma="imagem" pos="n" morph="F S" sem="pict sem-c ac-cat" extra="--"/>
			<t id="s16_8" word="denunciar" lemma="denunciar" pos="v-inf" morph="--" extra="vH mv"/>
			<t id="s16_9" word="abuso" lemma="abuso" pos="n" morph="M S" sem="activity" extra="--"/>
			<t id="s16_10" word="Outras_Informações" lemma="Outras_Informações" pos="prop" morph="M S" extra="hum * heur np-close"/>
			<t id="s16_11" word=":Palavras" lemma=":Palavras" pos="n" morph="M S" extra="cjt-head cjt-head-S"/>
			<t id="s16_12" word="com" lemma="com" pos="prp" morph="--" extra="--"/>
			<t id="s16_13" word="10" lemma="10" pos="num" morph="F P" extra="card"/>
			<t id="s16_14" word="letras" lemma="letra" pos="n" morph="F P" sem="ac-sign sem-r domain" extra="--"/>
			<t id="s16_15" word="A" lemma="o" pos="art" morph="F S" extra="* "/>
			<t id="s16_16" word="palavra" lemma="palavra" pos="n" morph="F S" sem="ac-cat act-s" extra="cjt-S"/>
			<t id="s16_17" word="possui" lemma="possuir" pos="v-fin" morph="PR 3S IND VFIN" extra="cjt-head cjt-head-STA vH fmc mv"/>
			<t id="s16_18" word="5" lemma="5" pos="num" morph="M P" extra="card"/>
			<t id="s16_19" word="vogais" lemma="vogal" pos="n" morph="M P" sem="ac-cat H" extra="--"/>
			<t id="s16_20" word="--" lemma="--" pos="pu" morph="--" extra="--"/>
			<t id="s16_21" word="i" lemma="i" pos="n" morph="M S" sem="ac-sign" extra="--"/>
			<t id="s16_22" word="i" lemma="i" pos="n" morph="M S" sem="ac-sign" extra="--"/>
			<t id="s16_23" word="ie" lemma="IE" pos="prop" morph="M S" extra="org np-close"/>
			<t id="s16_24" word="e" lemma="e" pos="conj-c" morph="--" extra="--"/>
			<t id="s16_25" word="A" lemma="o" pos="art" morph="F S" extra="* "/>
			<t id="s16_26" word="palavra" lemma="palavra" pos="n" morph="F S" sem="ac-cat act-s" extra="--"/>
			<t id="s16_27" word="possui" lemma="possuir" pos="v-fin" morph="PR 3S IND VFIN" extra="cjt-STA vH fmc mv"/>
			<t id="s16_28" word="5" lemma="5" pos="num" morph="F P" extra="card"/>
			<t id="s16_29" word="consoantes" lemma="consoante" pos="n" morph="F P" sem="ac-cat" extra="--"/>
			<t id="s16_30" word="--" lemma="--" pos="pu" morph="--" extra="--"/>
			<t id="s16_31" word="nc" lemma="nc" pos="n" morph="M/F S" extra="cjt-head cjt-head-S foreign"/>
			<t id="s16_32" word="p" lemma="p" pos="n" morph="M/F S" extra="cjt-S foreign"/>
			<t id="s16_33" word="nt" lemma="nt" pos="n" morph="M/F S" extra="cjt-S foreign"/>
			<t id="s16_34" word="1" lemma="1" pos="num" morph="F S" extra="card"/>
			<t id="s16_35" word="página" lemma="página" pos="n" morph="F S" sem="cc-r" extra="cjt-S"/>
			<t id="s16_36" word="--" lemma="--" pos="pu" morph="--" extra="--"/>
			<t id="s16_37" word="3" lemma="3" pos="num" morph="F P" extra="card"/>
			<t id="s16_38" word="Definições" lemma="definição" pos="n" morph="F P" sem="sem-c" extra="prop *"/>
			<t id="s16_39" word="flor-de-sapato" lemma="flor-de-sapato" pos="n" morph="F S" sem="Bflo cm" extra="--"/>
			<t id="s16_40" word="okhotsk" lemma="okhotsk" pos="n" morph="M S" extra="foreign heur"/>
			<t id="s16_41" word="birimbex" lemma="birimbex" pos="n" morph="M S" extra="heur"/>
			<t id="s16_42" word="lágrima-de-noiva" lemma="lágrima-de-noiva" pos="n" morph="F S" sem="cc" extra="--"/>
			<t id="s16_43" word="queixada" lemma="queixar" pos="v-pcp" morph="F S" extra="np-close"/>
			<t id="s16_44" word="." lemma="--" pos="pu" morph="--" extra="--"/>
		</terminals>

		<nonterminals>
			<nt id="s16_500" cat="s">
				<edge label="UTT" idref="s16_501"/>
			</nt>
			<nt id="s16_501" cat="x">
				<edge label="UTT" idref="s16_507"/>
				<edge label="P" idref="s16_5"/>
				<edge label="Od" idref="s16_508"/>
				<edge label="UTT" idref="s16_509"/>
				<edge label="PU" idref="s16_44"/>
			</nt>
			<nt id="s16_502" cat="par">
				<edge label="CJT" idref="s16_503"/>
			</nt>
			<nt id="s16_503" cat="fcl">
				<edge label="S" idref="s16_504"/>
			</nt>
			<nt id="s16_504" cat="icl">
				<edge label="P" idref="s16_1"/>
				<edge label="Od" idref="s16_505"/>
			</nt>
			<nt id="s16_505" cat="icl">
				<edge label="P" idref="s16_2"/>
				<edge label="Od" idref="s16_506"/>
			</nt>
			<nt id="s16_506" cat="np">
				<edge label="DN" idref="s16_3"/>
				<edge label="H" idref="s16_4"/>
			</nt>
			<nt id="s16_507" cat="icl">
			</nt>
			<nt id="s16_508" cat="np">
				<edge label="DN" idref="s16_6"/>
				<edge label="H" idref="s16_7"/>
			</nt>
			<nt id="s16_509" cat="fcl">
				<edge label="P" idref="s16_8"/>
				<edge label="Od" idref="s16_510"/>
				<edge label="S" idref="s16_511"/>
				<edge label="fA" idref="s16_512"/>
				<edge label="CJT" idref="s16_516"/>
			</nt>
			<nt id="s16_510" cat="np">
				<edge label="H" idref="s16_9"/>
				<edge label="DN" idref="s16_10"/>
			</nt>
			<nt id="s16_511" cat="par">
				<edge label="CJT" idref="s16_11"/>
			</nt>
			<nt id="s16_512" cat="pp">
				<edge label="H" idref="s16_12"/>
				<edge label="DP" idref="s16_513"/>
				<edge label="CJT" idref="s16_514"/>
				<edge label="P" idref="s16_17"/>
				<edge label="Od" idref="s16_515"/>
			</nt>
			<nt id="s16_513" cat="np">
				<edge label="DN" idref="s16_13"/>
				<edge label="H" idref="s16_14"/>
			</nt>
			<nt id="s16_514" cat="np">
				<edge label="DN" idref="s16_15"/>
				<edge label="H" idref="s16_16"/>
			</nt>
			<nt id="s16_515" cat="np">
				<edge label="DN" idref="s16_18"/>
				<edge label="H" idref="s16_19"/>
				<edge label="PU" idref="s16_20"/>
			</nt>
			<nt id="s16_516" cat="fcl">
				<edge label="S" idref="s16_21"/>
				<edge label="S" idref="s16_517"/>
				<edge label="S" idref="s16_518"/>
				<edge label="P" idref="s16_27"/>
				<edge label="Od" idref="s16_519"/>
				<edge label="S" idref="s16_520"/>
				<edge label="fCsta" idref="s16_522"/>
				<edge label="fCs" idref="s16_39"/>
				<edge label="fCs" idref="s16_40"/>
				<edge label="fCs" idref="s16_41"/>
				<edge label="fCs" idref="s16_523"/>
			</nt>
			<nt id="s16_517" cat="np">
				<edge label="H" idref="s16_22"/>
				<edge label="DN" idref="s16_23"/>
				<edge label="CO" idref="s16_24"/>
			</nt>
			<nt id="s16_518" cat="np">
				<edge label="DN" idref="s16_25"/>
				<edge label="H" idref="s16_26"/>
			</nt>
			<nt id="s16_519" cat="np">
				<edge label="DN" idref="s16_28"/>
				<edge label="H" idref="s16_29"/>
				<edge label="PU" idref="s16_30"/>
			</nt>
			<nt id="s16_520" cat="par">
				<edge label="CJT" idref="s16_31"/>
				<edge label="CJT" idref="s16_32"/>
				<edge label="CJT" idref="s16_33"/>
				<edge label="CJT" idref="s16_521"/>
			</nt>
			<nt id="s16_521" cat="np">
				<edge label="DN" idref="s16_34"/>
				<edge label="H" idref="s16_35"/>
				<edge label="PU" idref="s16_36"/>
			</nt>
			<nt id="s16_522" cat="np">
				<edge label="DN" idref="s16_37"/>
				<edge label="H" idref="s16_38"/>
			</nt>
			<nt id="s16_523" cat="np">
				<edge label="H" idref="s16_42"/>
				<edge label="DN" idref="s16_43"/>
			</nt>
		</nonterminals>
	</graph>
</s>

	</body>
</corpus>
