<?xml version="1.0" encoding="UTF-8"?>
<corpus>

	<body>
<s id="s1" ref="1" source="Running text" forest="1" text="Cisão 31 sobe, 61 desce Por Lisiane(RS) em 21-09-2008 Tweet Significado de Cisão:">
	<graph root="s1_500">
		<terminals>
			<t id="s1_1" word="Cisão" lemma="cisão" pos="n" morph="F S" extra="* act"/>
			<t id="s1_2" word="31" lemma="31" pos="num" morph="M/F P" extra="card"/>
			<t id="s1_3" word="sobe" lemma="subir" pos="v-fin" morph="PR 3S IND VFIN" extra="cjt-head cjt-head-STA fmc mv"/>
			<t id="s1_4" word="," lemma="--" pos="pu" morph="--" extra="--"/>
			<t id="s1_5" word="61" lemma="61" pos="num" morph="M/F P" extra="card"/>
			<t id="s1_6" word="desce" lemma="descer" pos="v-fin" morph="PR 3S IND VFIN" extra="cjt-STA fmc mv"/>
			<t id="s1_7" word="Por_Lisiane" lemma="Por_Lisiane" pos="prop" morph="M S" extra="hum * heur"/>
			<t id="s1_8" word="(" lemma="--" pos="pu" morph="--" extra="--"/>
			<t id="s1_9" word="RS" lemma="RS" pos="prop" morph="M S" extra="civ * np-close"/>
			<t id="s1_10" word=")" lemma="--" pos="pu" morph="--" extra="--"/>
			<t id="s1_11" word="em" lemma="em" pos="prp" morph="--" extra="--"/>
			<t id="s1_12" word="21-09-2008" lemma="21-09-2008" pos="num" morph="M/F S" extra="card"/>
			<t id="s1_13" word="Tweet_Significado_de_Cisão" lemma="Tweet_Significado_de_Cisão" pos="prop" morph="M S" extra="hum * heur"/>
			<t id="s1_14" word=":" lemma="--" pos="pu" morph="--" extra="--"/>
		</terminals>

		<nonterminals>
			<nt id="s1_500" cat="s">
				<edge label="STA" idref="s1_501"/>
			</nt>
			<nt id="s1_501" cat="par">
				<edge label="CJT" idref="s1_502"/>
				<edge label="PU" idref="s1_4"/>
				<edge label="CJT" idref="s1_503"/>
				<edge label="PU" idref="s1_14"/>
			</nt>
			<nt id="s1_502" cat="fcl">
				<edge label="S" idref="s1_1"/>
				<edge label="Od" idref="s1_2"/>
				<edge label="P" idref="s1_3"/>
			</nt>
			<nt id="s1_503" cat="fcl">
				<edge label="Od" idref="s1_5"/>
				<edge label="P" idref="s1_6"/>
				<edge label="S" idref="s1_504"/>
				<edge label="fA" idref="s1_505"/>
				<edge label="Od" idref="s1_13"/>
			</nt>
			<nt id="s1_504" cat="np">
				<edge label="H" idref="s1_7"/>
				<edge label="PU" idref="s1_8"/>
				<edge label="DNc" idref="s1_9"/>
				<edge label="PU" idref="s1_10"/>
			</nt>
			<nt id="s1_505" cat="pp">
				<edge label="H" idref="s1_11"/>
				<edge label="DP" idref="s1_12"/>
			</nt>
		</nonterminals>
	</graph>
</s>

<s id="s2" ref="2" source="Running text" forest="1" text="A cisão é a operação por a qual a sociedade transfere todo ou somente uma parcela do seu patrimônio para uma ou mais sociedades, constituídas para esse fim ou já existentes, extinguindo- se a sociedade cindida -- se houver versão de todo o seu patrimônio -- ou dividindo- se o seu capital -- se parcial a versão(Lei das S.A. -- Lei nº 6.404, de 1976, art. 229, com as alterações da Lei nº 9.457, de 1997).">
	<graph root="s2_500">
		<terminals>
			<t id="s2_1" word="A" lemma="o" pos="art" morph="F S" extra="* "/>
			<t id="s2_2" word="cisão" lemma="cisão" pos="n" morph="F S" sem="act" extra="--"/>
			<t id="s2_3" word="é" lemma="ser" pos="v-fin" morph="PR 3S IND VFIN" extra="cjt-head cjt-head-STA vK fmc mv"/>
			<t id="s2_4" word="a" lemma="o" pos="art" morph="F S" extra="--"/>
			<t id="s2_5" word="operação" lemma="operação" pos="n" morph="F S" sem="act-d" extra="--"/>
			<t id="s2_6" word="por" lemma="por" pos="prp" morph="--" extra="clb sam-"/>
			<t id="s2_7" word="a_qual" lemma="o_qual" pos="spec" morph="F S" extra="clb-fs rel -sam"/>
			<t id="s2_8" word="a" lemma="o" pos="art" morph="F S" extra="--"/>
			<t id="s2_9" word="sociedade" lemma="sociedade" pos="n" morph="F S" sem="HH" extra="--"/>
			<t id="s2_10" word="transfere" lemma="transferir" pos="v-fin" morph="PR 3S IND VFIN" extra="vH mv np-close"/>
			<t id="s2_11" word="todo" lemma="todo" pos="adv" morph="--" extra="quant det"/>
			<t id="s2_12" word="ou" lemma="ou" pos="conj-c" morph="--" extra="--"/>
			<t id="s2_13" word="somente" lemma="somente" pos="adv" morph="--" extra="--"/>
			<t id="s2_14" word="uma" lemma="um" pos="art" morph="F S" extra="--"/>
			<t id="s2_15" word="parcela" lemma="parcela" pos="n" morph="F S" sem="Ltop amount" extra="cjt-head cjt-head-Od"/>
			<t id="s2_16" word="de" lemma="de" pos="prp" morph="--" extra="sam- np-close"/>
			<t id="s2_17" word="o" lemma="o" pos="art" morph="M S" extra="-sam "/>
			<t id="s2_18" word="seu" lemma="seu" pos="pron-poss" morph="DET M S" extra="poss 3S"/>
			<t id="s2_19" word="patrimônio" lemma="patrimônio" pos="n" morph="M S" sem="f-right coll-cc" extra="--"/>
			<t id="s2_20" word="para" lemma="para" pos="prp" morph="--" extra="--"/>
			<t id="s2_21" word="uma" lemma="uma" pos="num" morph="F S" extra="card"/>
			<t id="s2_22" word="ou" lemma="ou" pos="conj-c" morph="--" extra="--"/>
			<t id="s2_23" word="mais" lemma="mais" pos="adv" morph="--" extra="kc"/>
			<t id="s2_24" word="sociedades" lemma="sociedade" pos="n" morph="F P" sem="HH" extra="cjt-Od"/>
			<t id="s2_25" word="," lemma="--" pos="pu" morph="--" extra="--"/>
			<t id="s2_26" word="constituídas" lemma="constituir" pos="v-pcp" morph="F P" extra="jh np-close"/>
			<t id="s2_27" word="para" lemma="para" pos="prp" morph="--" extra="--"/>
			<t id="s2_28" word="esse" lemma="esse" pos="pron-dem" morph="DET M S" extra="dem"/>
			<t id="s2_29" word="fim" lemma="fim" pos="n" morph="M S" sem="temp event sem-c" extra="--"/>
			<t id="s2_30" word="ou" lemma="ou" pos="conj-c" morph="--" extra="--"/>
			<t id="s2_31" word="já" lemma="já" pos="adv" morph="--" extra="--"/>
			<t id="s2_32" word="existentes" lemma="existente" pos="adj" morph="M/F P" extra="nh"/>
			<t id="s2_33" word="," lemma="--" pos="pu" morph="--" extra="--"/>
			<t id="s2_34" word="extinguindo-" lemma="extinguir" pos="v-ger" morph="--" extra="clb hyfen mv v-pron"/>
			<t id="s2_35" word="se" lemma="se" pos="pron-pers" morph="F 3S ACC" extra="refl pass"/>
			<t id="s2_36" word="a" lemma="o" pos="art" morph="F S" extra="--"/>
			<t id="s2_37" word="sociedade" lemma="sociedade" pos="n" morph="F S" sem="HH" extra="--"/>
			<t id="s2_38" word="cindida" lemma="cindir" pos="v-pcp" morph="F S" extra="np-close"/>
			<t id="s2_39" word="--" lemma="--" pos="pu" morph="--" extra="--"/>
			<t id="s2_40" word="se" lemma="se" pos="pron-pers" morph="M/F 3S/P ACC" extra="--"/>
			<t id="s2_41" word="houver" lemma="haver" pos="v-fin" morph="FUT 3S SUBJ VFIN" extra="cjt-STA fmc mv"/>
			<t id="s2_42" word="versão" lemma="versão" pos="n" morph="F S" sem="meta sem-r" extra="--"/>
			<t id="s2_43" word="de" lemma="de" pos="prp" morph="--" extra="np-close"/>
			<t id="s2_44" word="todo_o" lemma="todo_o" pos="pron-indef" morph="DET M S" extra="quant"/>
			<t id="s2_45" word="seu" lemma="seu" pos="pron-poss" morph="DET M S" extra="poss 3S"/>
			<t id="s2_46" word="patrimônio" lemma="patrimônio" pos="n" morph="M S" sem="f-right coll-cc" extra="--"/>
			<t id="s2_47" word="--" lemma="--" pos="pu" morph="--" extra="--"/>
			<t id="s2_48" word="ou" lemma="ou" pos="conj-c" morph="--" extra="--"/>
			<t id="s2_49" word="dividindo-" lemma="dividir" pos="v-ger" morph="--" extra="clb hyfen mv"/>
			<t id="s2_50" word="se" lemma="se" pos="pron-pers" morph="M/F 3S ACC" extra="pass"/>
			<t id="s2_51" word="o" lemma="o" pos="art" morph="M S" extra="--"/>
			<t id="s2_52" word="seu" lemma="seu" pos="pron-poss" morph="DET M S" extra="poss 3S"/>
			<t id="s2_53" word="capital" lemma="capital" pos="n" morph="M S" sem="mon" extra="--"/>
			<t id="s2_54" word="--" lemma="--" pos="pu" morph="--" extra="--"/>
			<t id="s2_55" word="se" lemma="se" pos="conj-s" morph="--" extra="clb-fs"/>
			<t id="s2_56" word="parcial" lemma="parcial" pos="adj" morph="M/F S" extra="jh"/>
			<t id="s2_57" word="a" lemma="o" pos="art" morph="F S" extra="--"/>
			<t id="s2_58" word="versão" lemma="versão" pos="n" morph="F S" sem="meta sem-r" extra="--"/>
			<t id="s2_59" word="(" lemma="--" pos="pu" morph="--" extra="--"/>
			<t id="s2_60" word="Lei" lemma="Lei" pos="pron" morph="--" extra="cjt-head cjt-head-X * newlex"/>
			<t id="s2_61" word="de" lemma="de" pos="prp" morph="--" extra="sam- np-close"/>
			<t id="s2_62" word="as" lemma="o" pos="art" morph="F P" extra="-sam "/>
			<t id="s2_63" word="S.A." lemma="S.A." pos="prop" morph="F S" extra="org *"/>
			<t id="s2_64" word="--" lemma="--" pos="pu" morph="--" extra="--"/>
			<t id="s2_65" word="Lei" lemma="Lei" pos="pron" morph="--" extra="cjt-X * newlex"/>
			<t id="s2_66" word="nº" lemma="nº" pos="n" morph="M S" sem="ac" extra="--"/>
			<t id="s2_67" word="6.404" lemma="6.404" pos="num" morph="M/F P" extra="card np-close"/>
			<t id="s2_68" word="," lemma="--" pos="pu" morph="--" extra="--"/>
			<t id="s2_69" word="de" lemma="de" pos="prp" morph="--" extra="--"/>
			<t id="s2_70" word="1976" lemma="1976" pos="num" morph="M/F P" extra="card date year"/>
			<t id="s2_71" word="," lemma="--" pos="pu" morph="--" extra="--"/>
			<t id="s2_72" word="art." lemma="art." pos="n" morph="M S" sem="Htit" extra="np-close"/>
			<t id="s2_73" word="229" lemma="229" pos="num" morph="M/F P" extra="card np-close"/>
			<t id="s2_74" word="," lemma="--" pos="pu" morph="--" extra="--"/>
			<t id="s2_75" word="com" lemma="com" pos="prp" morph="--" extra="np-close"/>
			<t id="s2_76" word="as" lemma="o" pos="art" morph="F P" extra="--"/>
			<t id="s2_77" word="alterações" lemma="alteração" pos="n" morph="F P" sem="act-d f-psych" extra="--"/>
			<t id="s2_78" word="de" lemma="de" pos="prp" morph="--" extra="sam- np-close"/>
			<t id="s2_79" word="a" lemma="o" pos="art" morph="F S" extra="-sam "/>
			<t id="s2_80" word="Lei" lemma="lei" pos="n" morph="F S" sem="conv percep-f" extra="prop *"/>
			<t id="s2_81" word="nº" lemma="nº" pos="n" morph="M S" sem="ac" extra="--"/>
			<t id="s2_82" word="9.457" lemma="9.457" pos="num" morph="M/F P" extra="card np-close"/>
			<t id="s2_83" word="," lemma="--" pos="pu" morph="--" extra="--"/>
			<t id="s2_84" word="de" lemma="de" pos="prp" morph="--" extra="--"/>
			<t id="s2_85" word="1997" lemma="1997" pos="num" morph="M/F P" extra="card date year"/>
			<t id="s2_86" word=")" lemma="--" pos="pu" morph="--" extra="--"/>
			<t id="s2_87" word="." lemma="--" pos="pu" morph="--" extra="--"/>
		</terminals>

		<nonterminals>
			<nt id="s2_500" cat="s">
				<edge label="STA" idref="s2_501"/>
			</nt>
			<nt id="s2_501" cat="par">
				<edge label="CJT" idref="s2_502"/>
				<edge label="PU" idref="s2_33"/>
				<edge label="CJT" idref="s2_517"/>
				<edge label="PU" idref="s2_87"/>
			</nt>
			<nt id="s2_502" cat="fcl">
				<edge label="S" idref="s2_503"/>
				<edge label="P" idref="s2_3"/>
				<edge label="Cs" idref="s2_504"/>
			</nt>
			<nt id="s2_503" cat="np">
				<edge label="DN" idref="s2_1"/>
				<edge label="H" idref="s2_2"/>
			</nt>
			<nt id="s2_504" cat="np">
				<edge label="DN" idref="s2_4"/>
				<edge label="H" idref="s2_5"/>
				<edge label="DN" idref="s2_505"/>
			</nt>
			<nt id="s2_505" cat="fcl">
				<edge label="fA" idref="s2_506"/>
				<edge label="S" idref="s2_507"/>
				<edge label="P" idref="s2_10"/>
				<edge label="fA" idref="s2_11"/>
				<edge label="Od" idref="s2_508"/>
				<edge label="fA" idref="s2_512"/>
				<edge label="fA" idref="s2_514"/>
				<edge label="DP" idref="s2_516"/>
				<edge label="fA" idref="s2_31"/>
			</nt>
			<nt id="s2_506" cat="pp">
				<edge label="H" idref="s2_6"/>
				<edge label="DP" idref="s2_7"/>
			</nt>
			<nt id="s2_507" cat="np">
				<edge label="DN" idref="s2_8"/>
				<edge label="H" idref="s2_9"/>
				<edge label="CO" idref="s2_12"/>
			</nt>
			<nt id="s2_508" cat="par">
				<edge label="CJT" idref="s2_509"/>
			</nt>
			<nt id="s2_509" cat="np">
				<edge label="DN" idref="s2_13"/>
				<edge label="DN" idref="s2_14"/>
				<edge label="H" idref="s2_15"/>
				<edge label="DN" idref="s2_510"/>
				<edge label="CO" idref="s2_22"/>
				<edge label="CO" idref="s2_23"/>
			</nt>
			<nt id="s2_510" cat="pp">
				<edge label="H" idref="s2_16"/>
				<edge label="DP" idref="s2_511"/>
			</nt>
			<nt id="s2_511" cat="np">
				<edge label="DN" idref="s2_17"/>
				<edge label="DN" idref="s2_18"/>
				<edge label="H" idref="s2_19"/>
			</nt>
			<nt id="s2_512" cat="pp">
				<edge label="H" idref="s2_20"/>
				<edge label="DP" idref="s2_21"/>
				<edge label="CJT" idref="s2_513"/>
			</nt>
			<nt id="s2_513" cat="np">
				<edge label="H" idref="s2_24"/>
				<edge label="PU" idref="s2_25"/>
				<edge label="DNc" idref="s2_26"/>
			</nt>
			<nt id="s2_514" cat="pp">
				<edge label="H" idref="s2_27"/>
				<edge label="DP" idref="s2_515"/>
			</nt>
			<nt id="s2_515" cat="np">
				<edge label="DN" idref="s2_28"/>
				<edge label="H" idref="s2_29"/>
			</nt>
			<nt id="s2_516" cat="adjp">
				<edge label="CO" idref="s2_30"/>
				<edge label="H" idref="s2_32"/>
			</nt>
			<nt id="s2_517" cat="fcl">
				<edge label="fA" idref="s2_518"/>
				<edge label="S" idref="s2_40"/>
				<edge label="P" idref="s2_41"/>
				<edge label="Od" idref="s2_520"/>
				<edge label="fCs" idref="s2_524"/>
				<edge label="SUB" idref="s2_55"/>
				<edge label="fCs" idref="s2_56"/>
				<edge label="fCs" idref="s2_525"/>
				<edge label="PU" idref="s2_59"/>
				<edge label="X" idref="s2_526"/>
				<edge label="PU" idref="s2_86"/>
			</nt>
			<nt id="s2_518" cat="fcl">
				<edge label="P" idref="s2_34"/>
				<edge label="Od" idref="s2_35"/>
				<edge label="S" idref="s2_519"/>
			</nt>
			<nt id="s2_519" cat="np">
				<edge label="DN" idref="s2_36"/>
				<edge label="H" idref="s2_37"/>
				<edge label="DN" idref="s2_38"/>
				<edge label="PU" idref="s2_39"/>
			</nt>
			<nt id="s2_520" cat="np">
				<edge label="H" idref="s2_42"/>
				<edge label="DN" idref="s2_521"/>
				<edge label="P" idref="s2_49"/>
				<edge label="Od" idref="s2_50"/>
			</nt>
			<nt id="s2_521" cat="pp">
				<edge label="H" idref="s2_43"/>
				<edge label="DP" idref="s2_522"/>
			</nt>
			<nt id="s2_522" cat="np">
				<edge label="DN" idref="s2_44"/>
				<edge label="DN" idref="s2_45"/>
				<edge label="H" idref="s2_46"/>
				<edge label="PU" idref="s2_47"/>
				<edge label="CO" idref="s2_48"/>
				<edge label="FOC" idref="s2_523"/>
			</nt>
			<nt id="s2_523" cat="advp">
			</nt>
			<nt id="s2_524" cat="np">
				<edge label="DN" idref="s2_51"/>
				<edge label="DN" idref="s2_52"/>
				<edge label="H" idref="s2_53"/>
				<edge label="PU" idref="s2_54"/>
			</nt>
			<nt id="s2_525" cat="np">
				<edge label="DN" idref="s2_57"/>
				<edge label="H" idref="s2_58"/>
			</nt>
			<nt id="s2_526" cat="par">
				<edge label="CJT" idref="s2_60"/>
				<edge label="DN" idref="s2_527"/>
				<edge label="CJT" idref="s2_65"/>
				<edge label="fCs" idref="s2_529"/>
				<edge label="PU" idref="s2_68"/>
				<edge label="fCs" idref="s2_530"/>
				<edge label="fCs" idref="s2_537"/>
				<edge label="PU" idref="s2_83"/>
				<edge label="fCs" idref="s2_538"/>
			</nt>
			<nt id="s2_527" cat="pp">
				<edge label="H" idref="s2_61"/>
				<edge label="DP" idref="s2_528"/>
			</nt>
			<nt id="s2_528" cat="np">
				<edge label="DN" idref="s2_62"/>
				<edge label="H" idref="s2_63"/>
				<edge label="PU" idref="s2_64"/>
			</nt>
			<nt id="s2_529" cat="np">
				<edge label="H" idref="s2_66"/>
				<edge label="DN" idref="s2_67"/>
			</nt>
			<nt id="s2_530" cat="pp">
				<edge label="H" idref="s2_69"/>
				<edge label="DP" idref="s2_531"/>
			</nt>
			<nt id="s2_531" cat="np">
				<edge label="H" idref="s2_70"/>
				<edge label="PU" idref="s2_71"/>
				<edge label="DNc" idref="s2_532"/>
			</nt>
			<nt id="s2_532" cat="np">
				<edge label="H" idref="s2_72"/>
				<edge label="DN" idref="s2_73"/>
				<edge label="PU" idref="s2_74"/>
				<edge label="DNc" idref="s2_533"/>
			</nt>
			<nt id="s2_533" cat="pp">
				<edge label="H" idref="s2_75"/>
				<edge label="DP" idref="s2_534"/>
			</nt>
			<nt id="s2_534" cat="np">
				<edge label="DN" idref="s2_76"/>
				<edge label="H" idref="s2_77"/>
				<edge label="DN" idref="s2_535"/>
			</nt>
			<nt id="s2_535" cat="pp">
				<edge label="H" idref="s2_78"/>
				<edge label="DP" idref="s2_536"/>
			</nt>
			<nt id="s2_536" cat="np">
				<edge label="DN" idref="s2_79"/>
				<edge label="H" idref="s2_80"/>
			</nt>
			<nt id="s2_537" cat="np">
				<edge label="H" idref="s2_81"/>
				<edge label="DN" idref="s2_82"/>
			</nt>
			<nt id="s2_538" cat="pp">
				<edge label="H" idref="s2_84"/>
				<edge label="DP" idref="s2_85"/>
			</nt>
		</nonterminals>
	</graph>
</s>

<s id="s3" ref="3" source="Running text" forest="1" text="Exemplo do uso da palavra Cisão:">
	<graph root="s3_500">
		<terminals>
			<t id="s3_1" word="Exemplo" lemma="exemplo" pos="n" morph="M S" extra="* ac"/>
			<t id="s3_2" word="de" lemma="de" pos="prp" morph="--" extra="sam- np-close"/>
			<t id="s3_3" word="o" lemma="o" pos="art" morph="M S" extra="-sam "/>
			<t id="s3_4" word="uso" lemma="uso" pos="n" morph="M S" sem="act ac" extra="--"/>
			<t id="s3_5" word="de" lemma="de" pos="prp" morph="--" extra="sam- np-long"/>
			<t id="s3_6" word="a" lemma="o" pos="art" morph="F S" extra="-sam "/>
			<t id="s3_7" word="palavra" lemma="palavra" pos="n" morph="F S" sem="ac-cat act-s" extra="--"/>
			<t id="s3_8" word="Cisão" lemma="Cisão" pos="prop" morph="F S" extra="hum * np-close"/>
			<t id="s3_9" word=":" lemma="--" pos="pu" morph="--" extra="--"/>
		</terminals>

		<nonterminals>
			<nt id="s3_500" cat="s">
				<edge label="X" idref="s3_501"/>
			</nt>
			<nt id="s3_501" cat="np">
				<edge label="H" idref="s3_1"/>
				<edge label="DN" idref="s3_502"/>
				<edge label="DN" idref="s3_504"/>
				<edge label="PU" idref="s3_9"/>
			</nt>
			<nt id="s3_502" cat="pp">
				<edge label="H" idref="s3_2"/>
				<edge label="DP" idref="s3_503"/>
			</nt>
			<nt id="s3_503" cat="np">
				<edge label="DN" idref="s3_3"/>
				<edge label="H" idref="s3_4"/>
			</nt>
			<nt id="s3_504" cat="pp">
				<edge label="H" idref="s3_5"/>
				<edge label="DP" idref="s3_505"/>
			</nt>
			<nt id="s3_505" cat="np">
				<edge label="DN" idref="s3_6"/>
				<edge label="H" idref="s3_7"/>
				<edge label="DN" idref="s3_8"/>
			</nt>
		</nonterminals>
	</graph>
</s>

<s id="s4" ref="4" source="Running text" forest="1" text="A divisão entre Europa Oriental e a Europa Ocidental ficou bem visível depois da cisão deste continente entre o bloco socialista e o capitalista, delimitada por a simbólica Cortina de Ferro.">
	<graph root="s4_500">
		<terminals>
			<t id="s4_1" word="A" lemma="o" pos="art" morph="F S" extra="* "/>
			<t id="s4_2" word="divisão" lemma="divisão" pos="n" morph="F S" sem="act-d HH ac" extra="--"/>
			<t id="s4_3" word="entre" lemma="entre" pos="prp" morph="--" extra="np-close"/>
			<t id="s4_4" word="Europa_Oriental" lemma="Europa_Oriental" pos="prop" morph="F S" extra="cjt-head cjt-head-DP top *"/>
			<t id="s4_5" word="e" lemma="e" pos="conj-c" morph="--" extra="--"/>
			<t id="s4_6" word="a" lemma="o" pos="art" morph="F S" extra="--"/>
			<t id="s4_7" word="Europa_Ocidental" lemma="Europa_Ocidental" pos="prop" morph="F S" extra="cjt-DP civ *"/>
			<t id="s4_8" word="ficou" lemma="ficar" pos="v-fin" morph="PS 3S IND VFIN" extra="vK fmc mv"/>
			<t id="s4_9" word="bem" lemma="bem" pos="adv" morph="--" extra="quant"/>
			<t id="s4_10" word="visível" lemma="visível" pos="adj" morph="F S" extra="jh"/>
			<t id="s4_11" word="depois" lemma="depois" pos="adv" morph="--" extra="--"/>
			<t id="s4_12" word="de" lemma="de" pos="prp" morph="--" extra="sam-"/>
			<t id="s4_13" word="a" lemma="o" pos="art" morph="F S" extra="-sam "/>
			<t id="s4_14" word="cisão" lemma="cisão" pos="n" morph="F S" sem="act" extra="--"/>
			<t id="s4_15" word="de" lemma="de" pos="prp" morph="--" extra="sam- np-close"/>
			<t id="s4_16" word="este" lemma="este" pos="pron-dem" morph="DET M S" extra="dem -sam"/>
			<t id="s4_17" word="continente" lemma="continente" pos="n" morph="M S" sem="Ltop Lciv" extra="--"/>
			<t id="s4_18" word="entre" lemma="entre" pos="prp" morph="--" extra="np-close"/>
			<t id="s4_19" word="o" lemma="o" pos="art" morph="M S" extra="--"/>
			<t id="s4_20" word="bloco" lemma="bloco" pos="n" morph="M S" sem="cc amount HH Lh" extra="cjt-head cjt-head-DP"/>
			<t id="s4_21" word="socialista" lemma="socialista" pos="adj" morph="M S" extra="jh np-close"/>
			<t id="s4_22" word="e" lemma="e" pos="conj-c" morph="--" extra="--"/>
			<t id="s4_23" word="o" lemma="o" pos="art" morph="M S" extra="--"/>
			<t id="s4_24" word="capitalista" lemma="capitalista" pos="n" morph="M S" sem="Hideo" extra="cjt-DP"/>
			<t id="s4_25" word="," lemma="--" pos="pu" morph="--" extra="--"/>
			<t id="s4_26" word="delimitada" lemma="delimitar" pos="v-pcp" morph="F S" extra="mv"/>
			<t id="s4_27" word="por" lemma="por" pos="prp" morph="--" extra="sam-"/>
			<t id="s4_28" word="a" lemma="o" pos="art" morph="F S" extra="-sam "/>
			<t id="s4_29" word="simbólica" lemma="simbólico" pos="adj" morph="F S" extra="cjt-head cjt-head-DP n nh"/>
			<t id="s4_30" word="Cortina_de_Ferro" lemma="Cortina_de_Ferro" pos="prop" morph="F S" extra="cjt-DP top *"/>
			<t id="s4_31" word="." lemma="--" pos="pu" morph="--" extra="--"/>
		</terminals>

		<nonterminals>
			<nt id="s4_500" cat="s">
				<edge label="STA" idref="s4_501"/>
			</nt>
			<nt id="s4_501" cat="fcl">
				<edge label="S" idref="s4_502"/>
				<edge label="P" idref="s4_8"/>
				<edge label="Cs" idref="s4_506"/>
				<edge label="DA" idref="s4_9"/>
				<edge label="H" idref="s4_10"/>
				<edge label="fA" idref="s4_507"/>
				<edge label="PU" idref="s4_25"/>
				<edge label="Cs" idref="s4_516"/>
				<edge label="PU" idref="s4_31"/>
			</nt>
			<nt id="s4_502" cat="np">
				<edge label="DN" idref="s4_1"/>
				<edge label="H" idref="s4_2"/>
				<edge label="DN" idref="s4_503"/>
			</nt>
			<nt id="s4_503" cat="pp">
				<edge label="H" idref="s4_3"/>
				<edge label="DP" idref="s4_504"/>
			</nt>
			<nt id="s4_504" cat="par">
				<edge label="CJT" idref="s4_4"/>
				<edge label="CO" idref="s4_5"/>
				<edge label="CJT" idref="s4_505"/>
			</nt>
			<nt id="s4_505" cat="np">
				<edge label="DN" idref="s4_6"/>
				<edge label="H" idref="s4_7"/>
			</nt>
			<nt id="s4_506" cat="adjp">
			</nt>
			<nt id="s4_507" cat="advp">
				<edge label="H" idref="s4_11"/>
				<edge label="DA" idref="s4_508"/>
			</nt>
			<nt id="s4_508" cat="pp">
				<edge label="H" idref="s4_12"/>
				<edge label="DP" idref="s4_509"/>
			</nt>
			<nt id="s4_509" cat="np">
				<edge label="DN" idref="s4_13"/>
				<edge label="H" idref="s4_14"/>
				<edge label="DN" idref="s4_510"/>
			</nt>
			<nt id="s4_510" cat="pp">
				<edge label="H" idref="s4_15"/>
				<edge label="DP" idref="s4_511"/>
			</nt>
			<nt id="s4_511" cat="np">
				<edge label="DN" idref="s4_16"/>
				<edge label="H" idref="s4_17"/>
				<edge label="DN" idref="s4_512"/>
			</nt>
			<nt id="s4_512" cat="pp">
				<edge label="H" idref="s4_18"/>
				<edge label="DP" idref="s4_513"/>
			</nt>
			<nt id="s4_513" cat="par">
				<edge label="CJT" idref="s4_514"/>
				<edge label="CO" idref="s4_22"/>
				<edge label="CJT" idref="s4_515"/>
			</nt>
			<nt id="s4_514" cat="np">
				<edge label="DN" idref="s4_19"/>
				<edge label="H" idref="s4_20"/>
				<edge label="DN" idref="s4_21"/>
			</nt>
			<nt id="s4_515" cat="np">
				<edge label="DN" idref="s4_23"/>
				<edge label="H" idref="s4_24"/>
			</nt>
			<nt id="s4_516" cat="icl">
				<edge label="P" idref="s4_26"/>
				<edge label="fApass" idref="s4_27"/>
				<edge label="DP" idref="s4_517"/>
			</nt>
			<nt id="s4_517" cat="par">
				<edge label="CJT" idref="s4_518"/>
				<edge label="CJT" idref="s4_30"/>
			</nt>
			<nt id="s4_518" cat="np">
				<edge label="DN" idref="s4_28"/>
				<edge label="H" idref="s4_29"/>
			</nt>
		</nonterminals>
	</graph>
</s>

<s id="s5" ref="5" source="Running text" forest="1" text="Clique aqui para conhecer outras definições de cisão.">
	<graph root="s5_500">
		<terminals>
			<t id="s5_1" word="Clique" lemma="clique" pos="n" morph="M S" extra="* percep-l"/>
			<t id="s5_2" word="aqui" lemma="aqui" pos="adv" morph="--" extra="--"/>
			<t id="s5_3" word="para" lemma="para" pos="prp" morph="--" extra="--"/>
			<t id="s5_4" word="conhecer" lemma="conhecer" pos="v-inf" morph="--" extra="vH mv"/>
			<t id="s5_5" word="outras" lemma="outro" pos="pron-indef" morph="DET F P" extra="diff KOMP"/>
			<t id="s5_6" word="definições" lemma="definição" pos="n" morph="F P" sem="sem-c" extra="--"/>
			<t id="s5_7" word="de" lemma="de" pos="prp" morph="--" extra="np-close"/>
			<t id="s5_8" word="cisão" lemma="cisão" pos="n" morph="F S" sem="act" extra="--"/>
			<t id="s5_9" word="." lemma="--" pos="pu" morph="--" extra="--"/>
		</terminals>

		<nonterminals>
			<nt id="s5_500" cat="s">
				<edge label="X" idref="s5_501"/>
			</nt>
			<nt id="s5_501" cat="np">
				<edge label="H" idref="s5_1"/>
				<edge label="fA" idref="s5_2"/>
				<edge label="fA" idref="s5_502"/>
				<edge label="PU" idref="s5_9"/>
			</nt>
			<nt id="s5_502" cat="pp">
				<edge label="H" idref="s5_3"/>
				<edge label="DP" idref="s5_503"/>
			</nt>
			<nt id="s5_503" cat="icl">
				<edge label="P" idref="s5_4"/>
				<edge label="Od" idref="s5_504"/>
			</nt>
			<nt id="s5_504" cat="np">
				<edge label="DN" idref="s5_5"/>
				<edge label="H" idref="s5_6"/>
				<edge label="DN" idref="s5_505"/>
			</nt>
			<nt id="s5_505" cat="pp">
				<edge label="H" idref="s5_7"/>
				<edge label="DP" idref="s5_8"/>
			</nt>
		</nonterminals>
	</graph>
</s>

<s id="s6" ref="6" source="Running text" forest="1" text="Outros Significados que podem interessar:">
	<graph root="s6_500">
		<terminals>
			<t id="s6_1" word="Outros_Significados" lemma="Outros_Significados" pos="prop" morph="M/F S" extra="hum * heur"/>
			<t id="s6_2" word="que" lemma="que" pos="spec" morph="M S" extra="clb clb-fs rel"/>
			<t id="s6_3" word="podem" lemma="poder" pos="v-fin" morph="PR 3P IND VFIN" extra="aux np-close"/>
			<t id="s6_4" word="interessar" lemma="interessar" pos="v-inf" morph="--" extra="mv"/>
			<t id="s6_5" word=":" lemma="--" pos="pu" morph="--" extra="--"/>
		</terminals>

		<nonterminals>
			<nt id="s6_500" cat="s">
				<edge label="X" idref="s6_501"/>
			</nt>
			<nt id="s6_501" cat="np">
				<edge label="H" idref="s6_1"/>
				<edge label="DN" idref="s6_502"/>
				<edge label="PU" idref="s6_5"/>
			</nt>
			<nt id="s6_502" cat="fcl">
				<edge label="Od" idref="s6_2"/>
				<edge label="P" idref="s6_503"/>
			</nt>
			<nt id="s6_503" cat="vp">
				<edge label="Vaux" idref="s6_3"/>
				<edge label="Vm" idref="s6_4"/>
			</nt>
		</nonterminals>
	</graph>
</s>

<s id="s7" ref="7" source="Running text" forest="1" text="Significado de dissidência Significado de cisão Significado de cisma Significado de dia-senção Significado de discordancia Significado de divisão Significado de divergência Significado de atrito Significado de desacordo Significado de desarmonia Significado de desavença Significado de desconformidade Significado de descontentamento Significado de desinteligência.">
	<graph root="s7_500">
		<terminals>
			<t id="s7_1" word="Significado" lemma="significado" pos="n" morph="M S" extra="* sem-c"/>
			<t id="s7_2" word="de" lemma="de" pos="prp" morph="--" extra="np-close"/>
			<t id="s7_3" word="dissidência" lemma="dissidência" pos="n" morph="F S" sem="event am ac" extra="--"/>
			<t id="s7_4" word="Significado" lemma="Significado" pos="prop" morph="F S" extra="hum * np-close"/>
			<t id="s7_5" word="de" lemma="de" pos="prp" morph="--" extra="np-close"/>
			<t id="s7_6" word="cisão" lemma="cisão" pos="n" morph="F S" sem="act" extra="--"/>
			<t id="s7_7" word="Significado" lemma="Significado" pos="prop" morph="F S" extra="hum * np-close"/>
			<t id="s7_8" word="de" lemma="de" pos="prp" morph="--" extra="np-close"/>
			<t id="s7_9" word="cisma" lemma="cisma" pos="n" morph="F S" sem="sit sem-c am" extra="--"/>
			<t id="s7_10" word="Significado" lemma="Significado" pos="prop" morph="F S" extra="tit * np-close"/>
			<t id="s7_11" word="de" lemma="de" pos="prp" morph="--" extra="np-close"/>
			<t id="s7_12" word="dia-senção" lemma="dia-senção" pos="adj" morph="M S" extra="DERS jh"/>
			<t id="s7_13" word="Significado" lemma="significado" pos="n" morph="M S" sem="sem-c" extra="prop *"/>
			<t id="s7_14" word="de" lemma="de" pos="prp" morph="--" extra="np-close"/>
			<t id="s7_15" word="discordancia" lemma="discordancia" pos="n" morph="F S" extra="DERS"/>
			<t id="s7_16" word="Significado" lemma="Significado" pos="prop" morph="F S" extra="hum * np-close"/>
			<t id="s7_17" word="de" lemma="de" pos="prp" morph="--" extra="np-close"/>
			<t id="s7_18" word="divisão" lemma="divisão" pos="n" morph="F S" sem="act-d HH ac" extra="--"/>
			<t id="s7_19" word="Significado" lemma="Significado" pos="prop" morph="F S" extra="org * np-close"/>
			<t id="s7_20" word="de" lemma="de" pos="prp" morph="--" extra="np-close"/>
			<t id="s7_21" word="divergência" lemma="divergência" pos="n" morph="F S" sem="sit" extra="--"/>
			<t id="s7_22" word="Significado" lemma="Significado" pos="prop" morph="F S" extra="hum * np-close"/>
			<t id="s7_23" word="de" lemma="de" pos="prp" morph="--" extra="np-close"/>
			<t id="s7_24" word="atrito" lemma="atrito" pos="n" morph="M S" sem="process" extra="--"/>
			<t id="s7_25" word="Significado" lemma="Significado" pos="prop" morph="M S" extra="hum * np-close"/>
			<t id="s7_26" word="de" lemma="de" pos="prp" morph="--" extra="np-close"/>
			<t id="s7_27" word="desacordo" lemma="desacordo" pos="n" morph="M S" sem="sit fight state-h" extra="--"/>
			<t id="s7_28" word="Significado" lemma="Significado" pos="prop" morph="M S" extra="hum * np-close"/>
			<t id="s7_29" word="de" lemma="de" pos="prp" morph="--" extra="np-close"/>
			<t id="s7_30" word="desarmonia" lemma="desarmonia" pos="n" morph="F S" sem="am" extra="--"/>
			<t id="s7_31" word="Significado" lemma="Significado" pos="prop" morph="F S" extra="hum * np-close"/>
			<t id="s7_32" word="de" lemma="de" pos="prp" morph="--" extra="np-close"/>
			<t id="s7_33" word="desavença" lemma="desavença" pos="n" morph="F S" sem="am" extra="--"/>
			<t id="s7_34" word="Significado" lemma="Significado" pos="prop" morph="F S" extra="hum * np-close"/>
			<t id="s7_35" word="de" lemma="de" pos="prp" morph="--" extra="np-close"/>
			<t id="s7_36" word="desconformidade" lemma="desconformidade" pos="n" morph="F S" sem="am" extra="--"/>
			<t id="s7_37" word="Significado" lemma="Significado" pos="prop" morph="F S" extra="hum * np-close"/>
			<t id="s7_38" word="de" lemma="de" pos="prp" morph="--" extra="np-close"/>
			<t id="s7_39" word="descontentamento" lemma="descontentamento" pos="n" morph="M S" sem="am" extra="--"/>
			<t id="s7_40" word="Significado" lemma="Significado" pos="prop" morph="M S" extra="hum * np-close"/>
			<t id="s7_41" word="de" lemma="de" pos="prp" morph="--" extra="np-close"/>
			<t id="s7_42" word="desinteligência" lemma="desinteligência" pos="n" morph="F S" sem="am" extra="--"/>
			<t id="s7_43" word="." lemma="--" pos="pu" morph="--" extra="--"/>
		</terminals>

		<nonterminals>
			<nt id="s7_500" cat="s">
				<edge label="X" idref="s7_501"/>
			</nt>
			<nt id="s7_501" cat="np">
				<edge label="H" idref="s7_1"/>
				<edge label="DN" idref="s7_502"/>
				<edge label="DN" idref="s7_531"/>
				<edge label="DP" idref="s7_532"/>
				<edge label="DN" idref="s7_533"/>
				<edge label="DN" idref="s7_534"/>
				<edge label="DP" idref="s7_535"/>
				<edge label="DN" idref="s7_536"/>
				<edge label="DN" idref="s7_537"/>
				<edge label="DP" idref="s7_538"/>
				<edge label="DN" idref="s7_539"/>
				<edge label="DN" idref="s7_540"/>
				<edge label="DP" idref="s7_42"/>
				<edge label="PU" idref="s7_43"/>
			</nt>
			<nt id="s7_502" cat="pp">
				<edge label="H" idref="s7_2"/>
				<edge label="DP" idref="s7_503"/>
			</nt>
			<nt id="s7_503" cat="np">
				<edge label="H" idref="s7_3"/>
				<edge label="DN" idref="s7_504"/>
			</nt>
			<nt id="s7_504" cat="np">
				<edge label="H" idref="s7_4"/>
				<edge label="DN" idref="s7_505"/>
			</nt>
			<nt id="s7_505" cat="pp">
				<edge label="H" idref="s7_5"/>
				<edge label="DP" idref="s7_506"/>
			</nt>
			<nt id="s7_506" cat="np">
				<edge label="H" idref="s7_6"/>
				<edge label="DN" idref="s7_507"/>
			</nt>
			<nt id="s7_507" cat="np">
				<edge label="H" idref="s7_7"/>
				<edge label="DN" idref="s7_508"/>
			</nt>
			<nt id="s7_508" cat="pp">
				<edge label="H" idref="s7_8"/>
				<edge label="DP" idref="s7_509"/>
			</nt>
			<nt id="s7_509" cat="np">
				<edge label="H" idref="s7_9"/>
				<edge label="DN" idref="s7_510"/>
			</nt>
			<nt id="s7_510" cat="np">
				<edge label="H" idref="s7_10"/>
				<edge label="DN" idref="s7_511"/>
			</nt>
			<nt id="s7_511" cat="pp">
				<edge label="H" idref="s7_11"/>
				<edge label="DP" idref="s7_512"/>
			</nt>
			<nt id="s7_512" cat="np">
				<edge label="DN" idref="s7_12"/>
				<edge label="H" idref="s7_13"/>
				<edge label="DN" idref="s7_513"/>
			</nt>
			<nt id="s7_513" cat="pp">
				<edge label="H" idref="s7_14"/>
				<edge label="DP" idref="s7_514"/>
			</nt>
			<nt id="s7_514" cat="np">
				<edge label="H" idref="s7_15"/>
				<edge label="DN" idref="s7_515"/>
			</nt>
			<nt id="s7_515" cat="np">
				<edge label="H" idref="s7_16"/>
				<edge label="DN" idref="s7_516"/>
			</nt>
			<nt id="s7_516" cat="pp">
				<edge label="H" idref="s7_17"/>
				<edge label="DP" idref="s7_517"/>
			</nt>
			<nt id="s7_517" cat="np">
				<edge label="H" idref="s7_18"/>
				<edge label="DN" idref="s7_518"/>
			</nt>
			<nt id="s7_518" cat="np">
				<edge label="H" idref="s7_19"/>
				<edge label="DN" idref="s7_519"/>
			</nt>
			<nt id="s7_519" cat="pp">
				<edge label="H" idref="s7_20"/>
				<edge label="DP" idref="s7_520"/>
			</nt>
			<nt id="s7_520" cat="np">
				<edge label="H" idref="s7_21"/>
				<edge label="DN" idref="s7_521"/>
			</nt>
			<nt id="s7_521" cat="np">
				<edge label="H" idref="s7_22"/>
				<edge label="DN" idref="s7_522"/>
			</nt>
			<nt id="s7_522" cat="pp">
				<edge label="H" idref="s7_23"/>
				<edge label="DP" idref="s7_523"/>
			</nt>
			<nt id="s7_523" cat="np">
				<edge label="H" idref="s7_24"/>
				<edge label="DN" idref="s7_524"/>
			</nt>
			<nt id="s7_524" cat="np">
				<edge label="H" idref="s7_25"/>
				<edge label="DN" idref="s7_525"/>
			</nt>
			<nt id="s7_525" cat="pp">
				<edge label="H" idref="s7_26"/>
				<edge label="DP" idref="s7_526"/>
			</nt>
			<nt id="s7_526" cat="np">
				<edge label="H" idref="s7_27"/>
				<edge label="DN" idref="s7_527"/>
			</nt>
			<nt id="s7_527" cat="np">
				<edge label="H" idref="s7_28"/>
				<edge label="DN" idref="s7_528"/>
			</nt>
			<nt id="s7_528" cat="pp">
				<edge label="H" idref="s7_29"/>
				<edge label="DP" idref="s7_529"/>
			</nt>
			<nt id="s7_529" cat="np">
				<edge label="H" idref="s7_30"/>
				<edge label="DN" idref="s7_530"/>
			</nt>
			<nt id="s7_530" cat="np">
				<edge label="H" idref="s7_31"/>
			</nt>
			<nt id="s7_531" cat="pp">
				<edge label="H" idref="s7_32"/>
			</nt>
			<nt id="s7_532" cat="np">
				<edge label="H" idref="s7_33"/>
			</nt>
			<nt id="s7_533" cat="np">
				<edge label="H" idref="s7_34"/>
			</nt>
			<nt id="s7_534" cat="pp">
				<edge label="H" idref="s7_35"/>
			</nt>
			<nt id="s7_535" cat="np">
				<edge label="H" idref="s7_36"/>
			</nt>
			<nt id="s7_536" cat="np">
				<edge label="H" idref="s7_37"/>
			</nt>
			<nt id="s7_537" cat="pp">
				<edge label="H" idref="s7_38"/>
			</nt>
			<nt id="s7_538" cat="np">
				<edge label="H" idref="s7_39"/>
			</nt>
			<nt id="s7_539" cat="np">
				<edge label="H" idref="s7_40"/>
			</nt>
			<nt id="s7_540" cat="pp">
				<edge label="H" idref="s7_41"/>
			</nt>
		</nonterminals>
	</graph>
</s>

	</body>
</corpus>
