<?xml version="1.0" encoding="UTF-8"?>
<corpus>

	<body>
<s id="s1" ref="1" source="Running text" forest="1" text="Hematoquezia 2 sobe, 0 desce Por Alexandre Werner Breder(MG) em 05-10-2012 Tweet Significado de Hematoquezia:">
	<graph root="s1_500">
		<terminals>
			<t id="s1_1" word="Hematoquezia" lemma="Hematoquezia" pos="prop" morph="M/F S" extra="hum * heur"/>
			<t id="s1_2" word="2" lemma="2" pos="num" morph="M/F P" extra="card np-close"/>
			<t id="s1_3" word="sobe" lemma="subir" pos="v-fin" morph="PR 3S IND VFIN" extra="cjt-head cjt-head-STA fmc mv"/>
			<t id="s1_4" word="," lemma="--" pos="pu" morph="--" extra="--"/>
			<t id="s1_5" word="0" lemma="xx" pos="num" morph="M/F P" extra="card"/>
			<t id="s1_6" word="desce" lemma="descer" pos="v-fin" morph="PR 3S IND VFIN" extra="cjt-STA fmc mv"/>
			<t id="s1_7" word="Por_Alexandre_Werner_Breder" lemma="Por_Alexandre_Werner_Breder" pos="prop" morph="M S" extra="hum * heur"/>
			<t id="s1_8" word="(" lemma="--" pos="pu" morph="--" extra="--"/>
			<t id="s1_9" word="MG" lemma="mG" pos="n" morph="M S" extra="* np-close"/>
			<t id="s1_10" word=")" lemma="--" pos="pu" morph="--" extra="--"/>
			<t id="s1_11" word="em" lemma="em" pos="prp" morph="--" extra="--"/>
			<t id="s1_12" word="05-10-2012" lemma="05-10-2012" pos="num" morph="M/F S" extra="card"/>
			<t id="s1_13" word="Tweet_Significado_de_Hematoquezia" lemma="Tweet_Significado_de_Hematoquezia" pos="prop" morph="M/F S/P" extra="hum * heur"/>
			<t id="s1_14" word=":" lemma="--" pos="pu" morph="--" extra="--"/>
		</terminals>

		<nonterminals>
			<nt id="s1_500" cat="s">
				<edge label="STA" idref="s1_501"/>
			</nt>
			<nt id="s1_501" cat="par">
				<edge label="CJT" idref="s1_502"/>
				<edge label="PU" idref="s1_4"/>
				<edge label="CJT" idref="s1_504"/>
				<edge label="PU" idref="s1_14"/>
			</nt>
			<nt id="s1_502" cat="fcl">
				<edge label="S" idref="s1_503"/>
				<edge label="P" idref="s1_3"/>
			</nt>
			<nt id="s1_503" cat="np">
				<edge label="H" idref="s1_1"/>
				<edge label="DN" idref="s1_2"/>
			</nt>
			<nt id="s1_504" cat="fcl">
				<edge label="Od" idref="s1_5"/>
				<edge label="P" idref="s1_6"/>
				<edge label="S" idref="s1_505"/>
				<edge label="fA" idref="s1_506"/>
				<edge label="Od" idref="s1_13"/>
			</nt>
			<nt id="s1_505" cat="np">
				<edge label="H" idref="s1_7"/>
				<edge label="PU" idref="s1_8"/>
				<edge label="DNc" idref="s1_9"/>
				<edge label="PU" idref="s1_10"/>
			</nt>
			<nt id="s1_506" cat="pp">
				<edge label="H" idref="s1_11"/>
				<edge label="DP" idref="s1_12"/>
			</nt>
		</nonterminals>
	</graph>
</s>

<s id="s2" ref="2" source="Running text" forest="1" text="Hematoquesia é o termo utilizado para designar a presença de sangue com cor vermelha viva misturado com as fezes.">
	<graph root="s2_500">
		<terminals>
			<t id="s2_1" word="Hematoquesia" lemma="Hematoquesia" pos="prop" morph="M S" extra="hum * heur"/>
			<t id="s2_2" word="é" lemma="ser" pos="v-fin" morph="PR 3S IND VFIN" extra="vK fmc mv"/>
			<t id="s2_3" word="o" lemma="o" pos="art" morph="M S" extra="--"/>
			<t id="s2_4" word="termo" lemma="termo" pos="n" morph="M S" sem="ac-cat Labs temp act-s con" extra="--"/>
			<t id="s2_5" word="utilizado" lemma="utilizar" pos="v-pcp" morph="M S" extra="vH np-close"/>
			<t id="s2_6" word="para" lemma="para" pos="prp" morph="--" extra="--"/>
			<t id="s2_7" word="designar" lemma="designar" pos="v-inf" morph="--" extra="mv"/>
			<t id="s2_8" word="a" lemma="o" pos="art" morph="F S" extra="--"/>
			<t id="s2_9" word="presença" lemma="presença" pos="n" morph="F S" sem="state per" extra="--"/>
			<t id="s2_10" word="de" lemma="de" pos="prp" morph="--" extra="np-close"/>
			<t id="s2_11" word="sangue" lemma="sangue" pos="n" morph="M S" sem="cm-liq" extra="--"/>
			<t id="s2_12" word="com" lemma="com" pos="prp" morph="--" extra="np-close"/>
			<t id="s2_13" word="cor" lemma="cor" pos="n" morph="F S" sem="f-c" extra="--"/>
			<t id="s2_14" word="vermelha" lemma="vermelho" pos="adj" morph="F S" sem="col" extra="np-close"/>
			<t id="s2_15" word="viva" lemma="vivo" pos="adj" morph="F S" extra="np-long"/>
			<t id="s2_16" word="misturado" lemma="misturar" pos="v-pcp" morph="M S" extra="vH np-close"/>
			<t id="s2_17" word="com" lemma="com" pos="prp" morph="--" extra="--"/>
			<t id="s2_18" word="as" lemma="o" pos="art" morph="F P" extra="--"/>
			<t id="s2_19" word="fezes" lemma="fez" pos="n" morph="M P" sem="cloH-hat" extra="--"/>
			<t id="s2_20" word="." lemma="--" pos="pu" morph="--" extra="--"/>
		</terminals>

		<nonterminals>
			<nt id="s2_500" cat="s">
				<edge label="STA" idref="s2_501"/>
			</nt>
			<nt id="s2_501" cat="fcl">
				<edge label="S" idref="s2_1"/>
				<edge label="P" idref="s2_2"/>
				<edge label="Cs" idref="s2_502"/>
				<edge label="fA" idref="s2_503"/>
				<edge label="PU" idref="s2_20"/>
			</nt>
			<nt id="s2_502" cat="np">
				<edge label="DN" idref="s2_3"/>
				<edge label="H" idref="s2_4"/>
				<edge label="DN" idref="s2_5"/>
			</nt>
			<nt id="s2_503" cat="pp">
				<edge label="H" idref="s2_6"/>
				<edge label="DP" idref="s2_504"/>
			</nt>
			<nt id="s2_504" cat="icl">
				<edge label="P" idref="s2_7"/>
				<edge label="Od" idref="s2_505"/>
				<edge label="fA" idref="s2_510"/>
			</nt>
			<nt id="s2_505" cat="np">
				<edge label="DN" idref="s2_8"/>
				<edge label="H" idref="s2_9"/>
				<edge label="DN" idref="s2_506"/>
			</nt>
			<nt id="s2_506" cat="pp">
				<edge label="H" idref="s2_10"/>
				<edge label="DP" idref="s2_507"/>
			</nt>
			<nt id="s2_507" cat="np">
				<edge label="H" idref="s2_11"/>
				<edge label="DN" idref="s2_508"/>
			</nt>
			<nt id="s2_508" cat="pp">
				<edge label="H" idref="s2_12"/>
				<edge label="DP" idref="s2_509"/>
			</nt>
			<nt id="s2_509" cat="np">
				<edge label="H" idref="s2_13"/>
				<edge label="DN" idref="s2_14"/>
				<edge label="DN" idref="s2_15"/>
				<edge label="DNc" idref="s2_16"/>
			</nt>
			<nt id="s2_510" cat="pp">
				<edge label="H" idref="s2_17"/>
				<edge label="DP" idref="s2_511"/>
			</nt>
			<nt id="s2_511" cat="np">
				<edge label="DN" idref="s2_18"/>
				<edge label="H" idref="s2_19"/>
			</nt>
		</nonterminals>
	</graph>
</s>

<s id="s3" ref="3" source="Running text" forest="1" text="Distingue- se de melena, em que as fezes apresentam sangue que foi alterado por a flora intestinal tendo por isso uma aparência negra.">
	<graph root="s3_500">
		<terminals>
			<t id="s3_1" word="Distingue-" lemma="distinguir" pos="v-fin" morph="PR 3S IND VFIN" extra="* hyfen vH fmc mv v-pron"/>
			<t id="s3_2" word="se" lemma="se" pos="pron-pers" morph="M/F 3S ACC" extra="refl pass"/>
			<t id="s3_3" word="de" lemma="de" pos="prp" morph="--" extra="--"/>
			<t id="s3_4" word="melena" lemma="melena" pos="n" morph="F S" sem="cm" extra="--"/>
			<t id="s3_5" word="," lemma="--" pos="pu" morph="--" extra="--"/>
			<t id="s3_6" word="em" lemma="em" pos="prp" morph="--" extra="clb"/>
			<t id="s3_7" word="que" lemma="que" pos="spec" morph="M S" extra="clb-fs rel"/>
			<t id="s3_8" word="as" lemma="o" pos="art" morph="F P" extra="--"/>
			<t id="s3_9" word="fezes" lemma="fez" pos="n" morph="M P" sem="cloH-hat" extra="--"/>
			<t id="s3_10" word="apresentam" lemma="apresentar" pos="v-fin" morph="PR 3P IND VFIN" extra="vH mv np-close"/>
			<t id="s3_11" word="sangue" lemma="sangue" pos="n" morph="M S" sem="cm-liq" extra="--"/>
			<t id="s3_12" word="que" lemma="que" pos="spec" morph="M S" extra="clb clb-fs rel"/>
			<t id="s3_13" word="foi" lemma="ser" pos="v-fin" morph="PS 3S IND VFIN" extra="aux np-close"/>
			<t id="s3_14" word="alterado" lemma="alterar" pos="v-pcp" morph="M S" extra="mv"/>
			<t id="s3_15" word="por" lemma="por" pos="prp" morph="--" extra="sam-"/>
			<t id="s3_16" word="a" lemma="o" pos="art" morph="F S" extra="-sam "/>
			<t id="s3_17" word="flora" lemma="flora" pos="n" morph="F S" sem="BB" extra="--"/>
			<t id="s3_18" word="intestinal" lemma="intestinal" pos="adj" morph="F S" extra="nh np-close"/>
			<t id="s3_19" word="tendo" lemma="ter" pos="v-ger" morph="--" extra="clb mv"/>
			<t id="s3_20" word="por" lemma="por" pos="prp" morph="--" extra="--"/>
			<t id="s3_21" word="isso" lemma="isso" pos="spec" morph="M S" extra="dem"/>
			<t id="s3_22" word="uma" lemma="um" pos="art" morph="F S" extra="--"/>
			<t id="s3_23" word="aparência" lemma="aparência" pos="n" morph="F S" sem="percep-f" extra="--"/>
			<t id="s3_24" word="negra" lemma="negro" pos="adj" morph="F S" sem="col" extra="np-close"/>
			<t id="s3_25" word="." lemma="--" pos="pu" morph="--" extra="--"/>
		</terminals>

		<nonterminals>
			<nt id="s3_500" cat="s">
				<edge label="STA" idref="s3_501"/>
			</nt>
			<nt id="s3_501" cat="fcl">
				<edge label="P" idref="s3_1"/>
				<edge label="Od" idref="s3_2"/>
				<edge label="Op" idref="s3_502"/>
				<edge label="PU" idref="s3_25"/>
			</nt>
			<nt id="s3_502" cat="pp">
				<edge label="H" idref="s3_3"/>
				<edge label="DP" idref="s3_503"/>
			</nt>
			<nt id="s3_503" cat="np">
				<edge label="H" idref="s3_4"/>
				<edge label="PU" idref="s3_5"/>
				<edge label="DN" idref="s3_504"/>
			</nt>
			<nt id="s3_504" cat="fcl">
				<edge label="fA" idref="s3_505"/>
				<edge label="S" idref="s3_506"/>
				<edge label="P" idref="s3_10"/>
				<edge label="Od" idref="s3_507"/>
			</nt>
			<nt id="s3_505" cat="pp">
				<edge label="H" idref="s3_6"/>
				<edge label="DP" idref="s3_7"/>
			</nt>
			<nt id="s3_506" cat="np">
				<edge label="DN" idref="s3_8"/>
				<edge label="H" idref="s3_9"/>
			</nt>
			<nt id="s3_507" cat="np">
				<edge label="H" idref="s3_11"/>
				<edge label="DN" idref="s3_508"/>
			</nt>
			<nt id="s3_508" cat="fcl">
				<edge label="S" idref="s3_12"/>
				<edge label="P" idref="s3_509"/>
				<edge label="fApass" idref="s3_510"/>
				<edge label="fA" idref="s3_512"/>
			</nt>
			<nt id="s3_509" cat="vp">
				<edge label="Vaux" idref="s3_13"/>
				<edge label="Vm" idref="s3_14"/>
			</nt>
			<nt id="s3_510" cat="pp">
				<edge label="H" idref="s3_15"/>
				<edge label="DP" idref="s3_511"/>
			</nt>
			<nt id="s3_511" cat="np">
				<edge label="DN" idref="s3_16"/>
				<edge label="H" idref="s3_17"/>
				<edge label="DN" idref="s3_18"/>
			</nt>
			<nt id="s3_512" cat="advp">
				<edge label="P" idref="s3_19"/>
				<edge label="fA" idref="s3_513"/>
				<edge label="Od" idref="s3_514"/>
			</nt>
			<nt id="s3_513" cat="pp">
				<edge label="H" idref="s3_20"/>
				<edge label="DP" idref="s3_21"/>
			</nt>
			<nt id="s3_514" cat="np">
				<edge label="DN" idref="s3_22"/>
				<edge label="H" idref="s3_23"/>
				<edge label="DN" idref="s3_24"/>
			</nt>
		</nonterminals>
	</graph>
</s>

<s id="s4" ref="4" source="Running text" forest="1" text="A hematoquezia está geralmente associada a uma hemorragia baixa(tipicamente refere- se a uma hemorragia após o ângulo de Treitz ou ângulo duodenojejunal) no aparelho digestivo, e as suas causas mais comuns são hemorróidas e diverticulose.">
	<graph root="s4_500">
		<terminals>
			<t id="s4_1" word="A" lemma="o" pos="art" morph="F S" extra="* "/>
			<t id="s4_2" word="hematoquezia" lemma="hematoquezia" pos="n" morph="F S" extra="DERP DERS DERS DERS"/>
			<t id="s4_3" word="está" lemma="estar" pos="v-fin" morph="PR 3S IND VFIN" extra="nosubj cjt-head cjt-head-STA vK fmc mv"/>
			<t id="s4_4" word="geralmente" lemma="geralmente" pos="adv" morph="--" extra="--"/>
			<t id="s4_5" word="associada" lemma="associar" pos="v-pcp" morph="F S" extra="vH mv"/>
			<t id="s4_6" word="a" lemma="a" pos="prp" morph="--" extra="--"/>
			<t id="s4_7" word="uma" lemma="um" pos="art" morph="F S" extra="--"/>
			<t id="s4_8" word="hemorragia" lemma="hemorragia" pos="n" morph="F S" sem="sick" extra="--"/>
			<t id="s4_9" word="baixa" lemma="baixo" pos="adj" morph="F S" extra="np-close"/>
			<t id="s4_10" word="(" lemma="--" pos="pu" morph="--" extra="--"/>
			<t id="s4_11" word="tipicamente" lemma="típico" pos="adv" morph="--" extra="--"/>
			<t id="s4_12" word="refere-" lemma="referir" pos="v-fin" morph="PR 3S IND VFIN" extra="nosubj cjt-STA hyfen vH fmc mv v-pron"/>
			<t id="s4_13" word="se" lemma="se" pos="pron-pers" morph="F 3S ACC" extra="refl"/>
			<t id="s4_14" word="a" lemma="a" pos="prp" morph="--" extra="--"/>
			<t id="s4_15" word="uma" lemma="um" pos="art" morph="F S" extra="--"/>
			<t id="s4_16" word="hemorragia" lemma="hemorragia" pos="n" morph="F S" sem="sick" extra="--"/>
			<t id="s4_17" word="após" lemma="após" pos="prp" morph="--" extra="np-close"/>
			<t id="s4_18" word="o" lemma="o" pos="art" morph="M S" extra="--"/>
			<t id="s4_19" word="ângulo" lemma="�=ngulo" pos="n" morph="M S" sem="geom" extra="--"/>
			<t id="s4_20" word="de" lemma="de" pos="prp" morph="--" extra="np-close"/>
			<t id="s4_21" word="Treitz" lemma="Treitz" pos="prop" morph="M/F S" extra="cjt-head cjt-head-DP hum * heur"/>
			<t id="s4_22" word="ou" lemma="ou" pos="conj-c" morph="--" extra="--"/>
			<t id="s4_23" word="ângulo" lemma="�=ngulo" pos="n" morph="M S" sem="geom" extra="cjt-DP"/>
			<t id="s4_24" word="duodenojejunal" lemma="duodenojejunal" pos="adj" morph="M S" extra="np-close"/>
			<t id="s4_25" word=")" lemma="--" pos="pu" morph="--" extra="--"/>
			<t id="s4_26" word="em" lemma="em" pos="prp" morph="--" extra="sam- np-long"/>
			<t id="s4_27" word="o" lemma="o" pos="art" morph="M S" extra="-sam "/>
			<t id="s4_28" word="aparelho" lemma="aparelho" pos="n" morph="M S" sem="tool" extra="--"/>
			<t id="s4_29" word="digestivo" lemma="digestivo" pos="adj" morph="M S" extra="nh np-close"/>
			<t id="s4_30" word="," lemma="--" pos="pu" morph="--" extra="--"/>
			<t id="s4_31" word="e" lemma="e" pos="conj-c" morph="--" extra="clb"/>
			<t id="s4_32" word="as" lemma="o" pos="art" morph="F P" extra="--"/>
			<t id="s4_33" word="suas" lemma="seu" pos="pron-poss" morph="DET F P" extra="poss 3S"/>
			<t id="s4_34" word="causas" lemma="causa" pos="n" morph="F P" sem="ac" extra="--"/>
			<t id="s4_35" word="mais" lemma="mais" pos="adv" morph="--" extra="quant KOMP"/>
			<t id="s4_36" word="comuns" lemma="comum" pos="adj" morph="M/F P" extra="np-close"/>
			<t id="s4_37" word="são" lemma="ser" pos="v-fin" morph="PR 3P IND VFIN" extra="cjt-STA vK fmc mv"/>
			<t id="s4_38" word="hemorróidas" lemma="hemorróida" pos="n" morph="F P" sem="sick-c" extra="cjt-head cjt-head-Cs"/>
			<t id="s4_39" word="e" lemma="e" pos="conj-c" morph="--" extra="--"/>
			<t id="s4_40" word="diverticulose" lemma="diverticulose" pos="n" morph="M S" extra="cjt-Cs heur"/>
			<t id="s4_41" word="." lemma="--" pos="pu" morph="--" extra="--"/>
		</terminals>

		<nonterminals>
			<nt id="s4_500" cat="s">
				<edge label="STA" idref="s4_501"/>
			</nt>
			<nt id="s4_501" cat="par">
				<edge label="CJT" idref="s4_502"/>
				<edge label="CJT" idref="s4_507"/>
				<edge label="PU" idref="s4_30"/>
				<edge label="CO" idref="s4_31"/>
				<edge label="CJT" idref="s4_517"/>
				<edge label="PU" idref="s4_41"/>
			</nt>
			<nt id="s4_502" cat="fcl">
				<edge label="S" idref="s4_503"/>
				<edge label="P" idref="s4_3"/>
				<edge label="fA" idref="s4_4"/>
				<edge label="Cs" idref="s4_504"/>
			</nt>
			<nt id="s4_503" cat="np">
				<edge label="DN" idref="s4_1"/>
				<edge label="H" idref="s4_2"/>
			</nt>
			<nt id="s4_504" cat="icl">
				<edge label="P" idref="s4_5"/>
				<edge label="Op" idref="s4_505"/>
				<edge label="PU" idref="s4_10"/>
				<edge label="fA" idref="s4_11"/>
			</nt>
			<nt id="s4_505" cat="pp">
				<edge label="H" idref="s4_6"/>
				<edge label="DP" idref="s4_506"/>
			</nt>
			<nt id="s4_506" cat="np">
				<edge label="DN" idref="s4_7"/>
				<edge label="H" idref="s4_8"/>
				<edge label="DN" idref="s4_9"/>
			</nt>
			<nt id="s4_507" cat="np">
				<edge label="P" idref="s4_12"/>
				<edge label="Od" idref="s4_13"/>
				<edge label="Op" idref="s4_508"/>
				<edge label="DN" idref="s4_510"/>
			</nt>
			<nt id="s4_508" cat="pp">
				<edge label="H" idref="s4_14"/>
				<edge label="DP" idref="s4_509"/>
			</nt>
			<nt id="s4_509" cat="np">
				<edge label="DN" idref="s4_15"/>
				<edge label="H" idref="s4_16"/>
			</nt>
			<nt id="s4_510" cat="pp">
				<edge label="H" idref="s4_17"/>
				<edge label="DP" idref="s4_511"/>
				<edge label="H" idref="s4_19"/>
				<edge label="PU" idref="s4_25"/>
			</nt>
			<nt id="s4_511" cat="np">
				<edge label="DN" idref="s4_18"/>
				<edge label="DN" idref="s4_512"/>
			</nt>
			<nt id="s4_512" cat="pp">
				<edge label="H" idref="s4_20"/>
				<edge label="DP" idref="s4_513"/>
				<edge label="CJT" idref="s4_514"/>
			</nt>
			<nt id="s4_513" cat="par">
				<edge label="CJT" idref="s4_21"/>
				<edge label="CO" idref="s4_22"/>
			</nt>
			<nt id="s4_514" cat="np">
			</nt>
			<nt id="s4_515" cat="pp">
				<edge label="H" idref="s4_26"/>
				<edge label="DP" idref="s4_516"/>
			</nt>
			<nt id="s4_516" cat="np">
				<edge label="DN" idref="s4_27"/>
				<edge label="H" idref="s4_28"/>
				<edge label="DN" idref="s4_29"/>
			</nt>
			<nt id="s4_517" cat="fcl">
				<edge label="S" idref="s4_518"/>
				<edge label="P" idref="s4_37"/>
				<edge label="Cs" idref="s4_520"/>
			</nt>
			<nt id="s4_518" cat="np">
				<edge label="DN" idref="s4_32"/>
				<edge label="DN" idref="s4_33"/>
				<edge label="H" idref="s4_34"/>
				<edge label="DN" idref="s4_519"/>
			</nt>
			<nt id="s4_519" cat="adjp">
				<edge label="DA" idref="s4_35"/>
				<edge label="H" idref="s4_36"/>
			</nt>
			<nt id="s4_520" cat="par">
				<edge label="CJT" idref="s4_38"/>
				<edge label="CO" idref="s4_39"/>
				<edge label="CJT" idref="s4_40"/>
			</nt>
		</nonterminals>
	</graph>
</s>

<s id="s5" ref="5" source="Running text" forest="1" text="Exemplo do uso da palavra Hematoquezia:">
	<graph root="s5_500">
		<terminals>
			<t id="s5_1" word="Exemplo" lemma="exemplo" pos="n" morph="M S" extra="* ac"/>
			<t id="s5_2" word="de" lemma="de" pos="prp" morph="--" extra="sam- np-close"/>
			<t id="s5_3" word="o" lemma="o" pos="art" morph="M S" extra="-sam "/>
			<t id="s5_4" word="uso" lemma="uso" pos="n" morph="M S" sem="act ac" extra="--"/>
			<t id="s5_5" word="de" lemma="de" pos="prp" morph="--" extra="sam- np-long"/>
			<t id="s5_6" word="a" lemma="o" pos="art" morph="F S" extra="-sam "/>
			<t id="s5_7" word="palavra" lemma="palavra" pos="n" morph="F S" sem="ac-cat act-s" extra="--"/>
			<t id="s5_8" word="Hematoquezia" lemma="Hematoquezia" pos="prop" morph="F S" extra="org * heur np-close"/>
			<t id="s5_9" word=":" lemma="--" pos="pu" morph="--" extra="--"/>
		</terminals>

		<nonterminals>
			<nt id="s5_500" cat="s">
				<edge label="X" idref="s5_501"/>
			</nt>
			<nt id="s5_501" cat="np">
				<edge label="H" idref="s5_1"/>
				<edge label="DN" idref="s5_502"/>
				<edge label="DN" idref="s5_504"/>
				<edge label="PU" idref="s5_9"/>
			</nt>
			<nt id="s5_502" cat="pp">
				<edge label="H" idref="s5_2"/>
				<edge label="DP" idref="s5_503"/>
			</nt>
			<nt id="s5_503" cat="np">
				<edge label="DN" idref="s5_3"/>
				<edge label="H" idref="s5_4"/>
			</nt>
			<nt id="s5_504" cat="pp">
				<edge label="H" idref="s5_5"/>
				<edge label="DP" idref="s5_505"/>
			</nt>
			<nt id="s5_505" cat="np">
				<edge label="DN" idref="s5_6"/>
				<edge label="H" idref="s5_7"/>
				<edge label="DN" idref="s5_8"/>
			</nt>
		</nonterminals>
	</graph>
</s>

<s id="s6" ref="6" source="Running text" forest="1" text="O animal com diarréia de origem no intestino grosso pode apresentar Hematoquesia(sangue vermelho nas fezes).">
	<graph root="s6_500">
		<terminals>
			<t id="s6_1" word="O" lemma="o" pos="art" morph="M S" extra="* "/>
			<t id="s6_2" word="animal" lemma="animal" pos="n" morph="M S" sem="Azo" extra="--"/>
			<t id="s6_3" word="com" lemma="com" pos="prp" morph="--" extra="np-close"/>
			<t id="s6_4" word="diarréia" lemma="diarréia" pos="n" morph="F S" sem="sick" extra="--"/>
			<t id="s6_5" word="de" lemma="de" pos="prp" morph="--" extra="np-close"/>
			<t id="s6_6" word="origem" lemma="origem" pos="n" morph="F S" sem="Labs f-h" extra="--"/>
			<t id="s6_7" word="em" lemma="em" pos="prp" morph="--" extra="sam- np-close"/>
			<t id="s6_8" word="o" lemma="o" pos="art" morph="M S" extra="-sam "/>
			<t id="s6_9" word="intestino_grosso" lemma="intestino_grosso" pos="n" morph="M S" sem="anorg" extra="--"/>
			<t id="s6_10" word="pode" lemma="poder" pos="v-fin" morph="PR 3S IND VFIN" extra="fmc aux"/>
			<t id="s6_11" word="apresentar" lemma="apresentar" pos="v-inf" morph="--" extra="vH mv"/>
			<t id="s6_12" word="Hematoquesia" lemma="Hematoquesia" pos="prop" morph="M/F S" extra="hum * heur"/>
			<t id="s6_13" word="(" lemma="--" pos="pu" morph="--" extra="--"/>
			<t id="s6_14" word="sangue" lemma="sangue" pos="n" morph="M S" sem="cm-liq" extra="np-close"/>
			<t id="s6_15" word="vermelho" lemma="vermelho" pos="adj" morph="M S" sem="col" extra="np-close"/>
			<t id="s6_16" word="em" lemma="em" pos="prp" morph="--" extra="sam- np-long"/>
			<t id="s6_17" word="as" lemma="o" pos="art" morph="F P" extra="-sam "/>
			<t id="s6_18" word="fezes" lemma="fez" pos="n" morph="M P" sem="cloH-hat" extra="--"/>
			<t id="s6_19" word=")" lemma="--" pos="pu" morph="--" extra="--"/>
			<t id="s6_20" word="." lemma="--" pos="pu" morph="--" extra="--"/>
		</terminals>

		<nonterminals>
			<nt id="s6_500" cat="s">
				<edge label="STA" idref="s6_501"/>
			</nt>
			<nt id="s6_501" cat="fcl">
				<edge label="S" idref="s6_502"/>
				<edge label="P" idref="s6_509"/>
				<edge label="Od" idref="s6_510"/>
				<edge label="PU" idref="s6_20"/>
			</nt>
			<nt id="s6_502" cat="np">
				<edge label="DN" idref="s6_1"/>
				<edge label="H" idref="s6_2"/>
				<edge label="DN" idref="s6_503"/>
			</nt>
			<nt id="s6_503" cat="pp">
				<edge label="H" idref="s6_3"/>
				<edge label="DP" idref="s6_504"/>
			</nt>
			<nt id="s6_504" cat="np">
				<edge label="H" idref="s6_4"/>
				<edge label="DN" idref="s6_505"/>
			</nt>
			<nt id="s6_505" cat="pp">
				<edge label="H" idref="s6_5"/>
				<edge label="DP" idref="s6_506"/>
			</nt>
			<nt id="s6_506" cat="np">
				<edge label="H" idref="s6_6"/>
				<edge label="DN" idref="s6_507"/>
			</nt>
			<nt id="s6_507" cat="pp">
				<edge label="H" idref="s6_7"/>
				<edge label="DP" idref="s6_508"/>
			</nt>
			<nt id="s6_508" cat="np">
				<edge label="DN" idref="s6_8"/>
				<edge label="H" idref="s6_9"/>
			</nt>
			<nt id="s6_509" cat="vp">
				<edge label="Vaux" idref="s6_10"/>
				<edge label="Vm" idref="s6_11"/>
			</nt>
			<nt id="s6_510" cat="np">
				<edge label="H" idref="s6_12"/>
				<edge label="PU" idref="s6_13"/>
				<edge label="DNc" idref="s6_511"/>
				<edge label="PU" idref="s6_19"/>
			</nt>
			<nt id="s6_511" cat="np">
				<edge label="H" idref="s6_14"/>
				<edge label="DN" idref="s6_15"/>
				<edge label="DN" idref="s6_512"/>
			</nt>
			<nt id="s6_512" cat="pp">
				<edge label="H" idref="s6_16"/>
				<edge label="DP" idref="s6_513"/>
			</nt>
			<nt id="s6_513" cat="np">
				<edge label="DN" idref="s6_17"/>
				<edge label="H" idref="s6_18"/>
			</nt>
		</nonterminals>
	</graph>
</s>

<s id="s7" ref="7" source="Running text" forest="1" text="A diarréia de origem no intestino delgado pode apresentar melena(sangue negro ou digerido nas fezes).">
	<graph root="s7_500">
		<terminals>
			<t id="s7_1" word="A" lemma="o" pos="art" morph="F S" extra="* "/>
			<t id="s7_2" word="diarréia" lemma="diarréia" pos="n" morph="F S" sem="sick" extra="--"/>
			<t id="s7_3" word="de" lemma="de" pos="prp" morph="--" extra="np-close"/>
			<t id="s7_4" word="origem" lemma="origem" pos="n" morph="F S" sem="Labs f-h" extra="--"/>
			<t id="s7_5" word="em" lemma="em" pos="prp" morph="--" extra="sam- np-close"/>
			<t id="s7_6" word="o" lemma="o" pos="art" morph="M S" extra="-sam "/>
			<t id="s7_7" word="intestino_delgado" lemma="intestino_delgado" pos="n" morph="M S" sem="anorg" extra="--"/>
			<t id="s7_8" word="pode" lemma="poder" pos="v-fin" morph="PR 3S IND VFIN" extra="fmc aux"/>
			<t id="s7_9" word="apresentar" lemma="apresentar" pos="v-inf" morph="--" extra="vH mv"/>
			<t id="s7_10" word="melena" lemma="melena" pos="n" morph="F S" sem="cm" extra="--"/>
			<t id="s7_11" word="(" lemma="--" pos="pu" morph="--" extra="--"/>
			<t id="s7_12" word="sangue" lemma="sangue" pos="n" morph="M S" sem="cm-liq" extra="np-close"/>
			<t id="s7_13" word="negro" lemma="negro" pos="adj" morph="M S" sem="col" extra="np-close"/>
			<t id="s7_14" word="ou" lemma="ou" pos="conj-c" morph="--" extra="--"/>
			<t id="s7_15" word="digerido" lemma="digerir" pos="v-pcp" morph="M S" extra="vH mv np-close"/>
			<t id="s7_16" word="em" lemma="em" pos="prp" morph="--" extra="sam-"/>
			<t id="s7_17" word="as" lemma="o" pos="art" morph="F P" extra="-sam "/>
			<t id="s7_18" word="fezes" lemma="fez" pos="n" morph="M P" sem="cloH-hat" extra="--"/>
			<t id="s7_19" word=")" lemma="--" pos="pu" morph="--" extra="--"/>
			<t id="s7_20" word="." lemma="--" pos="pu" morph="--" extra="--"/>
		</terminals>

		<nonterminals>
			<nt id="s7_500" cat="s">
				<edge label="STA" idref="s7_501"/>
			</nt>
			<nt id="s7_501" cat="fcl">
				<edge label="S" idref="s7_502"/>
				<edge label="P" idref="s7_507"/>
				<edge label="Od" idref="s7_508"/>
				<edge label="PU" idref="s7_20"/>
			</nt>
			<nt id="s7_502" cat="np">
				<edge label="DN" idref="s7_1"/>
				<edge label="H" idref="s7_2"/>
				<edge label="DN" idref="s7_503"/>
			</nt>
			<nt id="s7_503" cat="pp">
				<edge label="H" idref="s7_3"/>
				<edge label="DP" idref="s7_504"/>
			</nt>
			<nt id="s7_504" cat="np">
				<edge label="H" idref="s7_4"/>
				<edge label="DN" idref="s7_505"/>
			</nt>
			<nt id="s7_505" cat="pp">
				<edge label="H" idref="s7_5"/>
				<edge label="DP" idref="s7_506"/>
			</nt>
			<nt id="s7_506" cat="np">
				<edge label="DN" idref="s7_6"/>
				<edge label="H" idref="s7_7"/>
			</nt>
			<nt id="s7_507" cat="vp">
				<edge label="Vaux" idref="s7_8"/>
				<edge label="Vm" idref="s7_9"/>
			</nt>
			<nt id="s7_508" cat="np">
				<edge label="H" idref="s7_10"/>
				<edge label="PU" idref="s7_11"/>
				<edge label="DNc" idref="s7_509"/>
				<edge label="CO" idref="s7_14"/>
				<edge label="PU" idref="s7_19"/>
			</nt>
			<nt id="s7_509" cat="np">
				<edge label="H" idref="s7_12"/>
				<edge label="DN" idref="s7_13"/>
				<edge label="DN" idref="s7_510"/>
			</nt>
			<nt id="s7_510" cat="icl">
				<edge label="P" idref="s7_15"/>
				<edge label="fA" idref="s7_511"/>
			</nt>
			<nt id="s7_511" cat="pp">
				<edge label="H" idref="s7_16"/>
				<edge label="DP" idref="s7_512"/>
			</nt>
			<nt id="s7_512" cat="np">
				<edge label="DN" idref="s7_17"/>
				<edge label="H" idref="s7_18"/>
			</nt>
		</nonterminals>
	</graph>
</s>

<s id="s8" ref="8" source="Running text" forest="1" text="Clique aqui para conhecer outras definições de hematoquezia.">
	<graph root="s8_500">
		<terminals>
			<t id="s8_1" word="Clique" lemma="clique" pos="n" morph="M S" extra="* percep-l"/>
			<t id="s8_2" word="aqui" lemma="aqui" pos="adv" morph="--" extra="--"/>
			<t id="s8_3" word="para" lemma="para" pos="prp" morph="--" extra="--"/>
			<t id="s8_4" word="conhecer" lemma="conhecer" pos="v-inf" morph="--" extra="vH mv"/>
			<t id="s8_5" word="outras" lemma="outro" pos="pron-indef" morph="DET F P" extra="diff KOMP"/>
			<t id="s8_6" word="definições" lemma="definição" pos="n" morph="F P" sem="sem-c" extra="--"/>
			<t id="s8_7" word="de" lemma="de" pos="prp" morph="--" extra="np-close"/>
			<t id="s8_8" word="hematoquezia" lemma="hematoquezia" pos="n" morph="F S" extra="DERP DERS DERS DERS"/>
			<t id="s8_9" word="." lemma="--" pos="pu" morph="--" extra="--"/>
		</terminals>

		<nonterminals>
			<nt id="s8_500" cat="s">
				<edge label="X" idref="s8_501"/>
			</nt>
			<nt id="s8_501" cat="np">
				<edge label="H" idref="s8_1"/>
				<edge label="fA" idref="s8_2"/>
				<edge label="fA" idref="s8_502"/>
				<edge label="PU" idref="s8_9"/>
			</nt>
			<nt id="s8_502" cat="pp">
				<edge label="H" idref="s8_3"/>
				<edge label="DP" idref="s8_503"/>
			</nt>
			<nt id="s8_503" cat="icl">
				<edge label="P" idref="s8_4"/>
				<edge label="Od" idref="s8_504"/>
			</nt>
			<nt id="s8_504" cat="np">
				<edge label="DN" idref="s8_5"/>
				<edge label="H" idref="s8_6"/>
				<edge label="DN" idref="s8_505"/>
			</nt>
			<nt id="s8_505" cat="pp">
				<edge label="H" idref="s8_7"/>
				<edge label="DP" idref="s8_8"/>
			</nt>
		</nonterminals>
	</graph>
</s>

<s id="s9" ref="9" source="Running text" forest="1" text="Outros Significados que podem interessar:">
	<graph root="s9_500">
		<terminals>
			<t id="s9_1" word="Outros_Significados" lemma="Outros_Significados" pos="prop" morph="M/F S" extra="hum * heur"/>
			<t id="s9_2" word="que" lemma="que" pos="spec" morph="M S" extra="clb clb-fs rel"/>
			<t id="s9_3" word="podem" lemma="poder" pos="v-fin" morph="PR 3P IND VFIN" extra="aux np-close"/>
			<t id="s9_4" word="interessar" lemma="interessar" pos="v-inf" morph="--" extra="mv"/>
			<t id="s9_5" word=":" lemma="--" pos="pu" morph="--" extra="--"/>
		</terminals>

		<nonterminals>
			<nt id="s9_500" cat="s">
				<edge label="X" idref="s9_501"/>
			</nt>
			<nt id="s9_501" cat="np">
				<edge label="H" idref="s9_1"/>
				<edge label="DN" idref="s9_502"/>
				<edge label="PU" idref="s9_5"/>
			</nt>
			<nt id="s9_502" cat="fcl">
				<edge label="Od" idref="s9_2"/>
				<edge label="P" idref="s9_503"/>
			</nt>
			<nt id="s9_503" cat="vp">
				<edge label="Vaux" idref="s9_3"/>
				<edge label="Vm" idref="s9_4"/>
			</nt>
		</nonterminals>
	</graph>
</s>

<s id="s10" ref="10" source="Running text" forest="1" text="Significado de sangue Significado de fezes.">
	<graph root="s10_500">
		<terminals>
			<t id="s10_1" word="Significado" lemma="significado" pos="n" morph="M S" extra="* sem-c"/>
			<t id="s10_2" word="de" lemma="de" pos="prp" morph="--" extra="np-close"/>
			<t id="s10_3" word="sangue" lemma="sangue" pos="n" morph="M S" sem="cm-liq" extra="--"/>
			<t id="s10_4" word="Significado" lemma="Significado" pos="prop" morph="M S" extra="hum * np-close"/>
			<t id="s10_5" word="de" lemma="de" pos="prp" morph="--" extra="np-close"/>
			<t id="s10_6" word="fezes" lemma="fez" pos="n" morph="M P" sem="cloH-hat" extra="--"/>
			<t id="s10_7" word="." lemma="--" pos="pu" morph="--" extra="--"/>
		</terminals>

		<nonterminals>
			<nt id="s10_500" cat="s">
				<edge label="X" idref="s10_501"/>
			</nt>
			<nt id="s10_501" cat="np">
				<edge label="H" idref="s10_1"/>
				<edge label="DN" idref="s10_502"/>
				<edge label="PU" idref="s10_7"/>
			</nt>
			<nt id="s10_502" cat="pp">
				<edge label="H" idref="s10_2"/>
				<edge label="DP" idref="s10_503"/>
			</nt>
			<nt id="s10_503" cat="np">
				<edge label="H" idref="s10_3"/>
				<edge label="DN" idref="s10_504"/>
			</nt>
			<nt id="s10_504" cat="np">
				<edge label="H" idref="s10_4"/>
				<edge label="DN" idref="s10_505"/>
			</nt>
			<nt id="s10_505" cat="pp">
				<edge label="H" idref="s10_5"/>
				<edge label="DP" idref="s10_6"/>
			</nt>
		</nonterminals>
	</graph>
</s>

	</body>
</corpus>
