<?xml version="1.0" encoding="UTF-8"?>
<corpus>

	<body>
<s id="s1" ref="1" source="Running text" forest="1" text="Sobejar 2 Definições encontradas.">
	<graph root="s1_500">
		<terminals>
			<t id="s1_1" word="Sobejar" lemma="sobejar" pos="v-inf" morph="--" extra="* vN mv"/>
			<t id="s1_2" word="2" lemma="2" pos="num" morph="F P" extra="card"/>
			<t id="s1_3" word="Definições" lemma="definição" pos="n" morph="F P" sem="sem-c" extra="prop *"/>
			<t id="s1_4" word="encontradas" lemma="encontrado" pos="adj" morph="F P" extra="nh np-close"/>
			<t id="s1_5" word="." lemma="--" pos="pu" morph="--" extra="--"/>
		</terminals>

		<nonterminals>
			<nt id="s1_500" cat="s">
				<edge label="UTT" idref="s1_501"/>
			</nt>
			<nt id="s1_501" cat="fcl">
				<edge label="P" idref="s1_1"/>
				<edge label="S" idref="s1_502"/>
				<edge label="PU" idref="s1_5"/>
			</nt>
			<nt id="s1_502" cat="np">
				<edge label="DN" idref="s1_2"/>
				<edge label="H" idref="s1_3"/>
				<edge label="DN" idref="s1_4"/>
			</nt>
		</nonterminals>
	</graph>
</s>

<s id="s2" ref="2" source="Running text" forest="1" text="Tweet Classificação morfossintática:">
	<graph root="s2_500">
		<terminals>
			<t id="s2_1" word="Tweet_Classificação" lemma="Tweet_Classificação" pos="prop" morph="M S" extra="common * heur"/>
			<t id="s2_2" word="morfossintática" lemma="morfossintático" pos="adj" morph="F S" extra="DERS jh np-close"/>
			<t id="s2_3" word=":" lemma="--" pos="pu" morph="--" extra="--"/>
		</terminals>

		<nonterminals>
			<nt id="s2_500" cat="s">
				<edge label="X" idref="s2_501"/>
			</nt>
			<nt id="s2_501" cat="np">
				<edge label="H" idref="s2_1"/>
				<edge label="DN" idref="s2_2"/>
				<edge label="PU" idref="s2_3"/>
			</nt>
		</nonterminals>
	</graph>
</s>

<s id="s3" ref="3" source="Running text" forest="1" text="Verbo, infinitivo 1a pessoa singular de sobejar Verbo, infinitivo 3a pessoa singular de sobejar Verbo, futuro do subjuntivo 1a pessoa singular de sobejar Verbo, futuro do subjuntivo 3a pessoa singular de sobejar Flexões da palavra Sobejar Significados de Sobejar:">
	<graph root="s3_500">
		<terminals>
			<t id="s3_1" word="Verbo" lemma="verbo" pos="n" morph="M S" sem="ac-cat" extra="cjt-head cjt-head-X *"/>
			<t id="s3_2" word="," lemma="--" pos="pu" morph="--" extra="--"/>
			<t id="s3_3" word="infinitivo" lemma="infinitivo" pos="adj" morph="M S" extra="jh"/>
			<t id="s3_4" word="1a" lemma="1a" pos="num" morph="F P" extra="card"/>
			<t id="s3_5" word="pessoa" lemma="pessoa" pos="n" morph="F P" sem="H" extra="cjt-X"/>
			<t id="s3_6" word="singular" lemma="singular" pos="adj" morph="F S" extra="jh np-close"/>
			<t id="s3_7" word="de" lemma="de" pos="prp" morph="--" extra="np-close"/>
			<t id="s3_8" word="sobejar" lemma="sobejar" pos="v-inf" morph="--" extra="vN mv"/>
			<t id="s3_9" word="Verbo" lemma="Verbo" pos="prop" morph="M/F S" extra="cjt-X hum *"/>
			<t id="s3_10" word="," lemma="--" pos="pu" morph="--" extra="--"/>
			<t id="s3_11" word="infinitivo" lemma="infinitivo" pos="adj" morph="M S" extra="jh np-close"/>
			<t id="s3_12" word="3a" lemma="3a" pos="num" morph="F P" extra="card"/>
			<t id="s3_13" word="pessoa" lemma="pessoa" pos="n" morph="F P" sem="H" extra="--"/>
			<t id="s3_14" word="singular" lemma="singular" pos="adj" morph="F S" extra="jh np-close"/>
			<t id="s3_15" word="de" lemma="de" pos="prp" morph="--" extra="np-close"/>
			<t id="s3_16" word="sobejar" lemma="sobejar" pos="v-inf" morph="--" extra="vN mv"/>
			<t id="s3_17" word="Verbo" lemma="Verbo" pos="prop" morph="M/F S" extra="cjt-X hum *"/>
			<t id="s3_18" word="," lemma="--" pos="pu" morph="--" extra="--"/>
			<t id="s3_19" word="futuro" lemma="futuro" pos="n" morph="M S" sem="per" extra="np-close"/>
			<t id="s3_20" word="de" lemma="de" pos="prp" morph="--" extra="sam- np-close"/>
			<t id="s3_21" word="o" lemma="o" pos="art" morph="M S" extra="-sam "/>
			<t id="s3_22" word="subjuntivo" lemma="subjuntivo" pos="n" morph="M S" sem="ac-cat" extra="--"/>
			<t id="s3_23" word="1a" lemma="1a" pos="num" morph="F P" extra="card"/>
			<t id="s3_24" word="pessoa" lemma="pessoa" pos="n" morph="F P" sem="H" extra="--"/>
			<t id="s3_25" word="singular" lemma="singular" pos="adj" morph="F S" extra="jh np-close"/>
			<t id="s3_26" word="de" lemma="de" pos="prp" morph="--" extra="np-close"/>
			<t id="s3_27" word="sobejar" lemma="sobejar" pos="v-inf" morph="--" extra="vN mv"/>
			<t id="s3_28" word="Verbo" lemma="Verbo" pos="prop" morph="M/F S" extra="cjt-X hum *"/>
			<t id="s3_29" word="," lemma="--" pos="pu" morph="--" extra="--"/>
			<t id="s3_30" word="futuro" lemma="futuro" pos="n" morph="M S" sem="per" extra="np-close"/>
			<t id="s3_31" word="de" lemma="de" pos="prp" morph="--" extra="sam- np-close"/>
			<t id="s3_32" word="o" lemma="o" pos="art" morph="M S" extra="-sam "/>
			<t id="s3_33" word="subjuntivo" lemma="subjuntivo" pos="n" morph="M S" sem="ac-cat" extra="--"/>
			<t id="s3_34" word="3a" lemma="3a" pos="num" morph="F P" extra="card"/>
			<t id="s3_35" word="pessoa" lemma="pessoa" pos="n" morph="F P" sem="H" extra="--"/>
			<t id="s3_36" word="singular" lemma="singular" pos="adj" morph="F S" extra="jh np-close"/>
			<t id="s3_37" word="de" lemma="de" pos="prp" morph="--" extra="np-close"/>
			<t id="s3_38" word="sobejar" lemma="sobejar" pos="v-inf" morph="--" extra="vN mv"/>
			<t id="s3_39" word="Flexões" lemma="Flexões" pos="prop" morph="M/F S" extra="cjt-X hum *"/>
			<t id="s3_40" word="de" lemma="de" pos="prp" morph="--" extra="sam- np-close"/>
			<t id="s3_41" word="a" lemma="o" pos="art" morph="F S" extra="-sam "/>
			<t id="s3_42" word="palavra" lemma="palavra" pos="n" morph="F S" sem="ac-cat act-s" extra="--"/>
			<t id="s3_43" word="Sobejar_Significados_de_Sobejar" lemma="Sobejar_Significados_de_Sobejar" pos="prop" morph="F S" extra="org * heur np-close"/>
			<t id="s3_44" word=":" lemma="--" pos="pu" morph="--" extra="--"/>
		</terminals>

		<nonterminals>
			<nt id="s3_500" cat="s">
				<edge label="X" idref="s3_501"/>
			</nt>
			<nt id="s3_501" cat="par">
				<edge label="CJT" idref="s3_1"/>
				<edge label="PU" idref="s3_2"/>
				<edge label="CJT" idref="s3_502"/>
				<edge label="CJT" idref="s3_505"/>
				<edge label="CJT" idref="s3_509"/>
				<edge label="CJT" idref="s3_516"/>
				<edge label="CJT" idref="s3_522"/>
				<edge label="PU" idref="s3_44"/>
			</nt>
			<nt id="s3_502" cat="np">
				<edge label="DN" idref="s3_503"/>
				<edge label="DN" idref="s3_4"/>
				<edge label="H" idref="s3_5"/>
				<edge label="DN" idref="s3_6"/>
			</nt>
			<nt id="s3_503" cat="pp">
				<edge label="DP" idref="s3_504"/>
				<edge label="H" idref="s3_7"/>
			</nt>
			<nt id="s3_504" cat="fcl">
				<edge label="fCs" idref="s3_3"/>
				<edge label="P" idref="s3_8"/>
				<edge label="S" idref="s3_506"/>
			</nt>
			<nt id="s3_505" cat="np">
				<edge label="H" idref="s3_9"/>
				<edge label="PU" idref="s3_10"/>
				<edge label="DNc" idref="s3_11"/>
			</nt>
			<nt id="s3_506" cat="np">
				<edge label="DN" idref="s3_12"/>
				<edge label="H" idref="s3_13"/>
				<edge label="DN" idref="s3_14"/>
				<edge label="DN" idref="s3_507"/>
			</nt>
			<nt id="s3_507" cat="pp">
				<edge label="H" idref="s3_15"/>
				<edge label="DP" idref="s3_508"/>
			</nt>
			<nt id="s3_508" cat="fcl">
				<edge label="P" idref="s3_16"/>
				<edge label="S" idref="s3_513"/>
			</nt>
			<nt id="s3_509" cat="np">
				<edge label="H" idref="s3_17"/>
				<edge label="PU" idref="s3_18"/>
				<edge label="DNc" idref="s3_510"/>
			</nt>
			<nt id="s3_510" cat="np">
				<edge label="H" idref="s3_19"/>
				<edge label="DN" idref="s3_511"/>
			</nt>
			<nt id="s3_511" cat="pp">
				<edge label="H" idref="s3_20"/>
				<edge label="DP" idref="s3_512"/>
			</nt>
			<nt id="s3_512" cat="np">
				<edge label="DN" idref="s3_21"/>
				<edge label="H" idref="s3_22"/>
			</nt>
			<nt id="s3_513" cat="np">
				<edge label="DN" idref="s3_23"/>
				<edge label="H" idref="s3_24"/>
				<edge label="DN" idref="s3_25"/>
				<edge label="DN" idref="s3_514"/>
			</nt>
			<nt id="s3_514" cat="pp">
				<edge label="H" idref="s3_26"/>
				<edge label="DP" idref="s3_515"/>
			</nt>
			<nt id="s3_515" cat="fcl">
				<edge label="P" idref="s3_27"/>
				<edge label="S" idref="s3_520"/>
			</nt>
			<nt id="s3_516" cat="np">
				<edge label="H" idref="s3_28"/>
				<edge label="PU" idref="s3_29"/>
				<edge label="DNc" idref="s3_517"/>
			</nt>
			<nt id="s3_517" cat="np">
				<edge label="H" idref="s3_30"/>
				<edge label="DN" idref="s3_518"/>
			</nt>
			<nt id="s3_518" cat="pp">
				<edge label="H" idref="s3_31"/>
				<edge label="DP" idref="s3_519"/>
			</nt>
			<nt id="s3_519" cat="np">
				<edge label="DN" idref="s3_32"/>
				<edge label="H" idref="s3_33"/>
			</nt>
			<nt id="s3_520" cat="np">
				<edge label="DN" idref="s3_34"/>
				<edge label="H" idref="s3_35"/>
				<edge label="DN" idref="s3_36"/>
				<edge label="DN" idref="s3_521"/>
			</nt>
			<nt id="s3_521" cat="pp">
				<edge label="H" idref="s3_37"/>
				<edge label="DP" idref="s3_38"/>
			</nt>
			<nt id="s3_522" cat="np">
				<edge label="H" idref="s3_39"/>
				<edge label="DN" idref="s3_523"/>
			</nt>
			<nt id="s3_523" cat="pp">
				<edge label="H" idref="s3_40"/>
				<edge label="DP" idref="s3_524"/>
			</nt>
			<nt id="s3_524" cat="np">
				<edge label="DN" idref="s3_41"/>
				<edge label="H" idref="s3_42"/>
				<edge label="DN" idref="s3_43"/>
			</nt>
		</nonterminals>
	</graph>
</s>

<s id="s4" ref="4" source="Running text" forest="1" text="28 sobe, 4 desce 1. Sobejar Por Héric Moura Rodrigues(SP) em 17-07-2010 1-Ser por demais, sobrar, superabundar.">
	<graph root="s4_500">
		<terminals>
			<t id="s4_1" word="28" lemma="28" pos="num" morph="M/F S" extra="card"/>
			<t id="s4_2" word="sobe" lemma="subir" pos="v-fin" morph="PR 3S IND VFIN" extra="cjt-head cjt-head-STA fmc mv"/>
			<t id="s4_3" word="," lemma="--" pos="pu" morph="--" extra="--"/>
			<t id="s4_4" word="4" lemma="4" pos="num" morph="M/F P" extra="card"/>
			<t id="s4_5" word="desce" lemma="descer" pos="v-fin" morph="PR 3S IND VFIN" extra="cjt-STA fmc mv"/>
			<t id="s4_6" word="1." lemma="1." pos="adj" morph="M/F S" extra="NUM-ord"/>
			<t id="s4_7" word="Sobejar_Por_Héric_Moura_Rodrigues" lemma="Sobejar_Por_Héric_Moura_Rodrigues" pos="prop" morph="M S" extra="hum * heur"/>
			<t id="s4_8" word="(" lemma="--" pos="pu" morph="--" extra="--"/>
			<t id="s4_9" word="SP" lemma="SP" pos="prop" morph="M S" extra="civ * np-close"/>
			<t id="s4_10" word=")" lemma="--" pos="pu" morph="--" extra="--"/>
			<t id="s4_11" word="em" lemma="em" pos="prp" morph="--" extra="--"/>
			<t id="s4_12" word="17-07-2010_1-Ser" lemma="17-07-2010_1-ser" pos="num" morph="M/F S" extra="card"/>
			<t id="s4_13" word="por_demais" lemma="por_demais" pos="adv" morph="--" extra="quant"/>
			<t id="s4_14" word="," lemma="--" pos="pu" morph="--" extra="--"/>
			<t id="s4_15" word="sobrar" lemma="sobrar" pos="v-inf" morph="--" extra="cjt-head cjt-head-S vN mv"/>
			<t id="s4_16" word="," lemma="--" pos="pu" morph="--" extra="--"/>
			<t id="s4_17" word="superabundar" lemma="superabundar" pos="v-inf" morph="--" extra="cjt-S vN mv"/>
			<t id="s4_18" word="." lemma="--" pos="pu" morph="--" extra="--"/>
		</terminals>

		<nonterminals>
			<nt id="s4_500" cat="s">
				<edge label="STA" idref="s4_501"/>
			</nt>
			<nt id="s4_501" cat="par">
				<edge label="CJT" idref="s4_502"/>
				<edge label="PU" idref="s4_3"/>
				<edge label="CJT" idref="s4_503"/>
				<edge label="PU" idref="s4_18"/>
			</nt>
			<nt id="s4_502" cat="fcl">
				<edge label="S" idref="s4_1"/>
				<edge label="P" idref="s4_2"/>
			</nt>
			<nt id="s4_503" cat="fcl">
				<edge label="Od" idref="s4_4"/>
				<edge label="P" idref="s4_5"/>
				<edge label="fCs" idref="s4_6"/>
				<edge label="S" idref="s4_504"/>
				<edge label="fA" idref="s4_505"/>
				<edge label="fA" idref="s4_13"/>
				<edge label="PU" idref="s4_14"/>
				<edge label="S" idref="s4_506"/>
			</nt>
			<nt id="s4_504" cat="np">
				<edge label="H" idref="s4_7"/>
				<edge label="PU" idref="s4_8"/>
				<edge label="DNc" idref="s4_9"/>
				<edge label="PU" idref="s4_10"/>
			</nt>
			<nt id="s4_505" cat="pp">
				<edge label="H" idref="s4_11"/>
				<edge label="DP" idref="s4_12"/>
			</nt>
			<nt id="s4_506" cat="par">
				<edge label="CJT" idref="s4_15"/>
				<edge label="PU" idref="s4_16"/>
				<edge label="CJT" idref="s4_17"/>
			</nt>
		</nonterminals>
	</graph>
</s>

<s id="s5" ref="5" source="Running text" forest="1" text="2-Ter de sobejo;">
	<graph root="s5_500">
		<terminals>
			<t id="s5_1" word="2-Ter" lemma="2-ter" pos="num" morph="M/F P" extra="card"/>
			<t id="s5_2" word="de_sobejo" lemma="de_sobejo" pos="adv" morph="--" sem="pp" extra="--"/>
			<t id="s5_3" word=";" lemma="--" pos="pu" morph="--" extra="--"/>
		</terminals>

		<nonterminals>
			<nt id="s5_500" cat="s">
				<edge label="X" idref="s5_501"/>
			</nt>
			<nt id="s5_501" cat="adjp">
				<edge label="H" idref="s5_1"/>
				<edge label="fA" idref="s5_2"/>
				<edge label="PU" idref="s5_3"/>
			</nt>
		</nonterminals>
	</graph>
</s>

<s id="s6" ref="6" source="Running text" forest="1" text="suprir- se fartamente.">
	<graph root="s6_500">
		<terminals>
			<t id="s6_1" word="suprir-" lemma="suprir" pos="v-inf" morph="--" extra="hyfen vH mv"/>
			<t id="s6_2" word="se" lemma="se" pos="pron-pers" morph="M/F 3S/P ACC" extra="pass"/>
			<t id="s6_3" word="fartamente" lemma="fartamente" pos="adv" morph="--" extra="--"/>
			<t id="s6_4" word="." lemma="--" pos="pu" morph="--" extra="--"/>
		</terminals>

		<nonterminals>
			<nt id="s6_500" cat="s">
				<edge label="UTT" idref="s6_501"/>
			</nt>
			<nt id="s6_501" cat="icl">
				<edge label="P" idref="s6_1"/>
				<edge label="Od" idref="s6_2"/>
				<edge label="fA" idref="s6_3"/>
				<edge label="PU" idref="s6_4"/>
			</nt>
		</nonterminals>
	</graph>
</s>

<s id="s7" ref="7" source="Running text" forest="1" text="&quot;Afirmam que a vida é breve,/ Engano, -- a vida é comprida:/ Cabe em ela amor eterno/ E ainda sobeja vida&quot;(Antõnio Boto, As canções, p 81) Compartilhar enviar nova definição enviar nova imagem denunciar abuso Sinônimos:">
	<graph root="s7_500">
		<terminals>
			<t id="s7_1" word="&quot;" lemma="--" pos="pu" morph="--" extra="--"/>
			<t id="s7_2" word="Afirmam" lemma="afirmar" pos="v-fin" morph="PR 3P IND VFIN" extra="nosubj cjt-head cjt-head-STA * *1 vH fmc mv"/>
			<t id="s7_3" word="que" lemma="que" pos="conj-s" morph="--" extra="clb clb-fs"/>
			<t id="s7_4" word="a" lemma="o" pos="art" morph="F S" extra="--"/>
			<t id="s7_5" word="vida" lemma="vida" pos="n" morph="F S" sem="per" extra="--"/>
			<t id="s7_6" word="é" lemma="ser" pos="v-fin" morph="PR 3S IND VFIN" extra="vK mv"/>
			<t id="s7_7" word="breve" lemma="breve" pos="adj" morph="F S" extra="cjt-head cjt-head-Cs nh"/>
			<t id="s7_8" word="," lemma="--" pos="pu" morph="--" extra="--"/>
			<t id="s7_9" word="/" lemma="$/" pos="conj-c" morph="--" extra="co-sc"/>
			<t id="s7_10" word="Engano" lemma="Engano" pos="prop" morph="F S" extra="cjt-Cs hum *"/>
			<t id="s7_11" word="," lemma="--" pos="pu" morph="--" extra="--"/>
			<t id="s7_12" word="--" lemma="--" pos="pu" morph="--" extra="--"/>
			<t id="s7_13" word="a" lemma="o" pos="art" morph="F S" extra="--"/>
			<t id="s7_14" word="vida" lemma="vida" pos="n" morph="F S" sem="per" extra="--"/>
			<t id="s7_15" word="é" lemma="ser" pos="v-fin" morph="PR 3S IND VFIN" extra="cjt-STA vK fmc mv"/>
			<t id="s7_16" word="comprida" lemma="comprido" pos="adj" morph="F S" extra="nh"/>
			<t id="s7_17" word=":/" lemma=":/" pos="adv" morph="--" extra="--"/>
			<t id="s7_18" word="Cabe" lemma="caber" pos="v-fin" morph="PR 3S IND VFIN" extra="cjt-STA * vN fmc mv"/>
			<t id="s7_19" word="em" lemma="em" pos="prp" morph="--" extra="sam-"/>
			<t id="s7_20" word="ela" lemma="ela" pos="pron-pers" morph="F 3S NOM/PIV" extra="-sam"/>
			<t id="s7_21" word="amor" lemma="amor" pos="n" morph="M S" sem="am H ac" extra="--"/>
			<t id="s7_22" word="eterno" lemma="eterno" pos="adj" morph="M S" extra="jh np-close"/>
			<t id="s7_23" word="/" lemma="$/" pos="conj-c" morph="--" extra="--"/>
			<t id="s7_24" word="E" lemma="e" pos="conj-c" morph="--" extra="*"/>
			<t id="s7_25" word="ainda" lemma="ainda" pos="adv" morph="--" extra="--"/>
			<t id="s7_26" word="sobeja" lemma="sobejo" pos="adj" morph="F S" extra="nh"/>
			<t id="s7_27" word="vida" lemma="vida" pos="n" morph="F S" extra="*2 per"/>
			<t id="s7_28" word="&quot;" lemma="--" pos="pu" morph="--" extra="--"/>
			<t id="s7_29" word="(" lemma="--" pos="pu" morph="--" extra="--"/>
			<t id="s7_30" word="Antõnio_Boto" lemma="Antõnio_Boto" pos="prop" morph="M S" extra="tit * heur np-close"/>
			<t id="s7_31" word="," lemma="--" pos="pu" morph="--" extra="--"/>
			<t id="s7_32" word="As" lemma="o" pos="art" morph="F P" extra="* "/>
			<t id="s7_33" word="canções" lemma="canção" pos="n" morph="F P" sem="sem-l" extra="np-close"/>
			<t id="s7_34" word="," lemma="--" pos="pu" morph="--" extra="--"/>
			<t id="s7_35" word="p" lemma="p" pos="n" morph="M/F S" extra="foreign np-close"/>
			<t id="s7_36" word="81" lemma="81" pos="num" morph="M/F P" extra="card"/>
			<t id="s7_37" word=")" lemma="--" pos="pu" morph="--" extra="--"/>
			<t id="s7_38" word="Compartilhar" lemma="Compartilhar" pos="prop" morph="M/F S" sem="inst" extra="*"/>
			<t id="s7_39" word="enviar" lemma="enviar" pos="v-inf" morph="3S" extra="vH mv"/>
			<t id="s7_40" word="nova" lemma="novo" pos="adj" morph="F S" extra="jh"/>
			<t id="s7_41" word="definição" lemma="definição" pos="n" morph="F S" sem="sem-c" extra="--"/>
			<t id="s7_42" word="enviar" lemma="enviar" pos="v-inf" morph="--" extra="vH mv"/>
			<t id="s7_43" word="nova" lemma="novo" pos="adj" morph="F S" extra="jh"/>
			<t id="s7_44" word="imagem" lemma="imagem" pos="n" morph="F S" sem="pict sem-c ac-cat" extra="--"/>
			<t id="s7_45" word="denunciar" lemma="denunciar" pos="v-inf" morph="--" extra="vH mv"/>
			<t id="s7_46" word="abuso" lemma="abuso" pos="n" morph="M S" sem="activity" extra="--"/>
			<t id="s7_47" word="Sinônimos" lemma="Sinônimos" pos="prop" morph="M S" extra="hum * np-close"/>
			<t id="s7_48" word=":" lemma="--" pos="pu" morph="--" extra="--"/>
		</terminals>

		<nonterminals>
			<nt id="s7_500" cat="s">
				<edge label="STA" idref="s7_501"/>
			</nt>
			<nt id="s7_501" cat="par">
				<edge label="PU" idref="s7_1"/>
				<edge label="CJT" idref="s7_502"/>
				<edge label="PU" idref="s7_12"/>
				<edge label="CJT" idref="s7_506"/>
				<edge label="CJT" idref="s7_508"/>
				<edge label="PU" idref="s7_48"/>
			</nt>
			<nt id="s7_502" cat="fcl">
				<edge label="P" idref="s7_2"/>
				<edge label="Od" idref="s7_503"/>
			</nt>
			<nt id="s7_503" cat="fcl">
				<edge label="SUB" idref="s7_3"/>
				<edge label="S" idref="s7_504"/>
				<edge label="P" idref="s7_6"/>
				<edge label="Cs" idref="s7_505"/>
			</nt>
			<nt id="s7_504" cat="np">
				<edge label="DN" idref="s7_4"/>
				<edge label="H" idref="s7_5"/>
			</nt>
			<nt id="s7_505" cat="par">
				<edge label="CJT" idref="s7_7"/>
				<edge label="PU" idref="s7_8"/>
				<edge label="CO" idref="s7_9"/>
				<edge label="CJT" idref="s7_10"/>
				<edge label="PU" idref="s7_11"/>
			</nt>
			<nt id="s7_506" cat="fcl">
				<edge label="S" idref="s7_507"/>
				<edge label="P" idref="s7_15"/>
				<edge label="Cs" idref="s7_16"/>
				<edge label="fA" idref="s7_17"/>
			</nt>
			<nt id="s7_507" cat="np">
				<edge label="DN" idref="s7_13"/>
				<edge label="H" idref="s7_14"/>
			</nt>
			<nt id="s7_508" cat="fcl">
				<edge label="P" idref="s7_18"/>
				<edge label="Op" idref="s7_509"/>
				<edge label="S" idref="s7_510"/>
				<edge label="fA" idref="s7_511"/>
				<edge label="UTT" idref="s7_515"/>
				<edge label="UTT" idref="s7_518"/>
				<edge label="UTT" idref="s7_520"/>
			</nt>
			<nt id="s7_509" cat="pp">
				<edge label="H" idref="s7_19"/>
				<edge label="DP" idref="s7_20"/>
			</nt>
			<nt id="s7_510" cat="np">
				<edge label="H" idref="s7_21"/>
				<edge label="DN" idref="s7_22"/>
				<edge label="CO" idref="s7_23"/>
				<edge label="CO" idref="s7_24"/>
			</nt>
			<nt id="s7_511" cat="np">
				<edge label="DN" idref="s7_512"/>
				<edge label="H" idref="s7_27"/>
				<edge label="PU" idref="s7_28"/>
				<edge label="PU" idref="s7_29"/>
				<edge label="DNapp" idref="s7_513"/>
			</nt>
			<nt id="s7_512" cat="adjp">
				<edge label="DA" idref="s7_25"/>
				<edge label="H" idref="s7_26"/>
			</nt>
			<nt id="s7_513" cat="np">
				<edge label="H" idref="s7_30"/>
				<edge label="PU" idref="s7_31"/>
				<edge label="DNapp" idref="s7_514"/>
			</nt>
			<nt id="s7_514" cat="np">
				<edge label="DN" idref="s7_32"/>
				<edge label="H" idref="s7_33"/>
				<edge label="PU" idref="s7_34"/>
				<edge label="DNc" idref="s7_35"/>
			</nt>
			<nt id="s7_515" cat="fcl">
				<edge label="S" idref="s7_516"/>
				<edge label="PU" idref="s7_37"/>
				<edge label="P" idref="s7_39"/>
				<edge label="Od" idref="s7_517"/>
			</nt>
			<nt id="s7_516" cat="np">
				<edge label="DN" idref="s7_36"/>
				<edge label="H" idref="s7_38"/>
			</nt>
			<nt id="s7_517" cat="np">
				<edge label="DN" idref="s7_40"/>
				<edge label="H" idref="s7_41"/>
			</nt>
			<nt id="s7_518" cat="icl">
				<edge label="P" idref="s7_42"/>
				<edge label="Od" idref="s7_519"/>
			</nt>
			<nt id="s7_519" cat="np">
				<edge label="DN" idref="s7_43"/>
				<edge label="H" idref="s7_44"/>
			</nt>
			<nt id="s7_520" cat="icl">
				<edge label="P" idref="s7_45"/>
				<edge label="Od" idref="s7_521"/>
			</nt>
			<nt id="s7_521" cat="np">
				<edge label="H" idref="s7_46"/>
				<edge label="DN" idref="s7_47"/>
			</nt>
		</nonterminals>
	</graph>
</s>

<s id="s8" ref="8" source="Running text" forest="1" text="excesso sobrar carecer abundar encher formigar pulular sobejar exuberar luxuriar superabundar redundar acontecer parar resultar suceder restar ficar permanecer remanescer sobreviver transbordar exceder alagar circunfluir derramar desbordar entornar expandir extravasar mais...">
	<graph root="s8_500">
		<terminals>
			<t id="s8_1" word="excesso" lemma="excesso" pos="n" morph="M S" sem="amount act" extra="--"/>
			<t id="s8_2" word="sobrar" lemma="sobrar" pos="v-inf" morph="3S" extra="vN mv"/>
			<t id="s8_3" word="carecer" lemma="carecer" pos="v-inf" morph="--" extra="mv"/>
			<t id="s8_4" word="abundar" lemma="abundar" pos="v-inf" morph="--" extra="mv"/>
			<t id="s8_5" word="encher" lemma="encher" pos="v-inf" morph="--" extra="vH mv"/>
			<t id="s8_6" word="formigar" lemma="formigar" pos="v-inf" morph="--" extra="mv"/>
			<t id="s8_7" word="pulular" lemma="pulular" pos="v-inf" morph="--" extra="mv"/>
			<t id="s8_8" word="sobejar" lemma="sobejar" pos="v-inf" morph="--" extra="vN mv"/>
			<t id="s8_9" word="exuberar" lemma="exuberar" pos="v-inf" morph="--" extra="mv"/>
			<t id="s8_10" word="luxuriar" lemma="luxuriar" pos="adj" morph="M/F S" extra="DERS jh"/>
			<t id="s8_11" word="superabundar" lemma="superabundar" pos="v-inf" morph="3S" extra="vN mv"/>
			<t id="s8_12" word="redundar" lemma="redundar" pos="v-inf" morph="--" extra="vN mv"/>
			<t id="s8_13" word="acontecer" lemma="acontecer" pos="v-inf" morph="--" extra="cjt-head cjt-head-Cs vN mv"/>
			<t id="s8_14" word="parar" lemma="parar" pos="v-inf" morph="--" extra="cjt-Cs mv"/>
			<t id="s8_15" word="resultar" lemma="resultar" pos="v-inf" morph="--" extra="vN mv"/>
			<t id="s8_16" word="suceder" lemma="suceder" pos="v-inf" morph="--" extra="vN mv"/>
			<t id="s8_17" word="restar" lemma="restar" pos="v-inf" morph="--" extra="vN mv"/>
			<t id="s8_18" word="ficar" lemma="ficar" pos="v-inf" morph="--" extra="aux"/>
			<t id="s8_19" word="permanecer" lemma="permanecer" pos="v-inf" morph="--" extra="mv"/>
			<t id="s8_20" word="remanescer" lemma="remanescer" pos="v-inf" morph="--" extra="vN mv"/>
			<t id="s8_21" word="sobreviver" lemma="sobreviver" pos="v-inf" morph="--" extra="vH mv"/>
			<t id="s8_22" word="transbordar" lemma="transbordar" pos="v-inf" morph="--" extra="vN mv"/>
			<t id="s8_23" word="exceder" lemma="exceder" pos="v-inf" morph="--" extra="vN mv"/>
			<t id="s8_24" word="alagar" lemma="alagar" pos="v-inf" morph="--" extra="vH mv"/>
			<t id="s8_25" word="circunfluir" lemma="circunfluir" pos="v-inf" morph="--" extra="DERP vN mv"/>
			<t id="s8_26" word="derramar" lemma="derramar" pos="v-inf" morph="--" extra="mv"/>
			<t id="s8_27" word="desbordar" lemma="desbordar" pos="v-inf" morph="--" extra="DERP vH mv"/>
			<t id="s8_28" word="entornar" lemma="entornar" pos="v-inf" morph="--" extra="mv"/>
			<t id="s8_29" word="expandir" lemma="expandir" pos="v-inf" morph="--" extra="mv"/>
			<t id="s8_30" word="extravasar" lemma="extravasar" pos="v-inf" morph="--" extra="vN mv"/>
			<t id="s8_31" word="mais" lemma="mais" pos="adv" morph="--" extra="--"/>
			<t id="s8_32" word="." lemma="--" pos="pu" morph="--" extra="--"/>
		</terminals>

		<nonterminals>
			<nt id="s8_500" cat="s">
				<edge label="UTT" idref="s8_501"/>
			</nt>
			<nt id="s8_501" cat="fcl">
				<edge label="S" idref="s8_1"/>
				<edge label="P" idref="s8_2"/>
				<edge label="Od" idref="s8_502"/>
				<edge label="UTT" idref="s8_503"/>
				<edge label="UTT" idref="s8_7"/>
				<edge label="UTT" idref="s8_8"/>
				<edge label="UTT" idref="s8_504"/>
				<edge label="UTT" idref="s8_506"/>
				<edge label="UTT" idref="s8_509"/>
				<edge label="UTT" idref="s8_510"/>
				<edge label="UTT" idref="s8_20"/>
				<edge label="UTT" idref="s8_21"/>
				<edge label="UTT" idref="s8_22"/>
				<edge label="UTT" idref="s8_512"/>
				<edge label="UTT" idref="s8_514"/>
				<edge label="PU" idref="s8_32"/>
			</nt>
			<nt id="s8_502" cat="icl">
				<edge label="P" idref="s8_3"/>
				<edge label="Od" idref="s8_4"/>
			</nt>
			<nt id="s8_503" cat="icl">
				<edge label="P" idref="s8_5"/>
				<edge label="Od" idref="s8_6"/>
			</nt>
			<nt id="s8_504" cat="icl">
				<edge label="P" idref="s8_9"/>
				<edge label="Od" idref="s8_505"/>
			</nt>
			<nt id="s8_505" cat="icl">
				<edge label="Od" idref="s8_10"/>
				<edge label="P" idref="s8_11"/>
			</nt>
			<nt id="s8_506" cat="icl">
				<edge label="P" idref="s8_12"/>
				<edge label="Cs" idref="s8_507"/>
			</nt>
			<nt id="s8_507" cat="par">
				<edge label="CJT" idref="s8_13"/>
				<edge label="CJT" idref="s8_508"/>
			</nt>
			<nt id="s8_508" cat="icl">
				<edge label="P" idref="s8_14"/>
				<edge label="Od" idref="s8_15"/>
			</nt>
			<nt id="s8_509" cat="icl">
				<edge label="P" idref="s8_16"/>
				<edge label="Od" idref="s8_17"/>
			</nt>
			<nt id="s8_510" cat="icl">
				<edge label="P" idref="s8_511"/>
			</nt>
			<nt id="s8_511" cat="vp">
				<edge label="Vaux" idref="s8_18"/>
				<edge label="Vm" idref="s8_19"/>
			</nt>
			<nt id="s8_512" cat="icl">
				<edge label="P" idref="s8_23"/>
				<edge label="Od" idref="s8_513"/>
			</nt>
			<nt id="s8_513" cat="icl">
				<edge label="P" idref="s8_24"/>
				<edge label="Od" idref="s8_25"/>
			</nt>
			<nt id="s8_514" cat="icl">
				<edge label="P" idref="s8_26"/>
				<edge label="Od" idref="s8_515"/>
			</nt>
			<nt id="s8_515" cat="icl">
				<edge label="P" idref="s8_27"/>
				<edge label="Od" idref="s8_516"/>
			</nt>
			<nt id="s8_516" cat="icl">
				<edge label="P" idref="s8_28"/>
				<edge label="Od" idref="s8_517"/>
			</nt>
			<nt id="s8_517" cat="icl">
				<edge label="P" idref="s8_29"/>
				<edge label="Od" idref="s8_518"/>
			</nt>
			<nt id="s8_518" cat="icl">
				<edge label="P" idref="s8_30"/>
				<edge label="fA" idref="s8_31"/>
			</nt>
		</nonterminals>
	</graph>
</s>

<s id="s9" ref="9" source="Running text" forest="1" text="Antônimos:">
	<graph root="s9_500">
		<terminals>
			<t id="s9_1" word="Antônimos" lemma="antônimo" pos="adj" morph="M P" extra="* nh"/>
			<t id="s9_2" word=":" lemma="--" pos="pu" morph="--" extra="--"/>
		</terminals>

		<nonterminals>
			<nt id="s9_500" cat="s">
				<edge label="UTT" idref="s9_501"/>
			</nt>
			<nt id="s9_501" cat="x">
				<edge label="X" idref="s9_1"/>
				<edge label="PU" idref="s9_2"/>
			</nt>
		</nonterminals>
	</graph>
</s>

<s id="s10" ref="10" source="Running text" forest="1" text="falta faltar falir falecer escassear cansar minguar mais...">
	<graph root="s10_500">
		<terminals>
			<t id="s10_1" word="falta" lemma="faltar" pos="v-fin" morph="PR 3S IND VFIN" extra="fmc mv"/>
			<t id="s10_2" word="faltar" lemma="faltar" pos="v-inf" morph="--" extra="cjt-head cjt-head-S mv"/>
			<t id="s10_3" word="falir" lemma="falir" pos="v-inf" morph="--" extra="cjt-S mv"/>
			<t id="s10_4" word="falecer" lemma="falecer" pos="v-inf" morph="--" extra="cjt-S mv"/>
			<t id="s10_5" word="escassear" lemma="escassear" pos="v-inf" morph="--" extra="cjt-S mv"/>
			<t id="s10_6" word="cansar" lemma="cansar" pos="v-inf" morph="--" extra="vH mv"/>
			<t id="s10_7" word="minguar" lemma="minguar" pos="v-inf" morph="--" extra="vN mv"/>
			<t id="s10_8" word="mais" lemma="mais" pos="adv" morph="--" extra="--"/>
			<t id="s10_9" word="." lemma="--" pos="pu" morph="--" extra="--"/>
		</terminals>

		<nonterminals>
			<nt id="s10_500" cat="s">
				<edge label="STA" idref="s10_501"/>
			</nt>
			<nt id="s10_501" cat="fcl">
				<edge label="P" idref="s10_1"/>
				<edge label="S" idref="s10_502"/>
				<edge label="PU" idref="s10_9"/>
			</nt>
			<nt id="s10_502" cat="par">
				<edge label="CJT" idref="s10_2"/>
				<edge label="CJT" idref="s10_3"/>
				<edge label="CJT" idref="s10_4"/>
				<edge label="CJT" idref="s10_503"/>
			</nt>
			<nt id="s10_503" cat="icl">
				<edge label="P" idref="s10_5"/>
				<edge label="Od" idref="s10_504"/>
			</nt>
			<nt id="s10_504" cat="icl">
				<edge label="P" idref="s10_6"/>
				<edge label="Od" idref="s10_505"/>
			</nt>
			<nt id="s10_505" cat="icl">
				<edge label="P" idref="s10_7"/>
				<edge label="fA" idref="s10_8"/>
			</nt>
		</nonterminals>
	</graph>
</s>

<s id="s11" ref="11" source="Running text" forest="1" text="Relacionadas:">
	<graph root="s11_500">
		<terminals>
			<t id="s11_1" word="Relacionadas" lemma="relacionado" pos="adj" morph="F P" extra="* nh"/>
			<t id="s11_2" word=":" lemma="--" pos="pu" morph="--" extra="--"/>
		</terminals>

		<nonterminals>
			<nt id="s11_500" cat="s">
				<edge label="UTT" idref="s11_501"/>
			</nt>
			<nt id="s11_501" cat="x">
				<edge label="X" idref="s11_1"/>
				<edge label="PU" idref="s11_2"/>
			</nt>
		</nonterminals>
	</graph>
</s>

<s id="s12" ref="12" source="Running text" forest="1" text="excesso sobejo sobejos mais...">
	<graph root="s12_500">
		<terminals>
			<t id="s12_1" word="excesso" lemma="excesso" pos="n" morph="M S" sem="amount act" extra="--"/>
			<t id="s12_2" word="sobejo" lemma="sobejo" pos="adj" morph="M S" extra="nh np-close"/>
			<t id="s12_3" word="sobejos" lemma="sobejo" pos="adj" morph="M P" extra="nh np-long"/>
			<t id="s12_4" word="mais" lemma="mais" pos="adv" morph="--" extra="quant KOMP"/>
			<t id="s12_5" word="." lemma="--" pos="pu" morph="--" extra="--"/>
		</terminals>

		<nonterminals>
			<nt id="s12_500" cat="s">
				<edge label="S" idref="s12_501"/>
			</nt>
			<nt id="s12_501" cat="np">
				<edge label="H" idref="s12_1"/>
				<edge label="DN" idref="s12_2"/>
				<edge label="DN" idref="s12_3"/>
				<edge label="fA" idref="s12_4"/>
				<edge label="PU" idref="s12_5"/>
			</nt>
		</nonterminals>
	</graph>
</s>

<s id="s13" ref="13" source="Running text" forest="1" text="16 sobe, 13 desce 2. Sobejar Por Daniel Fº(DF) em 01-07-2009 Sobrar;">
	<graph root="s13_500">
		<terminals>
			<t id="s13_1" word="16" lemma="16" pos="num" morph="M/F P" extra="card"/>
			<t id="s13_2" word="sobe" lemma="subir" pos="v-fin" morph="PR 3S IND VFIN" extra="cjt-head cjt-head-STA fmc mv"/>
			<t id="s13_3" word="," lemma="--" pos="pu" morph="--" extra="--"/>
			<t id="s13_4" word="13" lemma="13" pos="num" morph="M/F P" extra="card"/>
			<t id="s13_5" word="desce" lemma="descer" pos="v-fin" morph="PR 3S IND VFIN" extra="cjt-STA fmc mv"/>
			<t id="s13_6" word="2." lemma="2." pos="adj" morph="M/F S" extra="NUM-ord"/>
			<t id="s13_7" word="Sobejar_Por_Daniel_Fº" lemma="Sobejar_Por_Daniel_Fº" pos="prop" morph="M S" extra="hum * heur"/>
			<t id="s13_8" word="(" lemma="--" pos="pu" morph="--" extra="--"/>
			<t id="s13_9" word="DF" lemma="DF" pos="prop" morph="M S" extra="civ * np-close"/>
			<t id="s13_10" word=")" lemma="--" pos="pu" morph="--" extra="--"/>
			<t id="s13_11" word="em" lemma="em" pos="prp" morph="--" extra="--"/>
			<t id="s13_12" word="01-07-2009" lemma="01-07-2009" pos="num" morph="M/F S" extra="card"/>
			<t id="s13_13" word="Sobrar" lemma="sobrar" pos="v-inf" morph="--" extra="* vN mv"/>
			<t id="s13_14" word=";" lemma="--" pos="pu" morph="--" extra="--"/>
		</terminals>

		<nonterminals>
			<nt id="s13_500" cat="s">
				<edge label="STA" idref="s13_501"/>
			</nt>
			<nt id="s13_501" cat="par">
				<edge label="CJT" idref="s13_502"/>
				<edge label="PU" idref="s13_3"/>
				<edge label="CJT" idref="s13_503"/>
				<edge label="PU" idref="s13_14"/>
			</nt>
			<nt id="s13_502" cat="fcl">
				<edge label="Od" idref="s13_1"/>
				<edge label="P" idref="s13_2"/>
			</nt>
			<nt id="s13_503" cat="fcl">
				<edge label="Od" idref="s13_4"/>
				<edge label="P" idref="s13_5"/>
				<edge label="fCs" idref="s13_6"/>
				<edge label="S" idref="s13_504"/>
				<edge label="fA" idref="s13_505"/>
				<edge label="Od" idref="s13_13"/>
			</nt>
			<nt id="s13_504" cat="np">
				<edge label="H" idref="s13_7"/>
				<edge label="PU" idref="s13_8"/>
				<edge label="DNc" idref="s13_9"/>
				<edge label="PU" idref="s13_10"/>
			</nt>
			<nt id="s13_505" cat="pp">
				<edge label="H" idref="s13_11"/>
				<edge label="DP" idref="s13_12"/>
			</nt>
		</nonterminals>
	</graph>
</s>

<s id="s14" ref="14" source="Running text" forest="1" text="estar em demasia.">
	<graph root="s14_500">
		<terminals>
			<t id="s14_1" word="estar" lemma="estar" pos="v-inf" morph="--" extra="mv"/>
			<t id="s14_2" word="em_demasia" lemma="em_demasia" pos="adv" morph="--" sem="pp" extra="--"/>
			<t id="s14_3" word="." lemma="--" pos="pu" morph="--" extra="--"/>
		</terminals>

		<nonterminals>
			<nt id="s14_500" cat="s">
				<edge label="UTT" idref="s14_501"/>
			</nt>
			<nt id="s14_501" cat="icl">
				<edge label="P" idref="s14_1"/>
				<edge label="fA" idref="s14_2"/>
				<edge label="PU" idref="s14_3"/>
			</nt>
		</nonterminals>
	</graph>
</s>

<s id="s15" ref="15" source="Running text" forest="1" text="Ser excessivo.">
	<graph root="s15_500">
		<terminals>
			<t id="s15_1" word="Ser" lemma="ser" pos="v-inf" morph="--" extra="* vK mv"/>
			<t id="s15_2" word="excessivo" lemma="excessivo" pos="adj" morph="M S" extra="nh"/>
			<t id="s15_3" word="." lemma="--" pos="pu" morph="--" extra="--"/>
		</terminals>

		<nonterminals>
			<nt id="s15_500" cat="s">
				<edge label="UTT" idref="s15_501"/>
			</nt>
			<nt id="s15_501" cat="icl">
				<edge label="P" idref="s15_1"/>
				<edge label="Cs" idref="s15_2"/>
				<edge label="PU" idref="s15_3"/>
			</nt>
		</nonterminals>
	</graph>
</s>

<s id="s16" ref="16" source="Running text" forest="1" text="O encargo é o valor que sobejar o capital(juros) Compartilhar enviar nova definição enviar nova imagem denunciar abuso Outras Informações:Palavras com 7 letras A palavra possui 3 vogais -- o e a A palavra possui 4 consoantes -- s b j r 1 página -- 2 Definições respeito taj mahal quaieira arte crocodilo-da-américa.">
	<graph root="s16_500">
		<terminals>
			<t id="s16_1" word="O" lemma="o" pos="art" morph="M S" extra="* "/>
			<t id="s16_2" word="encargo" lemma="encargo" pos="n" morph="M S" sem="sem-c mon" extra="--"/>
			<t id="s16_3" word="é" lemma="ser" pos="v-fin" morph="PR 3S IND VFIN" extra="cjt-head cjt-head-STA vK fmc mv"/>
			<t id="s16_4" word="o" lemma="o" pos="art" morph="M S" extra="--"/>
			<t id="s16_5" word="valor" lemma="valor" pos="n" morph="M S" sem="am ac unit" extra="--"/>
			<t id="s16_6" word="que" lemma="que" pos="spec" morph="M S" extra="clb clb-fs rel"/>
			<t id="s16_7" word="sobejar" lemma="sobejar" pos="v-fin" morph="FUT 3S SUBJ VFIN" extra="vN mv np-close"/>
			<t id="s16_8" word="o" lemma="o" pos="art" morph="M S" extra="--"/>
			<t id="s16_9" word="capital" lemma="capital" pos="n" morph="M S" sem="mon" extra="cjt-head cjt-head-S"/>
			<t id="s16_10" word="(" lemma="--" pos="pu" morph="--" extra="--"/>
			<t id="s16_11" word="juros" lemma="juro" pos="n" morph="M P" sem="amount mon" extra="np-close"/>
			<t id="s16_12" word=")" lemma="--" pos="pu" morph="--" extra="--"/>
			<t id="s16_13" word="Compartilhar" lemma="Compartilhar" pos="prop" morph="M/F S" extra="cjt-S hum *"/>
			<t id="s16_14" word="enviar" lemma="enviar" pos="v-inf" morph="3S" extra="vH mv"/>
			<t id="s16_15" word="nova" lemma="novo" pos="adj" morph="F S" extra="jh"/>
			<t id="s16_16" word="definição" lemma="definição" pos="n" morph="F S" sem="sem-c" extra="--"/>
			<t id="s16_17" word="enviar" lemma="enviar" pos="v-inf" morph="--" extra="vH mv"/>
			<t id="s16_18" word="nova" lemma="novo" pos="adj" morph="F S" extra="jh"/>
			<t id="s16_19" word="imagem" lemma="imagem" pos="n" morph="F S" sem="pict sem-c ac-cat" extra="--"/>
			<t id="s16_20" word="denunciar" lemma="denunciar" pos="v-inf" morph="--" extra="vH mv"/>
			<t id="s16_21" word="abuso" lemma="abuso" pos="n" morph="M S" sem="activity" extra="--"/>
			<t id="s16_22" word="Outras_Informações" lemma="Outras_Informações" pos="prop" morph="M/F S" extra="hum * heur"/>
			<t id="s16_23" word=":Palavras" lemma=":Palavras" pos="n" morph="M S" extra="--"/>
			<t id="s16_24" word="com" lemma="com" pos="prp" morph="--" extra="--"/>
			<t id="s16_25" word="7" lemma="7" pos="num" morph="F P" extra="card"/>
			<t id="s16_26" word="letras" lemma="letra" pos="n" morph="F P" sem="ac-sign sem-r domain" extra="--"/>
			<t id="s16_27" word="A" lemma="o" pos="art" morph="F S" extra="* "/>
			<t id="s16_28" word="palavra" lemma="palavra" pos="n" morph="F S" sem="ac-cat act-s" extra="--"/>
			<t id="s16_29" word="possui" lemma="possuir" pos="v-fin" morph="PR 3S IND VFIN" extra="cjt-STA vH fmc mv"/>
			<t id="s16_30" word="3" lemma="3" pos="num" morph="M P" extra="card"/>
			<t id="s16_31" word="vogais" lemma="vogal" pos="n" morph="M P" sem="ac-cat H" extra="--"/>
			<t id="s16_32" word="--" lemma="--" pos="pu" morph="--" extra="--"/>
			<t id="s16_33" word="o" lemma="o" pos="art" morph="M S" extra="--"/>
			<t id="s16_34" word="e" lemma="e" pos="conj-c" morph="--" extra="--"/>
			<t id="s16_35" word="a" lemma="a" pos="prp" morph="--" extra="--"/>
			<t id="s16_36" word="A" lemma="o" pos="art" morph="F S" extra="* "/>
			<t id="s16_37" word="palavra" lemma="palavra" pos="n" morph="F S" sem="ac-cat act-s" extra="--"/>
			<t id="s16_38" word="possui" lemma="possuir" pos="v-fin" morph="PR 3S IND VFIN" extra="cjt-STA vH fmc mv"/>
			<t id="s16_39" word="4" lemma="4" pos="num" morph="F P" extra="card"/>
			<t id="s16_40" word="consoantes" lemma="consoante" pos="n" morph="F P" sem="ac-cat" extra="--"/>
			<t id="s16_41" word="--" lemma="--" pos="pu" morph="--" extra="--"/>
			<t id="s16_42" word="s" lemma="s" pos="n" morph="M S" sem="ac-sign" extra="--"/>
			<t id="s16_43" word="b" lemma="b" pos="n" morph="M S" sem="ac-sign" extra="--"/>
			<t id="s16_44" word="j" lemma="j" pos="n" morph="M S" sem="ac-sign" extra="--"/>
			<t id="s16_45" word="r" lemma="r" pos="n" morph="M S" sem="ac-sign" extra="--"/>
			<t id="s16_46" word="1" lemma="1" pos="num" morph="F S" extra="card"/>
			<t id="s16_47" word="página" lemma="página" pos="n" morph="F S" sem="cc-r" extra="--"/>
			<t id="s16_48" word="--" lemma="--" pos="pu" morph="--" extra="--"/>
			<t id="s16_49" word="2" lemma="2" pos="num" morph="F P" extra="card"/>
			<t id="s16_50" word="Definições" lemma="definição" pos="n" morph="F P" sem="sem-c" extra="prop *"/>
			<t id="s16_51" word="respeito" lemma="respeito" pos="n" morph="M S" sem="am ac sem-r" extra="cjt-head cjt-head-S"/>
			<t id="s16_52" word="taj" lemma="taj" pos="n" morph="M S" extra="cjt-S heur"/>
			<t id="s16_53" word="mahal" lemma="mahal" pos="adj" morph="M S" extra="np-close"/>
			<t id="s16_54" word="quaieira" lemma="quaieiro" pos="adj" morph="F S" extra="DERS jh"/>
			<t id="s16_55" word="arte" lemma="arte" pos="n" morph="F S" sem="domain" extra="cjt-S"/>
			<t id="s16_56" word="crocodilo-da-américa" lemma="crocodilo-da-américa" pos="n" morph="M S" sem="Azo Aich" extra="cjt-S"/>
			<t id="s16_57" word="." lemma="--" pos="pu" morph="--" extra="--"/>
		</terminals>

		<nonterminals>
			<nt id="s16_500" cat="s">
				<edge label="STA" idref="s16_501"/>
			</nt>
			<nt id="s16_501" cat="par">
				<edge label="CJT" idref="s16_502"/>
				<edge label="CJT" idref="s16_513"/>
				<edge label="CJT" idref="s16_514"/>
				<edge label="PU" idref="s16_57"/>
			</nt>
			<nt id="s16_502" cat="fcl">
				<edge label="S" idref="s16_503"/>
				<edge label="P" idref="s16_3"/>
				<edge label="Cs" idref="s16_504"/>
			</nt>
			<nt id="s16_503" cat="np">
				<edge label="DN" idref="s16_1"/>
				<edge label="H" idref="s16_2"/>
			</nt>
			<nt id="s16_504" cat="np">
				<edge label="DN" idref="s16_4"/>
				<edge label="H" idref="s16_5"/>
				<edge label="DN" idref="s16_505"/>
			</nt>
			<nt id="s16_505" cat="fcl">
				<edge label="S" idref="s16_6"/>
				<edge label="P" idref="s16_7"/>
				<edge label="S" idref="s16_506"/>
			</nt>
			<nt id="s16_506" cat="fcl">
				<edge label="S" idref="s16_507"/>
				<edge label="P" idref="s16_14"/>
				<edge label="Od" idref="s16_509"/>
				<edge label="UTT" idref="s16_510"/>
				<edge label="UTT" idref="s16_512"/>
			</nt>
			<nt id="s16_507" cat="par">
				<edge label="CJT" idref="s16_508"/>
				<edge label="CJT" idref="s16_13"/>
			</nt>
			<nt id="s16_508" cat="np">
				<edge label="DN" idref="s16_8"/>
				<edge label="H" idref="s16_9"/>
				<edge label="PU" idref="s16_10"/>
				<edge label="DNc" idref="s16_11"/>
				<edge label="PU" idref="s16_12"/>
			</nt>
			<nt id="s16_509" cat="np">
				<edge label="DN" idref="s16_15"/>
				<edge label="H" idref="s16_16"/>
			</nt>
			<nt id="s16_510" cat="icl">
				<edge label="P" idref="s16_17"/>
				<edge label="Od" idref="s16_511"/>
			</nt>
			<nt id="s16_511" cat="np">
				<edge label="DN" idref="s16_18"/>
				<edge label="H" idref="s16_19"/>
			</nt>
			<nt id="s16_512" cat="icl">
				<edge label="P" idref="s16_20"/>
				<edge label="Od" idref="s16_21"/>
			</nt>
			<nt id="s16_513" cat="fcl">
				<edge label="S" idref="s16_22"/>
			</nt>
			<nt id="s16_514" cat="fcl">
				<edge label="S" idref="s16_23"/>
				<edge label="fA" idref="s16_515"/>
				<edge label="S" idref="s16_517"/>
				<edge label="P" idref="s16_29"/>
				<edge label="Od" idref="s16_518"/>
				<edge label="Od" idref="s16_519"/>
				<edge label="fA" idref="s16_520"/>
				<edge label="P" idref="s16_38"/>
				<edge label="fCs" idref="s16_42"/>
				<edge label="fCs" idref="s16_43"/>
				<edge label="fCs" idref="s16_44"/>
				<edge label="fCs" idref="s16_45"/>
				<edge label="fCs" idref="s16_522"/>
				<edge label="fCs" idref="s16_523"/>
				<edge label="S" idref="s16_524"/>
			</nt>
			<nt id="s16_515" cat="pp">
				<edge label="H" idref="s16_24"/>
				<edge label="DP" idref="s16_516"/>
			</nt>
			<nt id="s16_516" cat="np">
				<edge label="DN" idref="s16_25"/>
				<edge label="H" idref="s16_26"/>
			</nt>
			<nt id="s16_517" cat="np">
				<edge label="DN" idref="s16_27"/>
				<edge label="H" idref="s16_28"/>
			</nt>
			<nt id="s16_518" cat="np">
				<edge label="DN" idref="s16_30"/>
				<edge label="H" idref="s16_31"/>
				<edge label="PU" idref="s16_32"/>
			</nt>
			<nt id="s16_519" cat="np">
				<edge label="DN" idref="s16_33"/>
				<edge label="CO" idref="s16_34"/>
				<edge label="DN" idref="s16_39"/>
				<edge label="H" idref="s16_40"/>
				<edge label="PU" idref="s16_41"/>
			</nt>
			<nt id="s16_520" cat="pp">
				<edge label="H" idref="s16_35"/>
				<edge label="DP" idref="s16_521"/>
			</nt>
			<nt id="s16_521" cat="np">
				<edge label="DN" idref="s16_36"/>
				<edge label="H" idref="s16_37"/>
			</nt>
			<nt id="s16_522" cat="np">
				<edge label="DN" idref="s16_46"/>
				<edge label="H" idref="s16_47"/>
				<edge label="PU" idref="s16_48"/>
			</nt>
			<nt id="s16_523" cat="np">
				<edge label="DN" idref="s16_49"/>
				<edge label="H" idref="s16_50"/>
			</nt>
			<nt id="s16_524" cat="par">
				<edge label="CJT" idref="s16_51"/>
				<edge label="CJT" idref="s16_525"/>
				<edge label="CJT" idref="s16_526"/>
				<edge label="CJT" idref="s16_56"/>
			</nt>
			<nt id="s16_525" cat="np">
				<edge label="H" idref="s16_52"/>
				<edge label="DN" idref="s16_53"/>
			</nt>
			<nt id="s16_526" cat="np">
				<edge label="DN" idref="s16_54"/>
				<edge label="H" idref="s16_55"/>
			</nt>
		</nonterminals>
	</graph>
</s>

	</body>
</corpus>
