<?xml version="1.0" encoding="UTF-8"?>
<corpus>

	<body>
<s id="s1" ref="1" source="Running text" forest="1" text="Sub-rogar 2 Definições encontradas.">
	<graph root="s1_500">
		<terminals>
			<t id="s1_1" word="Sub-rogar" lemma="sub-rogar" pos="v-inf" morph="--" extra="* vH mv"/>
			<t id="s1_2" word="2" lemma="2" pos="num" morph="F P" extra="card"/>
			<t id="s1_3" word="Definições" lemma="definição" pos="n" morph="F P" sem="sem-c" extra="prop *"/>
			<t id="s1_4" word="encontradas" lemma="encontrado" pos="adj" morph="F P" extra="nh np-close"/>
			<t id="s1_5" word="." lemma="--" pos="pu" morph="--" extra="--"/>
		</terminals>

		<nonterminals>
			<nt id="s1_500" cat="s">
				<edge label="UTT" idref="s1_501"/>
			</nt>
			<nt id="s1_501" cat="icl">
				<edge label="P" idref="s1_1"/>
				<edge label="Od" idref="s1_502"/>
				<edge label="PU" idref="s1_5"/>
			</nt>
			<nt id="s1_502" cat="np">
				<edge label="DN" idref="s1_2"/>
				<edge label="H" idref="s1_3"/>
				<edge label="DN" idref="s1_4"/>
			</nt>
		</nonterminals>
	</graph>
</s>

<s id="s2" ref="2" source="Running text" forest="1" text="Tweet Classificação morfossintática:">
	<graph root="s2_500">
		<terminals>
			<t id="s2_1" word="Tweet_Classificação" lemma="Tweet_Classificação" pos="prop" morph="M S" extra="common * heur"/>
			<t id="s2_2" word="morfossintática" lemma="morfossintático" pos="adj" morph="F S" extra="DERS jh np-close"/>
			<t id="s2_3" word=":" lemma="--" pos="pu" morph="--" extra="--"/>
		</terminals>

		<nonterminals>
			<nt id="s2_500" cat="s">
				<edge label="X" idref="s2_501"/>
			</nt>
			<nt id="s2_501" cat="np">
				<edge label="H" idref="s2_1"/>
				<edge label="DN" idref="s2_2"/>
				<edge label="PU" idref="s2_3"/>
			</nt>
		</nonterminals>
	</graph>
</s>

<s id="s3" ref="3" source="Running text" forest="1" text="Rogar, verbo infinitivo 1a pessoa singular de sub Rogar, verbo infinitivo 3a pessoa singular de sub Rogar, verbo futuro do subjuntivo 1a pessoa singular de sub Rogar, verbo futuro do subjuntivo 3a pessoa singular de sub Flexões da palavra Sub-rogar Significados de Sub-rogar:">
	<graph root="s3_500">
		<terminals>
			<t id="s3_1" word="Rogar" lemma="rogar" pos="v-inf" morph="--" extra="* vH mv"/>
			<t id="s3_2" word="," lemma="--" pos="pu" morph="--" extra="--"/>
			<t id="s3_3" word="verbo" lemma="verbo" pos="n" morph="M S" sem="ac-cat" extra="cjt-head cjt-head-S"/>
			<t id="s3_4" word="infinitivo" lemma="infinitivo" pos="adj" morph="M S" extra="np-close"/>
			<t id="s3_5" word="1a" lemma="1a" pos="num" morph="F P" extra="card"/>
			<t id="s3_6" word="pessoa" lemma="pessoa" pos="n" morph="F P" sem="H" extra="cjt-S"/>
			<t id="s3_7" word="singular" lemma="singular" pos="adj" morph="F S" extra="jh np-close"/>
			<t id="s3_8" word="de" lemma="de" pos="prp" morph="--" extra="np-close"/>
			<t id="s3_9" word="sub" lemma="sub" pos="n" morph="M S" extra="heur"/>
			<t id="s3_10" word="Rogar" lemma="Rogar" pos="prop" morph="M S" extra="hum * np-close"/>
			<t id="s3_11" word="," lemma="--" pos="pu" morph="--" extra="--"/>
			<t id="s3_12" word="verbo" lemma="verbo" pos="n" morph="M S" sem="ac-cat" extra="np-close"/>
			<t id="s3_13" word="infinitivo" lemma="infinitivo" pos="adj" morph="M S" extra="np-close"/>
			<t id="s3_14" word="3a" lemma="3a" pos="num" morph="F P" extra="card"/>
			<t id="s3_15" word="pessoa" lemma="pessoa" pos="n" morph="F P" sem="H" extra="cjt-head cjt-head-Od"/>
			<t id="s3_16" word="singular" lemma="singular" pos="adj" morph="F S" extra="jh np-close"/>
			<t id="s3_17" word="de" lemma="de" pos="prp" morph="--" extra="np-close"/>
			<t id="s3_18" word="sub" lemma="sub" pos="n" morph="M S" extra="heur"/>
			<t id="s3_19" word="Rogar" lemma="Rogar" pos="prop" morph="M S" extra="hum * np-close"/>
			<t id="s3_20" word="," lemma="--" pos="pu" morph="--" extra="--"/>
			<t id="s3_21" word="verbo" lemma="verbo" pos="n" morph="M S" sem="ac-cat" extra="np-close"/>
			<t id="s3_22" word="futuro" lemma="futuro" pos="adj" morph="M S" extra="np-close"/>
			<t id="s3_23" word="de" lemma="de" pos="prp" morph="--" extra="sam- np-close"/>
			<t id="s3_24" word="o" lemma="o" pos="art" morph="M S" extra="-sam "/>
			<t id="s3_25" word="subjuntivo" lemma="subjuntivo" pos="n" morph="M S" sem="ac-cat" extra="--"/>
			<t id="s3_26" word="1a" lemma="1a" pos="num" morph="F P" extra="card"/>
			<t id="s3_27" word="pessoa" lemma="pessoa" pos="n" morph="F P" sem="H" extra="cjt-Od"/>
			<t id="s3_28" word="singular" lemma="singular" pos="adj" morph="F S" extra="jh np-close"/>
			<t id="s3_29" word="de" lemma="de" pos="prp" morph="--" extra="np-close"/>
			<t id="s3_30" word="sub" lemma="sub" pos="n" morph="M S" extra="heur"/>
			<t id="s3_31" word="Rogar" lemma="Rogar" pos="prop" morph="M S" extra="hum * np-close"/>
			<t id="s3_32" word="," lemma="--" pos="pu" morph="--" extra="--"/>
			<t id="s3_33" word="verbo" lemma="verbo" pos="n" morph="M S" sem="ac-cat" extra="cjt-Od"/>
			<t id="s3_34" word="futuro" lemma="futuro" pos="adj" morph="M S" extra="np-close"/>
			<t id="s3_35" word="de" lemma="de" pos="prp" morph="--" extra="sam- np-close"/>
			<t id="s3_36" word="o" lemma="o" pos="art" morph="M S" extra="-sam "/>
			<t id="s3_37" word="subjuntivo" lemma="subjuntivo" pos="n" morph="M S" sem="ac-cat" extra="--"/>
			<t id="s3_38" word="3a" lemma="3a" pos="num" morph="F P" extra="card"/>
			<t id="s3_39" word="pessoa" lemma="pessoa" pos="n" morph="F P" sem="H" extra="cjt-Od"/>
			<t id="s3_40" word="singular" lemma="singular" pos="adj" morph="F S" extra="jh np-close"/>
			<t id="s3_41" word="de" lemma="de" pos="prp" morph="--" extra="np-close"/>
			<t id="s3_42" word="sub" lemma="sub" pos="n" morph="M S" extra="heur"/>
			<t id="s3_43" word="Flexões" lemma="Flexões" pos="prop" morph="M S" extra="hum * np-close"/>
			<t id="s3_44" word="de" lemma="de" pos="prp" morph="--" extra="sam-"/>
			<t id="s3_45" word="a" lemma="o" pos="art" morph="F S" extra="clb -sam artd"/>
			<t id="s3_46" word="palavra" lemma="palavra" pos="n" morph="F S" sem="ac-cat act-s" extra="--"/>
			<t id="s3_47" word="Sub-rogar" lemma="sub-rogar" pos="v-inf" morph="3S" extra="* vH mv"/>
			<t id="s3_48" word="Significados_de_Sub-rogar" lemma="Significados_de_Sub-rogar" pos="prop" morph="M/F S" extra="hum * heur"/>
			<t id="s3_49" word=":" lemma="--" pos="pu" morph="--" extra="--"/>
		</terminals>

		<nonterminals>
			<nt id="s3_500" cat="s">
				<edge label="UTT" idref="s3_501"/>
			</nt>
			<nt id="s3_501" cat="fcl">
				<edge label="P" idref="s3_1"/>
				<edge label="PU" idref="s3_2"/>
				<edge label="S" idref="s3_502"/>
				<edge label="Od" idref="s3_509"/>
				<edge label="fA" idref="s3_526"/>
				<edge label="PU" idref="s3_49"/>
			</nt>
			<nt id="s3_502" cat="par">
				<edge label="CJT" idref="s3_503"/>
				<edge label="CJT" idref="s3_504"/>
			</nt>
			<nt id="s3_503" cat="np">
				<edge label="H" idref="s3_3"/>
				<edge label="DN" idref="s3_4"/>
			</nt>
			<nt id="s3_504" cat="np">
				<edge label="DN" idref="s3_5"/>
				<edge label="H" idref="s3_6"/>
				<edge label="DN" idref="s3_7"/>
				<edge label="DN" idref="s3_505"/>
			</nt>
			<nt id="s3_505" cat="pp">
				<edge label="H" idref="s3_8"/>
				<edge label="DP" idref="s3_506"/>
			</nt>
			<nt id="s3_506" cat="np">
				<edge label="H" idref="s3_9"/>
				<edge label="DN" idref="s3_507"/>
			</nt>
			<nt id="s3_507" cat="np">
				<edge label="H" idref="s3_10"/>
				<edge label="PU" idref="s3_11"/>
				<edge label="DNc" idref="s3_508"/>
			</nt>
			<nt id="s3_508" cat="np">
				<edge label="H" idref="s3_12"/>
				<edge label="DN" idref="s3_13"/>
			</nt>
			<nt id="s3_509" cat="par">
				<edge label="CJT" idref="s3_510"/>
				<edge label="CJT" idref="s3_517"/>
				<edge label="PU" idref="s3_32"/>
				<edge label="CJT" idref="s3_520"/>
				<edge label="CJT" idref="s3_523"/>
			</nt>
			<nt id="s3_510" cat="np">
				<edge label="DN" idref="s3_14"/>
				<edge label="H" idref="s3_15"/>
				<edge label="DN" idref="s3_16"/>
				<edge label="DN" idref="s3_511"/>
			</nt>
			<nt id="s3_511" cat="pp">
				<edge label="H" idref="s3_17"/>
				<edge label="DP" idref="s3_512"/>
			</nt>
			<nt id="s3_512" cat="np">
				<edge label="H" idref="s3_18"/>
				<edge label="DN" idref="s3_513"/>
			</nt>
			<nt id="s3_513" cat="np">
				<edge label="H" idref="s3_19"/>
				<edge label="PU" idref="s3_20"/>
				<edge label="DNc" idref="s3_514"/>
			</nt>
			<nt id="s3_514" cat="np">
				<edge label="H" idref="s3_21"/>
				<edge label="DN" idref="s3_22"/>
				<edge label="DN" idref="s3_515"/>
			</nt>
			<nt id="s3_515" cat="pp">
				<edge label="H" idref="s3_23"/>
				<edge label="DP" idref="s3_516"/>
			</nt>
			<nt id="s3_516" cat="np">
				<edge label="DN" idref="s3_24"/>
				<edge label="H" idref="s3_25"/>
			</nt>
			<nt id="s3_517" cat="np">
				<edge label="DN" idref="s3_26"/>
				<edge label="H" idref="s3_27"/>
				<edge label="DN" idref="s3_28"/>
				<edge label="DN" idref="s3_518"/>
			</nt>
			<nt id="s3_518" cat="pp">
				<edge label="H" idref="s3_29"/>
				<edge label="DP" idref="s3_519"/>
			</nt>
			<nt id="s3_519" cat="np">
				<edge label="H" idref="s3_30"/>
				<edge label="DN" idref="s3_31"/>
			</nt>
			<nt id="s3_520" cat="np">
				<edge label="H" idref="s3_33"/>
				<edge label="DN" idref="s3_34"/>
				<edge label="DN" idref="s3_521"/>
			</nt>
			<nt id="s3_521" cat="pp">
				<edge label="H" idref="s3_35"/>
				<edge label="DP" idref="s3_522"/>
			</nt>
			<nt id="s3_522" cat="np">
				<edge label="DN" idref="s3_36"/>
				<edge label="H" idref="s3_37"/>
			</nt>
			<nt id="s3_523" cat="np">
				<edge label="DN" idref="s3_38"/>
				<edge label="H" idref="s3_39"/>
				<edge label="DN" idref="s3_40"/>
				<edge label="DN" idref="s3_524"/>
			</nt>
			<nt id="s3_524" cat="pp">
				<edge label="H" idref="s3_41"/>
				<edge label="DP" idref="s3_525"/>
			</nt>
			<nt id="s3_525" cat="np">
				<edge label="H" idref="s3_42"/>
				<edge label="DN" idref="s3_43"/>
			</nt>
			<nt id="s3_526" cat="pp">
				<edge label="H" idref="s3_44"/>
				<edge label="DP" idref="s3_527"/>
			</nt>
			<nt id="s3_527" cat="fcl">
				<edge label="S" idref="s3_528"/>
				<edge label="P" idref="s3_47"/>
				<edge label="Od" idref="s3_48"/>
			</nt>
			<nt id="s3_528" cat="np">
				<edge label="DN" idref="s3_45"/>
				<edge label="H" idref="s3_46"/>
			</nt>
		</nonterminals>
	</graph>
</s>

<s id="s4" ref="4" source="Running text" forest="1" text="76 sobe, 29 desce 1. Sub-rogar Por Herivelto Biondo(SP) em 10-10-2008 Pôr em lugar de alguém;">
	<graph root="s4_500">
		<terminals>
			<t id="s4_1" word="76" lemma="76" pos="num" morph="M/F S" extra="card"/>
			<t id="s4_2" word="sobe" lemma="subir" pos="v-fin" morph="PR 3S IND VFIN" extra="cjt-head cjt-head-STA fmc mv"/>
			<t id="s4_3" word="," lemma="--" pos="pu" morph="--" extra="--"/>
			<t id="s4_4" word="29" lemma="29" pos="num" morph="M/F P" extra="card"/>
			<t id="s4_5" word="desce" lemma="descer" pos="v-fin" morph="PR 3S IND VFIN" extra="cjt-STA fmc mv"/>
			<t id="s4_6" word="1." lemma="1." pos="adj" morph="M/F S" extra="NUM-ord"/>
			<t id="s4_7" word="Sub-rogar" lemma="sub-rogar" pos="v-inf" morph="--" extra="* vH mv"/>
			<t id="s4_8" word="Por_Herivelto_Biondo" lemma="Por_Herivelto_Biondo" pos="prop" morph="M S" extra="hum * heur"/>
			<t id="s4_9" word="(" lemma="--" pos="pu" morph="--" extra="--"/>
			<t id="s4_10" word="SP" lemma="SP" pos="prop" morph="M S" extra="civ * np-close"/>
			<t id="s4_11" word=")" lemma="--" pos="pu" morph="--" extra="--"/>
			<t id="s4_12" word="em" lemma="em" pos="prp" morph="--" extra="--"/>
			<t id="s4_13" word="10-10-2008" lemma="10-10-2008" pos="num" morph="M/F S" extra="card"/>
			<t id="s4_14" word="Pôr" lemma="pôr" pos="v-inf" morph="--" extra="* mv"/>
			<t id="s4_15" word="em_lugar_de" lemma="em_lugar_de" pos="prp" morph="--" extra="--"/>
			<t id="s4_16" word="alguém" lemma="alguém" pos="spec" morph="M S" extra="--"/>
			<t id="s4_17" word=";" lemma="--" pos="pu" morph="--" extra="--"/>
		</terminals>

		<nonterminals>
			<nt id="s4_500" cat="s">
				<edge label="STA" idref="s4_501"/>
			</nt>
			<nt id="s4_501" cat="par">
				<edge label="CJT" idref="s4_502"/>
				<edge label="PU" idref="s4_3"/>
				<edge label="CJT" idref="s4_503"/>
				<edge label="PU" idref="s4_17"/>
			</nt>
			<nt id="s4_502" cat="fcl">
				<edge label="S" idref="s4_1"/>
				<edge label="P" idref="s4_2"/>
			</nt>
			<nt id="s4_503" cat="fcl">
				<edge label="Od" idref="s4_4"/>
				<edge label="P" idref="s4_5"/>
				<edge label="fCs" idref="s4_6"/>
				<edge label="S" idref="s4_504"/>
			</nt>
			<nt id="s4_504" cat="icl">
				<edge label="P" idref="s4_7"/>
				<edge label="Od" idref="s4_505"/>
				<edge label="fA" idref="s4_506"/>
				<edge label="UTT" idref="s4_507"/>
			</nt>
			<nt id="s4_505" cat="np">
				<edge label="H" idref="s4_8"/>
				<edge label="PU" idref="s4_9"/>
				<edge label="DNc" idref="s4_10"/>
				<edge label="PU" idref="s4_11"/>
			</nt>
			<nt id="s4_506" cat="pp">
				<edge label="H" idref="s4_12"/>
				<edge label="DP" idref="s4_13"/>
			</nt>
			<nt id="s4_507" cat="icl">
				<edge label="P" idref="s4_14"/>
				<edge label="fA" idref="s4_508"/>
			</nt>
			<nt id="s4_508" cat="pp">
				<edge label="H" idref="s4_15"/>
				<edge label="DP" idref="s4_16"/>
			</nt>
		</nonterminals>
	</graph>
</s>

<s id="s5" ref="5" source="Running text" forest="1" text="substituir.">
	<graph root="s5_500">
		<terminals>
			<t id="s5_1" word="substituir" lemma="substituir" pos="v-inf" morph="--" extra="vH mv"/>
			<t id="s5_2" word="." lemma="--" pos="pu" morph="--" extra="--"/>
		</terminals>

		<nonterminals>
			<nt id="s5_500" cat="s">
				<edge label="UTT" idref="s5_501"/>
			</nt>
			<nt id="s5_501" cat="x">
				<edge label="UTT" idref="s5_1"/>
				<edge label="PU" idref="s5_2"/>
			</nt>
		</nonterminals>
	</graph>
</s>

<s id="s6" ref="6" source="Running text" forest="1" text="/ Transferir, passar a outrem.">
	<graph root="s6_500">
		<terminals>
			<t id="s6_1" word="/" lemma="$/" pos="conj-c" morph="--" extra="--"/>
			<t id="s6_2" word="Transferir" lemma="Transferir" pos="prop" morph="M/F S" extra="hum *"/>
			<t id="s6_3" word="," lemma="--" pos="pu" morph="--" extra="--"/>
			<t id="s6_4" word="passar" lemma="passar" pos="v-inf" morph="--" extra="mv"/>
			<t id="s6_5" word="a" lemma="a" pos="prp" morph="--" extra="--"/>
			<t id="s6_6" word="outrem" lemma="outrem" pos="spec" morph="M S" extra="diff"/>
			<t id="s6_7" word="." lemma="--" pos="pu" morph="--" extra="--"/>
		</terminals>

		<nonterminals>
			<nt id="s6_500" cat="s">
				<edge label="X" idref="s6_501"/>
			</nt>
			<nt id="s6_501" cat="np">
				<edge label="CO" idref="s6_1"/>
				<edge label="H" idref="s6_2"/>
				<edge label="PU" idref="s6_3"/>
				<edge label="UTT" idref="s6_502"/>
				<edge label="P" idref="s6_4"/>
				<edge label="fA" idref="s6_503"/>
				<edge label="PU" idref="s6_7"/>
			</nt>
			<nt id="s6_502" cat="icl">
			</nt>
			<nt id="s6_503" cat="pp">
				<edge label="H" idref="s6_5"/>
				<edge label="DP" idref="s6_6"/>
			</nt>
		</nonterminals>
	</graph>
</s>

<s id="s7" ref="7" source="Running text" forest="1" text="/ Dir.">
	<graph root="s7_500">
		<terminals>
			<t id="s7_1" word="/" lemma="$/" pos="conj-c" morph="--" extra="--"/>
			<t id="s7_2" word="Dir" lemma="Dir" pos="prop" morph="M/F S" extra="hum *"/>
			<t id="s7_3" word="." lemma="--" pos="pu" morph="--" extra="--"/>
		</terminals>

		<nonterminals>
			<nt id="s7_500" cat="s">
				<edge label="X" idref="s7_501"/>
			</nt>
			<nt id="s7_501" cat="np">
				<edge label="CO" idref="s7_1"/>
				<edge label="H" idref="s7_2"/>
				<edge label="PU" idref="s7_3"/>
			</nt>
		</nonterminals>
	</graph>
</s>

<s id="s8" ref="8" source="Running text" forest="1" text="Designar uma pessoa para preencher ou exercer os direitos de outra A deve cem a B, mas C resolve pagar essa dívida, então B vai se satisfazer e A vai passar a dever a C. Via de regra não há prejuízo para o devedor que passa a dever a outrem.">
	<graph root="s8_500">
		<terminals>
			<t id="s8_1" word="Designar" lemma="designar" pos="v-inf" morph="--" extra="* mv"/>
			<t id="s8_2" word="uma" lemma="uma" pos="num" morph="F S" extra="card"/>
			<t id="s8_3" word="pessoa" lemma="pessoa" pos="n" morph="F S" sem="H" extra="--"/>
			<t id="s8_4" word="para" lemma="para" pos="prp" morph="--" extra="--"/>
			<t id="s8_5" word="preencher" lemma="preencher" pos="v-inf" morph="--" extra="vH mv"/>
			<t id="s8_6" word="ou" lemma="ou" pos="conj-c" morph="--" extra="--"/>
			<t id="s8_7" word="exercer" lemma="exercer" pos="v-inf" morph="--" extra="vH mv"/>
			<t id="s8_8" word="os" lemma="o" pos="art" morph="M P" extra="--"/>
			<t id="s8_9" word="direitos" lemma="direito" pos="n" morph="M P" sem="domain f-right mon" extra="--"/>
			<t id="s8_10" word="de" lemma="de" pos="prp" morph="--" extra="np-close"/>
			<t id="s8_11" word="outra" lemma="outro" pos="pron-indef" morph="DET F S" extra="diff KOMP"/>
			<t id="s8_12" word="A" lemma="ela" pos="pron-pers" morph="F 3S ACC" extra="*"/>
			<t id="s8_13" word="deve" lemma="dever" pos="v-fin" morph="PR 3S IND VFIN" extra="predco predco predco predco fmc mv"/>
			<t id="s8_14" word="cem" lemma="cem" pos="num" morph="M/F P" extra="card"/>
			<t id="s8_15" word="a" lemma="a" pos="prp" morph="--" extra="--"/>
			<t id="s8_16" word="B" lemma="b" pos="n" morph="M S" extra="prop *"/>
			<t id="s8_17" word="," lemma="--" pos="pu" morph="--" extra="--"/>
			<t id="s8_18" word="mas" lemma="mas" pos="conj-c" morph="--" extra="clb"/>
			<t id="s8_19" word="C" lemma="c" pos="n" morph="M S" extra="prop *"/>
			<t id="s8_20" word="resolve" lemma="resolver" pos="v-fin" morph="PR 3S IND VFIN" extra="cjt-STA vH fmc mv"/>
			<t id="s8_21" word="pagar" lemma="pagar" pos="v-inf" morph="--" extra="vH mv"/>
			<t id="s8_22" word="essa" lemma="esse" pos="pron-dem" morph="DET F S" extra="dem"/>
			<t id="s8_23" word="dívida" lemma="dívida" pos="n" morph="F S" sem="mon" extra="--"/>
			<t id="s8_24" word="," lemma="--" pos="pu" morph="--" extra="--"/>
			<t id="s8_25" word="então" lemma="então" pos="adv" morph="--" extra="kc"/>
			<t id="s8_26" word="B" lemma="b" pos="n" morph="M S" extra="prop *"/>
			<t id="s8_27" word="vai" lemma="ir" pos="v-fin" morph="PR 3S IND VFIN" extra="cjt-STA fmc aux"/>
			<t id="s8_28" word="se" lemma="se" pos="pron-pers" morph="M/F 3S ACC" extra="obj pass"/>
			<t id="s8_29" word="satisfazer" lemma="satisfazer" pos="v-inf" morph="--" extra="vH mv"/>
			<t id="s8_30" word="e" lemma="e" pos="conj-c" morph="--" extra="--"/>
			<t id="s8_31" word="A" lemma="ela" pos="pron-pers" morph="F 3S ACC" extra="*"/>
			<t id="s8_32" word="vai" lemma="ir" pos="v-fin" morph="PR 3S IND VFIN" extra="nosubj cjt-STA fmc aux"/>
			<t id="s8_33" word="passar" lemma="passar" pos="v-inf" morph="--" extra="aux"/>
			<t id="s8_34" word="a" lemma="a" pos="prp" morph="--" extra="--"/>
			<t id="s8_35" word="dever" lemma="dever" pos="v-inf" morph="--" extra="mv"/>
			<t id="s8_36" word="a" lemma="o" pos="art" morph="F S" extra="--"/>
			<t id="s8_37" word="C._Via_de_regra" lemma="C._Via_de_regra" pos="prop" morph="F S" extra="tit *"/>
			<t id="s8_38" word="não" lemma="não" pos="adv" morph="--" extra="--"/>
			<t id="s8_39" word="há" lemma="haver" pos="v-fin" morph="PR 3S IND VFIN" extra="cjt-STA fmc mv"/>
			<t id="s8_40" word="prejuízo" lemma="prejuízo" pos="n" morph="M S" sem="sem-c" extra="--"/>
			<t id="s8_41" word="para" lemma="para" pos="prp" morph="--" extra="--"/>
			<t id="s8_42" word="o" lemma="o" pos="art" morph="M S" extra="--"/>
			<t id="s8_43" word="devedor" lemma="devedor" pos="n" morph="M S" sem="H" extra="--"/>
			<t id="s8_44" word="que" lemma="que" pos="spec" morph="M S" extra="clb clb-fs rel"/>
			<t id="s8_45" word="passa" lemma="passar" pos="v-fin" morph="PR 3S IND VFIN" extra="aux np-close"/>
			<t id="s8_46" word="a" lemma="a" pos="prp" morph="--" extra="--"/>
			<t id="s8_47" word="dever" lemma="dever" pos="v-inf" morph="--" extra="mv"/>
			<t id="s8_48" word="a" lemma="a" pos="prp" morph="--" extra="--"/>
			<t id="s8_49" word="outrem" lemma="outrem" pos="spec" morph="M S" extra="diff"/>
			<t id="s8_50" word="." lemma="--" pos="pu" morph="--" extra="--"/>
		</terminals>

		<nonterminals>
			<nt id="s8_500" cat="s">
				<edge label="STA" idref="s8_501"/>
			</nt>
			<nt id="s8_501" cat="fcl">
				<edge label="S" idref="s8_502"/>
				<edge label="Od" idref="s8_12"/>
				<edge label="X" idref="s8_508"/>
				<edge label="PU" idref="s8_50"/>
			</nt>
			<nt id="s8_502" cat="icl">
				<edge label="P" idref="s8_1"/>
				<edge label="Od" idref="s8_503"/>
				<edge label="fA" idref="s8_504"/>
			</nt>
			<nt id="s8_503" cat="np">
				<edge label="DN" idref="s8_2"/>
				<edge label="H" idref="s8_3"/>
			</nt>
			<nt id="s8_504" cat="pp">
				<edge label="H" idref="s8_4"/>
				<edge label="DP" idref="s8_5"/>
				<edge label="CO" idref="s8_6"/>
				<edge label="DP" idref="s8_505"/>
			</nt>
			<nt id="s8_505" cat="icl">
				<edge label="P" idref="s8_7"/>
				<edge label="Od" idref="s8_506"/>
			</nt>
			<nt id="s8_506" cat="np">
				<edge label="DN" idref="s8_8"/>
				<edge label="H" idref="s8_9"/>
				<edge label="DN" idref="s8_507"/>
			</nt>
			<nt id="s8_507" cat="pp">
				<edge label="H" idref="s8_10"/>
				<edge label="DP" idref="s8_11"/>
			</nt>
			<nt id="s8_508" cat="par">
				<edge label="CJT" idref="s8_509"/>
				<edge label="PU" idref="s8_17"/>
				<edge label="CO" idref="s8_18"/>
				<edge label="CJT" idref="s8_511"/>
				<edge label="PU" idref="s8_24"/>
				<edge label="CJT" idref="s8_514"/>
				<edge label="CJT" idref="s8_516"/>
				<edge label="CJT" idref="s8_518"/>
			</nt>
			<nt id="s8_509" cat="x">
				<edge label="P" idref="s8_13"/>
				<edge label="Cs" idref="s8_14"/>
				<edge label="Op" idref="s8_510"/>
			</nt>
			<nt id="s8_510" cat="pp">
				<edge label="H" idref="s8_15"/>
				<edge label="DP" idref="s8_16"/>
			</nt>
			<nt id="s8_511" cat="fcl">
				<edge label="S" idref="s8_19"/>
				<edge label="P" idref="s8_20"/>
				<edge label="Od" idref="s8_512"/>
			</nt>
			<nt id="s8_512" cat="icl">
				<edge label="P" idref="s8_21"/>
				<edge label="Od" idref="s8_513"/>
			</nt>
			<nt id="s8_513" cat="np">
				<edge label="DN" idref="s8_22"/>
				<edge label="H" idref="s8_23"/>
			</nt>
			<nt id="s8_514" cat="fcl">
				<edge label="fA" idref="s8_25"/>
				<edge label="S" idref="s8_26"/>
				<edge label="P" idref="s8_515"/>
				<edge label="Od" idref="s8_28"/>
			</nt>
			<nt id="s8_515" cat="vp">
				<edge label="Vaux" idref="s8_27"/>
				<edge label="Vm" idref="s8_29"/>
				<edge label="CO" idref="s8_30"/>
			</nt>
			<nt id="s8_516" cat="x">
				<edge label="Od" idref="s8_31"/>
				<edge label="P" idref="s8_517"/>
			</nt>
			<nt id="s8_517" cat="vp">
				<edge label="Vaux" idref="s8_32"/>
				<edge label="Vaux" idref="s8_33"/>
				<edge label="SUBaux" idref="s8_34"/>
				<edge label="Vm" idref="s8_35"/>
			</nt>
			<nt id="s8_518" cat="fcl">
				<edge label="S" idref="s8_519"/>
				<edge label="fA" idref="s8_38"/>
				<edge label="P" idref="s8_39"/>
				<edge label="Od" idref="s8_40"/>
				<edge label="fA" idref="s8_520"/>
			</nt>
			<nt id="s8_519" cat="np">
				<edge label="DN" idref="s8_36"/>
				<edge label="H" idref="s8_37"/>
			</nt>
			<nt id="s8_520" cat="pp">
				<edge label="H" idref="s8_41"/>
				<edge label="DP" idref="s8_521"/>
			</nt>
			<nt id="s8_521" cat="np">
				<edge label="DN" idref="s8_42"/>
				<edge label="H" idref="s8_43"/>
				<edge label="DN" idref="s8_522"/>
			</nt>
			<nt id="s8_522" cat="fcl">
				<edge label="S" idref="s8_44"/>
				<edge label="P" idref="s8_523"/>
				<edge label="Op" idref="s8_524"/>
			</nt>
			<nt id="s8_523" cat="vp">
				<edge label="Vaux" idref="s8_45"/>
				<edge label="SUBaux" idref="s8_46"/>
				<edge label="Vm" idref="s8_47"/>
			</nt>
			<nt id="s8_524" cat="pp">
				<edge label="H" idref="s8_48"/>
				<edge label="DP" idref="s8_49"/>
			</nt>
		</nonterminals>
	</graph>
</s>

<s id="s9" ref="9" source="Running text" forest="1" text="Compartilhar enviar nova definição enviar nova imagem denunciar abuso Sinônimos:">
	<graph root="s9_500">
		<terminals>
			<t id="s9_1" word="Compartilhar" lemma="compartilhar" pos="v-inf" morph="--" extra="* vH mv"/>
			<t id="s9_2" word="enviar" lemma="enviar" pos="v-inf" morph="--" extra="vH mv"/>
			<t id="s9_3" word="nova" lemma="novo" pos="adj" morph="F S" extra="jh"/>
			<t id="s9_4" word="definição" lemma="definição" pos="n" morph="F S" sem="sem-c" extra="--"/>
			<t id="s9_5" word="enviar" lemma="enviar" pos="v-inf" morph="--" extra="vH mv"/>
			<t id="s9_6" word="nova" lemma="novo" pos="adj" morph="F S" extra="jh"/>
			<t id="s9_7" word="imagem" lemma="imagem" pos="n" morph="F S" sem="pict sem-c ac-cat" extra="--"/>
			<t id="s9_8" word="denunciar" lemma="denunciar" pos="v-inf" morph="--" extra="vH mv"/>
			<t id="s9_9" word="abuso" lemma="abuso" pos="n" morph="M S" sem="activity" extra="--"/>
			<t id="s9_10" word="Sinônimos" lemma="Sinônimos" pos="prop" morph="M S" extra="hum * np-close"/>
			<t id="s9_11" word=":" lemma="--" pos="pu" morph="--" extra="--"/>
		</terminals>

		<nonterminals>
			<nt id="s9_500" cat="s">
				<edge label="UTT" idref="s9_501"/>
			</nt>
			<nt id="s9_501" cat="icl">
				<edge label="P" idref="s9_1"/>
				<edge label="Od" idref="s9_502"/>
				<edge label="PU" idref="s9_11"/>
			</nt>
			<nt id="s9_502" cat="icl">
				<edge label="P" idref="s9_2"/>
				<edge label="Od" idref="s9_503"/>
				<edge label="UTT" idref="s9_504"/>
				<edge label="UTT" idref="s9_506"/>
			</nt>
			<nt id="s9_503" cat="np">
				<edge label="DN" idref="s9_3"/>
				<edge label="H" idref="s9_4"/>
			</nt>
			<nt id="s9_504" cat="icl">
				<edge label="P" idref="s9_5"/>
				<edge label="Od" idref="s9_505"/>
			</nt>
			<nt id="s9_505" cat="np">
				<edge label="DN" idref="s9_6"/>
				<edge label="H" idref="s9_7"/>
			</nt>
			<nt id="s9_506" cat="icl">
				<edge label="P" idref="s9_8"/>
				<edge label="Od" idref="s9_507"/>
			</nt>
			<nt id="s9_507" cat="np">
				<edge label="H" idref="s9_9"/>
				<edge label="DN" idref="s9_10"/>
			</nt>
		</nonterminals>
	</graph>
</s>

<s id="s10" ref="10" source="Running text" forest="1" text="substituir substabelecer mais...">
	<graph root="s10_500">
		<terminals>
			<t id="s10_1" word="substituir" lemma="substituir" pos="v-inf" morph="--" extra="vH mv"/>
			<t id="s10_2" word="substabelecer" lemma="substabelecer" pos="v-inf" morph="--" extra="vH mv"/>
			<t id="s10_3" word="mais" lemma="mais" pos="adv" morph="--" extra="--"/>
			<t id="s10_4" word="." lemma="--" pos="pu" morph="--" extra="--"/>
		</terminals>

		<nonterminals>
			<nt id="s10_500" cat="s">
				<edge label="UTT" idref="s10_501"/>
			</nt>
			<nt id="s10_501" cat="icl">
				<edge label="P" idref="s10_1"/>
				<edge label="Od" idref="s10_502"/>
				<edge label="PU" idref="s10_4"/>
			</nt>
			<nt id="s10_502" cat="icl">
				<edge label="P" idref="s10_2"/>
				<edge label="fA" idref="s10_3"/>
			</nt>
		</nonterminals>
	</graph>
</s>

<s id="s11" ref="11" source="Running text" forest="1" text="Relacionadas:">
	<graph root="s11_500">
		<terminals>
			<t id="s11_1" word="Relacionadas" lemma="relacionado" pos="adj" morph="F P" extra="* nh"/>
			<t id="s11_2" word=":" lemma="--" pos="pu" morph="--" extra="--"/>
		</terminals>

		<nonterminals>
			<nt id="s11_500" cat="s">
				<edge label="UTT" idref="s11_501"/>
			</nt>
			<nt id="s11_501" cat="x">
				<edge label="X" idref="s11_1"/>
				<edge label="PU" idref="s11_2"/>
			</nt>
		</nonterminals>
	</graph>
</s>

<s id="s12" ref="12" source="Running text" forest="1" text="pagamento jurídica trocar permutar mais...">
	<graph root="s12_500">
		<terminals>
			<t id="s12_1" word="pagamento" lemma="pagamento" pos="n" morph="M S" sem="act" extra="--"/>
			<t id="s12_2" word="jurídica" lemma="jurídico" pos="adj" morph="F S" extra="nh np-close"/>
			<t id="s12_3" word="trocar" lemma="trocar" pos="v-inf" morph="3S" extra="vH mv"/>
			<t id="s12_4" word="permutar" lemma="permutar" pos="v-inf" morph="--" extra="vH mv"/>
			<t id="s12_5" word="mais" lemma="mais" pos="adv" morph="--" extra="--"/>
			<t id="s12_6" word="." lemma="--" pos="pu" morph="--" extra="--"/>
		</terminals>

		<nonterminals>
			<nt id="s12_500" cat="s">
				<edge label="S" idref="s12_501"/>
			</nt>
			<nt id="s12_501" cat="fcl">
				<edge label="S" idref="s12_502"/>
				<edge label="P" idref="s12_3"/>
				<edge label="Od" idref="s12_503"/>
				<edge label="PU" idref="s12_6"/>
			</nt>
			<nt id="s12_502" cat="np">
				<edge label="H" idref="s12_1"/>
				<edge label="DN" idref="s12_2"/>
			</nt>
			<nt id="s12_503" cat="icl">
				<edge label="P" idref="s12_4"/>
				<edge label="fA" idref="s12_5"/>
			</nt>
		</nonterminals>
	</graph>
</s>

<s id="s13" ref="13" source="Running text" forest="1" text="6 sobe, 0 desce 2. Sub-rogar Por Dicionário inFormal(SP) em 01-06-2010 Sub-rogação é forma indireta de pagamento.">
	<graph root="s13_500">
		<terminals>
			<t id="s13_1" word="6" lemma="6" pos="num" morph="M/F P" extra="card"/>
			<t id="s13_2" word="sobe" lemma="subir" pos="v-fin" morph="PR 3S IND VFIN" extra="nosubj cjt-head cjt-head-STA fmc mv"/>
			<t id="s13_3" word="," lemma="--" pos="pu" morph="--" extra="--"/>
			<t id="s13_4" word="0" lemma="xx" pos="num" morph="M/F P" extra="card"/>
			<t id="s13_5" word="desce" lemma="descer" pos="v-fin" morph="PR 3S IND VFIN" extra="cjt-STA fmc mv"/>
			<t id="s13_6" word="2." lemma="2." pos="adj" morph="M/F S" extra="NUM-ord"/>
			<t id="s13_7" word="Sub-rogar" lemma="sub-rogar" pos="v-inf" morph="--" extra="* vH mv"/>
			<t id="s13_8" word="Por_Dicionário" lemma="Por_Dicionário" pos="prop" morph="M S" extra="tit *"/>
			<t id="s13_9" word="inFormal" lemma="inFormal" pos="adj" morph="M S" extra="np-close"/>
			<t id="s13_10" word="(" lemma="--" pos="pu" morph="--" extra="--"/>
			<t id="s13_11" word="SP" lemma="SP" pos="prop" morph="M S" extra="civ * np-close"/>
			<t id="s13_12" word=")" lemma="--" pos="pu" morph="--" extra="--"/>
			<t id="s13_13" word="em" lemma="em" pos="prp" morph="--" extra="--"/>
			<t id="s13_14" word="01-06-2010" lemma="01-06-2010" pos="num" morph="F P" extra="card"/>
			<t id="s13_15" word="Sub-rogação" lemma="sub-rogação" pos="n" morph="F P" sem="act" extra="prop *"/>
			<t id="s13_16" word="é" lemma="ser" pos="v-fin" morph="PR 3S IND VFIN" extra="nosubj cjt-STA vK fmc mv"/>
			<t id="s13_17" word="forma" lemma="forma" pos="n" morph="F S" sem="percep-f con" extra="--"/>
			<t id="s13_18" word="indireta" lemma="indireto" pos="adj" morph="F S" extra="nh np-close"/>
			<t id="s13_19" word="de" lemma="de" pos="prp" morph="--" extra="np-close"/>
			<t id="s13_20" word="pagamento" lemma="pagamento" pos="n" morph="M S" sem="act" extra="--"/>
			<t id="s13_21" word="." lemma="--" pos="pu" morph="--" extra="--"/>
		</terminals>

		<nonterminals>
			<nt id="s13_500" cat="s">
				<edge label="UTT" idref="s13_501"/>
			</nt>
			<nt id="s13_501" cat="x">
				<edge label="Od" idref="s13_1"/>
				<edge label="STA" idref="s13_502"/>
				<edge label="CJT" idref="s13_2"/>
				<edge label="PU" idref="s13_3"/>
				<edge label="CJT" idref="s13_503"/>
				<edge label="CJT" idref="s13_508"/>
				<edge label="PU" idref="s13_21"/>
			</nt>
			<nt id="s13_502" cat="par">
			</nt>
			<nt id="s13_503" cat="x">
				<edge label="Od" idref="s13_4"/>
				<edge label="P" idref="s13_5"/>
				<edge label="fCs" idref="s13_6"/>
				<edge label="Od" idref="s13_504"/>
			</nt>
			<nt id="s13_504" cat="icl">
				<edge label="P" idref="s13_7"/>
				<edge label="Od" idref="s13_505"/>
				<edge label="fA" idref="s13_506"/>
			</nt>
			<nt id="s13_505" cat="np">
				<edge label="H" idref="s13_8"/>
				<edge label="DN" idref="s13_9"/>
				<edge label="PU" idref="s13_10"/>
				<edge label="DNapp" idref="s13_11"/>
				<edge label="PU" idref="s13_12"/>
			</nt>
			<nt id="s13_506" cat="pp">
				<edge label="H" idref="s13_13"/>
				<edge label="DP" idref="s13_507"/>
			</nt>
			<nt id="s13_507" cat="np">
				<edge label="DN" idref="s13_14"/>
				<edge label="H" idref="s13_15"/>
			</nt>
			<nt id="s13_508" cat="x">
				<edge label="P" idref="s13_16"/>
				<edge label="Cs" idref="s13_509"/>
			</nt>
			<nt id="s13_509" cat="np">
				<edge label="H" idref="s13_17"/>
				<edge label="DN" idref="s13_18"/>
				<edge label="DN" idref="s13_510"/>
			</nt>
			<nt id="s13_510" cat="pp">
				<edge label="H" idref="s13_19"/>
				<edge label="DP" idref="s13_20"/>
			</nt>
		</nonterminals>
	</graph>
</s>

<s id="s14" ref="14" source="Running text" forest="1" text="O verbo sub-rogar, como terminologia jurídica, exprime o significado de trocar, permutar.">
	<graph root="s14_500">
		<terminals>
			<t id="s14_1" word="O" lemma="o" pos="art" morph="M S" extra="* "/>
			<t id="s14_2" word="verbo" lemma="verbo" pos="n" morph="M S" sem="ac-cat" extra="--"/>
			<t id="s14_3" word="sub-rogar" lemma="sub-rogar" pos="v-inf" morph="3S" extra="vH mv"/>
			<t id="s14_4" word="," lemma="--" pos="pu" morph="--" extra="--"/>
			<t id="s14_5" word="como" lemma="como" pos="prp" morph="--" extra="prd adv-rel"/>
			<t id="s14_6" word="terminologia" lemma="terminologia" pos="n" morph="F S" sem="domain" extra="asarg"/>
			<t id="s14_7" word="jurídica" lemma="jurídico" pos="adj" morph="F S" extra="nh np-close"/>
			<t id="s14_8" word="," lemma="--" pos="pu" morph="--" extra="--"/>
			<t id="s14_9" word="exprime" lemma="exprimir" pos="v-fin" morph="PR 3S IND VFIN" extra="vH fmc mv"/>
			<t id="s14_10" word="o" lemma="o" pos="art" morph="M S" extra="--"/>
			<t id="s14_11" word="significado" lemma="significado" pos="n" morph="M S" sem="sem-c" extra="--"/>
			<t id="s14_12" word="de" lemma="de" pos="prp" morph="--" extra="np-close"/>
			<t id="s14_13" word="trocar" lemma="trocar" pos="v-inf" morph="--" extra="cjt-head cjt-head-DP vH mv"/>
			<t id="s14_14" word="," lemma="--" pos="pu" morph="--" extra="--"/>
			<t id="s14_15" word="permutar" lemma="permutar" pos="v-inf" morph="--" extra="cjt-DP vH mv"/>
			<t id="s14_16" word="." lemma="--" pos="pu" morph="--" extra="--"/>
		</terminals>

		<nonterminals>
			<nt id="s14_500" cat="s">
				<edge label="STA" idref="s14_501"/>
			</nt>
			<nt id="s14_501" cat="fcl">
				<edge label="S" idref="s14_502"/>
				<edge label="UTT" idref="s14_503"/>
				<edge label="P" idref="s14_3"/>
				<edge label="PU" idref="s14_4"/>
				<edge label="Cs" idref="s14_504"/>
				<edge label="PU" idref="s14_16"/>
			</nt>
			<nt id="s14_502" cat="np">
				<edge label="DN" idref="s14_1"/>
				<edge label="H" idref="s14_2"/>
			</nt>
			<nt id="s14_503" cat="icl">
			</nt>
			<nt id="s14_504" cat="pp">
				<edge label="H" idref="s14_5"/>
				<edge label="DP" idref="s14_505"/>
			</nt>
			<nt id="s14_505" cat="np">
				<edge label="H" idref="s14_6"/>
				<edge label="DN" idref="s14_7"/>
				<edge label="PU" idref="s14_8"/>
				<edge label="P" idref="s14_9"/>
				<edge label="Od" idref="s14_506"/>
			</nt>
			<nt id="s14_506" cat="np">
				<edge label="DN" idref="s14_10"/>
				<edge label="H" idref="s14_11"/>
				<edge label="DN" idref="s14_507"/>
			</nt>
			<nt id="s14_507" cat="pp">
				<edge label="H" idref="s14_12"/>
				<edge label="DP" idref="s14_508"/>
			</nt>
			<nt id="s14_508" cat="par">
				<edge label="CJT" idref="s14_13"/>
				<edge label="PU" idref="s14_14"/>
				<edge label="CJT" idref="s14_15"/>
			</nt>
		</nonterminals>
	</graph>
</s>

<s id="s15" ref="15" source="Running text" forest="1" text="Sub-rogação é a substituição de uma pessoa, ou de uma coisa, por outra pessoa, ou outra coisa, numa relação jurídica.">
	<graph root="s15_500">
		<terminals>
			<t id="s15_1" word="Sub-rogação" lemma="sub-rogação" pos="n" morph="F S" extra="* act"/>
			<t id="s15_2" word="é" lemma="ser" pos="v-fin" morph="PR 3S IND VFIN" extra="vK fmc mv"/>
			<t id="s15_3" word="a" lemma="o" pos="art" morph="F S" extra="--"/>
			<t id="s15_4" word="substituição" lemma="substituição" pos="n" morph="F S" sem="act" extra="cjt-head cjt-head-Cs"/>
			<t id="s15_5" word="de" lemma="de" pos="prp" morph="--" extra="np-close"/>
			<t id="s15_6" word="uma" lemma="um" pos="art" morph="F S" extra="--"/>
			<t id="s15_7" word="pessoa" lemma="pessoa" pos="n" morph="F S" sem="H" extra="--"/>
			<t id="s15_8" word="," lemma="--" pos="pu" morph="--" extra="--"/>
			<t id="s15_9" word="ou" lemma="ou" pos="conj-c" morph="--" extra="--"/>
			<t id="s15_10" word="de" lemma="de" pos="prp" morph="--" extra="cjt-Cs"/>
			<t id="s15_11" word="uma" lemma="um" pos="art" morph="F S" extra="--"/>
			<t id="s15_12" word="coisa" lemma="coisa" pos="n" morph="F S" sem="cc ac" extra="--"/>
			<t id="s15_13" word="," lemma="--" pos="pu" morph="--" extra="--"/>
			<t id="s15_14" word="por" lemma="por" pos="prp" morph="--" extra="--"/>
			<t id="s15_15" word="outra" lemma="outro" pos="pron-indef" morph="DET F S" extra="diff KOMP"/>
			<t id="s15_16" word="pessoa" lemma="pessoa" pos="n" morph="F S" sem="H" extra="--"/>
			<t id="s15_17" word="," lemma="--" pos="pu" morph="--" extra="--"/>
			<t id="s15_18" word="ou" lemma="ou" pos="conj-c" morph="--" extra="--"/>
			<t id="s15_19" word="outra_coisa" lemma="outra_coisa" pos="n" morph="F S" sem="ac" extra="cjt-Cs"/>
			<t id="s15_20" word="," lemma="--" pos="pu" morph="--" extra="--"/>
			<t id="s15_21" word="em" lemma="em" pos="prp" morph="--" extra="--"/>
			<t id="s15_22" word="uma" lemma="um" pos="art" morph="F S" extra="--"/>
			<t id="s15_23" word="relação" lemma="relação" pos="n" morph="F S" sem="ac sem-r" extra="--"/>
			<t id="s15_24" word="jurídica" lemma="jurídico" pos="adj" morph="F S" extra="nh np-close"/>
			<t id="s15_25" word="." lemma="--" pos="pu" morph="--" extra="--"/>
		</terminals>

		<nonterminals>
			<nt id="s15_500" cat="s">
				<edge label="STA" idref="s15_501"/>
			</nt>
			<nt id="s15_501" cat="fcl">
				<edge label="S" idref="s15_1"/>
				<edge label="P" idref="s15_2"/>
				<edge label="Cs" idref="s15_502"/>
				<edge label="PU" idref="s15_13"/>
				<edge label="fA" idref="s15_508"/>
				<edge label="PU" idref="s15_20"/>
				<edge label="fA" idref="s15_510"/>
				<edge label="PU" idref="s15_25"/>
			</nt>
			<nt id="s15_502" cat="par">
				<edge label="CJT" idref="s15_503"/>
				<edge label="CJT" idref="s15_506"/>
			</nt>
			<nt id="s15_503" cat="np">
				<edge label="DN" idref="s15_3"/>
				<edge label="H" idref="s15_4"/>
				<edge label="DN" idref="s15_504"/>
			</nt>
			<nt id="s15_504" cat="pp">
				<edge label="H" idref="s15_5"/>
				<edge label="DP" idref="s15_505"/>
			</nt>
			<nt id="s15_505" cat="np">
				<edge label="DN" idref="s15_6"/>
				<edge label="H" idref="s15_7"/>
				<edge label="PU" idref="s15_8"/>
				<edge label="CO" idref="s15_9"/>
			</nt>
			<nt id="s15_506" cat="pp">
				<edge label="H" idref="s15_10"/>
				<edge label="DP" idref="s15_507"/>
			</nt>
			<nt id="s15_507" cat="np">
				<edge label="DN" idref="s15_11"/>
				<edge label="H" idref="s15_12"/>
			</nt>
			<nt id="s15_508" cat="pp">
				<edge label="H" idref="s15_14"/>
				<edge label="DP" idref="s15_509"/>
				<edge label="CJT" idref="s15_19"/>
			</nt>
			<nt id="s15_509" cat="np">
				<edge label="DN" idref="s15_15"/>
				<edge label="H" idref="s15_16"/>
				<edge label="PU" idref="s15_17"/>
				<edge label="CO" idref="s15_18"/>
			</nt>
			<nt id="s15_510" cat="pp">
				<edge label="H" idref="s15_21"/>
				<edge label="DP" idref="s15_511"/>
			</nt>
			<nt id="s15_511" cat="np">
				<edge label="DN" idref="s15_22"/>
				<edge label="H" idref="s15_23"/>
				<edge label="DN" idref="s15_24"/>
			</nt>
		</nonterminals>
	</graph>
</s>

<s id="s16" ref="16" source="Running text" forest="1" text="Em a sub-rogação do vínculo da inalienabilidade, em que a coisa gravada por o testador ou doador é substituída por outra, ficando esta sujeita �quela restrição.(">
	<graph root="s16_500">
		<terminals>
			<t id="s16_1" word="Em" lemma="em" pos="prp" morph="--" extra="* sam-"/>
			<t id="s16_2" word="a" lemma="o" pos="art" morph="F S" extra="-sam "/>
			<t id="s16_3" word="sub-rogação" lemma="sub-rogação" pos="n" morph="F S" sem="act" extra="--"/>
			<t id="s16_4" word="de" lemma="de" pos="prp" morph="--" extra="sam- np-close"/>
			<t id="s16_5" word="o" lemma="o" pos="art" morph="M S" extra="-sam "/>
			<t id="s16_6" word="vínculo" lemma="vínculo" pos="n" morph="M S" sem="cord ac" extra="--"/>
			<t id="s16_7" word="de" lemma="de" pos="prp" morph="--" extra="sam- np-close"/>
			<t id="s16_8" word="a" lemma="o" pos="art" morph="F S" extra="-sam "/>
			<t id="s16_9" word="inalienabilidade" lemma="inalienabilidade" pos="n" morph="F S" sem="percep-f" extra="--"/>
			<t id="s16_10" word="," lemma="--" pos="pu" morph="--" extra="--"/>
			<t id="s16_11" word="em" lemma="em" pos="prp" morph="--" extra="clb"/>
			<t id="s16_12" word="que" lemma="que" pos="spec" morph="M S" extra="clb-fs rel"/>
			<t id="s16_13" word="a" lemma="o" pos="art" morph="F S" extra="--"/>
			<t id="s16_14" word="coisa" lemma="coisa" pos="n" morph="F S" sem="cc ac" extra="--"/>
			<t id="s16_15" word="gravada" lemma="gravar" pos="v-pcp" morph="F S" extra="vH mv np-close"/>
			<t id="s16_16" word="por" lemma="por" pos="prp" morph="--" extra="sam-"/>
			<t id="s16_17" word="o" lemma="o" pos="art" morph="M S" extra="-sam "/>
			<t id="s16_18" word="testador" lemma="testador" pos="n" morph="M S" sem="Hprof" extra="--"/>
			<t id="s16_19" word="ou" lemma="ou" pos="conj-c" morph="--" extra="--"/>
			<t id="s16_20" word="doador" lemma="doador" pos="n" morph="M S" sem="H" extra="--"/>
			<t id="s16_21" word="é" lemma="ser" pos="v-fin" morph="PR 3S IND VFIN" extra="aux np-close"/>
			<t id="s16_22" word="substituída" lemma="substituir" pos="v-pcp" morph="F S" extra="vH mv"/>
			<t id="s16_23" word="por" lemma="por" pos="prp" morph="--" extra="--"/>
			<t id="s16_24" word="outra" lemma="outro" pos="pron-indef" morph="DET F S" extra="diff KOMP"/>
			<t id="s16_25" word="," lemma="--" pos="pu" morph="--" extra="--"/>
			<t id="s16_26" word="ficando" lemma="ficar" pos="v-ger" morph="--" extra="clb vK mv"/>
			<t id="s16_27" word="esta" lemma="este" pos="pron-dem" morph="DET F S" extra="dem"/>
			<t id="s16_28" word="sujeita" lemma="sujeitar" pos="v-pcp" morph="F S" extra="n jh vH mv"/>
			<t id="s16_29" word="a" lemma="a" pos="prp" morph="--" extra="sam-"/>
			<t id="s16_30" word="aquela" lemma="aquele" pos="pron-dem" morph="DET F S" extra="-sam dem"/>
			<t id="s16_31" word="restrição" lemma="restrição" pos="n" morph="F S" sem="act" extra="--"/>
			<t id="s16_32" word="." lemma="--" pos="pu" morph="--" extra="--"/>
			<t id="s16_33" word="(" lemma="--" pos="pu" morph="--" extra="--"/>
		</terminals>

		<nonterminals>
			<nt id="s16_500" cat="s">
				<edge label="UTT" idref="s16_501"/>
			</nt>
			<nt id="s16_501" cat="x">
				<edge label="fA" idref="s16_502"/>
				<edge label="PU" idref="s16_32"/>
				<edge label="PU" idref="s16_33"/>
			</nt>
			<nt id="s16_502" cat="pp">
				<edge label="H" idref="s16_1"/>
				<edge label="DP" idref="s16_503"/>
			</nt>
			<nt id="s16_503" cat="np">
				<edge label="DN" idref="s16_2"/>
				<edge label="H" idref="s16_3"/>
				<edge label="DN" idref="s16_504"/>
			</nt>
			<nt id="s16_504" cat="pp">
				<edge label="H" idref="s16_4"/>
				<edge label="DP" idref="s16_505"/>
			</nt>
			<nt id="s16_505" cat="np">
				<edge label="DN" idref="s16_5"/>
				<edge label="H" idref="s16_6"/>
				<edge label="DN" idref="s16_506"/>
			</nt>
			<nt id="s16_506" cat="pp">
				<edge label="H" idref="s16_7"/>
				<edge label="DP" idref="s16_507"/>
			</nt>
			<nt id="s16_507" cat="np">
				<edge label="DN" idref="s16_8"/>
				<edge label="H" idref="s16_9"/>
				<edge label="DN" idref="s16_21"/>
			</nt>
			<nt id="s16_508" cat="pp">
				<edge label="H" idref="s16_11"/>
				<edge label="DP" idref="s16_12"/>
			</nt>
			<nt id="s16_509" cat="np">
				<edge label="DN" idref="s16_13"/>
				<edge label="H" idref="s16_14"/>
				<edge label="DN" idref="s16_510"/>
			</nt>
			<nt id="s16_510" cat="icl">
				<edge label="P" idref="s16_15"/>
				<edge label="fApass" idref="s16_511"/>
			</nt>
			<nt id="s16_511" cat="pp">
				<edge label="H" idref="s16_16"/>
				<edge label="DP" idref="s16_512"/>
			</nt>
			<nt id="s16_512" cat="np">
				<edge label="DN" idref="s16_17"/>
				<edge label="H" idref="s16_18"/>
				<edge label="CO" idref="s16_19"/>
			</nt>
			<nt id="s16_513" cat="pp">
				<edge label="H" idref="s16_23"/>
				<edge label="DP" idref="s16_24"/>
			</nt>
			<nt id="s16_514" cat="advp">
				<edge label="P" idref="s16_26"/>
				<edge label="Cs" idref="s16_515"/>
			</nt>
			<nt id="s16_515" cat="np">
				<edge label="Vm" idref="s16_22"/>
				<edge label="DN" idref="s16_27"/>
				<edge label="P" idref="s16_28"/>
				<edge label="Op" idref="s16_516"/>
			</nt>
			<nt id="s16_516" cat="pp">
				<edge label="H" idref="s16_29"/>
				<edge label="DP" idref="s16_517"/>
			</nt>
			<nt id="s16_517" cat="np">
				<edge label="DN" idref="s16_30"/>
				<edge label="H" idref="s16_31"/>
			</nt>
		</nonterminals>
	</graph>
</s>

<s id="s17" ref="17" source="Running text" forest="1" text="v..">
	<graph root="s17_500">
		<terminals>
			<t id="s17_1" word="v." lemma="v." pos="adv" morph="--" extra="--"/>
			<t id="s17_2" word="." lemma="--" pos="pu" morph="--" extra="--"/>
		</terminals>

		<nonterminals>
			<nt id="s17_500" cat="s">
				<edge label="UTT" idref="s17_501"/>
			</nt>
			<nt id="s17_501" cat="x">
				<edge label="fA" idref="s17_1"/>
				<edge label="PU" idref="s17_2"/>
			</nt>
		</nonterminals>
	</graph>
</s>

<s id="s18" ref="18" source="Running text" forest="1" text="CC, art. 1.911, parágrafo único;">
	<graph root="s18_500">
		<terminals>
			<t id="s18_1" word="CC" lemma="CC" pos="prop" morph="M/F S" extra="cjt-head cjt-head-X hum *"/>
			<t id="s18_2" word="," lemma="--" pos="pu" morph="--" extra="--"/>
			<t id="s18_3" word="art." lemma="art." pos="n" morph="M S" sem="Htit" extra="np-close"/>
			<t id="s18_4" word="1.911" lemma="1.911" pos="num" morph="M/F P" extra="card np-close"/>
			<t id="s18_5" word="," lemma="--" pos="pu" morph="--" extra="--"/>
			<t id="s18_6" word="parágrafo" lemma="parágrafo" pos="n" morph="M S" sem="sem-r part-sem" extra="cjt-X"/>
			<t id="s18_7" word="único" lemma="único" pos="adj" morph="M S" extra="np-close"/>
			<t id="s18_8" word=";" lemma="--" pos="pu" morph="--" extra="--"/>
		</terminals>

		<nonterminals>
			<nt id="s18_500" cat="s">
				<edge label="X" idref="s18_501"/>
			</nt>
			<nt id="s18_501" cat="par">
				<edge label="CJT" idref="s18_502"/>
				<edge label="PU" idref="s18_5"/>
				<edge label="CJT" idref="s18_504"/>
				<edge label="PU" idref="s18_8"/>
			</nt>
			<nt id="s18_502" cat="np">
				<edge label="H" idref="s18_1"/>
				<edge label="PU" idref="s18_2"/>
				<edge label="DNc" idref="s18_503"/>
			</nt>
			<nt id="s18_503" cat="np">
				<edge label="H" idref="s18_3"/>
				<edge label="DN" idref="s18_4"/>
			</nt>
			<nt id="s18_504" cat="np">
				<edge label="H" idref="s18_6"/>
				<edge label="DN" idref="s18_7"/>
			</nt>
		</nonterminals>
	</graph>
</s>

<s id="s19" ref="19" source="Running text" forest="1" text="CPC, art. 1.112, II).">
	<graph root="s19_500">
		<terminals>
			<t id="s19_1" word="CPC" lemma="CPC" pos="prop" morph="M/F S" extra="hum *"/>
			<t id="s19_2" word="," lemma="--" pos="pu" morph="--" extra="--"/>
			<t id="s19_3" word="art." lemma="art." pos="n" morph="M S" sem="Htit" extra="np-close"/>
			<t id="s19_4" word="1.112" lemma="1.112" pos="num" morph="M/F P" extra="card np-close"/>
			<t id="s19_5" word="," lemma="--" pos="pu" morph="--" extra="--"/>
			<t id="s19_6" word="II" lemma="II" pos="adj" morph="M/F S" extra="* NUM-ord jh np-close"/>
			<t id="s19_7" word=")" lemma="--" pos="pu" morph="--" extra="--"/>
			<t id="s19_8" word="." lemma="--" pos="pu" morph="--" extra="--"/>
		</terminals>

		<nonterminals>
			<nt id="s19_500" cat="s">
				<edge label="X" idref="s19_501"/>
			</nt>
			<nt id="s19_501" cat="np">
				<edge label="H" idref="s19_1"/>
				<edge label="PU" idref="s19_2"/>
				<edge label="DNc" idref="s19_502"/>
				<edge label="PU" idref="s19_7"/>
				<edge label="PU" idref="s19_8"/>
			</nt>
			<nt id="s19_502" cat="np">
				<edge label="H" idref="s19_3"/>
				<edge label="DN" idref="s19_4"/>
				<edge label="PU" idref="s19_5"/>
				<edge label="DNc" idref="s19_6"/>
			</nt>
		</nonterminals>
	</graph>
</s>

<s id="s20" ref="20" source="Running text" forest="1" text="Compartilhar enviar nova definição enviar nova imagem denunciar abuso Outras Informações:Palavras com 9 letras A palavra possui 3 vogais -- u -- o a A palavra possui 6 consoantes -- s b-r g r 1 página -- 2 Definições jesuíta afogar o ganso sarraceno langite zâmbia.">
	<graph root="s20_500">
		<terminals>
			<t id="s20_1" word="Compartilhar" lemma="compartilhar" pos="v-inf" morph="--" extra="* vH mv"/>
			<t id="s20_2" word="enviar" lemma="enviar" pos="v-inf" morph="--" extra="vH mv"/>
			<t id="s20_3" word="nova" lemma="novo" pos="adj" morph="F S" extra="jh"/>
			<t id="s20_4" word="definição" lemma="definição" pos="n" morph="F S" sem="sem-c" extra="--"/>
			<t id="s20_5" word="enviar" lemma="enviar" pos="v-inf" morph="--" extra="vH mv"/>
			<t id="s20_6" word="nova" lemma="novo" pos="adj" morph="F S" extra="jh"/>
			<t id="s20_7" word="imagem" lemma="imagem" pos="n" morph="F S" sem="pict sem-c ac-cat" extra="--"/>
			<t id="s20_8" word="denunciar" lemma="denunciar" pos="v-inf" morph="--" extra="vH mv"/>
			<t id="s20_9" word="abuso" lemma="abuso" pos="n" morph="M S" sem="activity" extra="--"/>
			<t id="s20_10" word="Outras_Informações" lemma="Outras_Informações" pos="prop" morph="M S" extra="hum * heur np-close"/>
			<t id="s20_11" word=":Palavras" lemma=":Palavras" pos="n" morph="M S" extra="cjt-head cjt-head-S"/>
			<t id="s20_12" word="com" lemma="com" pos="prp" morph="--" extra="--"/>
			<t id="s20_13" word="9" lemma="9" pos="num" morph="F P" extra="card"/>
			<t id="s20_14" word="letras" lemma="letra" pos="n" morph="F P" sem="ac-sign sem-r domain" extra="--"/>
			<t id="s20_15" word="A" lemma="o" pos="art" morph="F S" extra="* "/>
			<t id="s20_16" word="palavra" lemma="palavra" pos="n" morph="F S" sem="ac-cat act-s" extra="cjt-S"/>
			<t id="s20_17" word="possui" lemma="possuir" pos="v-fin" morph="PR 3S IND VFIN" extra="cjt-head cjt-head-STA vH fmc mv"/>
			<t id="s20_18" word="3" lemma="3" pos="num" morph="M P" extra="card"/>
			<t id="s20_19" word="vogais" lemma="vogal" pos="n" morph="M P" sem="ac-cat H" extra="--"/>
			<t id="s20_20" word="--" lemma="--" pos="pu" morph="--" extra="--"/>
			<t id="s20_21" word="u" lemma="u" pos="n" morph="M S" sem="ac-sign" extra="--"/>
			<t id="s20_22" word="--" lemma="--" pos="pu" morph="--" extra="--"/>
			<t id="s20_23" word="o" lemma="o" pos="pron-dem" morph="DET M S" extra="dem"/>
			<t id="s20_24" word="a" lemma="a" pos="prp" morph="--" extra="np-close"/>
			<t id="s20_25" word="A" lemma="o" pos="art" morph="F S" extra="* "/>
			<t id="s20_26" word="palavra" lemma="palavra" pos="n" morph="F S" sem="ac-cat act-s" extra="--"/>
			<t id="s20_27" word="possui" lemma="possuir" pos="v-fin" morph="PR 3S IND VFIN" extra="cjt-STA vH fmc mv"/>
			<t id="s20_28" word="6" lemma="6" pos="num" morph="F P" extra="card"/>
			<t id="s20_29" word="consoantes" lemma="consoante" pos="n" morph="F P" sem="ac-cat" extra="--"/>
			<t id="s20_30" word="--" lemma="--" pos="pu" morph="--" extra="--"/>
			<t id="s20_31" word="s" lemma="s" pos="n" morph="M S" sem="ac-sign" extra="--"/>
			<t id="s20_32" word="b-r" lemma="b-r" pos="n" morph="M S" sem="ac-sign" extra="--"/>
			<t id="s20_33" word="g" lemma="g" pos="n" morph="M S/P" extra="--"/>
			<t id="s20_34" word="r" lemma="r" pos="n" morph="M S" sem="ac-sign" extra="--"/>
			<t id="s20_35" word="1" lemma="1" pos="num" morph="F S" extra="card"/>
			<t id="s20_36" word="página" lemma="página" pos="n" morph="F S" sem="cc-r" extra="--"/>
			<t id="s20_37" word="--" lemma="--" pos="pu" morph="--" extra="--"/>
			<t id="s20_38" word="2" lemma="2" pos="num" morph="F P" extra="card"/>
			<t id="s20_39" word="Definições" lemma="definição" pos="n" morph="F P" sem="sem-c" extra="prop *"/>
			<t id="s20_40" word="jesuíta" lemma="jesuíta" pos="n" morph="M S" sem="Hprof" extra="--"/>
			<t id="s20_41" word="afogar" lemma="afogar" pos="v-inf" morph="--" extra="mv"/>
			<t id="s20_42" word="o" lemma="o" pos="art" morph="M S" extra="--"/>
			<t id="s20_43" word="ganso" lemma="ganso" pos="n" morph="M S" sem="Aorn H" extra="cjt-head cjt-head-Od"/>
			<t id="s20_44" word="sarraceno" lemma="sarraceno" pos="adj" morph="M S" extra="nat jh np-close"/>
			<t id="s20_45" word="langite" lemma="langite" pos="n" morph="F S" extra="cjt-Od DERS"/>
			<t id="s20_46" word="zâmbia" lemma="z�=mbia" pos="n" morph="F S" extra="cjt-Od DERS"/>
			<t id="s20_47" word="." lemma="--" pos="pu" morph="--" extra="--"/>
		</terminals>

		<nonterminals>
			<nt id="s20_500" cat="s">
				<edge label="UTT" idref="s20_501"/>
			</nt>
			<nt id="s20_501" cat="x">
				<edge label="STA" idref="s20_502"/>
				<edge label="UTT" idref="s20_507"/>
				<edge label="P" idref="s20_5"/>
				<edge label="Od" idref="s20_508"/>
				<edge label="UTT" idref="s20_509"/>
				<edge label="UTT" idref="s20_522"/>
				<edge label="PU" idref="s20_47"/>
			</nt>
			<nt id="s20_502" cat="par">
				<edge label="CJT" idref="s20_503"/>
			</nt>
			<nt id="s20_503" cat="fcl">
				<edge label="S" idref="s20_504"/>
			</nt>
			<nt id="s20_504" cat="icl">
				<edge label="P" idref="s20_1"/>
				<edge label="Od" idref="s20_505"/>
			</nt>
			<nt id="s20_505" cat="icl">
				<edge label="P" idref="s20_2"/>
				<edge label="Od" idref="s20_506"/>
			</nt>
			<nt id="s20_506" cat="np">
				<edge label="DN" idref="s20_3"/>
				<edge label="H" idref="s20_4"/>
			</nt>
			<nt id="s20_507" cat="icl">
			</nt>
			<nt id="s20_508" cat="np">
				<edge label="DN" idref="s20_6"/>
				<edge label="H" idref="s20_7"/>
			</nt>
			<nt id="s20_509" cat="fcl">
				<edge label="P" idref="s20_8"/>
				<edge label="Od" idref="s20_510"/>
				<edge label="S" idref="s20_511"/>
				<edge label="fA" idref="s20_512"/>
				<edge label="CJT" idref="s20_519"/>
			</nt>
			<nt id="s20_510" cat="np">
				<edge label="H" idref="s20_9"/>
				<edge label="DN" idref="s20_10"/>
			</nt>
			<nt id="s20_511" cat="par">
				<edge label="CJT" idref="s20_11"/>
			</nt>
			<nt id="s20_512" cat="pp">
				<edge label="H" idref="s20_12"/>
				<edge label="DP" idref="s20_513"/>
				<edge label="CJT" idref="s20_514"/>
				<edge label="P" idref="s20_17"/>
				<edge label="Od" idref="s20_515"/>
				<edge label="fCs" idref="s20_21"/>
				<edge label="PU" idref="s20_22"/>
				<edge label="S" idref="s20_516"/>
			</nt>
			<nt id="s20_513" cat="np">
				<edge label="DN" idref="s20_13"/>
				<edge label="H" idref="s20_14"/>
			</nt>
			<nt id="s20_514" cat="np">
				<edge label="DN" idref="s20_15"/>
				<edge label="H" idref="s20_16"/>
			</nt>
			<nt id="s20_515" cat="np">
				<edge label="DN" idref="s20_18"/>
				<edge label="H" idref="s20_19"/>
				<edge label="PU" idref="s20_20"/>
			</nt>
			<nt id="s20_516" cat="np">
				<edge label="H" idref="s20_23"/>
				<edge label="DN" idref="s20_517"/>
			</nt>
			<nt id="s20_517" cat="pp">
				<edge label="H" idref="s20_24"/>
				<edge label="DP" idref="s20_518"/>
			</nt>
			<nt id="s20_518" cat="np">
				<edge label="DN" idref="s20_25"/>
				<edge label="H" idref="s20_26"/>
			</nt>
			<nt id="s20_519" cat="fcl">
				<edge label="P" idref="s20_27"/>
				<edge label="Od" idref="s20_520"/>
				<edge label="fCs" idref="s20_31"/>
				<edge label="fCs" idref="s20_32"/>
				<edge label="fCs" idref="s20_33"/>
				<edge label="fCs" idref="s20_34"/>
				<edge label="fCs" idref="s20_521"/>
			</nt>
			<nt id="s20_520" cat="np">
				<edge label="DN" idref="s20_28"/>
				<edge label="H" idref="s20_29"/>
				<edge label="PU" idref="s20_30"/>
			</nt>
			<nt id="s20_521" cat="np">
				<edge label="DN" idref="s20_35"/>
				<edge label="H" idref="s20_36"/>
				<edge label="PU" idref="s20_37"/>
			</nt>
			<nt id="s20_522" cat="fcl">
				<edge label="S" idref="s20_523"/>
				<edge label="P" idref="s20_41"/>
				<edge label="Od" idref="s20_524"/>
				<edge label="CJT" idref="s20_46"/>
			</nt>
			<nt id="s20_523" cat="np">
				<edge label="DN" idref="s20_38"/>
				<edge label="H" idref="s20_39"/>
				<edge label="S" idref="s20_40"/>
			</nt>
			<nt id="s20_524" cat="par">
				<edge label="CJT" idref="s20_525"/>
				<edge label="CJT" idref="s20_45"/>
			</nt>
			<nt id="s20_525" cat="np">
				<edge label="DN" idref="s20_42"/>
				<edge label="H" idref="s20_43"/>
				<edge label="DN" idref="s20_44"/>
			</nt>
		</nonterminals>
	</graph>
</s>

	</body>
</corpus>
