<?xml version="1.0" encoding="UTF-8"?>
<corpus>

	<body>
<s id="s1" ref="1" source="Running text" forest="1" text="Sucursal 2 Definições encontradas.">
	<graph root="s1_500">
		<terminals>
			<t id="s1_1" word="Sucursal" lemma="sucursal" pos="n" morph="M S" sem="inst" extra="cjt-head cjt-head-X *"/>
			<t id="s1_2" word="2" lemma="2" pos="num" morph="F P" extra="card"/>
			<t id="s1_3" word="Definições" lemma="definição" pos="n" morph="F P" sem="sem-c" extra="cjt-X prop *"/>
			<t id="s1_4" word="encontradas" lemma="encontrado" pos="adj" morph="F P" extra="nh np-close"/>
			<t id="s1_5" word="." lemma="--" pos="pu" morph="--" extra="--"/>
		</terminals>

		<nonterminals>
			<nt id="s1_500" cat="s">
				<edge label="X" idref="s1_501"/>
			</nt>
			<nt id="s1_501" cat="par">
				<edge label="CJT" idref="s1_1"/>
				<edge label="CJT" idref="s1_502"/>
				<edge label="PU" idref="s1_5"/>
			</nt>
			<nt id="s1_502" cat="np">
				<edge label="DN" idref="s1_2"/>
				<edge label="H" idref="s1_3"/>
				<edge label="DN" idref="s1_4"/>
			</nt>
		</nonterminals>
	</graph>
</s>

<s id="s2" ref="2" source="Running text" forest="1" text="Tweet Classificação morfossintática:">
	<graph root="s2_500">
		<terminals>
			<t id="s2_1" word="Tweet_Classificação" lemma="Tweet_Classificação" pos="prop" morph="M S" extra="common * heur"/>
			<t id="s2_2" word="morfossintática" lemma="morfossintático" pos="adj" morph="F S" extra="DERS jh np-close"/>
			<t id="s2_3" word=":" lemma="--" pos="pu" morph="--" extra="--"/>
		</terminals>

		<nonterminals>
			<nt id="s2_500" cat="s">
				<edge label="X" idref="s2_501"/>
			</nt>
			<nt id="s2_501" cat="np">
				<edge label="H" idref="s2_1"/>
				<edge label="DN" idref="s2_2"/>
				<edge label="PU" idref="s2_3"/>
			</nt>
		</nonterminals>
	</graph>
</s>

<s id="s3" ref="3" source="Running text" forest="1" text="Substantivo, masculino singular Substantivo, feminino singular Adjetivo, masculino singular Adjetivo, feminino singular Flexões da palavra Sucursal Significados de Sucursal:">
	<graph root="s3_500">
		<terminals>
			<t id="s3_1" word="Substantivo" lemma="substantivar" pos="v-fin" morph="PR 1S IND VFIN" extra="* vH fmc mv"/>
			<t id="s3_2" word="," lemma="--" pos="pu" morph="--" extra="--"/>
			<t id="s3_3" word="masculino" lemma="masculino" pos="adj" morph="M S" extra="--"/>
			<t id="s3_4" word="singular" lemma="singular" pos="n" morph="M S" sem="ac-cat" extra="--"/>
			<t id="s3_5" word="Substantivo" lemma="Substantivo" pos="prop" morph="M S" extra="hum * np-close"/>
			<t id="s3_6" word="," lemma="--" pos="pu" morph="--" extra="--"/>
			<t id="s3_7" word="feminino" lemma="feminino" pos="adj" morph="M S" extra="jh"/>
			<t id="s3_8" word="singular" lemma="singular" pos="adj" morph="M S" extra="--"/>
			<t id="s3_9" word="Adjetivo" lemma="adjetivo" pos="n" morph="M S" sem="ac-cat" extra="cjt-head cjt-head-Od prop *"/>
			<t id="s3_10" word="," lemma="--" pos="pu" morph="--" extra="--"/>
			<t id="s3_11" word="masculino" lemma="masculino" pos="n" morph="M S" sem="ac-cat" extra="cjt-Od"/>
			<t id="s3_12" word="singular" lemma="singular" pos="adj" morph="M S" extra="np-close"/>
			<t id="s3_13" word="Adjetivo" lemma="adjetivo" pos="n" morph="M S" sem="ac-cat" extra="cjt-Od prop *"/>
			<t id="s3_14" word="," lemma="--" pos="pu" morph="--" extra="--"/>
			<t id="s3_15" word="feminino" lemma="feminino" pos="n" morph="M S" sem="ac-cat" extra="cjt-Od"/>
			<t id="s3_16" word="singular" lemma="singular" pos="adj" morph="M S" extra="np-close"/>
			<t id="s3_17" word="Flexões" lemma="flexão" pos="n" morph="F P" sem="act" extra="cjt-Od prop *"/>
			<t id="s3_18" word="de" lemma="de" pos="prp" morph="--" extra="sam- np-close"/>
			<t id="s3_19" word="a" lemma="o" pos="art" morph="F S" extra="-sam "/>
			<t id="s3_20" word="palavra" lemma="palavra" pos="n" morph="F S" sem="ac-cat act-s" extra="--"/>
			<t id="s3_21" word="Sucursal_Significados_de_Sucursal" lemma="Sucursal_Significados_de_Sucursal" pos="prop" morph="F S" extra="org * heur np-close"/>
			<t id="s3_22" word=":" lemma="--" pos="pu" morph="--" extra="--"/>
		</terminals>

		<nonterminals>
			<nt id="s3_500" cat="s">
				<edge label="STA" idref="s3_501"/>
			</nt>
			<nt id="s3_501" cat="fcl">
				<edge label="P" idref="s3_1"/>
				<edge label="PU" idref="s3_2"/>
				<edge label="fCs" idref="s3_502"/>
				<edge label="PU" idref="s3_6"/>
				<edge label="fCs" idref="s3_7"/>
				<edge label="Od" idref="s3_503"/>
				<edge label="PU" idref="s3_22"/>
			</nt>
			<nt id="s3_502" cat="np">
				<edge label="DN" idref="s3_3"/>
				<edge label="H" idref="s3_4"/>
				<edge label="DN" idref="s3_5"/>
			</nt>
			<nt id="s3_503" cat="par">
				<edge label="CJT" idref="s3_504"/>
				<edge label="PU" idref="s3_10"/>
				<edge label="CJT" idref="s3_505"/>
				<edge label="CJT" idref="s3_13"/>
				<edge label="PU" idref="s3_14"/>
				<edge label="CJT" idref="s3_506"/>
				<edge label="CJT" idref="s3_507"/>
			</nt>
			<nt id="s3_504" cat="np">
				<edge label="DN" idref="s3_8"/>
				<edge label="H" idref="s3_9"/>
			</nt>
			<nt id="s3_505" cat="np">
				<edge label="H" idref="s3_11"/>
				<edge label="DN" idref="s3_12"/>
			</nt>
			<nt id="s3_506" cat="np">
				<edge label="H" idref="s3_15"/>
				<edge label="DN" idref="s3_16"/>
			</nt>
			<nt id="s3_507" cat="np">
				<edge label="H" idref="s3_17"/>
				<edge label="DN" idref="s3_508"/>
			</nt>
			<nt id="s3_508" cat="pp">
				<edge label="H" idref="s3_18"/>
				<edge label="DP" idref="s3_509"/>
			</nt>
			<nt id="s3_509" cat="np">
				<edge label="DN" idref="s3_19"/>
				<edge label="H" idref="s3_20"/>
				<edge label="DN" idref="s3_21"/>
			</nt>
		</nonterminals>
	</graph>
</s>

<s id="s4" ref="4" source="Running text" forest="1" text="13 sobe, 5 desce 1. Sucursal Por Lucas(RJ) em 11-04-2013 Sucursal é uma filial residente no exterior.">
	<graph root="s4_500">
		<terminals>
			<t id="s4_1" word="13" lemma="13" pos="num" morph="F S" extra="card"/>
			<t id="s4_2" word="sobe" lemma="subir" pos="v-fin" morph="PR 3S IND VFIN" extra="cjt-head cjt-head-STA fmc mv"/>
			<t id="s4_3" word="," lemma="--" pos="pu" morph="--" extra="--"/>
			<t id="s4_4" word="5" lemma="5" pos="num" morph="M/F P" extra="card"/>
			<t id="s4_5" word="desce" lemma="descer" pos="v-fin" morph="PR 3S IND VFIN" extra="cjt-STA fmc mv"/>
			<t id="s4_6" word="1." lemma="1." pos="adj" morph="M/F S" extra="NUM-ord"/>
			<t id="s4_7" word="Sucursal_Por_Lucas" lemma="Sucursal_Por_Lucas" pos="prop" morph="M S" extra="hum * heur"/>
			<t id="s4_8" word="(" lemma="--" pos="pu" morph="--" extra="--"/>
			<t id="s4_9" word="RJ" lemma="RJ" pos="prop" morph="M S" extra="civ * np-close"/>
			<t id="s4_10" word=")" lemma="--" pos="pu" morph="--" extra="--"/>
			<t id="s4_11" word="em" lemma="em" pos="prp" morph="--" extra="--"/>
			<t id="s4_12" word="11-04-2013" lemma="11-04-2013" pos="num" morph="M P" extra="card"/>
			<t id="s4_13" word="Sucursal" lemma="sucursal" pos="n" morph="M P" sem="inst" extra="prop *"/>
			<t id="s4_14" word="é" lemma="ser" pos="v-fin" morph="PR 3S IND VFIN" extra="nosubj cjt-STA vK fmc mv"/>
			<t id="s4_15" word="uma" lemma="um" pos="art" morph="F S" extra="--"/>
			<t id="s4_16" word="filial" lemma="filial" pos="n" morph="F S" sem="inst" extra="--"/>
			<t id="s4_17" word="residente" lemma="residente" pos="adj" morph="F S" extra="jh np-close"/>
			<t id="s4_18" word="em" lemma="em" pos="prp" morph="--" extra="sam-"/>
			<t id="s4_19" word="o" lemma="o" pos="art" morph="M S" extra="-sam "/>
			<t id="s4_20" word="exterior" lemma="exterior" pos="n" morph="M S" sem="Labs Ltop" extra="--"/>
			<t id="s4_21" word="." lemma="--" pos="pu" morph="--" extra="--"/>
		</terminals>

		<nonterminals>
			<nt id="s4_500" cat="s">
				<edge label="STA" idref="s4_501"/>
			</nt>
			<nt id="s4_501" cat="par">
				<edge label="CJT" idref="s4_502"/>
				<edge label="PU" idref="s4_3"/>
				<edge label="CJT" idref="s4_503"/>
				<edge label="CJT" idref="s4_507"/>
				<edge label="PU" idref="s4_21"/>
			</nt>
			<nt id="s4_502" cat="fcl">
				<edge label="S" idref="s4_1"/>
				<edge label="P" idref="s4_2"/>
			</nt>
			<nt id="s4_503" cat="fcl">
				<edge label="Od" idref="s4_4"/>
				<edge label="P" idref="s4_5"/>
				<edge label="fCs" idref="s4_6"/>
				<edge label="S" idref="s4_504"/>
				<edge label="fA" idref="s4_505"/>
			</nt>
			<nt id="s4_504" cat="np">
				<edge label="H" idref="s4_7"/>
				<edge label="PU" idref="s4_8"/>
				<edge label="DNc" idref="s4_9"/>
				<edge label="PU" idref="s4_10"/>
			</nt>
			<nt id="s4_505" cat="pp">
				<edge label="H" idref="s4_11"/>
				<edge label="DP" idref="s4_506"/>
			</nt>
			<nt id="s4_506" cat="np">
				<edge label="DN" idref="s4_12"/>
				<edge label="H" idref="s4_13"/>
			</nt>
			<nt id="s4_507" cat="x">
				<edge label="P" idref="s4_14"/>
				<edge label="Cs" idref="s4_508"/>
			</nt>
			<nt id="s4_508" cat="np">
				<edge label="DN" idref="s4_15"/>
				<edge label="H" idref="s4_16"/>
				<edge label="DN" idref="s4_509"/>
			</nt>
			<nt id="s4_509" cat="adjp">
				<edge label="H" idref="s4_17"/>
				<edge label="DA" idref="s4_510"/>
			</nt>
			<nt id="s4_510" cat="pp">
				<edge label="H" idref="s4_18"/>
				<edge label="DP" idref="s4_511"/>
			</nt>
			<nt id="s4_511" cat="np">
				<edge label="DN" idref="s4_19"/>
				<edge label="H" idref="s4_20"/>
			</nt>
		</nonterminals>
	</graph>
</s>

<s id="s5" ref="5" source="Running text" forest="1" text="A lanchonete tem uma sucursal em Roma.">
	<graph root="s5_500">
		<terminals>
			<t id="s5_1" word="A" lemma="o" pos="art" morph="F S" extra="* "/>
			<t id="s5_2" word="lanchonete" lemma="lanchonete" pos="n" morph="F S" sem="build" extra="--"/>
			<t id="s5_3" word="tem" lemma="ter" pos="v-fin" morph="PR 3S IND VFIN" extra="fmc mv"/>
			<t id="s5_4" word="uma" lemma="uma" pos="num" morph="F S" extra="card"/>
			<t id="s5_5" word="sucursal" lemma="sucursal" pos="n" morph="M S" sem="inst" extra="--"/>
			<t id="s5_6" word="em" lemma="em" pos="prp" morph="--" extra="--"/>
			<t id="s5_7" word="Roma" lemma="Roma" pos="prop" morph="M S" extra="civ *"/>
			<t id="s5_8" word="." lemma="--" pos="pu" morph="--" extra="--"/>
		</terminals>

		<nonterminals>
			<nt id="s5_500" cat="s">
				<edge label="STA" idref="s5_501"/>
			</nt>
			<nt id="s5_501" cat="fcl">
				<edge label="S" idref="s5_502"/>
				<edge label="P" idref="s5_3"/>
				<edge label="Od" idref="s5_503"/>
				<edge label="fA" idref="s5_504"/>
				<edge label="PU" idref="s5_8"/>
			</nt>
			<nt id="s5_502" cat="np">
				<edge label="DN" idref="s5_1"/>
				<edge label="H" idref="s5_2"/>
			</nt>
			<nt id="s5_503" cat="np">
				<edge label="DN" idref="s5_4"/>
				<edge label="H" idref="s5_5"/>
			</nt>
			<nt id="s5_504" cat="pp">
				<edge label="H" idref="s5_6"/>
				<edge label="DP" idref="s5_7"/>
			</nt>
		</nonterminals>
	</graph>
</s>

<s id="s6" ref="6" source="Running text" forest="1" text="Compartilhar enviar nova definição enviar nova imagem denunciar abuso Sinônimos:">
	<graph root="s6_500">
		<terminals>
			<t id="s6_1" word="Compartilhar" lemma="compartilhar" pos="v-inf" morph="--" extra="* vH mv"/>
			<t id="s6_2" word="enviar" lemma="enviar" pos="v-inf" morph="--" extra="vH mv"/>
			<t id="s6_3" word="nova" lemma="novo" pos="adj" morph="F S" extra="jh"/>
			<t id="s6_4" word="definição" lemma="definição" pos="n" morph="F S" sem="sem-c" extra="--"/>
			<t id="s6_5" word="enviar" lemma="enviar" pos="v-inf" morph="--" extra="vH mv"/>
			<t id="s6_6" word="nova" lemma="novo" pos="adj" morph="F S" extra="jh"/>
			<t id="s6_7" word="imagem" lemma="imagem" pos="n" morph="F S" sem="pict sem-c ac-cat" extra="--"/>
			<t id="s6_8" word="denunciar" lemma="denunciar" pos="v-inf" morph="--" extra="vH mv"/>
			<t id="s6_9" word="abuso" lemma="abuso" pos="n" morph="M S" sem="activity" extra="--"/>
			<t id="s6_10" word="Sinônimos" lemma="Sinônimos" pos="prop" morph="M S" extra="hum * np-close"/>
			<t id="s6_11" word=":" lemma="--" pos="pu" morph="--" extra="--"/>
		</terminals>

		<nonterminals>
			<nt id="s6_500" cat="s">
				<edge label="UTT" idref="s6_501"/>
			</nt>
			<nt id="s6_501" cat="icl">
				<edge label="P" idref="s6_1"/>
				<edge label="Od" idref="s6_502"/>
				<edge label="PU" idref="s6_11"/>
			</nt>
			<nt id="s6_502" cat="icl">
				<edge label="P" idref="s6_2"/>
				<edge label="Od" idref="s6_503"/>
				<edge label="UTT" idref="s6_504"/>
				<edge label="UTT" idref="s6_506"/>
			</nt>
			<nt id="s6_503" cat="np">
				<edge label="DN" idref="s6_3"/>
				<edge label="H" idref="s6_4"/>
			</nt>
			<nt id="s6_504" cat="icl">
				<edge label="P" idref="s6_5"/>
				<edge label="Od" idref="s6_505"/>
			</nt>
			<nt id="s6_505" cat="np">
				<edge label="DN" idref="s6_6"/>
				<edge label="H" idref="s6_7"/>
			</nt>
			<nt id="s6_506" cat="icl">
				<edge label="P" idref="s6_8"/>
				<edge label="Od" idref="s6_507"/>
			</nt>
			<nt id="s6_507" cat="np">
				<edge label="H" idref="s6_9"/>
				<edge label="DN" idref="s6_10"/>
			</nt>
		</nonterminals>
	</graph>
</s>

<s id="s7" ref="7" source="Running text" forest="1" text="agência administração atividade cuidado diligência escritório filial sucursal repartição empresa mais...">
	<graph root="s7_500">
		<terminals>
			<t id="s7_1" word="agência" lemma="agência" pos="n" morph="F S" sem="HH" extra="cjt-head cjt-head-X"/>
			<t id="s7_2" word="administração" lemma="administração" pos="n" morph="F S" sem="HH activity" extra="np-close"/>
			<t id="s7_3" word="atividade" lemma="atividade" pos="n" morph="F S" sem="act-d activity" extra="cjt-X"/>
			<t id="s7_4" word="cuidado" lemma="cuidado" pos="adj" morph="M S" extra="jh np-close"/>
			<t id="s7_5" word="diligência" lemma="diligência" pos="n" morph="F S" sem="am act-d" extra="cjt-X"/>
			<t id="s7_6" word="escritório" lemma="escritório" pos="n" morph="M S" sem="inst" extra="cjt-X"/>
			<t id="s7_7" word="filial" lemma="filial" pos="adj" morph="M S" extra="nh np-close"/>
			<t id="s7_8" word="sucursal" lemma="sucursal" pos="adj" morph="F S" extra="nh"/>
			<t id="s7_9" word="repartição" lemma="repartição" pos="n" morph="F S" sem="inst" extra="cjt-X"/>
			<t id="s7_10" word="empresa" lemma="empresa" pos="n" morph="F S" sem="HH" extra="np-close"/>
			<t id="s7_11" word="mais" lemma="mais" pos="adv" morph="--" extra="--"/>
			<t id="s7_12" word="." lemma="--" pos="pu" morph="--" extra="--"/>
		</terminals>

		<nonterminals>
			<nt id="s7_500" cat="s">
				<edge label="X" idref="s7_501"/>
			</nt>
			<nt id="s7_501" cat="par">
				<edge label="CJT" idref="s7_502"/>
				<edge label="CJT" idref="s7_503"/>
				<edge label="CJT" idref="s7_5"/>
				<edge label="CJT" idref="s7_504"/>
				<edge label="CJT" idref="s7_505"/>
				<edge label="PU" idref="s7_12"/>
			</nt>
			<nt id="s7_502" cat="np">
				<edge label="H" idref="s7_1"/>
				<edge label="DN" idref="s7_2"/>
			</nt>
			<nt id="s7_503" cat="np">
				<edge label="H" idref="s7_3"/>
				<edge label="DN" idref="s7_4"/>
			</nt>
			<nt id="s7_504" cat="np">
				<edge label="H" idref="s7_6"/>
				<edge label="DN" idref="s7_7"/>
			</nt>
			<nt id="s7_505" cat="np">
				<edge label="DN" idref="s7_8"/>
				<edge label="H" idref="s7_9"/>
				<edge label="DN" idref="s7_10"/>
				<edge label="fA" idref="s7_11"/>
			</nt>
		</nonterminals>
	</graph>
</s>

<s id="s8" ref="8" source="Running text" forest="1" text="Relacionadas:">
	<graph root="s8_500">
		<terminals>
			<t id="s8_1" word="Relacionadas" lemma="relacionado" pos="adj" morph="F P" extra="* nh"/>
			<t id="s8_2" word=":" lemma="--" pos="pu" morph="--" extra="--"/>
		</terminals>

		<nonterminals>
			<nt id="s8_500" cat="s">
				<edge label="UTT" idref="s8_501"/>
			</nt>
			<nt id="s8_501" cat="x">
				<edge label="X" idref="s8_1"/>
				<edge label="PU" idref="s8_2"/>
			</nt>
		</nonterminals>
	</graph>
</s>

<s id="s9" ref="9" source="Running text" forest="1" text="exterior filial franquia mais...">
	<graph root="s9_500">
		<terminals>
			<t id="s9_1" word="exterior" lemma="exterior" pos="n" morph="M S" sem="Labs Ltop" extra="--"/>
			<t id="s9_2" word="filial" lemma="filial" pos="adj" morph="M S" extra="nh np-close"/>
			<t id="s9_3" word="franquia" lemma="franquia" pos="n" morph="F S" sem="mon ac Lh" extra="--"/>
			<t id="s9_4" word="mais" lemma="mais" pos="adv" morph="--" extra="--"/>
			<t id="s9_5" word="." lemma="--" pos="pu" morph="--" extra="--"/>
		</terminals>

		<nonterminals>
			<nt id="s9_500" cat="s">
				<edge label="S" idref="s9_501"/>
			</nt>
			<nt id="s9_501" cat="np">
				<edge label="H" idref="s9_1"/>
				<edge label="DN" idref="s9_2"/>
				<edge label="S" idref="s9_3"/>
				<edge label="fA" idref="s9_4"/>
				<edge label="PU" idref="s9_5"/>
			</nt>
		</nonterminals>
	</graph>
</s>

<s id="s10" ref="10" source="Running text" forest="1" text="92 sobe, 130 desce 2. Sucursal Por Ysmaíne Mayara Domiciano(SP) em 02-04-2007 1. Diz- se de estabelecimento que depende de uma casa matriz.">
	<graph root="s10_500">
		<terminals>
			<t id="s10_1" word="92" lemma="92" pos="num" morph="M/F P" extra="card"/>
			<t id="s10_2" word="sobe" lemma="subir" pos="v-fin" morph="PR 3S IND VFIN" extra="cjt-head cjt-head-STA fmc mv"/>
			<t id="s10_3" word="," lemma="--" pos="pu" morph="--" extra="--"/>
			<t id="s10_4" word="130" lemma="130" pos="num" morph="M/F P" extra="card"/>
			<t id="s10_5" word="desce" lemma="descer" pos="v-fin" morph="PR 3S IND VFIN" extra="cjt-STA fmc mv"/>
			<t id="s10_6" word="2." lemma="2." pos="adj" morph="M/F S" extra="NUM-ord"/>
			<t id="s10_7" word="Sucursal_Por_Ysmaíne_Mayara_Domiciano" lemma="Sucursal_Por_Ysmaíne_Mayara_Domiciano" pos="prop" morph="M S" extra="hum * heur"/>
			<t id="s10_8" word="(" lemma="--" pos="pu" morph="--" extra="--"/>
			<t id="s10_9" word="SP" lemma="SP" pos="prop" morph="M S" extra="civ * np-close"/>
			<t id="s10_10" word=")" lemma="--" pos="pu" morph="--" extra="--"/>
			<t id="s10_11" word="em" lemma="em" pos="prp" morph="--" extra="--"/>
			<t id="s10_12" word="02-04-2007_1." lemma="02-04-2007_1." pos="adj" morph="M/F S" extra="NUM-ord jh"/>
			<t id="s10_13" word="Diz-" lemma="dizer" pos="v-fin" morph="PR 3S IND VFIN" extra="cjt-STA * hyfen vH fmc mv"/>
			<t id="s10_14" word="se" lemma="se" pos="pron-pers" morph="M/F 3S/P ACC" extra="--"/>
			<t id="s10_15" word="de" lemma="de" pos="prp" morph="--" extra="--"/>
			<t id="s10_16" word="estabelecimento" lemma="estabelecimento" pos="n" morph="M S" sem="build inst act" extra="--"/>
			<t id="s10_17" word="que" lemma="que" pos="spec" morph="M S" extra="clb clb-fs rel"/>
			<t id="s10_18" word="depende" lemma="depender" pos="v-fin" morph="PR 3S IND VFIN" extra="mv np-close"/>
			<t id="s10_19" word="de" lemma="de" pos="prp" morph="--" extra="--"/>
			<t id="s10_20" word="uma" lemma="um" pos="art" morph="F S" extra="--"/>
			<t id="s10_21" word="casa_matriz" lemma="casa_matriz" pos="n" morph="F S" sem="build" extra="--"/>
			<t id="s10_22" word="." lemma="--" pos="pu" morph="--" extra="--"/>
		</terminals>

		<nonterminals>
			<nt id="s10_500" cat="s">
				<edge label="STA" idref="s10_501"/>
			</nt>
			<nt id="s10_501" cat="par">
				<edge label="CJT" idref="s10_502"/>
				<edge label="PU" idref="s10_3"/>
				<edge label="CJT" idref="s10_503"/>
				<edge label="CJT" idref="s10_506"/>
				<edge label="PU" idref="s10_22"/>
			</nt>
			<nt id="s10_502" cat="fcl">
				<edge label="Od" idref="s10_1"/>
				<edge label="P" idref="s10_2"/>
			</nt>
			<nt id="s10_503" cat="fcl">
				<edge label="Od" idref="s10_4"/>
				<edge label="P" idref="s10_5"/>
				<edge label="fCs" idref="s10_6"/>
				<edge label="S" idref="s10_504"/>
				<edge label="fA" idref="s10_505"/>
			</nt>
			<nt id="s10_504" cat="np">
				<edge label="H" idref="s10_7"/>
				<edge label="PU" idref="s10_8"/>
				<edge label="DNc" idref="s10_9"/>
				<edge label="PU" idref="s10_10"/>
			</nt>
			<nt id="s10_505" cat="pp">
				<edge label="H" idref="s10_11"/>
				<edge label="DP" idref="s10_12"/>
			</nt>
			<nt id="s10_506" cat="fcl">
				<edge label="P" idref="s10_13"/>
				<edge label="S" idref="s10_14"/>
				<edge label="fA" idref="s10_507"/>
			</nt>
			<nt id="s10_507" cat="pp">
				<edge label="H" idref="s10_15"/>
				<edge label="DP" idref="s10_508"/>
			</nt>
			<nt id="s10_508" cat="np">
				<edge label="H" idref="s10_16"/>
				<edge label="DN" idref="s10_509"/>
			</nt>
			<nt id="s10_509" cat="fcl">
				<edge label="S" idref="s10_17"/>
				<edge label="P" idref="s10_18"/>
				<edge label="Op" idref="s10_510"/>
			</nt>
			<nt id="s10_510" cat="pp">
				<edge label="H" idref="s10_19"/>
				<edge label="DP" idref="s10_511"/>
			</nt>
			<nt id="s10_511" cat="np">
				<edge label="DN" idref="s10_20"/>
				<edge label="H" idref="s10_21"/>
			</nt>
		</nonterminals>
	</graph>
</s>

<s id="s11" ref="11" source="Running text" forest="1" text="2. Estabelecimento sucursal;">
	<graph root="s11_500">
		<terminals>
			<t id="s11_1" word="2." lemma="2." pos="adj" morph="M S" extra="NUM-ord jh"/>
			<t id="s11_2" word="Estabelecimento" lemma="estabelecimento" pos="n" morph="M S" sem="build inst act" extra="prop *"/>
			<t id="s11_3" word="sucursal" lemma="sucursal" pos="adj" morph="M S" extra="nh np-close"/>
			<t id="s11_4" word=";" lemma="--" pos="pu" morph="--" extra="--"/>
		</terminals>

		<nonterminals>
			<nt id="s11_500" cat="s">
				<edge label="X" idref="s11_501"/>
			</nt>
			<nt id="s11_501" cat="np">
				<edge label="DN" idref="s11_1"/>
				<edge label="H" idref="s11_2"/>
				<edge label="DN" idref="s11_3"/>
				<edge label="PU" idref="s11_4"/>
			</nt>
		</nonterminals>
	</graph>
</s>

<s id="s12" ref="12" source="Running text" forest="1" text="filial.">
	<graph root="s12_500">
		<terminals>
			<t id="s12_1" word="filial" lemma="filial" pos="n" morph="F S" sem="inst" extra="--"/>
			<t id="s12_2" word="." lemma="--" pos="pu" morph="--" extra="--"/>
		</terminals>

		<nonterminals>
			<nt id="s12_500" cat="s">
				<edge label="UTT" idref="s12_501"/>
			</nt>
			<nt id="s12_501" cat="x">
				<edge label="X" idref="s12_1"/>
				<edge label="PU" idref="s12_2"/>
			</nt>
		</nonterminals>
	</graph>
</s>

<s id="s13" ref="13" source="Running text" forest="1" text="3. Estabelecimento comercial acessório e distinto de outro, que é o principal, de cujos negócios trata e a cuja administração se liga, sem, no entanto, constituir filial ou agência desse outro.">
	<graph root="s13_500">
		<terminals>
			<t id="s13_1" word="3." lemma="3." pos="adj" morph="M S" extra="NUM-ord jh"/>
			<t id="s13_2" word="Estabelecimento" lemma="estabelecimento" pos="n" morph="M S" sem="build inst act" extra="prop *"/>
			<t id="s13_3" word="comercial" lemma="comercial" pos="n" morph="M S" sem="sem-w Vair" extra="--"/>
			<t id="s13_4" word="acessório" lemma="acessório" pos="adj" morph="M S" extra="jh np-close"/>
			<t id="s13_5" word="e" lemma="e" pos="conj-c" morph="--" extra="--"/>
			<t id="s13_6" word="distinto" lemma="distinto" pos="adj" morph="M S" extra="jh np-close"/>
			<t id="s13_7" word="de" lemma="de" pos="prp" morph="--" extra="np-close"/>
			<t id="s13_8" word="outro" lemma="outro" pos="pron-indef" morph="DET M S" extra="diff KOMP"/>
			<t id="s13_9" word="," lemma="--" pos="pu" morph="--" extra="--"/>
			<t id="s13_10" word="que" lemma="que" pos="spec" morph="M S" extra="clb clb-fs rel"/>
			<t id="s13_11" word="é" lemma="ser" pos="v-fin" morph="PR 3S IND VFIN" extra="vK mv np-close"/>
			<t id="s13_12" word="o" lemma="o" pos="art" morph="M S" extra="--"/>
			<t id="s13_13" word="principal" lemma="principal" pos="adj" morph="M S" extra="n SUP"/>
			<t id="s13_14" word="," lemma="--" pos="pu" morph="--" extra="--"/>
			<t id="s13_15" word="de" lemma="de" pos="prp" morph="--" extra="np-close"/>
			<t id="s13_16" word="cujos" lemma="cujo" pos="pron-rel" morph="DET M P" extra="clb rel"/>
			<t id="s13_17" word="negócios" lemma="negócio" pos="n" morph="M P" sem="act-d" extra="--"/>
			<t id="s13_18" word="trata" lemma="tratar" pos="v-fin" morph="PR 3S IND VFIN" extra="cjt-head cjt-head-STA fmc mv"/>
			<t id="s13_19" word="e" lemma="e" pos="conj-c" morph="--" extra="--"/>
			<t id="s13_20" word="a" lemma="o" pos="art" morph="F S" extra="--"/>
			<t id="s13_21" word="cuja" lemma="cujo" pos="pron-rel" morph="DET F S" extra="clb clb-fs rel"/>
			<t id="s13_22" word="administração" lemma="administração" pos="n" morph="F S" sem="HH activity" extra="--"/>
			<t id="s13_23" word="se" lemma="se" pos="pron-pers" morph="M/F 3S ACC" extra="pass"/>
			<t id="s13_24" word="liga" lemma="ligar" pos="v-fin" morph="PR 3S IND VFIN" extra="mv np-close"/>
			<t id="s13_25" word="," lemma="--" pos="pu" morph="--" extra="--"/>
			<t id="s13_26" word="sem" lemma="sem" pos="ec" morph="--" extra="--"/>
			<t id="s13_27" word="," lemma="--" pos="pu" morph="--" extra="--"/>
			<t id="s13_28" word="no_entanto" lemma="no_entanto" pos="adv" morph="--" extra="kc"/>
			<t id="s13_29" word="," lemma="--" pos="pu" morph="--" extra="--"/>
			<t id="s13_30" word="constituir" lemma="constituir" pos="v-fin" morph="FUT 3S SUBJ VFIN" extra="cjt-STA fmc mv"/>
			<t id="s13_31" word="filial" lemma="filial" pos="n" morph="F S" sem="inst" extra="cjt-head cjt-head-Od"/>
			<t id="s13_32" word="ou" lemma="ou" pos="conj-c" morph="--" extra="--"/>
			<t id="s13_33" word="agência" lemma="agência" pos="n" morph="F S" sem="HH" extra="cjt-Od"/>
			<t id="s13_34" word="de" lemma="de" pos="prp" morph="--" extra="sam- np-close"/>
			<t id="s13_35" word="esse" lemma="esse" pos="pron-dem" morph="DET M S" extra="dem -sam"/>
			<t id="s13_36" word="outro" lemma="outro" pos="pron-indef" morph="DET M S" extra="diff KOMP"/>
			<t id="s13_37" word="." lemma="--" pos="pu" morph="--" extra="--"/>
		</terminals>

		<nonterminals>
			<nt id="s13_500" cat="s">
				<edge label="UTT" idref="s13_501"/>
			</nt>
			<nt id="s13_501" cat="x">
				<edge label="CJT" idref="s13_502"/>
				<edge label="STA" idref="s13_504"/>
				<edge label="CJT" idref="s13_505"/>
				<edge label="PU" idref="s13_25"/>
				<edge label="PU" idref="s13_37"/>
			</nt>
			<nt id="s13_502" cat="fcl">
				<edge label="S" idref="s13_503"/>
				<edge label="S" idref="s13_506"/>
				<edge label="P" idref="s13_18"/>
				<edge label="fA" idref="s13_516"/>
				<edge label="PU" idref="s13_29"/>
				<edge label="P" idref="s13_30"/>
				<edge label="Od" idref="s13_517"/>
			</nt>
			<nt id="s13_503" cat="np">
				<edge label="DN" idref="s13_1"/>
				<edge label="H" idref="s13_2"/>
			</nt>
			<nt id="s13_504" cat="par">
			</nt>
			<nt id="s13_505" cat="fcl">
			</nt>
			<nt id="s13_506" cat="np">
				<edge label="H" idref="s13_3"/>
				<edge label="DN" idref="s13_4"/>
				<edge label="DN" idref="s13_507"/>
				<edge label="DN" idref="s13_508"/>
			</nt>
			<nt id="s13_507" cat="adjp">
				<edge label="CO" idref="s13_5"/>
				<edge label="H" idref="s13_6"/>
			</nt>
			<nt id="s13_508" cat="pp">
				<edge label="H" idref="s13_7"/>
				<edge label="DP" idref="s13_509"/>
			</nt>
			<nt id="s13_509" cat="np">
				<edge label="H" idref="s13_8"/>
				<edge label="PU" idref="s13_9"/>
				<edge label="DN" idref="s13_510"/>
			</nt>
			<nt id="s13_510" cat="fcl">
				<edge label="S" idref="s13_10"/>
				<edge label="P" idref="s13_11"/>
				<edge label="Cs" idref="s13_511"/>
			</nt>
			<nt id="s13_511" cat="np">
				<edge label="DN" idref="s13_12"/>
				<edge label="H" idref="s13_13"/>
				<edge label="PU" idref="s13_14"/>
				<edge label="DNc" idref="s13_512"/>
			</nt>
			<nt id="s13_512" cat="pp">
				<edge label="H" idref="s13_15"/>
				<edge label="DP" idref="s13_513"/>
			</nt>
			<nt id="s13_513" cat="np">
				<edge label="DN" idref="s13_16"/>
				<edge label="H" idref="s13_17"/>
				<edge label="CO" idref="s13_19"/>
				<edge label="DN" idref="s13_514"/>
			</nt>
			<nt id="s13_514" cat="fcl">
				<edge label="S" idref="s13_515"/>
				<edge label="Od" idref="s13_23"/>
				<edge label="P" idref="s13_24"/>
			</nt>
			<nt id="s13_515" cat="np">
				<edge label="DN" idref="s13_20"/>
				<edge label="DN" idref="s13_21"/>
				<edge label="H" idref="s13_22"/>
			</nt>
			<nt id="s13_516" cat="advp">
				<edge label="PREF" idref="s13_26"/>
				<edge label="PU" idref="s13_27"/>
				<edge label="H" idref="s13_28"/>
			</nt>
			<nt id="s13_517" cat="par">
				<edge label="CJT" idref="s13_31"/>
				<edge label="CO" idref="s13_32"/>
				<edge label="CJT" idref="s13_518"/>
			</nt>
			<nt id="s13_518" cat="np">
				<edge label="H" idref="s13_33"/>
				<edge label="DN" idref="s13_519"/>
			</nt>
			<nt id="s13_519" cat="pp">
				<edge label="H" idref="s13_34"/>
				<edge label="DP" idref="s13_520"/>
			</nt>
			<nt id="s13_520" cat="np">
				<edge label="DN" idref="s13_35"/>
				<edge label="H" idref="s13_36"/>
			</nt>
		</nonterminals>
	</graph>
</s>

<s id="s14" ref="14" source="Running text" forest="1" text="Resumindo é uma filial de uma empresa.">
	<graph root="s14_500">
		<terminals>
			<t id="s14_1" word="Resumindo" lemma="resumir" pos="v-ger" morph="--" extra="* vH mv"/>
			<t id="s14_2" word="é" lemma="ser" pos="v-fin" morph="PR 3S IND VFIN" extra="vK fmc mv"/>
			<t id="s14_3" word="uma" lemma="um" pos="art" morph="F S" extra="--"/>
			<t id="s14_4" word="filial" lemma="filial" pos="n" morph="F S" sem="inst" extra="--"/>
			<t id="s14_5" word="de" lemma="de" pos="prp" morph="--" extra="np-close"/>
			<t id="s14_6" word="uma" lemma="um" pos="art" morph="F S" extra="--"/>
			<t id="s14_7" word="empresa" lemma="empresa" pos="n" morph="F S" sem="HH" extra="--"/>
			<t id="s14_8" word="." lemma="--" pos="pu" morph="--" extra="--"/>
		</terminals>

		<nonterminals>
			<nt id="s14_500" cat="s">
				<edge label="STA" idref="s14_501"/>
			</nt>
			<nt id="s14_501" cat="fcl">
				<edge label="fA" idref="s14_1"/>
				<edge label="P" idref="s14_2"/>
				<edge label="Cs" idref="s14_502"/>
				<edge label="PU" idref="s14_8"/>
			</nt>
			<nt id="s14_502" cat="np">
				<edge label="DN" idref="s14_3"/>
				<edge label="H" idref="s14_4"/>
				<edge label="DN" idref="s14_503"/>
			</nt>
			<nt id="s14_503" cat="pp">
				<edge label="H" idref="s14_5"/>
				<edge label="DP" idref="s14_504"/>
			</nt>
			<nt id="s14_504" cat="np">
				<edge label="DN" idref="s14_6"/>
				<edge label="H" idref="s14_7"/>
			</nt>
		</nonterminals>
	</graph>
</s>

<s id="s15" ref="15" source="Running text" forest="1" text="Exemplo 1: Eu tenho uma empresa, e agora qeu estamos crescendo pretendo abrir uma Filial em outro estado, a fim de expandir o nome da empresa.">
	<graph root="s15_500">
		<terminals>
			<t id="s15_1" word="Exemplo" lemma="exemplo" pos="n" morph="M S" extra="* ac"/>
			<t id="s15_2" word="1:" lemma="1:" pos="num" morph="M/F P" extra="card"/>
			<t id="s15_3" word="Eu" lemma="eu" pos="pron-pers" morph="M/F 1S NOM" extra="*"/>
			<t id="s15_4" word="tenho" lemma="ter" pos="v-fin" morph="PR 1S IND VFIN" extra="nosubj cjt-head cjt-head-STA fmc mv"/>
			<t id="s15_5" word="uma" lemma="um" pos="art" morph="F S" extra="--"/>
			<t id="s15_6" word="empresa" lemma="empresa" pos="n" morph="F S" sem="HH" extra="--"/>
			<t id="s15_7" word="," lemma="--" pos="pu" morph="--" extra="--"/>
			<t id="s15_8" word="e" lemma="e" pos="conj-c" morph="--" extra="clb"/>
			<t id="s15_9" word="agora" lemma="agora" pos="adv" morph="--" extra="kc"/>
			<t id="s15_10" word="qeu" lemma="qeu" pos="n" morph="M S" extra="heur"/>
			<t id="s15_11" word="estamos" lemma="estar" pos="v-fin" morph="PR 1P IND VFIN" extra="nosubj cjt-STA fmc aux"/>
			<t id="s15_12" word="crescendo" lemma="crescer" pos="v-ger" morph="--" extra="mv"/>
			<t id="s15_13" word="pretendo" lemma="pretender" pos="v-fin" morph="PR 1S IND VFIN" extra="nosubj cjt-STA vH fmc mv"/>
			<t id="s15_14" word="abrir" lemma="abrir" pos="v-inf" morph="--" extra="vH mv"/>
			<t id="s15_15" word="uma" lemma="um" pos="art" morph="F S" extra="--"/>
			<t id="s15_16" word="Filial" lemma="filial" pos="n" morph="F S" sem="inst" extra="prop *"/>
			<t id="s15_17" word="em" lemma="em" pos="prp" morph="--" extra="--"/>
			<t id="s15_18" word="outro" lemma="outro" pos="pron-indef" morph="DET M S" extra="diff KOMP"/>
			<t id="s15_19" word="estado" lemma="estado" pos="n" morph="M S" sem="Lciv state" extra="--"/>
			<t id="s15_20" word="," lemma="--" pos="pu" morph="--" extra="--"/>
			<t id="s15_21" word="a_fim_de" lemma="a_fim_de" pos="prp" morph="--" extra="--"/>
			<t id="s15_22" word="expandir" lemma="expandir" pos="v-inf" morph="--" extra="mv"/>
			<t id="s15_23" word="o" lemma="o" pos="art" morph="M S" extra="--"/>
			<t id="s15_24" word="nome" lemma="nome" pos="n" morph="M S" sem="percep-f ac-cat" extra="--"/>
			<t id="s15_25" word="de" lemma="de" pos="prp" morph="--" extra="sam- np-close"/>
			<t id="s15_26" word="a" lemma="o" pos="art" morph="F S" extra="-sam "/>
			<t id="s15_27" word="empresa" lemma="empresa" pos="n" morph="F S" sem="HH" extra="--"/>
			<t id="s15_28" word="." lemma="--" pos="pu" morph="--" extra="--"/>
		</terminals>

		<nonterminals>
			<nt id="s15_500" cat="s">
				<edge label="STA" idref="s15_501"/>
			</nt>
			<nt id="s15_501" cat="par">
				<edge label="CJT" idref="s15_502"/>
				<edge label="PU" idref="s15_7"/>
				<edge label="CO" idref="s15_8"/>
				<edge label="CJT" idref="s15_504"/>
				<edge label="CJT" idref="s15_506"/>
				<edge label="PU" idref="s15_28"/>
			</nt>
			<nt id="s15_502" cat="fcl">
				<edge label="fCs" idref="s15_1"/>
				<edge label="Od" idref="s15_2"/>
				<edge label="S" idref="s15_3"/>
				<edge label="P" idref="s15_4"/>
				<edge label="Od" idref="s15_503"/>
			</nt>
			<nt id="s15_503" cat="np">
				<edge label="DN" idref="s15_5"/>
				<edge label="H" idref="s15_6"/>
			</nt>
			<nt id="s15_504" cat="x">
				<edge label="fA" idref="s15_9"/>
				<edge label="fCs" idref="s15_10"/>
				<edge label="P" idref="s15_505"/>
			</nt>
			<nt id="s15_505" cat="vp">
				<edge label="Vaux" idref="s15_11"/>
				<edge label="Vm" idref="s15_12"/>
			</nt>
			<nt id="s15_506" cat="x">
				<edge label="P" idref="s15_13"/>
				<edge label="Od" idref="s15_507"/>
			</nt>
			<nt id="s15_507" cat="icl">
				<edge label="P" idref="s15_14"/>
				<edge label="Od" idref="s15_508"/>
				<edge label="fA" idref="s15_509"/>
				<edge label="PU" idref="s15_20"/>
				<edge label="fA" idref="s15_511"/>
			</nt>
			<nt id="s15_508" cat="np">
				<edge label="DN" idref="s15_15"/>
				<edge label="H" idref="s15_16"/>
			</nt>
			<nt id="s15_509" cat="pp">
				<edge label="H" idref="s15_17"/>
				<edge label="DP" idref="s15_510"/>
			</nt>
			<nt id="s15_510" cat="np">
				<edge label="DN" idref="s15_18"/>
				<edge label="H" idref="s15_19"/>
			</nt>
			<nt id="s15_511" cat="pp">
				<edge label="H" idref="s15_21"/>
				<edge label="DP" idref="s15_512"/>
			</nt>
			<nt id="s15_512" cat="icl">
				<edge label="P" idref="s15_22"/>
				<edge label="Od" idref="s15_513"/>
			</nt>
			<nt id="s15_513" cat="np">
				<edge label="DN" idref="s15_23"/>
				<edge label="H" idref="s15_24"/>
				<edge label="DN" idref="s15_514"/>
			</nt>
			<nt id="s15_514" cat="pp">
				<edge label="H" idref="s15_25"/>
				<edge label="DP" idref="s15_515"/>
			</nt>
			<nt id="s15_515" cat="np">
				<edge label="DN" idref="s15_26"/>
				<edge label="H" idref="s15_27"/>
			</nt>
		</nonterminals>
	</graph>
</s>

<s id="s16" ref="16" source="Running text" forest="1" text="Esta fifial tem o mesmo nome da minha empresa.">
	<graph root="s16_500">
		<terminals>
			<t id="s16_1" word="Esta" lemma="este" pos="pron-dem" morph="DET F S" extra="* dem"/>
			<t id="s16_2" word="fifial" lemma="fifial" pos="n" morph="M S" extra="DERS"/>
			<t id="s16_3" word="tem" lemma="ter" pos="v-fin" morph="PR 3S IND VFIN" extra="fmc mv"/>
			<t id="s16_4" word="o" lemma="o" pos="art" morph="M S" extra="--"/>
			<t id="s16_5" word="mesmo" lemma="mesmo" pos="pron-indef" morph="DET M S" extra="diff KOMP"/>
			<t id="s16_6" word="nome" lemma="nome" pos="n" morph="M S" sem="percep-f ac-cat" extra="--"/>
			<t id="s16_7" word="de" lemma="de" pos="prp" morph="--" extra="sam- np-close"/>
			<t id="s16_8" word="a" lemma="o" pos="art" morph="F S" extra="-sam "/>
			<t id="s16_9" word="minha" lemma="meu" pos="pron-poss" morph="DET F S" extra="poss 1S"/>
			<t id="s16_10" word="empresa" lemma="empresa" pos="n" morph="F S" sem="HH" extra="--"/>
			<t id="s16_11" word="." lemma="--" pos="pu" morph="--" extra="--"/>
		</terminals>

		<nonterminals>
			<nt id="s16_500" cat="s">
				<edge label="STA" idref="s16_501"/>
			</nt>
			<nt id="s16_501" cat="fcl">
				<edge label="S" idref="s16_502"/>
				<edge label="P" idref="s16_3"/>
				<edge label="Od" idref="s16_503"/>
				<edge label="PU" idref="s16_11"/>
			</nt>
			<nt id="s16_502" cat="np">
				<edge label="DN" idref="s16_1"/>
				<edge label="H" idref="s16_2"/>
			</nt>
			<nt id="s16_503" cat="np">
				<edge label="DN" idref="s16_4"/>
				<edge label="DN" idref="s16_5"/>
				<edge label="H" idref="s16_6"/>
				<edge label="DN" idref="s16_504"/>
			</nt>
			<nt id="s16_504" cat="pp">
				<edge label="H" idref="s16_7"/>
				<edge label="DP" idref="s16_505"/>
			</nt>
			<nt id="s16_505" cat="np">
				<edge label="DN" idref="s16_8"/>
				<edge label="DN" idref="s16_9"/>
				<edge label="H" idref="s16_10"/>
			</nt>
		</nonterminals>
	</graph>
</s>

<s id="s17" ref="17" source="Running text" forest="1" text="Exemplo 2: A casa das alianças existe em vários locais.">
	<graph root="s17_500">
		<terminals>
			<t id="s17_1" word="Exemplo" lemma="exemplo" pos="n" morph="M S" extra="* ac"/>
			<t id="s17_2" word="2:" lemma="2:" pos="num" morph="F P" extra="card"/>
			<t id="s17_3" word="A" lemma="o" pos="art" morph="F S" extra="* "/>
			<t id="s17_4" word="casa" lemma="casa" pos="n" morph="F S" sem="build" extra="--"/>
			<t id="s17_5" word="de" lemma="de" pos="prp" morph="--" extra="sam- np-close"/>
			<t id="s17_6" word="as" lemma="o" pos="art" morph="F P" extra="-sam "/>
			<t id="s17_7" word="alianças" lemma="aliança" pos="n" morph="F P" sem="HH sit cloH-beauty" extra="--"/>
			<t id="s17_8" word="existe" lemma="existir" pos="v-fin" morph="PR 3S IND VFIN" extra="fmc mv"/>
			<t id="s17_9" word="em" lemma="em" pos="prp" morph="--" extra="--"/>
			<t id="s17_10" word="vários" lemma="vários" pos="pron-indef" morph="DET M P" extra="quant"/>
			<t id="s17_11" word="locais" lemma="local" pos="n" morph="M P" sem="Lh" extra="--"/>
			<t id="s17_12" word="." lemma="--" pos="pu" morph="--" extra="--"/>
		</terminals>

		<nonterminals>
			<nt id="s17_500" cat="s">
				<edge label="STA" idref="s17_501"/>
			</nt>
			<nt id="s17_501" cat="fcl">
				<edge label="fCs" idref="s17_1"/>
				<edge label="S" idref="s17_502"/>
				<edge label="P" idref="s17_8"/>
				<edge label="fA" idref="s17_505"/>
				<edge label="PU" idref="s17_12"/>
			</nt>
			<nt id="s17_502" cat="np">
				<edge label="DN" idref="s17_2"/>
				<edge label="DN" idref="s17_3"/>
				<edge label="H" idref="s17_4"/>
				<edge label="DN" idref="s17_503"/>
			</nt>
			<nt id="s17_503" cat="pp">
				<edge label="H" idref="s17_5"/>
				<edge label="DP" idref="s17_504"/>
			</nt>
			<nt id="s17_504" cat="np">
				<edge label="DN" idref="s17_6"/>
				<edge label="H" idref="s17_7"/>
			</nt>
			<nt id="s17_505" cat="pp">
				<edge label="H" idref="s17_9"/>
				<edge label="DP" idref="s17_506"/>
			</nt>
			<nt id="s17_506" cat="np">
				<edge label="DN" idref="s17_10"/>
				<edge label="H" idref="s17_11"/>
			</nt>
		</nonterminals>
	</graph>
</s>

<s id="s18" ref="18" source="Running text" forest="1" text="Compartilhar enviar nova definição enviar nova imagem denunciar abuso Outras Informações:Palavras com 8 letras A palavra possui 3 vogais -- u u a A palavra possui 5 consoantes -- s c rs l 1 página -- 2 Definições madrugada manchete lichia quetognata zâmbia.">
	<graph root="s18_500">
		<terminals>
			<t id="s18_1" word="Compartilhar" lemma="compartilhar" pos="v-inf" morph="--" extra="* vH mv"/>
			<t id="s18_2" word="enviar" lemma="enviar" pos="v-inf" morph="--" extra="vH mv"/>
			<t id="s18_3" word="nova" lemma="novo" pos="adj" morph="F S" extra="jh"/>
			<t id="s18_4" word="definição" lemma="definição" pos="n" morph="F S" sem="sem-c" extra="--"/>
			<t id="s18_5" word="enviar" lemma="enviar" pos="v-inf" morph="--" extra="vH mv"/>
			<t id="s18_6" word="nova" lemma="novo" pos="adj" morph="F S" extra="jh"/>
			<t id="s18_7" word="imagem" lemma="imagem" pos="n" morph="F S" sem="pict sem-c ac-cat" extra="--"/>
			<t id="s18_8" word="denunciar" lemma="denunciar" pos="v-inf" morph="--" extra="vH mv"/>
			<t id="s18_9" word="abuso" lemma="abuso" pos="n" morph="M S" sem="activity" extra="--"/>
			<t id="s18_10" word="Outras_Informações" lemma="Outras_Informações" pos="prop" morph="M S" extra="hum * heur np-close"/>
			<t id="s18_11" word=":Palavras" lemma=":Palavras" pos="n" morph="M S" extra="cjt-head cjt-head-S"/>
			<t id="s18_12" word="com" lemma="com" pos="prp" morph="--" extra="--"/>
			<t id="s18_13" word="8" lemma="8" pos="num" morph="F P" extra="card"/>
			<t id="s18_14" word="letras" lemma="letra" pos="n" morph="F P" sem="ac-sign sem-r domain" extra="--"/>
			<t id="s18_15" word="A" lemma="o" pos="art" morph="F S" extra="* "/>
			<t id="s18_16" word="palavra" lemma="palavra" pos="n" morph="F S" sem="ac-cat act-s" extra="cjt-S"/>
			<t id="s18_17" word="possui" lemma="possuir" pos="v-fin" morph="PR 3S IND VFIN" extra="cjt-head cjt-head-STA vH fmc mv"/>
			<t id="s18_18" word="3" lemma="3" pos="num" morph="M P" extra="card"/>
			<t id="s18_19" word="vogais" lemma="vogal" pos="n" morph="M P" sem="ac-cat H" extra="--"/>
			<t id="s18_20" word="--" lemma="--" pos="pu" morph="--" extra="--"/>
			<t id="s18_21" word="u" lemma="u" pos="n" morph="M S" sem="ac-sign" extra="--"/>
			<t id="s18_22" word="u" lemma="u" pos="n" morph="M S" sem="ac-sign" extra="--"/>
			<t id="s18_23" word="a" lemma="a" pos="prp" morph="--" extra="--"/>
			<t id="s18_24" word="A" lemma="o" pos="art" morph="F S" extra="* "/>
			<t id="s18_25" word="palavra" lemma="palavra" pos="n" morph="F S" sem="ac-cat act-s" extra="--"/>
			<t id="s18_26" word="possui" lemma="possuir" pos="v-fin" morph="PR 3S IND VFIN" extra="cjt-STA vH fmc mv"/>
			<t id="s18_27" word="5" lemma="5" pos="num" morph="F P" extra="card"/>
			<t id="s18_28" word="consoantes" lemma="consoante" pos="n" morph="F P" sem="ac-cat" extra="--"/>
			<t id="s18_29" word="--" lemma="--" pos="pu" morph="--" extra="--"/>
			<t id="s18_30" word="s" lemma="s" pos="prop" morph="F S" extra="hum np-close"/>
			<t id="s18_31" word="c" lemma="c" pos="n" morph="M S" sem="ac-sign" extra="cjt-head cjt-head-S"/>
			<t id="s18_32" word="rs" lemma="r" pos="n" morph="M P" sem="ac-sign" extra="--"/>
			<t id="s18_33" word="l" lemma="l" pos="n" morph="M S" sem="ac-sign" extra="cjt-S"/>
			<t id="s18_34" word="1" lemma="1" pos="num" morph="F S" extra="card"/>
			<t id="s18_35" word="página" lemma="página" pos="n" morph="F S" sem="cc-r" extra="cjt-S"/>
			<t id="s18_36" word="--" lemma="--" pos="pu" morph="--" extra="--"/>
			<t id="s18_37" word="2" lemma="2" pos="num" morph="F P" extra="card"/>
			<t id="s18_38" word="Definições" lemma="definição" pos="n" morph="F P" sem="sem-c" extra="prop *"/>
			<t id="s18_39" word="madrugada" lemma="madrugada" pos="n" morph="F S" sem="temp" extra="--"/>
			<t id="s18_40" word="manchete" lemma="manchete" pos="n" morph="F S" sem="sem-r" extra="--"/>
			<t id="s18_41" word="lichia" lemma="lichia" pos="n" morph="F S" extra="heur"/>
			<t id="s18_42" word="quetognata" lemma="quetognato" pos="adj" morph="F S" extra="heur"/>
			<t id="s18_43" word="zâmbia" lemma="z�=mbia" pos="n" morph="F S" extra="DERS"/>
			<t id="s18_44" word="." lemma="--" pos="pu" morph="--" extra="--"/>
		</terminals>

		<nonterminals>
			<nt id="s18_500" cat="s">
				<edge label="UTT" idref="s18_501"/>
			</nt>
			<nt id="s18_501" cat="x">
				<edge label="UTT" idref="s18_507"/>
				<edge label="P" idref="s18_5"/>
				<edge label="Od" idref="s18_508"/>
				<edge label="UTT" idref="s18_509"/>
				<edge label="fCs" idref="s18_32"/>
				<edge label="PU" idref="s18_44"/>
			</nt>
			<nt id="s18_502" cat="par">
				<edge label="CJT" idref="s18_503"/>
			</nt>
			<nt id="s18_503" cat="fcl">
				<edge label="S" idref="s18_504"/>
			</nt>
			<nt id="s18_504" cat="icl">
				<edge label="P" idref="s18_1"/>
				<edge label="Od" idref="s18_505"/>
			</nt>
			<nt id="s18_505" cat="icl">
				<edge label="P" idref="s18_2"/>
				<edge label="Od" idref="s18_506"/>
			</nt>
			<nt id="s18_506" cat="np">
				<edge label="DN" idref="s18_3"/>
				<edge label="H" idref="s18_4"/>
			</nt>
			<nt id="s18_507" cat="icl">
			</nt>
			<nt id="s18_508" cat="np">
				<edge label="DN" idref="s18_6"/>
				<edge label="H" idref="s18_7"/>
			</nt>
			<nt id="s18_509" cat="fcl">
				<edge label="P" idref="s18_8"/>
				<edge label="Od" idref="s18_510"/>
				<edge label="S" idref="s18_511"/>
				<edge label="fA" idref="s18_512"/>
				<edge label="CJT" idref="s18_516"/>
				<edge label="fCs" idref="s18_43"/>
			</nt>
			<nt id="s18_510" cat="np">
				<edge label="H" idref="s18_9"/>
				<edge label="DN" idref="s18_10"/>
			</nt>
			<nt id="s18_511" cat="par">
				<edge label="CJT" idref="s18_11"/>
			</nt>
			<nt id="s18_512" cat="pp">
				<edge label="H" idref="s18_12"/>
				<edge label="DP" idref="s18_513"/>
				<edge label="CJT" idref="s18_514"/>
				<edge label="P" idref="s18_17"/>
				<edge label="Od" idref="s18_515"/>
				<edge label="fCs" idref="s18_21"/>
			</nt>
			<nt id="s18_513" cat="np">
				<edge label="DN" idref="s18_13"/>
				<edge label="H" idref="s18_14"/>
			</nt>
			<nt id="s18_514" cat="np">
				<edge label="DN" idref="s18_15"/>
				<edge label="H" idref="s18_16"/>
			</nt>
			<nt id="s18_515" cat="np">
				<edge label="DN" idref="s18_18"/>
				<edge label="H" idref="s18_19"/>
				<edge label="PU" idref="s18_20"/>
			</nt>
			<nt id="s18_516" cat="fcl">
				<edge label="S" idref="s18_22"/>
				<edge label="fA" idref="s18_517"/>
				<edge label="P" idref="s18_26"/>
				<edge label="Od" idref="s18_519"/>
				<edge label="S" idref="s18_520"/>
				<edge label="fCsta" idref="s18_522"/>
				<edge label="fCs" idref="s18_39"/>
				<edge label="fCs" idref="s18_40"/>
				<edge label="fCs" idref="s18_41"/>
				<edge label="fCs" idref="s18_42"/>
			</nt>
			<nt id="s18_517" cat="pp">
				<edge label="H" idref="s18_23"/>
				<edge label="DP" idref="s18_518"/>
			</nt>
			<nt id="s18_518" cat="np">
				<edge label="DN" idref="s18_24"/>
				<edge label="H" idref="s18_25"/>
			</nt>
			<nt id="s18_519" cat="np">
				<edge label="DN" idref="s18_27"/>
				<edge label="H" idref="s18_28"/>
				<edge label="PU" idref="s18_29"/>
				<edge label="DN" idref="s18_30"/>
			</nt>
			<nt id="s18_520" cat="par">
				<edge label="CJT" idref="s18_31"/>
				<edge label="CJT" idref="s18_33"/>
				<edge label="CJT" idref="s18_521"/>
			</nt>
			<nt id="s18_521" cat="np">
				<edge label="DN" idref="s18_34"/>
				<edge label="H" idref="s18_35"/>
				<edge label="PU" idref="s18_36"/>
			</nt>
			<nt id="s18_522" cat="np">
				<edge label="DN" idref="s18_37"/>
				<edge label="H" idref="s18_38"/>
			</nt>
		</nonterminals>
	</graph>
</s>

	</body>
</corpus>
