<?xml version="1.0" encoding="UTF-8"?>
<corpus>

	<body>
<s id="s1" ref="1" source="Running text" forest="1" text="Ulterior 3 Definições encontradas.">
	<graph root="s1_500">
		<terminals>
			<t id="s1_1" word="Ulterior" lemma="ulterior" pos="adj" morph="M/F S" extra="cjt-head cjt-head-X * nh"/>
			<t id="s1_2" word="3" lemma="3" pos="num" morph="F P" extra="card"/>
			<t id="s1_3" word="Definições" lemma="definição" pos="n" morph="F P" sem="sem-c" extra="cjt-X prop *"/>
			<t id="s1_4" word="encontradas" lemma="encontrado" pos="adj" morph="F P" extra="nh np-close"/>
			<t id="s1_5" word="." lemma="--" pos="pu" morph="--" extra="--"/>
		</terminals>

		<nonterminals>
			<nt id="s1_500" cat="s">
				<edge label="X" idref="s1_501"/>
			</nt>
			<nt id="s1_501" cat="par">
				<edge label="CJT" idref="s1_1"/>
				<edge label="CJT" idref="s1_502"/>
				<edge label="PU" idref="s1_5"/>
			</nt>
			<nt id="s1_502" cat="np">
				<edge label="DN" idref="s1_2"/>
				<edge label="H" idref="s1_3"/>
				<edge label="DN" idref="s1_4"/>
			</nt>
		</nonterminals>
	</graph>
</s>

<s id="s2" ref="2" source="Running text" forest="1" text="Tweet Classificação morfossintática:">
	<graph root="s2_500">
		<terminals>
			<t id="s2_1" word="Tweet_Classificação" lemma="Tweet_Classificação" pos="prop" morph="M S" extra="common * heur"/>
			<t id="s2_2" word="morfossintática" lemma="morfossintático" pos="adj" morph="F S" extra="DERS jh np-close"/>
			<t id="s2_3" word=":" lemma="--" pos="pu" morph="--" extra="--"/>
		</terminals>

		<nonterminals>
			<nt id="s2_500" cat="s">
				<edge label="X" idref="s2_501"/>
			</nt>
			<nt id="s2_501" cat="np">
				<edge label="H" idref="s2_1"/>
				<edge label="DN" idref="s2_2"/>
				<edge label="PU" idref="s2_3"/>
			</nt>
		</nonterminals>
	</graph>
</s>

<s id="s3" ref="3" source="Running text" forest="1" text="Adjetivo, masculino singular Adjetivo, feminino singular Flexões da palavra Ulterior Significados de Ulterior:">
	<graph root="s3_500">
		<terminals>
			<t id="s3_1" word="Adjetivo" lemma="adjetivar" pos="v-fin" morph="PR 1S IND VFIN" extra="* vH fmc mv"/>
			<t id="s3_2" word="," lemma="--" pos="pu" morph="--" extra="--"/>
			<t id="s3_3" word="masculino" lemma="masculino" pos="n" morph="M S" sem="ac-cat" extra="--"/>
			<t id="s3_4" word="singular" lemma="singular" pos="adj" morph="M/F S" extra="jh"/>
			<t id="s3_5" word="Adjetivo" lemma="adjetivo" pos="n" morph="M S" sem="ac-cat" extra="prop *"/>
			<t id="s3_6" word="," lemma="--" pos="pu" morph="--" extra="--"/>
			<t id="s3_7" word="feminino" lemma="feminino" pos="n" morph="M S" sem="ac-cat" extra="cjt-head cjt-head-Od"/>
			<t id="s3_8" word="singular" lemma="singular" pos="adj" morph="M S" extra="np-close"/>
			<t id="s3_9" word="Flexões" lemma="flexão" pos="n" morph="F P" sem="act" extra="cjt-Od prop *"/>
			<t id="s3_10" word="de" lemma="de" pos="prp" morph="--" extra="sam- np-close"/>
			<t id="s3_11" word="a" lemma="o" pos="art" morph="F S" extra="-sam "/>
			<t id="s3_12" word="palavra" lemma="palavra" pos="n" morph="F S" sem="ac-cat act-s" extra="--"/>
			<t id="s3_13" word="Ulterior_Significados_de_Ulterior" lemma="Ulterior_Significados_de_Ulterior" pos="prop" morph="F S" extra="org * heur np-close"/>
			<t id="s3_14" word=":" lemma="--" pos="pu" morph="--" extra="--"/>
		</terminals>

		<nonterminals>
			<nt id="s3_500" cat="s">
				<edge label="STA" idref="s3_501"/>
			</nt>
			<nt id="s3_501" cat="fcl">
				<edge label="P" idref="s3_1"/>
				<edge label="PU" idref="s3_2"/>
				<edge label="fCs" idref="s3_3"/>
				<edge label="fCs" idref="s3_4"/>
				<edge label="fCs" idref="s3_5"/>
				<edge label="PU" idref="s3_6"/>
				<edge label="Od" idref="s3_502"/>
				<edge label="PU" idref="s3_14"/>
			</nt>
			<nt id="s3_502" cat="par">
				<edge label="CJT" idref="s3_503"/>
				<edge label="CJT" idref="s3_504"/>
			</nt>
			<nt id="s3_503" cat="np">
				<edge label="H" idref="s3_7"/>
				<edge label="DN" idref="s3_8"/>
			</nt>
			<nt id="s3_504" cat="np">
				<edge label="H" idref="s3_9"/>
				<edge label="DN" idref="s3_505"/>
			</nt>
			<nt id="s3_505" cat="pp">
				<edge label="H" idref="s3_10"/>
				<edge label="DP" idref="s3_506"/>
			</nt>
			<nt id="s3_506" cat="np">
				<edge label="DN" idref="s3_11"/>
				<edge label="H" idref="s3_12"/>
				<edge label="DN" idref="s3_13"/>
			</nt>
		</nonterminals>
	</graph>
</s>

<s id="s4" ref="4" source="Running text" forest="1" text="120 sobe, 53 desce 1. Ulterior Por Lidia Sabbadini(RS) em 08-07-2007 Que chega ou acontece depois, que está além de, que se situa do lado de lá.">
	<graph root="s4_500">
		<terminals>
			<t id="s4_1" word="120" lemma="120" pos="num" morph="M/F S" extra="card"/>
			<t id="s4_2" word="sobe" lemma="subir" pos="v-fin" morph="PR 3S IND VFIN" extra="cjt-head cjt-head-STA fmc mv"/>
			<t id="s4_3" word="," lemma="--" pos="pu" morph="--" extra="--"/>
			<t id="s4_4" word="53" lemma="53" pos="num" morph="M/F P" extra="card"/>
			<t id="s4_5" word="desce" lemma="descer" pos="v-fin" morph="PR 3S IND VFIN" extra="cjt-STA fmc mv"/>
			<t id="s4_6" word="1." lemma="1." pos="adj" morph="M/F S" extra="NUM-ord"/>
			<t id="s4_7" word="Ulterior_Por_Lidia_Sabbadini" lemma="Ulterior_Por_Lidia_Sabbadini" pos="prop" morph="M S" extra="hum * heur"/>
			<t id="s4_8" word="(" lemma="--" pos="pu" morph="--" extra="--"/>
			<t id="s4_9" word="RS" lemma="RS" pos="prop" morph="M S" extra="civ * np-close"/>
			<t id="s4_10" word=")" lemma="--" pos="pu" morph="--" extra="--"/>
			<t id="s4_11" word="em" lemma="em" pos="prp" morph="--" extra="--"/>
			<t id="s4_12" word="08-07-2007" lemma="08-07-2007" pos="num" morph="M/F S" extra="card"/>
			<t id="s4_13" word="Que" lemma="que" pos="spec" morph="M S" extra="clb clb-fs * rel"/>
			<t id="s4_14" word="chega" lemma="chegar" pos="v-fin" morph="PR 3S IND VFIN" extra="cjt-head cjt-head-DN mv np-close"/>
			<t id="s4_15" word="ou" lemma="ou" pos="conj-c" morph="--" extra="co-fin"/>
			<t id="s4_16" word="acontece" lemma="acontecer" pos="v-fin" morph="PR 3S IND VFIN" extra="nosubj cjt-DN vN fmc mv np-close"/>
			<t id="s4_17" word="depois" lemma="depois" pos="adv" morph="--" extra="--"/>
			<t id="s4_18" word="," lemma="--" pos="pu" morph="--" extra="--"/>
			<t id="s4_19" word="que" lemma="que" pos="conj-s" morph="--" extra="clb clb-fs"/>
			<t id="s4_20" word="está" lemma="estar" pos="v-fin" morph="PR 3S IND VFIN" extra="vK mv"/>
			<t id="s4_21" word="além_de" lemma="além_de" pos="prp" morph="--" extra="--"/>
			<t id="s4_22" word="," lemma="--" pos="pu" morph="--" extra="--"/>
			<t id="s4_23" word="que" lemma="que" pos="conj-s" morph="--" extra="clb clb-fs"/>
			<t id="s4_24" word="se" lemma="se" pos="pron-pers" morph="M/F 3S ACC" extra="refl"/>
			<t id="s4_25" word="situa" lemma="situar" pos="v-fin" morph="PR 3S IND VFIN" extra="mv v-pron"/>
			<t id="s4_26" word="de" lemma="de" pos="prp" morph="--" extra="sam-"/>
			<t id="s4_27" word="o" lemma="o" pos="art" morph="M S" extra="-sam "/>
			<t id="s4_28" word="lado" lemma="lado" pos="n" morph="M S" sem="Labs" extra="--"/>
			<t id="s4_29" word="de" lemma="de" pos="prp" morph="--" extra="np-close"/>
			<t id="s4_30" word="lá" lemma="lá" pos="adv" morph="--" extra="--"/>
			<t id="s4_31" word="." lemma="--" pos="pu" morph="--" extra="--"/>
		</terminals>

		<nonterminals>
			<nt id="s4_500" cat="s">
				<edge label="STA" idref="s4_501"/>
			</nt>
			<nt id="s4_501" cat="par">
				<edge label="CJT" idref="s4_502"/>
				<edge label="PU" idref="s4_3"/>
				<edge label="CJT" idref="s4_503"/>
				<edge label="PU" idref="s4_31"/>
			</nt>
			<nt id="s4_502" cat="fcl">
				<edge label="S" idref="s4_1"/>
				<edge label="P" idref="s4_2"/>
			</nt>
			<nt id="s4_503" cat="fcl">
				<edge label="Od" idref="s4_4"/>
				<edge label="P" idref="s4_5"/>
				<edge label="fCs" idref="s4_6"/>
				<edge label="S" idref="s4_504"/>
				<edge label="fA" idref="s4_505"/>
			</nt>
			<nt id="s4_504" cat="np">
				<edge label="H" idref="s4_7"/>
				<edge label="PU" idref="s4_8"/>
				<edge label="DNc" idref="s4_9"/>
				<edge label="PU" idref="s4_10"/>
			</nt>
			<nt id="s4_505" cat="pp">
				<edge label="H" idref="s4_11"/>
				<edge label="DP" idref="s4_506"/>
			</nt>
			<nt id="s4_506" cat="np">
				<edge label="H" idref="s4_12"/>
				<edge label="DN" idref="s4_507"/>
			</nt>
			<nt id="s4_507" cat="par">
				<edge label="CJT" idref="s4_508"/>
				<edge label="CO" idref="s4_15"/>
				<edge label="CJT" idref="s4_509"/>
			</nt>
			<nt id="s4_508" cat="fcl">
				<edge label="S" idref="s4_13"/>
				<edge label="P" idref="s4_14"/>
			</nt>
			<nt id="s4_509" cat="x">
				<edge label="P" idref="s4_16"/>
				<edge label="fA" idref="s4_17"/>
				<edge label="PU" idref="s4_18"/>
				<edge label="fA" idref="s4_510"/>
			</nt>
			<nt id="s4_510" cat="fcl">
				<edge label="SUB" idref="s4_19"/>
				<edge label="P" idref="s4_20"/>
				<edge label="Cs" idref="s4_21"/>
				<edge label="PU" idref="s4_22"/>
				<edge label="fA" idref="s4_511"/>
			</nt>
			<nt id="s4_511" cat="fcl">
				<edge label="SUB" idref="s4_23"/>
				<edge label="Od" idref="s4_24"/>
				<edge label="P" idref="s4_25"/>
				<edge label="fA" idref="s4_512"/>
			</nt>
			<nt id="s4_512" cat="pp">
				<edge label="H" idref="s4_26"/>
				<edge label="DP" idref="s4_513"/>
			</nt>
			<nt id="s4_513" cat="np">
				<edge label="DN" idref="s4_27"/>
				<edge label="H" idref="s4_28"/>
				<edge label="DN" idref="s4_514"/>
			</nt>
			<nt id="s4_514" cat="pp">
				<edge label="H" idref="s4_29"/>
				<edge label="DP" idref="s4_30"/>
			</nt>
		</nonterminals>
	</graph>
</s>

<s id="s5" ref="5" source="Running text" forest="1" text="A popularidade deste governante dificilmente será suplantada por os ulteriores.">
	<graph root="s5_500">
		<terminals>
			<t id="s5_1" word="A" lemma="o" pos="art" morph="F S" extra="* "/>
			<t id="s5_2" word="popularidade" lemma="popularidade" pos="n" morph="F S" sem="am" extra="--"/>
			<t id="s5_3" word="de" lemma="de" pos="prp" morph="--" extra="sam- np-close"/>
			<t id="s5_4" word="este" lemma="este" pos="pron-dem" morph="DET M S" extra="dem -sam"/>
			<t id="s5_5" word="governante" lemma="governante" pos="n" morph="M S" sem="Hprof" extra="--"/>
			<t id="s5_6" word="dificilmente" lemma="dificilmente" pos="adv" morph="--" extra="--"/>
			<t id="s5_7" word="será" lemma="ser" pos="v-fin" morph="FUT 3S IND VFIN" extra="fmc aux"/>
			<t id="s5_8" word="suplantada" lemma="suplantar" pos="v-pcp" morph="F S" extra="mv"/>
			<t id="s5_9" word="por" lemma="por" pos="prp" morph="--" extra="sam-"/>
			<t id="s5_10" word="os" lemma="o" pos="art" morph="M P" extra="-sam "/>
			<t id="s5_11" word="ulteriores" lemma="ulterior" pos="adj" morph="M P" extra="n nh"/>
			<t id="s5_12" word="." lemma="--" pos="pu" morph="--" extra="--"/>
		</terminals>

		<nonterminals>
			<nt id="s5_500" cat="s">
				<edge label="STA" idref="s5_501"/>
			</nt>
			<nt id="s5_501" cat="fcl">
				<edge label="S" idref="s5_502"/>
				<edge label="fA" idref="s5_6"/>
				<edge label="P" idref="s5_505"/>
				<edge label="fApass" idref="s5_506"/>
				<edge label="PU" idref="s5_12"/>
			</nt>
			<nt id="s5_502" cat="np">
				<edge label="DN" idref="s5_1"/>
				<edge label="H" idref="s5_2"/>
				<edge label="DN" idref="s5_503"/>
			</nt>
			<nt id="s5_503" cat="pp">
				<edge label="H" idref="s5_3"/>
				<edge label="DP" idref="s5_504"/>
			</nt>
			<nt id="s5_504" cat="np">
				<edge label="DN" idref="s5_4"/>
				<edge label="H" idref="s5_5"/>
			</nt>
			<nt id="s5_505" cat="vp">
				<edge label="Vaux" idref="s5_7"/>
				<edge label="Vm" idref="s5_8"/>
			</nt>
			<nt id="s5_506" cat="pp">
				<edge label="H" idref="s5_9"/>
				<edge label="DP" idref="s5_507"/>
			</nt>
			<nt id="s5_507" cat="np">
				<edge label="DN" idref="s5_10"/>
				<edge label="H" idref="s5_11"/>
			</nt>
		</nonterminals>
	</graph>
</s>

<s id="s6" ref="6" source="Running text" forest="1" text="Compartilhar enviar nova definição enviar nova imagem denunciar abuso Sinônimos:">
	<graph root="s6_500">
		<terminals>
			<t id="s6_1" word="Compartilhar" lemma="compartilhar" pos="v-inf" morph="--" extra="* vH mv"/>
			<t id="s6_2" word="enviar" lemma="enviar" pos="v-inf" morph="--" extra="vH mv"/>
			<t id="s6_3" word="nova" lemma="novo" pos="adj" morph="F S" extra="jh"/>
			<t id="s6_4" word="definição" lemma="definição" pos="n" morph="F S" sem="sem-c" extra="--"/>
			<t id="s6_5" word="enviar" lemma="enviar" pos="v-inf" morph="--" extra="vH mv"/>
			<t id="s6_6" word="nova" lemma="novo" pos="adj" morph="F S" extra="jh"/>
			<t id="s6_7" word="imagem" lemma="imagem" pos="n" morph="F S" sem="pict sem-c ac-cat" extra="--"/>
			<t id="s6_8" word="denunciar" lemma="denunciar" pos="v-inf" morph="--" extra="vH mv"/>
			<t id="s6_9" word="abuso" lemma="abuso" pos="n" morph="M S" sem="activity" extra="--"/>
			<t id="s6_10" word="Sinônimos" lemma="Sinônimos" pos="prop" morph="M S" extra="hum * np-close"/>
			<t id="s6_11" word=":" lemma="--" pos="pu" morph="--" extra="--"/>
		</terminals>

		<nonterminals>
			<nt id="s6_500" cat="s">
				<edge label="UTT" idref="s6_501"/>
			</nt>
			<nt id="s6_501" cat="icl">
				<edge label="P" idref="s6_1"/>
				<edge label="Od" idref="s6_502"/>
				<edge label="PU" idref="s6_11"/>
			</nt>
			<nt id="s6_502" cat="icl">
				<edge label="P" idref="s6_2"/>
				<edge label="Od" idref="s6_503"/>
				<edge label="UTT" idref="s6_504"/>
				<edge label="UTT" idref="s6_506"/>
			</nt>
			<nt id="s6_503" cat="np">
				<edge label="DN" idref="s6_3"/>
				<edge label="H" idref="s6_4"/>
			</nt>
			<nt id="s6_504" cat="icl">
				<edge label="P" idref="s6_5"/>
				<edge label="Od" idref="s6_505"/>
			</nt>
			<nt id="s6_505" cat="np">
				<edge label="DN" idref="s6_6"/>
				<edge label="H" idref="s6_7"/>
			</nt>
			<nt id="s6_506" cat="icl">
				<edge label="P" idref="s6_8"/>
				<edge label="Od" idref="s6_507"/>
			</nt>
			<nt id="s6_507" cat="np">
				<edge label="H" idref="s6_9"/>
				<edge label="DN" idref="s6_10"/>
			</nt>
		</nonterminals>
	</graph>
</s>

<s id="s7" ref="7" source="Running text" forest="1" text="posterior depois abaixo ademais após aquém demais emseguida ulterior derradeiro extremo final rabada restante supremo último quevememseguida subsequente traseiro imediato seguinte seqüente subseqüente futuro próximo mais...">
	<graph root="s7_500">
		<terminals>
			<t id="s7_1" word="posterior" lemma="posterior" pos="adj" morph="M/F S" extra="cjt-head cjt-head-X nh"/>
			<t id="s7_2" word="depois" lemma="depois" pos="adv" morph="--" extra="--"/>
			<t id="s7_3" word="abaixo" lemma="abaixo" pos="adv" morph="--" extra="--"/>
			<t id="s7_4" word="ademais" lemma="ademais" pos="adv" morph="--" extra="--"/>
			<t id="s7_5" word="após" lemma="após" pos="prp" morph="--" extra="--"/>
			<t id="s7_6" word="aquém" lemma="aquém" pos="adv" morph="--" extra="--"/>
			<t id="s7_7" word="demais" lemma="demais" pos="pron-indef" morph="DET F S" extra="--"/>
			<t id="s7_8" word="emseguida" lemma="emseguida" pos="n" morph="F S" sem="HH" extra="DERP"/>
			<t id="s7_9" word="ulterior" lemma="ulterior" pos="adj" morph="F S" extra="nh np-close"/>
			<t id="s7_10" word="derradeiro" lemma="derradeiro" pos="adj" morph="M S" extra="--"/>
			<t id="s7_11" word="extremo" lemma="extremo" pos="n" morph="M S" sem="Labs" extra="cjt-fCs"/>
			<t id="s7_12" word="final" lemma="final" pos="n" morph="F S" sem="occ" extra="cjt-fCs"/>
			<t id="s7_13" word="rabada" lemma="rabado" pos="adj" morph="F S" extra="np-close"/>
			<t id="s7_14" word="restante" lemma="restante" pos="adj" morph="F S" extra="nh np-long"/>
			<t id="s7_15" word="supremo" lemma="supremo" pos="adj" morph="M S" extra="jh np-long"/>
			<t id="s7_16" word="último" lemma="último" pos="adj" morph="M S" extra="NUM-ord jh np-long"/>
			<t id="s7_17" word="quevememseguida" lemma="quevememseguer" pos="v-pcp" morph="F S" extra="heur np-long"/>
			<t id="s7_18" word="subsequente" lemma="subsequente" pos="adj" morph="M S" extra="--"/>
			<t id="s7_19" word="traseiro" lemma="traseiro" pos="n" morph="M S" sem="an" extra="cjt-fCs"/>
			<t id="s7_20" word="imediato" lemma="imediato" pos="adj" morph="M S" extra="np-close"/>
			<t id="s7_21" word="seguinte" lemma="seguinte" pos="adj" morph="M S" extra="nh np-long"/>
			<t id="s7_22" word="seqüente" lemma="seqüente" pos="adj" morph="M S" extra="cjt-DN n nh np-long"/>
			<t id="s7_23" word="subseqüente" lemma="subseqüente" pos="adj" morph="M S" extra="--"/>
			<t id="s7_24" word="futuro" lemma="futuro" pos="n" morph="M S" sem="per" extra="cjt-fCs"/>
			<t id="s7_25" word="próximo" lemma="próximo" pos="adj" morph="M S" extra="np-close"/>
			<t id="s7_26" word="mais" lemma="mais" pos="adv" morph="--" extra="quant KOMP"/>
			<t id="s7_27" word="." lemma="--" pos="pu" morph="--" extra="--"/>
		</terminals>

		<nonterminals>
			<nt id="s7_500" cat="s">
				<edge label="X" idref="s7_501"/>
			</nt>
			<nt id="s7_501" cat="par">
				<edge label="CJT" idref="s7_502"/>
				<edge label="CJT" idref="s7_505"/>
				<edge label="CJT" idref="s7_506"/>
				<edge label="CJT" idref="s7_507"/>
				<edge label="CJT" idref="s7_508"/>
				<edge label="CJT" idref="s7_22"/>
				<edge label="PU" idref="s7_27"/>
			</nt>
			<nt id="s7_502" cat="adjp">
				<edge label="H" idref="s7_1"/>
				<edge label="fA" idref="s7_2"/>
				<edge label="fA" idref="s7_3"/>
				<edge label="fA" idref="s7_4"/>
				<edge label="fA" idref="s7_503"/>
				<edge label="fA" idref="s7_6"/>
			</nt>
			<nt id="s7_503" cat="pp">
				<edge label="H" idref="s7_5"/>
				<edge label="DP" idref="s7_504"/>
			</nt>
			<nt id="s7_504" cat="np">
				<edge label="DN" idref="s7_7"/>
				<edge label="H" idref="s7_8"/>
				<edge label="DN" idref="s7_9"/>
			</nt>
			<nt id="s7_505" cat="np">
				<edge label="DN" idref="s7_10"/>
				<edge label="H" idref="s7_11"/>
			</nt>
			<nt id="s7_506" cat="np">
				<edge label="H" idref="s7_12"/>
				<edge label="DN" idref="s7_13"/>
				<edge label="DN" idref="s7_14"/>
				<edge label="DN" idref="s7_15"/>
				<edge label="DN" idref="s7_16"/>
				<edge label="DN" idref="s7_17"/>
			</nt>
			<nt id="s7_507" cat="np">
				<edge label="DN" idref="s7_18"/>
				<edge label="H" idref="s7_19"/>
				<edge label="DN" idref="s7_20"/>
			</nt>
			<nt id="s7_508" cat="np">
				<edge label="DN" idref="s7_21"/>
				<edge label="DN" idref="s7_23"/>
				<edge label="H" idref="s7_24"/>
				<edge label="DN" idref="s7_25"/>
				<edge label="fA" idref="s7_26"/>
			</nt>
		</nonterminals>
	</graph>
</s>

<s id="s8" ref="8" source="Running text" forest="1" text="Antônimos:">
	<graph root="s8_500">
		<terminals>
			<t id="s8_1" word="Antônimos" lemma="antônimo" pos="adj" morph="M P" extra="* nh"/>
			<t id="s8_2" word=":" lemma="--" pos="pu" morph="--" extra="--"/>
		</terminals>

		<nonterminals>
			<nt id="s8_500" cat="s">
				<edge label="UTT" idref="s8_501"/>
			</nt>
			<nt id="s8_501" cat="x">
				<edge label="X" idref="s8_1"/>
				<edge label="PU" idref="s8_2"/>
			</nt>
		</nonterminals>
	</graph>
</s>

<s id="s9" ref="9" source="Running text" forest="1" text="anterior precedente mais...">
	<graph root="s9_500">
		<terminals>
			<t id="s9_1" word="anterior" lemma="anterior" pos="adj" morph="M S" extra="nh"/>
			<t id="s9_2" word="precedente" lemma="precedente" pos="n" morph="M S" sem="event" extra="--"/>
			<t id="s9_3" word="mais" lemma="mais" pos="adv" morph="--" extra="--"/>
			<t id="s9_4" word="." lemma="--" pos="pu" morph="--" extra="--"/>
		</terminals>

		<nonterminals>
			<nt id="s9_500" cat="s">
				<edge label="X" idref="s9_501"/>
			</nt>
			<nt id="s9_501" cat="np">
				<edge label="DN" idref="s9_1"/>
				<edge label="H" idref="s9_2"/>
				<edge label="fA" idref="s9_3"/>
				<edge label="PU" idref="s9_4"/>
			</nt>
		</nonterminals>
	</graph>
</s>

<s id="s10" ref="10" source="Running text" forest="1" text="Relacionadas:">
	<graph root="s10_500">
		<terminals>
			<t id="s10_1" word="Relacionadas" lemma="relacionado" pos="adj" morph="F P" extra="* nh"/>
			<t id="s10_2" word=":" lemma="--" pos="pu" morph="--" extra="--"/>
		</terminals>

		<nonterminals>
			<nt id="s10_500" cat="s">
				<edge label="UTT" idref="s10_501"/>
			</nt>
			<nt id="s10_501" cat="x">
				<edge label="X" idref="s10_1"/>
				<edge label="PU" idref="s10_2"/>
			</nt>
		</nonterminals>
	</graph>
</s>

<s id="s11" ref="11" source="Running text" forest="1" text="geografia mais...">
	<graph root="s11_500">
		<terminals>
			<t id="s11_1" word="geografia" lemma="geografia" pos="n" morph="F S" sem="domain" extra="--"/>
			<t id="s11_2" word="mais" lemma="mais" pos="adv" morph="--" extra="--"/>
			<t id="s11_3" word="." lemma="--" pos="pu" morph="--" extra="--"/>
		</terminals>

		<nonterminals>
			<nt id="s11_500" cat="s">
				<edge label="UTT" idref="s11_501"/>
			</nt>
			<nt id="s11_501" cat="x">
				<edge label="S" idref="s11_1"/>
				<edge label="fA" idref="s11_2"/>
				<edge label="PU" idref="s11_3"/>
			</nt>
		</nonterminals>
	</graph>
</s>

<s id="s12" ref="12" source="Running text" forest="1" text="9 sobe, 2 desce 2. Ulterior Por Dicionário inFormal(SP) em 06-11-2008 O que vem depois, que está após, posterior.">
	<graph root="s12_500">
		<terminals>
			<t id="s12_1" word="9" lemma="9" pos="num" morph="M/F P" extra="card"/>
			<t id="s12_2" word="sobe" lemma="subir" pos="v-fin" morph="PR 3S IND VFIN" extra="cjt-head cjt-head-STA fmc mv"/>
			<t id="s12_3" word="," lemma="--" pos="pu" morph="--" extra="--"/>
			<t id="s12_4" word="2" lemma="2" pos="num" morph="M/F P" extra="card"/>
			<t id="s12_5" word="desce" lemma="descer" pos="v-fin" morph="PR 3S IND VFIN" extra="cjt-STA fmc mv"/>
			<t id="s12_6" word="2." lemma="2." pos="adj" morph="M/F S" extra="NUM-ord"/>
			<t id="s12_7" word="Ulterior_Por_Dicionário" lemma="Ulterior_Por_Dicionário" pos="prop" morph="M S" extra="tit *"/>
			<t id="s12_8" word="inFormal" lemma="inFormal" pos="adj" morph="M S" extra="np-close"/>
			<t id="s12_9" word="(" lemma="--" pos="pu" morph="--" extra="--"/>
			<t id="s12_10" word="SP" lemma="SP" pos="prop" morph="M S" extra="civ * np-close"/>
			<t id="s12_11" word=")" lemma="--" pos="pu" morph="--" extra="--"/>
			<t id="s12_12" word="em" lemma="em" pos="prp" morph="--" extra="--"/>
			<t id="s12_13" word="06-11-2008" lemma="06-11-2008" pos="num" morph="M/F S" extra="card"/>
			<t id="s12_14" word="O" lemma="o" pos="art" morph="M S" extra="* "/>
			<t id="s12_15" word="que" lemma="que" pos="spec" morph="M S" extra="clb clb-fs rel"/>
			<t id="s12_16" word="vem" lemma="vir" pos="v-fin" morph="PR 3S IND VFIN" extra="mv np-close"/>
			<t id="s12_17" word="depois" lemma="depois" pos="adv" morph="--" extra="--"/>
			<t id="s12_18" word="," lemma="--" pos="pu" morph="--" extra="--"/>
			<t id="s12_19" word="que" lemma="que" pos="conj-s" morph="--" extra="clb clb-fs"/>
			<t id="s12_20" word="está" lemma="estar" pos="v-fin" morph="PR 3S IND VFIN" extra="mv"/>
			<t id="s12_21" word="após" lemma="após" pos="adv" morph="--" extra="--"/>
			<t id="s12_22" word="," lemma="--" pos="pu" morph="--" extra="--"/>
			<t id="s12_23" word="posterior" lemma="posterior" pos="adj" morph="M/F S" extra="nh"/>
			<t id="s12_24" word="." lemma="--" pos="pu" morph="--" extra="--"/>
		</terminals>

		<nonterminals>
			<nt id="s12_500" cat="s">
				<edge label="STA" idref="s12_501"/>
			</nt>
			<nt id="s12_501" cat="par">
				<edge label="CJT" idref="s12_502"/>
				<edge label="PU" idref="s12_3"/>
				<edge label="CJT" idref="s12_503"/>
				<edge label="PU" idref="s12_24"/>
			</nt>
			<nt id="s12_502" cat="fcl">
				<edge label="Od" idref="s12_1"/>
				<edge label="P" idref="s12_2"/>
			</nt>
			<nt id="s12_503" cat="fcl">
				<edge label="Od" idref="s12_4"/>
				<edge label="P" idref="s12_5"/>
				<edge label="fCs" idref="s12_6"/>
				<edge label="S" idref="s12_504"/>
				<edge label="fA" idref="s12_505"/>
			</nt>
			<nt id="s12_504" cat="np">
				<edge label="H" idref="s12_7"/>
				<edge label="DN" idref="s12_8"/>
				<edge label="PU" idref="s12_9"/>
				<edge label="DNapp" idref="s12_10"/>
				<edge label="PU" idref="s12_11"/>
			</nt>
			<nt id="s12_505" cat="pp">
				<edge label="H" idref="s12_12"/>
				<edge label="DP" idref="s12_506"/>
			</nt>
			<nt id="s12_506" cat="np">
				<edge label="H" idref="s12_13"/>
				<edge label="DN" idref="s12_507"/>
			</nt>
			<nt id="s12_507" cat="fcl">
				<edge label="S" idref="s12_508"/>
				<edge label="P" idref="s12_16"/>
				<edge label="fA" idref="s12_17"/>
				<edge label="PU" idref="s12_18"/>
				<edge label="fA" idref="s12_509"/>
			</nt>
			<nt id="s12_508" cat="np">
				<edge label="DN" idref="s12_14"/>
				<edge label="H" idref="s12_15"/>
			</nt>
			<nt id="s12_509" cat="fcl">
				<edge label="SUB" idref="s12_19"/>
				<edge label="P" idref="s12_20"/>
				<edge label="fA" idref="s12_21"/>
				<edge label="PU" idref="s12_22"/>
				<edge label="fCs" idref="s12_23"/>
			</nt>
		</nonterminals>
	</graph>
</s>

<s id="s13" ref="13" source="Running text" forest="1" text="Aproveite a vida e evite arrependimentos ulteriores.">
	<graph root="s13_500">
		<terminals>
			<t id="s13_1" word="Aproveite" lemma="aproveitar" pos="v-fin" morph="PR 1/3S SUBJ VFIN" extra="nosubj cjt-head cjt-head-STA * vH fmc mv"/>
			<t id="s13_2" word="a" lemma="o" pos="art" morph="F S" extra="--"/>
			<t id="s13_3" word="vida" lemma="vida" pos="n" morph="F S" sem="per" extra="--"/>
			<t id="s13_4" word="e" lemma="e" pos="conj-c" morph="--" extra="--"/>
			<t id="s13_5" word="evite" lemma="evitar" pos="v-fin" morph="PR 1/3S SUBJ VFIN" extra="nosubj cjt-STA vH fmc mv"/>
			<t id="s13_6" word="arrependimentos" lemma="arrependimento" pos="n" morph="M P" sem="percep-f" extra="--"/>
			<t id="s13_7" word="ulteriores" lemma="ulterior" pos="adj" morph="M P" extra="nh np-close"/>
			<t id="s13_8" word="." lemma="--" pos="pu" morph="--" extra="--"/>
		</terminals>

		<nonterminals>
			<nt id="s13_500" cat="s">
				<edge label="STA" idref="s13_501"/>
			</nt>
			<nt id="s13_501" cat="par">
				<edge label="CJT" idref="s13_502"/>
				<edge label="CJT" idref="s13_504"/>
				<edge label="PU" idref="s13_8"/>
			</nt>
			<nt id="s13_502" cat="fcl">
				<edge label="P" idref="s13_1"/>
				<edge label="Od" idref="s13_503"/>
			</nt>
			<nt id="s13_503" cat="np">
				<edge label="DN" idref="s13_2"/>
				<edge label="H" idref="s13_3"/>
				<edge label="CO" idref="s13_4"/>
			</nt>
			<nt id="s13_504" cat="x">
				<edge label="P" idref="s13_5"/>
				<edge label="Od" idref="s13_505"/>
			</nt>
			<nt id="s13_505" cat="np">
				<edge label="H" idref="s13_6"/>
				<edge label="DN" idref="s13_7"/>
			</nt>
		</nonterminals>
	</graph>
</s>

<s id="s14" ref="14" source="Running text" forest="1" text="Compartilhar enviar nova definição enviar nova imagem denunciar abuso 2 sobe, 0 desce 3. Ulterior Por Jacob(DF) em 22-12-2013 Aquilo que se faz ou acontece depois;">
	<graph root="s14_500">
		<terminals>
			<t id="s14_1" word="Compartilhar" lemma="compartilhar" pos="v-inf" morph="--" extra="cjt-head cjt-head-S * vH mv"/>
			<t id="s14_2" word="enviar" lemma="enviar" pos="v-inf" morph="--" extra="vH mv"/>
			<t id="s14_3" word="nova" lemma="novo" pos="adj" morph="F S" extra="jh"/>
			<t id="s14_4" word="definição" lemma="definição" pos="n" morph="F S" sem="sem-c" extra="--"/>
			<t id="s14_5" word="enviar" lemma="enviar" pos="v-inf" morph="--" extra="vH mv"/>
			<t id="s14_6" word="nova" lemma="novo" pos="adj" morph="F S" extra="jh"/>
			<t id="s14_7" word="imagem" lemma="imagem" pos="n" morph="F S" sem="pict sem-c ac-cat" extra="--"/>
			<t id="s14_8" word="denunciar" lemma="denunciar" pos="v-inf" morph="--" extra="cjt-S vH mv"/>
			<t id="s14_9" word="abuso" lemma="abuso" pos="n" morph="M S" sem="activity" extra="--"/>
			<t id="s14_10" word="2" lemma="2" pos="num" morph="M/F P" extra="card"/>
			<t id="s14_11" word="sobe" lemma="subir" pos="v-fin" morph="PR 3S IND VFIN" extra="cjt-head cjt-head-STA fmc mv"/>
			<t id="s14_12" word="," lemma="--" pos="pu" morph="--" extra="--"/>
			<t id="s14_13" word="0" lemma="xx" pos="num" morph="M/F P" extra="card"/>
			<t id="s14_14" word="desce" lemma="descer" pos="v-fin" morph="PR 3S IND VFIN" extra="cjt-STA fmc mv"/>
			<t id="s14_15" word="3." lemma="3." pos="adj" morph="M/F S" extra="NUM-ord"/>
			<t id="s14_16" word="Ulterior_Por_Jacob" lemma="Ulterior_Por_Jacob" pos="prop" morph="M S" extra="hum * heur"/>
			<t id="s14_17" word="(" lemma="--" pos="pu" morph="--" extra="--"/>
			<t id="s14_18" word="DF" lemma="DF" pos="prop" morph="M S" extra="civ * np-close"/>
			<t id="s14_19" word=")" lemma="--" pos="pu" morph="--" extra="--"/>
			<t id="s14_20" word="em" lemma="em" pos="prp" morph="--" extra="--"/>
			<t id="s14_21" word="22-12-2013" lemma="22-12-2013" pos="num" morph="M/F S" extra="card"/>
			<t id="s14_22" word="Aquilo" lemma="aquilo" pos="spec" morph="M S" extra="* dem"/>
			<t id="s14_23" word="que" lemma="que" pos="spec" morph="M S" extra="clb clb-fs rel"/>
			<t id="s14_24" word="se" lemma="se" pos="pron-pers" morph="M/F 3S/P ACC" extra="--"/>
			<t id="s14_25" word="faz" lemma="fazer" pos="v-fin" morph="PR 3S IND VFIN" extra="cjt-head cjt-head-DN mv np-close"/>
			<t id="s14_26" word="ou" lemma="ou" pos="conj-c" morph="--" extra="co-fin"/>
			<t id="s14_27" word="acontece" lemma="acontecer" pos="v-fin" morph="PR 3S IND VFIN" extra="nosubj cjt-DN vN fmc mv np-close"/>
			<t id="s14_28" word="depois" lemma="depois" pos="adv" morph="--" extra="--"/>
			<t id="s14_29" word=";" lemma="--" pos="pu" morph="--" extra="--"/>
		</terminals>

		<nonterminals>
			<nt id="s14_500" cat="s">
				<edge label="STA" idref="s14_501"/>
			</nt>
			<nt id="s14_501" cat="par">
				<edge label="CJT" idref="s14_502"/>
				<edge label="PU" idref="s14_12"/>
				<edge label="CJT" idref="s14_510"/>
				<edge label="PU" idref="s14_29"/>
			</nt>
			<nt id="s14_502" cat="fcl">
				<edge label="S" idref="s14_503"/>
				<edge label="Od" idref="s14_10"/>
				<edge label="P" idref="s14_11"/>
			</nt>
			<nt id="s14_503" cat="par">
				<edge label="CJT" idref="s14_504"/>
				<edge label="CJT" idref="s14_507"/>
			</nt>
			<nt id="s14_504" cat="icl">
				<edge label="P" idref="s14_1"/>
				<edge label="Od" idref="s14_505"/>
			</nt>
			<nt id="s14_505" cat="icl">
				<edge label="P" idref="s14_2"/>
				<edge label="Od" idref="s14_506"/>
			</nt>
			<nt id="s14_506" cat="np">
				<edge label="DN" idref="s14_3"/>
				<edge label="H" idref="s14_4"/>
			</nt>
			<nt id="s14_507" cat="fcl">
				<edge label="S" idref="s14_508"/>
				<edge label="P" idref="s14_8"/>
				<edge label="Od" idref="s14_9"/>
			</nt>
			<nt id="s14_508" cat="icl">
				<edge label="P" idref="s14_5"/>
				<edge label="Od" idref="s14_509"/>
			</nt>
			<nt id="s14_509" cat="np">
				<edge label="DN" idref="s14_6"/>
				<edge label="H" idref="s14_7"/>
			</nt>
			<nt id="s14_510" cat="fcl">
				<edge label="Od" idref="s14_13"/>
				<edge label="P" idref="s14_14"/>
				<edge label="fCs" idref="s14_15"/>
				<edge label="S" idref="s14_511"/>
				<edge label="fA" idref="s14_512"/>
				<edge label="Od" idref="s14_513"/>
			</nt>
			<nt id="s14_511" cat="np">
				<edge label="H" idref="s14_16"/>
				<edge label="PU" idref="s14_17"/>
				<edge label="DNc" idref="s14_18"/>
				<edge label="PU" idref="s14_19"/>
			</nt>
			<nt id="s14_512" cat="pp">
				<edge label="H" idref="s14_20"/>
				<edge label="DP" idref="s14_21"/>
			</nt>
			<nt id="s14_513" cat="np">
				<edge label="H" idref="s14_22"/>
				<edge label="DN" idref="s14_514"/>
			</nt>
			<nt id="s14_514" cat="par">
				<edge label="CJT" idref="s14_515"/>
				<edge label="CO" idref="s14_26"/>
				<edge label="CJT" idref="s14_516"/>
			</nt>
			<nt id="s14_515" cat="fcl">
				<edge label="Od" idref="s14_23"/>
				<edge label="S" idref="s14_24"/>
				<edge label="P" idref="s14_25"/>
			</nt>
			<nt id="s14_516" cat="x">
				<edge label="P" idref="s14_27"/>
				<edge label="fA" idref="s14_28"/>
			</nt>
		</nonterminals>
	</graph>
</s>

<s id="s15" ref="15" source="Running text" forest="1" text="posterior:">
	<graph root="s15_500">
		<terminals>
			<t id="s15_1" word="posterior" lemma="posterior" pos="adj" morph="M/F S" extra="nh"/>
			<t id="s15_2" word=":" lemma="--" pos="pu" morph="--" extra="--"/>
		</terminals>

		<nonterminals>
			<nt id="s15_500" cat="s">
				<edge label="UTT" idref="s15_501"/>
			</nt>
			<nt id="s15_501" cat="x">
				<edge label="X" idref="s15_1"/>
				<edge label="PU" idref="s15_2"/>
			</nt>
		</nonterminals>
	</graph>
</s>

<s id="s16" ref="16" source="Running text" forest="1" text="fatos ulteriores confirmaram as suspeitas.">
	<graph root="s16_500">
		<terminals>
			<t id="s16_1" word="fatos" lemma="fato" pos="n" morph="M P" sem="ac cloH AAdom" extra="--"/>
			<t id="s16_2" word="ulteriores" lemma="ulterior" pos="adj" morph="M P" extra="nh np-close"/>
			<t id="s16_3" word="confirmaram" lemma="confirmar" pos="v-fin" morph="PS/MQP 3P IND VFIN" extra="vH fmc mv"/>
			<t id="s16_4" word="as" lemma="o" pos="art" morph="F P" extra="--"/>
			<t id="s16_5" word="suspeitas" lemma="suspeita" pos="n" morph="F P" sem="sem-c" extra="--"/>
			<t id="s16_6" word="." lemma="--" pos="pu" morph="--" extra="--"/>
		</terminals>

		<nonterminals>
			<nt id="s16_500" cat="s">
				<edge label="STA" idref="s16_501"/>
			</nt>
			<nt id="s16_501" cat="fcl">
				<edge label="S" idref="s16_502"/>
				<edge label="P" idref="s16_3"/>
				<edge label="Od" idref="s16_503"/>
				<edge label="PU" idref="s16_6"/>
			</nt>
			<nt id="s16_502" cat="np">
				<edge label="H" idref="s16_1"/>
				<edge label="DN" idref="s16_2"/>
			</nt>
			<nt id="s16_503" cat="np">
				<edge label="DN" idref="s16_4"/>
				<edge label="H" idref="s16_5"/>
			</nt>
		</nonterminals>
	</graph>
</s>

<s id="s17" ref="17" source="Running text" forest="1" text="O que ainda pode acontecer;">
	<graph root="s17_500">
		<terminals>
			<t id="s17_1" word="O" lemma="o" pos="pron-dem" morph="DET M S" extra="* dem"/>
			<t id="s17_2" word="que" lemma="que" pos="spec" morph="M S" extra="clb clb-fs rel"/>
			<t id="s17_3" word="ainda" lemma="ainda" pos="adv" morph="--" extra="--"/>
			<t id="s17_4" word="pode" lemma="poder" pos="v-fin" morph="PR 3S IND VFIN" extra="aux np-close"/>
			<t id="s17_5" word="acontecer" lemma="acontecer" pos="v-inf" morph="--" extra="vN mv"/>
			<t id="s17_6" word=";" lemma="--" pos="pu" morph="--" extra="--"/>
		</terminals>

		<nonterminals>
			<nt id="s17_500" cat="s">
				<edge label="UTT" idref="s17_501"/>
			</nt>
			<nt id="s17_501" cat="x">
				<edge label="X" idref="s17_1"/>
				<edge label="DN" idref="s17_502"/>
				<edge label="S" idref="s17_2"/>
				<edge label="fA" idref="s17_3"/>
				<edge label="P" idref="s17_503"/>
				<edge label="PU" idref="s17_6"/>
			</nt>
			<nt id="s17_502" cat="fcl">
			</nt>
			<nt id="s17_503" cat="vp">
				<edge label="Vaux" idref="s17_4"/>
				<edge label="Vm" idref="s17_5"/>
			</nt>
		</nonterminals>
	</graph>
</s>

<s id="s18" ref="18" source="Running text" forest="1" text="futuro:">
	<graph root="s18_500">
		<terminals>
			<t id="s18_1" word="futuro" lemma="futuro" pos="adj" morph="M S" extra="jh"/>
			<t id="s18_2" word=":" lemma="--" pos="pu" morph="--" extra="--"/>
		</terminals>

		<nonterminals>
			<nt id="s18_500" cat="s">
				<edge label="UTT" idref="s18_501"/>
			</nt>
			<nt id="s18_501" cat="x">
				<edge label="X" idref="s18_1"/>
				<edge label="PU" idref="s18_2"/>
			</nt>
		</nonterminals>
	</graph>
</s>

<s id="s19" ref="19" source="Running text" forest="1" text="ele foi excluído das ulteriores tarefas daquele semestre.">
	<graph root="s19_500">
		<terminals>
			<t id="s19_1" word="ele" lemma="ele" pos="pron-pers" morph="M 3S NOM" extra="--"/>
			<t id="s19_2" word="foi" lemma="ser" pos="v-fin" morph="PS 3S IND VFIN" extra="fmc aux"/>
			<t id="s19_3" word="excluído" lemma="excluir" pos="v-pcp" morph="M S" extra="vH mv"/>
			<t id="s19_4" word="de" lemma="de" pos="prp" morph="--" extra="sam-"/>
			<t id="s19_5" word="as" lemma="o" pos="art" morph="F P" extra="-sam "/>
			<t id="s19_6" word="ulteriores" lemma="ulterior" pos="adj" morph="F P" extra="nh"/>
			<t id="s19_7" word="tarefas" lemma="tarefa" pos="n" morph="F P" sem="ac act-d" extra="--"/>
			<t id="s19_8" word="de" lemma="de" pos="prp" morph="--" extra="sam- np-close"/>
			<t id="s19_9" word="aquele" lemma="aquele" pos="pron-dem" morph="DET M S" extra="-sam dem"/>
			<t id="s19_10" word="semestre" lemma="semestre" pos="n" morph="M S" sem="per" extra="--"/>
			<t id="s19_11" word="." lemma="--" pos="pu" morph="--" extra="--"/>
		</terminals>

		<nonterminals>
			<nt id="s19_500" cat="s">
				<edge label="STA" idref="s19_501"/>
			</nt>
			<nt id="s19_501" cat="fcl">
				<edge label="S" idref="s19_1"/>
				<edge label="P" idref="s19_502"/>
				<edge label="Op" idref="s19_503"/>
				<edge label="PU" idref="s19_11"/>
			</nt>
			<nt id="s19_502" cat="vp">
				<edge label="Vaux" idref="s19_2"/>
				<edge label="Vm" idref="s19_3"/>
			</nt>
			<nt id="s19_503" cat="pp">
				<edge label="H" idref="s19_4"/>
				<edge label="DP" idref="s19_504"/>
			</nt>
			<nt id="s19_504" cat="np">
				<edge label="DN" idref="s19_5"/>
				<edge label="DN" idref="s19_6"/>
				<edge label="H" idref="s19_7"/>
				<edge label="DN" idref="s19_505"/>
			</nt>
			<nt id="s19_505" cat="pp">
				<edge label="H" idref="s19_8"/>
				<edge label="DP" idref="s19_506"/>
			</nt>
			<nt id="s19_506" cat="np">
				<edge label="DN" idref="s19_9"/>
				<edge label="H" idref="s19_10"/>
			</nt>
		</nonterminals>
	</graph>
</s>

<s id="s20" ref="20" source="Running text" forest="1" text="Geografia.">
	<graph root="s20_500">
		<terminals>
			<t id="s20_1" word="Geografia" lemma="geografia" pos="n" morph="F S" extra="* domain"/>
			<t id="s20_2" word="." lemma="--" pos="pu" morph="--" extra="--"/>
		</terminals>

		<nonterminals>
			<nt id="s20_500" cat="s">
				<edge label="UTT" idref="s20_501"/>
			</nt>
			<nt id="s20_501" cat="x">
				<edge label="X" idref="s20_1"/>
				<edge label="PU" idref="s20_2"/>
			</nt>
		</nonterminals>
	</graph>
</s>

<s id="s21" ref="21" source="Running text" forest="1" text="Que está situado além de;">
	<graph root="s21_500">
		<terminals>
			<t id="s21_1" word="Que" lemma="que" pos="conj-s" morph="--" extra="clb *"/>
			<t id="s21_2" word="está" lemma="estar" pos="v-fin" morph="PR 3S IND VFIN" extra="vK fmc mv"/>
			<t id="s21_3" word="situado" lemma="situar" pos="v-pcp" morph="M S" extra="jh mv"/>
			<t id="s21_4" word="além_de" lemma="além_de" pos="prp" morph="--" extra="--"/>
			<t id="s21_5" word=";" lemma="--" pos="pu" morph="--" extra="--"/>
		</terminals>

		<nonterminals>
			<nt id="s21_500" cat="s">
				<edge label="STA" idref="s21_501"/>
			</nt>
			<nt id="s21_501" cat="fcl">
				<edge label="SUB" idref="s21_1"/>
				<edge label="P" idref="s21_2"/>
				<edge label="Cs" idref="s21_502"/>
				<edge label="PU" idref="s21_5"/>
			</nt>
			<nt id="s21_502" cat="icl">
				<edge label="P" idref="s21_3"/>
				<edge label="fA" idref="s21_4"/>
			</nt>
		</nonterminals>
	</graph>
</s>

<s id="s22" ref="22" source="Running text" forest="1" text="de o outro lado de um ponto dado.">
	<graph root="s22_500">
		<terminals>
			<t id="s22_1" word="de" lemma="de" pos="prp" morph="--" extra="sam-"/>
			<t id="s22_2" word="o" lemma="o" pos="art" morph="M S" extra="-sam "/>
			<t id="s22_3" word="outro" lemma="outro" pos="pron-indef" morph="DET M S" extra="diff KOMP"/>
			<t id="s22_4" word="lado" lemma="lado" pos="n" morph="M S" sem="Labs" extra="--"/>
			<t id="s22_5" word="de" lemma="de" pos="prp" morph="--" extra="np-close"/>
			<t id="s22_6" word="um" lemma="um" pos="num" morph="M S" extra="card"/>
			<t id="s22_7" word="ponto" lemma="ponto" pos="n" morph="M S" sem="Labs geom temp Lh sem-c unit" extra="--"/>
			<t id="s22_8" word="dado" lemma="dado" pos="adj" morph="M S" extra="jh np-close"/>
			<t id="s22_9" word="." lemma="--" pos="pu" morph="--" extra="--"/>
		</terminals>

		<nonterminals>
			<nt id="s22_500" cat="s">
				<edge label="fA" idref="s22_501"/>
			</nt>
			<nt id="s22_501" cat="pp">
				<edge label="H" idref="s22_1"/>
				<edge label="DP" idref="s22_502"/>
				<edge label="PU" idref="s22_9"/>
			</nt>
			<nt id="s22_502" cat="np">
				<edge label="DN" idref="s22_2"/>
				<edge label="DN" idref="s22_3"/>
				<edge label="H" idref="s22_4"/>
				<edge label="DN" idref="s22_503"/>
			</nt>
			<nt id="s22_503" cat="pp">
				<edge label="H" idref="s22_5"/>
				<edge label="DP" idref="s22_504"/>
			</nt>
			<nt id="s22_504" cat="np">
				<edge label="DN" idref="s22_6"/>
				<edge label="H" idref="s22_7"/>
				<edge label="DN" idref="s22_8"/>
			</nt>
		</nonterminals>
	</graph>
</s>

<s id="s23" ref="23" source="Running text" forest="1" text="No caso de o iminente perigo público, a autoridade competente poderá usar de propriedade particular, assegurada ao proprietário indenização ulterior Compartilhar enviar nova definição enviar nova imagem denunciar abuso Outras Informações:Palavras com 8 letras A palavra possui 4 vogais -- u e io A palavra possui 4 consoantes -- lt r r 1 página -- 3 Definições nazista 68 jesuíta hominídeo navassa.">
	<graph root="s23_500">
		<terminals>
			<t id="s23_1" word="No_caso_de" lemma="no_caso_de" pos="prp" morph="--" extra="sam- *"/>
			<t id="s23_2" word="o" lemma="o" pos="art" morph="M S" extra=" -sam"/>
			<t id="s23_3" word="iminente" lemma="iminente" pos="adj" morph="M S" extra="nh"/>
			<t id="s23_4" word="perigo" lemma="perigo" pos="n" morph="M S" sem="ac sit" extra="--"/>
			<t id="s23_5" word="público" lemma="público" pos="adj" morph="M S" extra="np-close"/>
			<t id="s23_6" word="," lemma="--" pos="pu" morph="--" extra="--"/>
			<t id="s23_7" word="a" lemma="o" pos="art" morph="F S" extra="--"/>
			<t id="s23_8" word="autoridade" lemma="autoridade" pos="n" morph="F S" sem="f-h HH" extra="--"/>
			<t id="s23_9" word="competente" lemma="competente" pos="adj" morph="F S" extra="jh np-close"/>
			<t id="s23_10" word="poderá" lemma="poder" pos="v-fin" morph="FUT 3S IND VFIN" extra="nosubj cjt-head cjt-head-STA fmc aux"/>
			<t id="s23_11" word="usar" lemma="usar" pos="v-inf" morph="--" extra="vH mv"/>
			<t id="s23_12" word="de" lemma="de" pos="prp" morph="--" extra="--"/>
			<t id="s23_13" word="propriedade" lemma="propriedade" pos="n" morph="F S" sem="cm Lh" extra="--"/>
			<t id="s23_14" word="particular" lemma="particular" pos="adj" morph="F S" extra="nh np-close"/>
			<t id="s23_15" word="," lemma="--" pos="pu" morph="--" extra="--"/>
			<t id="s23_16" word="assegurada" lemma="assegurar" pos="v-pcp" morph="F S" extra="vH mv"/>
			<t id="s23_17" word="a" lemma="a" pos="prp" morph="--" extra="sam-"/>
			<t id="s23_18" word="o" lemma="o" pos="art" morph="M S" extra="-sam "/>
			<t id="s23_19" word="proprietário" lemma="proprietário" pos="n" morph="M S" sem="Hprof" extra="--"/>
			<t id="s23_20" word="indenização" lemma="indenização" pos="n" morph="F S" sem="act mon" extra="--"/>
			<t id="s23_21" word="ulterior" lemma="ulterior" pos="adj" morph="F S" extra="nh np-close"/>
			<t id="s23_22" word="Compartilhar" lemma="compartilhar" pos="v-inf" morph="3S" extra="* vH mv"/>
			<t id="s23_23" word="enviar" lemma="enviar" pos="v-inf" morph="--" extra="vH mv"/>
			<t id="s23_24" word="nova" lemma="novo" pos="adj" morph="F S" extra="jh"/>
			<t id="s23_25" word="definição" lemma="definição" pos="n" morph="F S" sem="sem-c" extra="--"/>
			<t id="s23_26" word="enviar" lemma="enviar" pos="v-inf" morph="--" extra="vH mv"/>
			<t id="s23_27" word="nova" lemma="novo" pos="adj" morph="F S" extra="jh"/>
			<t id="s23_28" word="imagem" lemma="imagem" pos="n" morph="F S" sem="pict sem-c ac-cat" extra="--"/>
			<t id="s23_29" word="denunciar" lemma="denunciar" pos="v-inf" morph="--" extra="vH mv"/>
			<t id="s23_30" word="abuso" lemma="abuso" pos="n" morph="M S" sem="activity" extra="--"/>
			<t id="s23_31" word="Outras_Informações" lemma="Outras_Informações" pos="prop" morph="M S" extra="hum * heur np-close"/>
			<t id="s23_32" word=":Palavras" lemma=":Palavras" pos="n" morph="M S" extra="cjt-head cjt-head-S"/>
			<t id="s23_33" word="com" lemma="com" pos="prp" morph="--" extra="--"/>
			<t id="s23_34" word="8" lemma="8" pos="num" morph="F P" extra="card"/>
			<t id="s23_35" word="letras" lemma="letra" pos="n" morph="F P" sem="ac-sign sem-r domain" extra="--"/>
			<t id="s23_36" word="A" lemma="o" pos="art" morph="F S" extra="* "/>
			<t id="s23_37" word="palavra" lemma="palavra" pos="n" morph="F S" sem="ac-cat act-s" extra="cjt-S"/>
			<t id="s23_38" word="possui" lemma="possuir" pos="v-fin" morph="PR 3S IND VFIN" extra="cjt-STA vH fmc mv"/>
			<t id="s23_39" word="4" lemma="4" pos="num" morph="M P" extra="card"/>
			<t id="s23_40" word="vogais" lemma="vogal" pos="n" morph="M P" sem="ac-cat H" extra="--"/>
			<t id="s23_41" word="--" lemma="--" pos="pu" morph="--" extra="--"/>
			<t id="s23_42" word="u" lemma="u" pos="n" morph="M S" sem="ac-sign" extra="--"/>
			<t id="s23_43" word="e" lemma="e" pos="conj-c" morph="--" extra="--"/>
			<t id="s23_44" word="io" lemma="IO" pos="prop" morph="M/F S" extra="org"/>
			<t id="s23_45" word="A" lemma="o" pos="art" morph="F S" extra="* "/>
			<t id="s23_46" word="palavra" lemma="palavra" pos="n" morph="F S" sem="ac-cat act-s" extra="--"/>
			<t id="s23_47" word="possui" lemma="possuir" pos="v-fin" morph="PR 3S IND VFIN" extra="cjt-STA vH fmc mv"/>
			<t id="s23_48" word="4" lemma="4" pos="num" morph="F P" extra="card"/>
			<t id="s23_49" word="consoantes" lemma="consoante" pos="n" morph="F P" sem="ac-cat" extra="--"/>
			<t id="s23_50" word="--" lemma="--" pos="pu" morph="--" extra="--"/>
			<t id="s23_51" word="lt" lemma="lt" pos="n" morph="M/F S" extra="cjt-head cjt-head-S foreign"/>
			<t id="s23_52" word="r" lemma="r" pos="n" morph="M S" sem="ac-sign" extra="cjt-S"/>
			<t id="s23_53" word="r" lemma="r" pos="n" morph="M S" sem="ac-sign" extra="cjt-S"/>
			<t id="s23_54" word="1" lemma="1" pos="num" morph="F S" extra="card"/>
			<t id="s23_55" word="página" lemma="página" pos="n" morph="F S" sem="cc-r" extra="cjt-S"/>
			<t id="s23_56" word="--" lemma="--" pos="pu" morph="--" extra="--"/>
			<t id="s23_57" word="3" lemma="3" pos="num" morph="F P" extra="card"/>
			<t id="s23_58" word="Definições" lemma="definição" pos="n" morph="F P" sem="sem-c" extra="prop *"/>
			<t id="s23_59" word="nazista" lemma="nazista" pos="adj" morph="M/F S" extra="--"/>
			<t id="s23_60" word="68" lemma="68" pos="num" morph="M P" extra="card"/>
			<t id="s23_61" word="jesuíta" lemma="jesuíta" pos="n" morph="M P" sem="Hprof" extra="--"/>
			<t id="s23_62" word="hominídeo" lemma="hominídeo" pos="n" morph="M S" sem="H" extra="--"/>
			<t id="s23_63" word="navassa" lemma="navassar" pos="v-fin" morph="PR 3S IND VFIN" extra="cjt-STA heur fmc mv"/>
			<t id="s23_64" word="." lemma="--" pos="pu" morph="--" extra="--"/>
		</terminals>

		<nonterminals>
			<nt id="s23_500" cat="s">
				<edge label="STA" idref="s23_501"/>
			</nt>
			<nt id="s23_501" cat="par">
				<edge label="CJT" idref="s23_502"/>
				<edge label="CJT" idref="s23_512"/>
				<edge label="CJT" idref="s23_526"/>
				<edge label="CJT" idref="s23_531"/>
				<edge label="PU" idref="s23_64"/>
			</nt>
			<nt id="s23_502" cat="fcl">
				<edge label="fA" idref="s23_503"/>
				<edge label="PU" idref="s23_6"/>
				<edge label="S" idref="s23_505"/>
				<edge label="P" idref="s23_506"/>
				<edge label="fA" idref="s23_507"/>
				<edge label="PU" idref="s23_15"/>
				<edge label="fCs" idref="s23_509"/>
			</nt>
			<nt id="s23_503" cat="pp">
				<edge label="H" idref="s23_1"/>
				<edge label="DP" idref="s23_504"/>
			</nt>
			<nt id="s23_504" cat="np">
				<edge label="DN" idref="s23_2"/>
				<edge label="DN" idref="s23_3"/>
				<edge label="H" idref="s23_4"/>
				<edge label="DN" idref="s23_5"/>
			</nt>
			<nt id="s23_505" cat="np">
				<edge label="DN" idref="s23_7"/>
				<edge label="H" idref="s23_8"/>
				<edge label="DN" idref="s23_9"/>
			</nt>
			<nt id="s23_506" cat="vp">
				<edge label="Vaux" idref="s23_10"/>
				<edge label="Vm" idref="s23_11"/>
			</nt>
			<nt id="s23_507" cat="pp">
				<edge label="H" idref="s23_12"/>
				<edge label="DP" idref="s23_508"/>
			</nt>
			<nt id="s23_508" cat="np">
				<edge label="H" idref="s23_13"/>
				<edge label="DN" idref="s23_14"/>
			</nt>
			<nt id="s23_509" cat="icl">
				<edge label="P" idref="s23_16"/>
				<edge label="fA" idref="s23_510"/>
			</nt>
			<nt id="s23_510" cat="pp">
				<edge label="H" idref="s23_17"/>
				<edge label="DP" idref="s23_511"/>
			</nt>
			<nt id="s23_511" cat="np">
				<edge label="DN" idref="s23_18"/>
				<edge label="H" idref="s23_19"/>
			</nt>
			<nt id="s23_512" cat="fcl">
				<edge label="S" idref="s23_513"/>
				<edge label="P" idref="s23_38"/>
				<edge label="Od" idref="s23_525"/>
				<edge label="fCs" idref="s23_42"/>
			</nt>
			<nt id="s23_513" cat="np">
				<edge label="H" idref="s23_20"/>
				<edge label="DN" idref="s23_21"/>
				<edge label="Od" idref="s23_514"/>
			</nt>
			<nt id="s23_514" cat="icl">
				<edge label="P" idref="s23_22"/>
				<edge label="Od" idref="s23_515"/>
			</nt>
			<nt id="s23_515" cat="icl">
				<edge label="P" idref="s23_23"/>
				<edge label="Od" idref="s23_516"/>
				<edge label="UTT" idref="s23_517"/>
				<edge label="UTT" idref="s23_519"/>
			</nt>
			<nt id="s23_516" cat="np">
				<edge label="DN" idref="s23_24"/>
				<edge label="H" idref="s23_25"/>
			</nt>
			<nt id="s23_517" cat="icl">
				<edge label="P" idref="s23_26"/>
				<edge label="Od" idref="s23_518"/>
			</nt>
			<nt id="s23_518" cat="np">
				<edge label="DN" idref="s23_27"/>
				<edge label="H" idref="s23_28"/>
			</nt>
			<nt id="s23_519" cat="fcl">
				<edge label="P" idref="s23_29"/>
				<edge label="Od" idref="s23_520"/>
				<edge label="S" idref="s23_521"/>
				<edge label="fA" idref="s23_522"/>
			</nt>
			<nt id="s23_520" cat="np">
				<edge label="H" idref="s23_30"/>
				<edge label="DN" idref="s23_31"/>
			</nt>
			<nt id="s23_521" cat="par">
				<edge label="CJT" idref="s23_32"/>
			</nt>
			<nt id="s23_522" cat="pp">
				<edge label="H" idref="s23_33"/>
				<edge label="DP" idref="s23_523"/>
				<edge label="CJT" idref="s23_524"/>
			</nt>
			<nt id="s23_523" cat="np">
				<edge label="DN" idref="s23_34"/>
				<edge label="H" idref="s23_35"/>
			</nt>
			<nt id="s23_524" cat="np">
				<edge label="DN" idref="s23_36"/>
				<edge label="H" idref="s23_37"/>
			</nt>
			<nt id="s23_525" cat="np">
				<edge label="DN" idref="s23_39"/>
				<edge label="H" idref="s23_40"/>
				<edge label="PU" idref="s23_41"/>
				<edge label="CO" idref="s23_43"/>
			</nt>
			<nt id="s23_526" cat="fcl">
				<edge label="S" idref="s23_44"/>
				<edge label="S" idref="s23_527"/>
				<edge label="P" idref="s23_47"/>
				<edge label="Od" idref="s23_528"/>
				<edge label="S" idref="s23_529"/>
			</nt>
			<nt id="s23_527" cat="np">
				<edge label="DN" idref="s23_45"/>
				<edge label="H" idref="s23_46"/>
			</nt>
			<nt id="s23_528" cat="np">
				<edge label="DN" idref="s23_48"/>
				<edge label="H" idref="s23_49"/>
				<edge label="PU" idref="s23_50"/>
			</nt>
			<nt id="s23_529" cat="par">
				<edge label="CJT" idref="s23_51"/>
				<edge label="CJT" idref="s23_52"/>
				<edge label="CJT" idref="s23_53"/>
				<edge label="CJT" idref="s23_530"/>
			</nt>
			<nt id="s23_530" cat="np">
				<edge label="DN" idref="s23_54"/>
				<edge label="H" idref="s23_55"/>
				<edge label="PU" idref="s23_56"/>
			</nt>
			<nt id="s23_531" cat="fcl">
				<edge label="fCs" idref="s23_532"/>
				<edge label="fCs" idref="s23_59"/>
				<edge label="fCs" idref="s23_533"/>
				<edge label="S" idref="s23_62"/>
				<edge label="P" idref="s23_63"/>
			</nt>
			<nt id="s23_532" cat="np">
				<edge label="DN" idref="s23_57"/>
				<edge label="H" idref="s23_58"/>
			</nt>
			<nt id="s23_533" cat="np">
				<edge label="DN" idref="s23_60"/>
				<edge label="H" idref="s23_61"/>
			</nt>
		</nonterminals>
	</graph>
</s>

	</body>
</corpus>
