<?xml version="1.0" encoding="UTF-8"?>
<corpus>

	<body>
<s id="s1" ref="1" source="Running text" forest="1" text="Xilografia 3 Definições encontradas.">
	<graph root="s1_500">
		<terminals>
			<t id="s1_1" word="Xilografia" lemma="xilografia" pos="n" morph="F S" sem="domain pict" extra="cjt-head cjt-head-X *"/>
			<t id="s1_2" word="3" lemma="3" pos="num" morph="F P" extra="card"/>
			<t id="s1_3" word="Definições" lemma="definição" pos="n" morph="F P" sem="sem-c" extra="cjt-X prop *"/>
			<t id="s1_4" word="encontradas" lemma="encontrado" pos="adj" morph="F P" extra="nh np-close"/>
			<t id="s1_5" word="." lemma="--" pos="pu" morph="--" extra="--"/>
		</terminals>

		<nonterminals>
			<nt id="s1_500" cat="s">
				<edge label="X" idref="s1_501"/>
			</nt>
			<nt id="s1_501" cat="par">
				<edge label="CJT" idref="s1_1"/>
				<edge label="CJT" idref="s1_502"/>
				<edge label="PU" idref="s1_5"/>
			</nt>
			<nt id="s1_502" cat="np">
				<edge label="DN" idref="s1_2"/>
				<edge label="H" idref="s1_3"/>
				<edge label="DN" idref="s1_4"/>
			</nt>
		</nonterminals>
	</graph>
</s>

<s id="s2" ref="2" source="Running text" forest="1" text="Tweet Classificação morfossintática:">
	<graph root="s2_500">
		<terminals>
			<t id="s2_1" word="Tweet_Classificação" lemma="Tweet_Classificação" pos="prop" morph="M S" extra="common * heur"/>
			<t id="s2_2" word="morfossintática" lemma="morfossintático" pos="adj" morph="F S" extra="DERS jh np-close"/>
			<t id="s2_3" word=":" lemma="--" pos="pu" morph="--" extra="--"/>
		</terminals>

		<nonterminals>
			<nt id="s2_500" cat="s">
				<edge label="X" idref="s2_501"/>
			</nt>
			<nt id="s2_501" cat="np">
				<edge label="H" idref="s2_1"/>
				<edge label="DN" idref="s2_2"/>
				<edge label="PU" idref="s2_3"/>
			</nt>
		</nonterminals>
	</graph>
</s>

<s id="s3" ref="3" source="Running text" forest="1" text="Substantivo, feminino singular Flexões da palavra Xilografia Significados de Xilografia:">
	<graph root="s3_500">
		<terminals>
			<t id="s3_1" word="Substantivo" lemma="substantivar" pos="v-fin" morph="PR 1S IND VFIN" extra="* vH fmc mv"/>
			<t id="s3_2" word="," lemma="--" pos="pu" morph="--" extra="--"/>
			<t id="s3_3" word="feminino" lemma="feminino" pos="adj" morph="M S" extra="jh"/>
			<t id="s3_4" word="singular" lemma="singular" pos="adj" morph="F S" extra="jh"/>
			<t id="s3_5" word="Flexões" lemma="flexão" pos="n" morph="F P" sem="act" extra="prop *"/>
			<t id="s3_6" word="de" lemma="de" pos="prp" morph="--" extra="sam- np-close"/>
			<t id="s3_7" word="a" lemma="o" pos="art" morph="F S" extra="-sam "/>
			<t id="s3_8" word="palavra" lemma="palavra" pos="n" morph="F S" sem="ac-cat act-s" extra="--"/>
			<t id="s3_9" word="Xilografia_Significados_de_Xilografia" lemma="Xilografia_Significados_de_Xilografia" pos="prop" morph="F S" extra="org * heur np-close"/>
			<t id="s3_10" word=":" lemma="--" pos="pu" morph="--" extra="--"/>
		</terminals>

		<nonterminals>
			<nt id="s3_500" cat="s">
				<edge label="STA" idref="s3_501"/>
			</nt>
			<nt id="s3_501" cat="fcl">
				<edge label="P" idref="s3_1"/>
				<edge label="PU" idref="s3_2"/>
				<edge label="fCs" idref="s3_3"/>
				<edge label="fCs" idref="s3_502"/>
				<edge label="PU" idref="s3_10"/>
			</nt>
			<nt id="s3_502" cat="np">
				<edge label="DN" idref="s3_4"/>
				<edge label="H" idref="s3_5"/>
				<edge label="DN" idref="s3_503"/>
			</nt>
			<nt id="s3_503" cat="pp">
				<edge label="H" idref="s3_6"/>
				<edge label="DP" idref="s3_504"/>
			</nt>
			<nt id="s3_504" cat="np">
				<edge label="DN" idref="s3_7"/>
				<edge label="H" idref="s3_8"/>
				<edge label="DN" idref="s3_9"/>
			</nt>
		</nonterminals>
	</graph>
</s>

<s id="s4" ref="4" source="Running text" forest="1" text="82 sobe, 51 desce 1. Xilografia Por Helena Azevedo(PE) em 31-03-2008 Etimologicamente, a palavra xilogravura é composta por xilon, do grego, e por grafó, também do grego.">
	<graph root="s4_500">
		<terminals>
			<t id="s4_1" word="82" lemma="82" pos="num" morph="M/F S" extra="card"/>
			<t id="s4_2" word="sobe" lemma="subir" pos="v-fin" morph="PR 3S IND VFIN" extra="cjt-head cjt-head-STA fmc mv"/>
			<t id="s4_3" word="," lemma="--" pos="pu" morph="--" extra="--"/>
			<t id="s4_4" word="51" lemma="51" pos="num" morph="M/F P" extra="card"/>
			<t id="s4_5" word="desce" lemma="descer" pos="v-fin" morph="PR 3S IND VFIN" extra="cjt-STA fmc mv"/>
			<t id="s4_6" word="1." lemma="1." pos="adj" morph="M/F S" extra="NUM-ord"/>
			<t id="s4_7" word="Xilografia_Por_Helena_Azevedo" lemma="Xilografia_Por_Helena_Azevedo" pos="prop" morph="F S" extra="hum * heur"/>
			<t id="s4_8" word="(" lemma="--" pos="pu" morph="--" extra="--"/>
			<t id="s4_9" word="PE" lemma="PE" pos="prop" morph="M S" extra="civ * np-close"/>
			<t id="s4_10" word=")" lemma="--" pos="pu" morph="--" extra="--"/>
			<t id="s4_11" word="em" lemma="em" pos="prp" morph="--" extra="--"/>
			<t id="s4_12" word="31-03-2008" lemma="31-03-2008" pos="num" morph="M/F S" extra="card"/>
			<t id="s4_13" word="Etimologicamente" lemma="etimológico" pos="adv" morph="--" extra="* nh"/>
			<t id="s4_14" word="," lemma="--" pos="pu" morph="--" extra="--"/>
			<t id="s4_15" word="a" lemma="o" pos="art" morph="F S" extra="--"/>
			<t id="s4_16" word="palavra" lemma="palavra" pos="n" morph="F S" sem="ac-cat act-s" extra="--"/>
			<t id="s4_17" word="xilogravura" lemma="xilogravura" pos="n" morph="F S" sem="domain" extra="--"/>
			<t id="s4_18" word="é" lemma="ser" pos="v-fin" morph="PR 3S IND VFIN" extra="cjt-STA fmc aux"/>
			<t id="s4_19" word="composta" lemma="compor" pos="v-pcp" morph="F S" extra="mv"/>
			<t id="s4_20" word="por" lemma="por" pos="prp" morph="--" extra="--"/>
			<t id="s4_21" word="xilon" lemma="xilon" pos="n" morph="M S" extra="heur"/>
			<t id="s4_22" word="," lemma="--" pos="pu" morph="--" extra="--"/>
			<t id="s4_23" word="de" lemma="de" pos="prp" morph="--" extra="sam-"/>
			<t id="s4_24" word="o" lemma="o" pos="art" morph="M S" extra="-sam "/>
			<t id="s4_25" word="grego" lemma="grego" pos="n" morph="M S" sem="Hnat ling" extra="--"/>
			<t id="s4_26" word="," lemma="--" pos="pu" morph="--" extra="--"/>
			<t id="s4_27" word="e" lemma="e" pos="conj-c" morph="--" extra="--"/>
			<t id="s4_28" word="por" lemma="por" pos="prp" morph="--" extra="--"/>
			<t id="s4_29" word="grafó" lemma="grafó" pos="n" morph="M S" extra="heur"/>
			<t id="s4_30" word="," lemma="--" pos="pu" morph="--" extra="--"/>
			<t id="s4_31" word="também" lemma="também" pos="adv" morph="--" extra="--"/>
			<t id="s4_32" word="de" lemma="de" pos="prp" morph="--" extra="sam- np-close"/>
			<t id="s4_33" word="o" lemma="o" pos="art" morph="M S" extra="-sam "/>
			<t id="s4_34" word="grego" lemma="grego" pos="n" morph="M S" sem="Hnat ling" extra="--"/>
			<t id="s4_35" word="." lemma="--" pos="pu" morph="--" extra="--"/>
		</terminals>

		<nonterminals>
			<nt id="s4_500" cat="s">
				<edge label="STA" idref="s4_501"/>
			</nt>
			<nt id="s4_501" cat="par">
				<edge label="CJT" idref="s4_502"/>
				<edge label="PU" idref="s4_3"/>
				<edge label="CJT" idref="s4_503"/>
				<edge label="PU" idref="s4_14"/>
				<edge label="CJT" idref="s4_506"/>
				<edge label="PU" idref="s4_35"/>
			</nt>
			<nt id="s4_502" cat="fcl">
				<edge label="S" idref="s4_1"/>
				<edge label="P" idref="s4_2"/>
			</nt>
			<nt id="s4_503" cat="fcl">
				<edge label="Od" idref="s4_4"/>
				<edge label="P" idref="s4_5"/>
				<edge label="fCs" idref="s4_6"/>
				<edge label="S" idref="s4_504"/>
				<edge label="fA" idref="s4_505"/>
				<edge label="fA" idref="s4_13"/>
			</nt>
			<nt id="s4_504" cat="np">
				<edge label="H" idref="s4_7"/>
				<edge label="PU" idref="s4_8"/>
				<edge label="DNc" idref="s4_9"/>
				<edge label="PU" idref="s4_10"/>
			</nt>
			<nt id="s4_505" cat="pp">
				<edge label="H" idref="s4_11"/>
				<edge label="DP" idref="s4_12"/>
			</nt>
			<nt id="s4_506" cat="fcl">
				<edge label="S" idref="s4_507"/>
				<edge label="S" idref="s4_17"/>
				<edge label="P" idref="s4_508"/>
				<edge label="fApass" idref="s4_509"/>
				<edge label="PU" idref="s4_22"/>
				<edge label="fA" idref="s4_510"/>
				<edge label="PU" idref="s4_26"/>
				<edge label="fA" idref="s4_512"/>
			</nt>
			<nt id="s4_507" cat="np">
				<edge label="DN" idref="s4_15"/>
				<edge label="H" idref="s4_16"/>
			</nt>
			<nt id="s4_508" cat="vp">
				<edge label="Vaux" idref="s4_18"/>
				<edge label="Vm" idref="s4_19"/>
			</nt>
			<nt id="s4_509" cat="pp">
				<edge label="H" idref="s4_20"/>
				<edge label="DP" idref="s4_21"/>
			</nt>
			<nt id="s4_510" cat="pp">
				<edge label="H" idref="s4_23"/>
				<edge label="DP" idref="s4_511"/>
			</nt>
			<nt id="s4_511" cat="np">
				<edge label="DN" idref="s4_24"/>
				<edge label="H" idref="s4_25"/>
			</nt>
			<nt id="s4_512" cat="pp">
				<edge label="DP" idref="s4_513"/>
				<edge label="H" idref="s4_28"/>
			</nt>
			<nt id="s4_513" cat="np">
				<edge label="DN" idref="s4_514"/>
				<edge label="H" idref="s4_29"/>
				<edge label="PU" idref="s4_30"/>
			</nt>
			<nt id="s4_514" cat="pp">
				<edge label="CO" idref="s4_27"/>
				<edge label="DPmod" idref="s4_31"/>
				<edge label="H" idref="s4_32"/>
				<edge label="DP" idref="s4_515"/>
			</nt>
			<nt id="s4_515" cat="np">
				<edge label="DN" idref="s4_33"/>
				<edge label="H" idref="s4_34"/>
			</nt>
		</nonterminals>
	</graph>
</s>

<s id="s5" ref="5" source="Running text" forest="1" text="Xilon significa madeira e grafó é gravar ou escrever.">
	<graph root="s5_500">
		<terminals>
			<t id="s5_1" word="Xilon" lemma="Xilon" pos="prop" morph="M/F S" extra="hum * heur"/>
			<t id="s5_2" word="significa" lemma="significar" pos="v-fin" morph="PR 3S IND VFIN" extra="cjt-head cjt-head-STA fmc mv"/>
			<t id="s5_3" word="madeira" lemma="madeira" pos="n" morph="F S" sem="mat" extra="--"/>
			<t id="s5_4" word="e" lemma="e" pos="conj-c" morph="--" extra="--"/>
			<t id="s5_5" word="grafó" lemma="grafó" pos="n" morph="M S" extra="heur"/>
			<t id="s5_6" word="é" lemma="ser" pos="v-fin" morph="PR 3S IND VFIN" extra="cjt-STA fmc mv"/>
			<t id="s5_7" word="gravar" lemma="gravar" pos="v-inf" morph="--" extra="cjt-head cjt-head-Cs vH mv"/>
			<t id="s5_8" word="ou" lemma="ou" pos="conj-c" morph="--" extra="--"/>
			<t id="s5_9" word="escrever" lemma="escrever" pos="v-inf" morph="--" extra="cjt-Cs vH mv"/>
			<t id="s5_10" word="." lemma="--" pos="pu" morph="--" extra="--"/>
		</terminals>

		<nonterminals>
			<nt id="s5_500" cat="s">
				<edge label="STA" idref="s5_501"/>
			</nt>
			<nt id="s5_501" cat="par">
				<edge label="CJT" idref="s5_502"/>
				<edge label="CJT" idref="s5_503"/>
				<edge label="PU" idref="s5_10"/>
			</nt>
			<nt id="s5_502" cat="fcl">
				<edge label="S" idref="s5_1"/>
				<edge label="P" idref="s5_2"/>
				<edge label="Od" idref="s5_3"/>
			</nt>
			<nt id="s5_503" cat="fcl">
				<edge label="S" idref="s5_5"/>
				<edge label="P" idref="s5_6"/>
				<edge label="Cs" idref="s5_504"/>
				<edge label="S" idref="s5_505"/>
			</nt>
			<nt id="s5_504" cat="par">
				<edge label="CJT" idref="s5_7"/>
			</nt>
			<nt id="s5_505" cat="np">
				<edge label="CO" idref="s5_8"/>
				<edge label="CJT" idref="s5_9"/>
			</nt>
		</nonterminals>
	</graph>
</s>

<s id="s6" ref="6" source="Running text" forest="1" text="Assim, xilogravura é uma gravura feita com uma matriz de madeira.">
	<graph root="s6_500">
		<terminals>
			<t id="s6_1" word="Assim" lemma="assim" pos="adv" morph="--" extra="* kc"/>
			<t id="s6_2" word="," lemma="--" pos="pu" morph="--" extra="--"/>
			<t id="s6_3" word="xilogravura" lemma="xilogravura" pos="n" morph="F S" sem="domain" extra="--"/>
			<t id="s6_4" word="é" lemma="ser" pos="v-fin" morph="PR 3S IND VFIN" extra="vK fmc mv"/>
			<t id="s6_5" word="uma" lemma="um" pos="art" morph="F S" extra="--"/>
			<t id="s6_6" word="gravura" lemma="gravura" pos="n" morph="F S" sem="pict" extra="--"/>
			<t id="s6_7" word="feita" lemma="fazer" pos="v-pcp" morph="F S" extra="mv np-close"/>
			<t id="s6_8" word="com" lemma="com" pos="prp" morph="--" extra="--"/>
			<t id="s6_9" word="uma" lemma="um" pos="art" morph="F S" extra="--"/>
			<t id="s6_10" word="matriz" lemma="matriz" pos="n" morph="F S" sem="anorg tool ac-cat sem-r sem-c" extra="--"/>
			<t id="s6_11" word="de" lemma="de" pos="prp" morph="--" extra="np-close"/>
			<t id="s6_12" word="madeira" lemma="madeira" pos="n" morph="F S" sem="mat" extra="--"/>
			<t id="s6_13" word="." lemma="--" pos="pu" morph="--" extra="--"/>
		</terminals>

		<nonterminals>
			<nt id="s6_500" cat="s">
				<edge label="STA" idref="s6_501"/>
			</nt>
			<nt id="s6_501" cat="fcl">
				<edge label="fA" idref="s6_1"/>
				<edge label="PU" idref="s6_2"/>
				<edge label="S" idref="s6_3"/>
				<edge label="P" idref="s6_4"/>
				<edge label="Cs" idref="s6_502"/>
				<edge label="PU" idref="s6_13"/>
			</nt>
			<nt id="s6_502" cat="np">
				<edge label="DN" idref="s6_5"/>
				<edge label="H" idref="s6_6"/>
				<edge label="DN" idref="s6_503"/>
			</nt>
			<nt id="s6_503" cat="icl">
				<edge label="P" idref="s6_7"/>
				<edge label="fA" idref="s6_504"/>
			</nt>
			<nt id="s6_504" cat="pp">
				<edge label="H" idref="s6_8"/>
				<edge label="DP" idref="s6_505"/>
			</nt>
			<nt id="s6_505" cat="np">
				<edge label="DN" idref="s6_9"/>
				<edge label="H" idref="s6_10"/>
				<edge label="DN" idref="s6_506"/>
			</nt>
			<nt id="s6_506" cat="pp">
				<edge label="H" idref="s6_11"/>
				<edge label="DP" idref="s6_12"/>
			</nt>
		</nonterminals>
	</graph>
</s>

<s id="s7" ref="7" source="Running text" forest="1" text="Simplificando, pode- se dizer que é um processo de impressão com o uso de um carimbo de madeira.">
	<graph root="s7_500">
		<terminals>
			<t id="s7_1" word="Simplificando" lemma="simplificar" pos="v-ger" morph="--" extra="* mv"/>
			<t id="s7_2" word="," lemma="--" pos="pu" morph="--" extra="--"/>
			<t id="s7_3" word="pode-" lemma="poder" pos="v-fin" morph="PR 3S IND VFIN" extra="hyfen fmc aux"/>
			<t id="s7_4" word="se" lemma="se" pos="pron-pers" morph="M/F 3S/P ACC" extra="--"/>
			<t id="s7_5" word="dizer" lemma="dizer" pos="v-inf" morph="--" extra="vH mv"/>
			<t id="s7_6" word="que" lemma="que" pos="conj-s" morph="--" extra="clb clb-fs"/>
			<t id="s7_7" word="é" lemma="ser" pos="v-fin" morph="PR 3S IND VFIN" extra="vK mv"/>
			<t id="s7_8" word="um" lemma="um" pos="art" morph="M S" extra="--"/>
			<t id="s7_9" word="processo" lemma="processo" pos="n" morph="M S" sem="occ process activity" extra="--"/>
			<t id="s7_10" word="de" lemma="de" pos="prp" morph="--" extra="np-close"/>
			<t id="s7_11" word="impressão" lemma="impressão" pos="n" morph="F S" sem="pict ac am" extra="--"/>
			<t id="s7_12" word="com" lemma="com" pos="prp" morph="--" extra="--"/>
			<t id="s7_13" word="o" lemma="o" pos="art" morph="M S" extra="--"/>
			<t id="s7_14" word="uso" lemma="uso" pos="n" morph="M S" sem="act ac" extra="--"/>
			<t id="s7_15" word="de" lemma="de" pos="prp" morph="--" extra="np-close"/>
			<t id="s7_16" word="um" lemma="um" pos="art" morph="M S" extra="--"/>
			<t id="s7_17" word="carimbo" lemma="carimbo" pos="n" morph="M S" sem="ac-sign" extra="--"/>
			<t id="s7_18" word="de" lemma="de" pos="prp" morph="--" extra="np-close"/>
			<t id="s7_19" word="madeira" lemma="madeira" pos="n" morph="F S" sem="mat" extra="--"/>
			<t id="s7_20" word="." lemma="--" pos="pu" morph="--" extra="--"/>
		</terminals>

		<nonterminals>
			<nt id="s7_500" cat="s">
				<edge label="STA" idref="s7_501"/>
			</nt>
			<nt id="s7_501" cat="fcl">
				<edge label="fA" idref="s7_1"/>
				<edge label="PU" idref="s7_2"/>
				<edge label="P" idref="s7_502"/>
				<edge label="S" idref="s7_4"/>
				<edge label="Od" idref="s7_503"/>
				<edge label="PU" idref="s7_20"/>
			</nt>
			<nt id="s7_502" cat="vp">
				<edge label="Vaux" idref="s7_3"/>
				<edge label="Vm" idref="s7_5"/>
			</nt>
			<nt id="s7_503" cat="fcl">
				<edge label="SUB" idref="s7_6"/>
				<edge label="P" idref="s7_7"/>
				<edge label="Cs" idref="s7_504"/>
				<edge label="fA" idref="s7_506"/>
			</nt>
			<nt id="s7_504" cat="np">
				<edge label="DN" idref="s7_8"/>
				<edge label="H" idref="s7_9"/>
				<edge label="DN" idref="s7_505"/>
			</nt>
			<nt id="s7_505" cat="pp">
				<edge label="H" idref="s7_10"/>
				<edge label="DP" idref="s7_11"/>
			</nt>
			<nt id="s7_506" cat="pp">
				<edge label="H" idref="s7_12"/>
				<edge label="DP" idref="s7_507"/>
			</nt>
			<nt id="s7_507" cat="np">
				<edge label="DN" idref="s7_13"/>
				<edge label="H" idref="s7_14"/>
				<edge label="DN" idref="s7_508"/>
			</nt>
			<nt id="s7_508" cat="pp">
				<edge label="H" idref="s7_15"/>
				<edge label="DP" idref="s7_509"/>
			</nt>
			<nt id="s7_509" cat="np">
				<edge label="DN" idref="s7_16"/>
				<edge label="H" idref="s7_17"/>
				<edge label="DN" idref="s7_510"/>
			</nt>
			<nt id="s7_510" cat="pp">
				<edge label="H" idref="s7_18"/>
				<edge label="DP" idref="s7_19"/>
			</nt>
		</nonterminals>
	</graph>
</s>

<s id="s8" ref="8" source="Running text" forest="1" text="Literatura de cordel Compartilhar enviar nova definição enviar nova imagem denunciar abuso Relacionadas:">
	<graph root="s8_500">
		<terminals>
			<t id="s8_1" word="Literatura_de_cordel" lemma="literatura_de_cordel" pos="n" morph="F S" sem="cc-r" extra="*"/>
			<t id="s8_2" word="Compartilhar" lemma="compartilhar" pos="v-inf" morph="3S" extra="* vH mv"/>
			<t id="s8_3" word="enviar" lemma="enviar" pos="v-inf" morph="--" extra="vH mv"/>
			<t id="s8_4" word="nova" lemma="novo" pos="adj" morph="F S" extra="jh"/>
			<t id="s8_5" word="definição" lemma="definição" pos="n" morph="F S" sem="sem-c" extra="--"/>
			<t id="s8_6" word="enviar" lemma="enviar" pos="v-inf" morph="--" extra="vH mv"/>
			<t id="s8_7" word="nova" lemma="novo" pos="adj" morph="F S" extra="jh"/>
			<t id="s8_8" word="imagem" lemma="imagem" pos="n" morph="F S" sem="pict sem-c ac-cat" extra="--"/>
			<t id="s8_9" word="denunciar" lemma="denunciar" pos="v-inf" morph="--" extra="vH mv"/>
			<t id="s8_10" word="abuso" lemma="abuso" pos="n" morph="M S" sem="activity" extra="--"/>
			<t id="s8_11" word="Relacionadas" lemma="Relacionadas" pos="prop" morph="M S" extra="hum * np-close"/>
			<t id="s8_12" word=":" lemma="--" pos="pu" morph="--" extra="--"/>
		</terminals>

		<nonterminals>
			<nt id="s8_500" cat="s">
				<edge label="UTT" idref="s8_501"/>
			</nt>
			<nt id="s8_501" cat="fcl">
				<edge label="S" idref="s8_1"/>
				<edge label="P" idref="s8_2"/>
				<edge label="Od" idref="s8_502"/>
				<edge label="PU" idref="s8_12"/>
			</nt>
			<nt id="s8_502" cat="icl">
				<edge label="P" idref="s8_3"/>
				<edge label="Od" idref="s8_503"/>
				<edge label="UTT" idref="s8_504"/>
				<edge label="UTT" idref="s8_506"/>
			</nt>
			<nt id="s8_503" cat="np">
				<edge label="DN" idref="s8_4"/>
				<edge label="H" idref="s8_5"/>
			</nt>
			<nt id="s8_504" cat="icl">
				<edge label="P" idref="s8_6"/>
				<edge label="Od" idref="s8_505"/>
			</nt>
			<nt id="s8_505" cat="np">
				<edge label="DN" idref="s8_7"/>
				<edge label="H" idref="s8_8"/>
			</nt>
			<nt id="s8_506" cat="icl">
				<edge label="P" idref="s8_9"/>
				<edge label="Od" idref="s8_507"/>
			</nt>
			<nt id="s8_507" cat="np">
				<edge label="H" idref="s8_10"/>
				<edge label="DN" idref="s8_11"/>
			</nt>
		</nonterminals>
	</graph>
</s>

<s id="s9" ref="9" source="Running text" forest="1" text="xilogravura gravura grafia xilo madeira mais...">
	<graph root="s9_500">
		<terminals>
			<t id="s9_1" word="xilogravura" lemma="xilogravura" pos="n" morph="F S" sem="domain" extra="--"/>
			<t id="s9_2" word="gravura" lemma="gravura" pos="n" morph="F S" sem="pict" extra="--"/>
			<t id="s9_3" word="grafia" lemma="grafia" pos="n" morph="F S" sem="percep-f" extra="--"/>
			<t id="s9_4" word="xilo" lemma="xilo" pos="n" morph="M S" sem="Btree" extra="--"/>
			<t id="s9_5" word="madeira" lemma="madeira" pos="n" morph="F S" sem="mat" extra="--"/>
			<t id="s9_6" word="mais" lemma="mais" pos="adv" morph="--" extra="--"/>
			<t id="s9_7" word="." lemma="--" pos="pu" morph="--" extra="--"/>
		</terminals>

		<nonterminals>
			<nt id="s9_500" cat="s">
				<edge label="UTT" idref="s9_501"/>
			</nt>
			<nt id="s9_501" cat="x">
				<edge label="fCs" idref="s9_1"/>
				<edge label="fCs" idref="s9_2"/>
				<edge label="S" idref="s9_3"/>
				<edge label="S" idref="s9_4"/>
				<edge label="S" idref="s9_5"/>
				<edge label="fA" idref="s9_6"/>
				<edge label="PU" idref="s9_7"/>
			</nt>
		</nonterminals>
	</graph>
</s>

<s id="s10" ref="10" source="Running text" forest="1" text="24 sobe, 14 desce 2. Xilografia Por Dicionário inFormal(SP) em 20-11-2007 Xilon $= madeira grafia $= gravura Essa palavra vem do grego Pode- se dizer que é um processo de impressão com uso de carimbos de madeira.">
	<graph root="s10_500">
		<terminals>
			<t id="s10_1" word="24" lemma="24" pos="num" morph="M/F P" extra="card"/>
			<t id="s10_2" word="sobe" lemma="subir" pos="v-fin" morph="PR 3S IND VFIN" extra="nosubj cjt-head cjt-head-STA fmc mv"/>
			<t id="s10_3" word="," lemma="--" pos="pu" morph="--" extra="--"/>
			<t id="s10_4" word="14" lemma="14" pos="num" morph="M/F P" extra="card"/>
			<t id="s10_5" word="desce" lemma="descer" pos="v-fin" morph="PR 3S IND VFIN" extra="cjt-STA fmc mv"/>
			<t id="s10_6" word="2." lemma="2." pos="adj" morph="M/F S" extra="NUM-ord"/>
			<t id="s10_7" word="Xilografia_Por_Dicionário" lemma="Xilografia_Por_Dicionário" pos="prop" morph="M S" extra="tit *"/>
			<t id="s10_8" word="inFormal" lemma="inFormal" pos="adj" morph="M S" extra="np-close"/>
			<t id="s10_9" word="(" lemma="--" pos="pu" morph="--" extra="--"/>
			<t id="s10_10" word="SP" lemma="SP" pos="prop" morph="M S" extra="civ * np-close"/>
			<t id="s10_11" word=")" lemma="--" pos="pu" morph="--" extra="--"/>
			<t id="s10_12" word="em" lemma="em" pos="prp" morph="--" extra="--"/>
			<t id="s10_13" word="20-11-2007" lemma="20-11-2007" pos="num" morph="M/F S" extra="card"/>
			<t id="s10_14" word="Xilon" lemma="Xilon" pos="prop" morph="M/F S/P" extra="cjt-head cjt-head-Od hum * heur"/>
			<t id="s10_15" word="madeira" lemma="madeira" pos="n" morph="F S" sem="mat" extra="cjt-Od"/>
			<t id="s10_16" word="grafia" lemma="grafia" pos="n" morph="F S" sem="percep-f" extra="cjt-Od"/>
			<t id="s10_17" word="gravura" lemma="gravura" pos="n" morph="F S" sem="pict" extra="cjt-Od"/>
			<t id="s10_18" word="Essa" lemma="Essa" pos="prop" morph="F S" extra="tit * np-close"/>
			<t id="s10_19" word="palavra" lemma="palavra" pos="n" morph="F S" sem="ac-cat act-s" extra="cjt-Od"/>
			<t id="s10_20" word="vem" lemma="vir" pos="v-fin" morph="PR 3S IND VFIN" extra="nosubj cjt-STA fmc mv"/>
			<t id="s10_21" word="de" lemma="de" pos="prp" morph="--" extra="sam-"/>
			<t id="s10_22" word="o" lemma="o" pos="art" morph="M S" extra="-sam "/>
			<t id="s10_23" word="grego" lemma="grego" pos="n" morph="M S" sem="Hnat ling" extra="--"/>
			<t id="s10_24" word="Pode-" lemma="poder" pos="v-fin" morph="PR 3S IND VFIN" extra="cjt-STA * hyfen fmc aux"/>
			<t id="s10_25" word="se" lemma="se" pos="pron-pers" morph="M/F 3S/P ACC" extra="--"/>
			<t id="s10_26" word="dizer" lemma="dizer" pos="v-inf" morph="--" extra="vH mv"/>
			<t id="s10_27" word="que" lemma="que" pos="conj-s" morph="--" extra="clb clb-fs"/>
			<t id="s10_28" word="é" lemma="ser" pos="v-fin" morph="PR 3S IND VFIN" extra="vK mv"/>
			<t id="s10_29" word="um" lemma="um" pos="art" morph="M S" extra="--"/>
			<t id="s10_30" word="processo" lemma="processo" pos="n" morph="M S" sem="occ process activity" extra="--"/>
			<t id="s10_31" word="de" lemma="de" pos="prp" morph="--" extra="np-close"/>
			<t id="s10_32" word="impressão" lemma="impressão" pos="n" morph="F S" sem="pict ac am" extra="--"/>
			<t id="s10_33" word="com" lemma="com" pos="prp" morph="--" extra="np-close"/>
			<t id="s10_34" word="uso" lemma="uso" pos="n" morph="M S" sem="act ac" extra="--"/>
			<t id="s10_35" word="de" lemma="de" pos="prp" morph="--" extra="np-close"/>
			<t id="s10_36" word="carimbos" lemma="carimbo" pos="n" morph="M P" sem="ac-sign" extra="--"/>
			<t id="s10_37" word="de" lemma="de" pos="prp" morph="--" extra="np-close"/>
			<t id="s10_38" word="madeira" lemma="madeira" pos="n" morph="F S" sem="mat" extra="--"/>
			<t id="s10_39" word="." lemma="--" pos="pu" morph="--" extra="--"/>
		</terminals>

		<nonterminals>
			<nt id="s10_500" cat="s">
				<edge label="STA" idref="s10_501"/>
			</nt>
			<nt id="s10_501" cat="par">
				<edge label="CJT" idref="s10_502"/>
				<edge label="PU" idref="s10_3"/>
				<edge label="CJT" idref="s10_503"/>
				<edge label="CJT" idref="s10_508"/>
				<edge label="CJT" idref="s10_511"/>
				<edge label="PU" idref="s10_39"/>
			</nt>
			<nt id="s10_502" cat="fcl">
				<edge label="Od" idref="s10_1"/>
				<edge label="P" idref="s10_2"/>
			</nt>
			<nt id="s10_503" cat="fcl">
				<edge label="Od" idref="s10_4"/>
				<edge label="P" idref="s10_5"/>
				<edge label="fCs" idref="s10_6"/>
				<edge label="S" idref="s10_504"/>
				<edge label="fA" idref="s10_505"/>
				<edge label="Od" idref="s10_506"/>
			</nt>
			<nt id="s10_504" cat="np">
				<edge label="H" idref="s10_7"/>
				<edge label="DN" idref="s10_8"/>
				<edge label="PU" idref="s10_9"/>
				<edge label="DNapp" idref="s10_10"/>
				<edge label="PU" idref="s10_11"/>
			</nt>
			<nt id="s10_505" cat="pp">
				<edge label="H" idref="s10_12"/>
				<edge label="DP" idref="s10_13"/>
			</nt>
			<nt id="s10_506" cat="par">
				<edge label="CJT" idref="s10_14"/>
				<edge label="CJT" idref="s10_15"/>
				<edge label="CJT" idref="s10_16"/>
				<edge label="CJT" idref="s10_507"/>
				<edge label="CJT" idref="s10_19"/>
			</nt>
			<nt id="s10_507" cat="np">
				<edge label="H" idref="s10_17"/>
				<edge label="DN" idref="s10_18"/>
			</nt>
			<nt id="s10_508" cat="x">
				<edge label="P" idref="s10_20"/>
				<edge label="fA" idref="s10_509"/>
			</nt>
			<nt id="s10_509" cat="pp">
				<edge label="H" idref="s10_21"/>
				<edge label="DP" idref="s10_510"/>
			</nt>
			<nt id="s10_510" cat="np">
				<edge label="DN" idref="s10_22"/>
				<edge label="H" idref="s10_23"/>
			</nt>
			<nt id="s10_511" cat="fcl">
				<edge label="P" idref="s10_512"/>
				<edge label="S" idref="s10_25"/>
				<edge label="Od" idref="s10_513"/>
			</nt>
			<nt id="s10_512" cat="vp">
				<edge label="Vaux" idref="s10_24"/>
				<edge label="Vm" idref="s10_26"/>
			</nt>
			<nt id="s10_513" cat="fcl">
				<edge label="SUB" idref="s10_27"/>
				<edge label="P" idref="s10_28"/>
				<edge label="Cs" idref="s10_514"/>
			</nt>
			<nt id="s10_514" cat="np">
				<edge label="DN" idref="s10_29"/>
				<edge label="H" idref="s10_30"/>
				<edge label="DN" idref="s10_515"/>
			</nt>
			<nt id="s10_515" cat="pp">
				<edge label="H" idref="s10_31"/>
				<edge label="DP" idref="s10_516"/>
			</nt>
			<nt id="s10_516" cat="np">
				<edge label="H" idref="s10_32"/>
				<edge label="DN" idref="s10_517"/>
			</nt>
			<nt id="s10_517" cat="pp">
				<edge label="H" idref="s10_33"/>
				<edge label="DP" idref="s10_518"/>
			</nt>
			<nt id="s10_518" cat="np">
				<edge label="H" idref="s10_34"/>
				<edge label="DN" idref="s10_519"/>
			</nt>
			<nt id="s10_519" cat="pp">
				<edge label="H" idref="s10_35"/>
				<edge label="DP" idref="s10_520"/>
			</nt>
			<nt id="s10_520" cat="np">
				<edge label="H" idref="s10_36"/>
				<edge label="DN" idref="s10_521"/>
			</nt>
			<nt id="s10_521" cat="pp">
				<edge label="H" idref="s10_37"/>
				<edge label="DP" idref="s10_38"/>
			</nt>
		</nonterminals>
	</graph>
</s>

<s id="s11" ref="11" source="Running text" forest="1" text="Ele é especialista em xilografia.">
	<graph root="s11_500">
		<terminals>
			<t id="s11_1" word="Ele" lemma="ele" pos="pron-pers" morph="M 3S NOM" extra="*"/>
			<t id="s11_2" word="é" lemma="ser" pos="v-fin" morph="PR 3S IND VFIN" extra="vK fmc mv"/>
			<t id="s11_3" word="especialista" lemma="especialista" pos="n" morph="M S" sem="Hprof" extra="--"/>
			<t id="s11_4" word="em" lemma="em" pos="prp" morph="--" extra="np-close"/>
			<t id="s11_5" word="xilografia" lemma="xilografia" pos="n" morph="F S" sem="domain pict" extra="--"/>
			<t id="s11_6" word="." lemma="--" pos="pu" morph="--" extra="--"/>
		</terminals>

		<nonterminals>
			<nt id="s11_500" cat="s">
				<edge label="STA" idref="s11_501"/>
			</nt>
			<nt id="s11_501" cat="fcl">
				<edge label="S" idref="s11_1"/>
				<edge label="P" idref="s11_2"/>
				<edge label="Cs" idref="s11_502"/>
				<edge label="PU" idref="s11_6"/>
			</nt>
			<nt id="s11_502" cat="np">
				<edge label="H" idref="s11_3"/>
				<edge label="DN" idref="s11_503"/>
			</nt>
			<nt id="s11_503" cat="pp">
				<edge label="H" idref="s11_4"/>
				<edge label="DP" idref="s11_5"/>
			</nt>
		</nonterminals>
	</graph>
</s>

<s id="s12" ref="12" source="Running text" forest="1" text="Compartilhar enviar nova definição enviar nova imagem denunciar abuso 3 sobe, 5 desce 3. Xilografia Por Dicionário inFormal(SP) em 12-04-2012 Xilo:">
	<graph root="s12_500">
		<terminals>
			<t id="s12_1" word="Compartilhar" lemma="compartilhar" pos="v-inf" morph="--" extra="cjt-head cjt-head-S * vH mv"/>
			<t id="s12_2" word="enviar" lemma="enviar" pos="v-inf" morph="--" extra="vH mv"/>
			<t id="s12_3" word="nova" lemma="novo" pos="adj" morph="F S" extra="jh"/>
			<t id="s12_4" word="definição" lemma="definição" pos="n" morph="F S" sem="sem-c" extra="--"/>
			<t id="s12_5" word="enviar" lemma="enviar" pos="v-inf" morph="--" extra="vH mv"/>
			<t id="s12_6" word="nova" lemma="novo" pos="adj" morph="F S" extra="jh"/>
			<t id="s12_7" word="imagem" lemma="imagem" pos="n" morph="F S" sem="pict sem-c ac-cat" extra="--"/>
			<t id="s12_8" word="denunciar" lemma="denunciar" pos="v-inf" morph="--" extra="cjt-S vH mv"/>
			<t id="s12_9" word="abuso" lemma="abuso" pos="n" morph="M S" sem="activity" extra="--"/>
			<t id="s12_10" word="3" lemma="3" pos="num" morph="M/F P" extra="card"/>
			<t id="s12_11" word="sobe" lemma="subir" pos="v-fin" morph="PR 3S IND VFIN" extra="cjt-head cjt-head-STA fmc mv"/>
			<t id="s12_12" word="," lemma="--" pos="pu" morph="--" extra="--"/>
			<t id="s12_13" word="5" lemma="5" pos="num" morph="M/F P" extra="card"/>
			<t id="s12_14" word="desce" lemma="descer" pos="v-fin" morph="PR 3S IND VFIN" extra="cjt-STA fmc mv"/>
			<t id="s12_15" word="3." lemma="3." pos="adj" morph="M/F S" extra="NUM-ord"/>
			<t id="s12_16" word="Xilografia_Por_Dicionário" lemma="Xilografia_Por_Dicionário" pos="prop" morph="M S" extra="tit *"/>
			<t id="s12_17" word="inFormal" lemma="inFormal" pos="adj" morph="M S" extra="np-close"/>
			<t id="s12_18" word="(" lemma="--" pos="pu" morph="--" extra="--"/>
			<t id="s12_19" word="SP" lemma="SP" pos="prop" morph="M S" extra="civ * np-close"/>
			<t id="s12_20" word=")" lemma="--" pos="pu" morph="--" extra="--"/>
			<t id="s12_21" word="em" lemma="em" pos="prp" morph="--" extra="--"/>
			<t id="s12_22" word="12-04-2012" lemma="12-04-2012" pos="num" morph="M P" extra="card"/>
			<t id="s12_23" word="Xilo" lemma="xilo" pos="n" morph="M P" sem="Btree" extra="prop *"/>
			<t id="s12_24" word=":" lemma="--" pos="pu" morph="--" extra="--"/>
		</terminals>

		<nonterminals>
			<nt id="s12_500" cat="s">
				<edge label="STA" idref="s12_501"/>
			</nt>
			<nt id="s12_501" cat="par">
				<edge label="CJT" idref="s12_502"/>
				<edge label="PU" idref="s12_12"/>
				<edge label="CJT" idref="s12_510"/>
				<edge label="PU" idref="s12_24"/>
			</nt>
			<nt id="s12_502" cat="fcl">
				<edge label="S" idref="s12_503"/>
				<edge label="Od" idref="s12_10"/>
				<edge label="P" idref="s12_11"/>
			</nt>
			<nt id="s12_503" cat="par">
				<edge label="CJT" idref="s12_504"/>
				<edge label="CJT" idref="s12_507"/>
			</nt>
			<nt id="s12_504" cat="icl">
				<edge label="P" idref="s12_1"/>
				<edge label="Od" idref="s12_505"/>
			</nt>
			<nt id="s12_505" cat="icl">
				<edge label="P" idref="s12_2"/>
				<edge label="Od" idref="s12_506"/>
			</nt>
			<nt id="s12_506" cat="np">
				<edge label="DN" idref="s12_3"/>
				<edge label="H" idref="s12_4"/>
			</nt>
			<nt id="s12_507" cat="fcl">
				<edge label="S" idref="s12_508"/>
				<edge label="P" idref="s12_8"/>
				<edge label="Od" idref="s12_9"/>
			</nt>
			<nt id="s12_508" cat="icl">
				<edge label="P" idref="s12_5"/>
				<edge label="Od" idref="s12_509"/>
			</nt>
			<nt id="s12_509" cat="np">
				<edge label="DN" idref="s12_6"/>
				<edge label="H" idref="s12_7"/>
			</nt>
			<nt id="s12_510" cat="fcl">
				<edge label="Od" idref="s12_13"/>
				<edge label="P" idref="s12_14"/>
				<edge label="fCs" idref="s12_15"/>
				<edge label="S" idref="s12_511"/>
				<edge label="fA" idref="s12_512"/>
			</nt>
			<nt id="s12_511" cat="np">
				<edge label="H" idref="s12_16"/>
				<edge label="DN" idref="s12_17"/>
				<edge label="PU" idref="s12_18"/>
				<edge label="DNapp" idref="s12_19"/>
				<edge label="PU" idref="s12_20"/>
			</nt>
			<nt id="s12_512" cat="pp">
				<edge label="H" idref="s12_21"/>
				<edge label="DP" idref="s12_513"/>
			</nt>
			<nt id="s12_513" cat="np">
				<edge label="DN" idref="s12_22"/>
				<edge label="H" idref="s12_23"/>
			</nt>
		</nonterminals>
	</graph>
</s>

<s id="s13" ref="13" source="Running text" forest="1" text="elemento de composição culta que traduz a idéia de &quot;madeira�, do grego xilos(madeira, tronco, pau);">
	<graph root="s13_500">
		<terminals>
			<t id="s13_1" word="elemento" lemma="elemento" pos="n" morph="M S" sem="ac H" extra="--"/>
			<t id="s13_2" word="de" lemma="de" pos="prp" morph="--" extra="np-close"/>
			<t id="s13_3" word="composição" lemma="composição" pos="n" morph="F S" sem="act" extra="--"/>
			<t id="s13_4" word="culta" lemma="culto" pos="adj" morph="F S" extra="jh np-close"/>
			<t id="s13_5" word="que" lemma="que" pos="spec" morph="M S" extra="clb clb-fs rel"/>
			<t id="s13_6" word="traduz" lemma="traduzir" pos="v-fin" morph="PR 3S IND VFIN" extra="mv np-close"/>
			<t id="s13_7" word="a" lemma="o" pos="art" morph="F S" extra="--"/>
			<t id="s13_8" word="idéia" lemma="idéia" pos="n" morph="F S" sem="sem-c" extra="--"/>
			<t id="s13_9" word="de" lemma="de" pos="prp" morph="--" extra="np-close"/>
			<t id="s13_10" word="&quot;" lemma="--" pos="pu" morph="--" extra="--"/>
			<t id="s13_11" word="madeira" lemma="madeira" pos="n" morph="F S" extra="*1 *2 mat"/>
			<t id="s13_12" word="&quot;" lemma="--" pos="pu" morph="--" extra="--"/>
			<t id="s13_13" word="," lemma="--" pos="pu" morph="--" extra="--"/>
			<t id="s13_14" word="de" lemma="de" pos="prp" morph="--" extra="sam- np-close"/>
			<t id="s13_15" word="o" lemma="o" pos="art" morph="M S" extra="-sam "/>
			<t id="s13_16" word="grego" lemma="grego" pos="adj" morph="M S" extra="nat"/>
			<t id="s13_17" word="xilos" lemma="xilo" pos="n" morph="M P" sem="Btree" extra="--"/>
			<t id="s13_18" word="(" lemma="--" pos="pu" morph="--" extra="--"/>
			<t id="s13_19" word="madeira" lemma="madeira" pos="n" morph="F S" sem="mat" extra="np-close"/>
			<t id="s13_20" word="," lemma="--" pos="pu" morph="--" extra="--"/>
			<t id="s13_21" word="tronco" lemma="tronco" pos="n" morph="M S" sem="anbo cc an" extra="np-close"/>
			<t id="s13_22" word="," lemma="--" pos="pu" morph="--" extra="--"/>
			<t id="s13_23" word="pau" lemma="pau" pos="adj" morph="M/F S" extra="nh np-close"/>
			<t id="s13_24" word=")" lemma="--" pos="pu" morph="--" extra="--"/>
			<t id="s13_25" word=";" lemma="--" pos="pu" morph="--" extra="--"/>
		</terminals>

		<nonterminals>
			<nt id="s13_500" cat="s">
				<edge label="X" idref="s13_501"/>
			</nt>
			<nt id="s13_501" cat="np">
				<edge label="H" idref="s13_1"/>
				<edge label="DN" idref="s13_502"/>
				<edge label="PU" idref="s13_25"/>
			</nt>
			<nt id="s13_502" cat="pp">
				<edge label="H" idref="s13_2"/>
				<edge label="DP" idref="s13_503"/>
			</nt>
			<nt id="s13_503" cat="np">
				<edge label="H" idref="s13_3"/>
				<edge label="DN" idref="s13_4"/>
				<edge label="DN" idref="s13_504"/>
			</nt>
			<nt id="s13_504" cat="fcl">
				<edge label="S" idref="s13_5"/>
				<edge label="P" idref="s13_6"/>
				<edge label="Od" idref="s13_505"/>
			</nt>
			<nt id="s13_505" cat="np">
				<edge label="DN" idref="s13_7"/>
				<edge label="H" idref="s13_8"/>
				<edge label="DN" idref="s13_506"/>
			</nt>
			<nt id="s13_506" cat="pp">
				<edge label="H" idref="s13_9"/>
				<edge label="PU" idref="s13_10"/>
				<edge label="DP" idref="s13_507"/>
			</nt>
			<nt id="s13_507" cat="np">
				<edge label="H" idref="s13_11"/>
				<edge label="PU" idref="s13_12"/>
				<edge label="PU" idref="s13_13"/>
				<edge label="DN" idref="s13_508"/>
			</nt>
			<nt id="s13_508" cat="pp">
				<edge label="H" idref="s13_14"/>
				<edge label="DP" idref="s13_509"/>
			</nt>
			<nt id="s13_509" cat="np">
				<edge label="DN" idref="s13_15"/>
				<edge label="DN" idref="s13_16"/>
				<edge label="H" idref="s13_17"/>
				<edge label="PU" idref="s13_18"/>
				<edge label="DNc" idref="s13_510"/>
				<edge label="PU" idref="s13_24"/>
			</nt>
			<nt id="s13_510" cat="np">
				<edge label="H" idref="s13_19"/>
				<edge label="PU" idref="s13_20"/>
				<edge label="DNc" idref="s13_511"/>
			</nt>
			<nt id="s13_511" cat="np">
				<edge label="H" idref="s13_21"/>
				<edge label="PU" idref="s13_22"/>
				<edge label="DNc" idref="s13_23"/>
			</nt>
		</nonterminals>
	</graph>
</s>

<s id="s14" ref="14" source="Running text" forest="1" text="grafia:">
	<graph root="s14_500">
		<terminals>
			<t id="s14_1" word="grafia" lemma="grafia" pos="n" morph="F S" sem="percep-f" extra="--"/>
			<t id="s14_2" word=":" lemma="--" pos="pu" morph="--" extra="--"/>
		</terminals>

		<nonterminals>
			<nt id="s14_500" cat="s">
				<edge label="UTT" idref="s14_501"/>
			</nt>
			<nt id="s14_501" cat="x">
				<edge label="X" idref="s14_1"/>
				<edge label="PU" idref="s14_2"/>
			</nt>
		</nonterminals>
	</graph>
</s>

<s id="s15" ref="15" source="Running text" forest="1" text="elemento de composição culta que traduz a idéia de escrever;">
	<graph root="s15_500">
		<terminals>
			<t id="s15_1" word="elemento" lemma="elemento" pos="n" morph="M S" sem="ac H" extra="--"/>
			<t id="s15_2" word="de" lemma="de" pos="prp" morph="--" extra="np-close"/>
			<t id="s15_3" word="composição" lemma="composição" pos="n" morph="F S" sem="act" extra="--"/>
			<t id="s15_4" word="culta" lemma="culto" pos="adj" morph="F S" extra="jh np-close"/>
			<t id="s15_5" word="que" lemma="que" pos="spec" morph="M S" extra="clb clb-fs rel"/>
			<t id="s15_6" word="traduz" lemma="traduzir" pos="v-fin" morph="PR 3S IND VFIN" extra="mv np-close"/>
			<t id="s15_7" word="a" lemma="o" pos="art" morph="F S" extra="--"/>
			<t id="s15_8" word="idéia" lemma="idéia" pos="n" morph="F S" sem="sem-c" extra="--"/>
			<t id="s15_9" word="de" lemma="de" pos="prp" morph="--" extra="np-close"/>
			<t id="s15_10" word="escrever" lemma="escrever" pos="v-inf" morph="--" extra="vH mv"/>
			<t id="s15_11" word=";" lemma="--" pos="pu" morph="--" extra="--"/>
		</terminals>

		<nonterminals>
			<nt id="s15_500" cat="s">
				<edge label="X" idref="s15_501"/>
			</nt>
			<nt id="s15_501" cat="np">
				<edge label="H" idref="s15_1"/>
				<edge label="DN" idref="s15_502"/>
				<edge label="PU" idref="s15_11"/>
			</nt>
			<nt id="s15_502" cat="pp">
				<edge label="H" idref="s15_2"/>
				<edge label="DP" idref="s15_503"/>
			</nt>
			<nt id="s15_503" cat="np">
				<edge label="H" idref="s15_3"/>
				<edge label="DN" idref="s15_4"/>
				<edge label="DN" idref="s15_504"/>
			</nt>
			<nt id="s15_504" cat="fcl">
				<edge label="S" idref="s15_5"/>
				<edge label="P" idref="s15_6"/>
				<edge label="Od" idref="s15_505"/>
			</nt>
			<nt id="s15_505" cat="np">
				<edge label="DN" idref="s15_7"/>
				<edge label="H" idref="s15_8"/>
				<edge label="DN" idref="s15_506"/>
			</nt>
			<nt id="s15_506" cat="pp">
				<edge label="H" idref="s15_9"/>
				<edge label="DP" idref="s15_10"/>
			</nt>
		</nonterminals>
	</graph>
</s>

<s id="s16" ref="16" source="Running text" forest="1" text="de o grego grápho $= escrever.">
	<graph root="s16_500">
		<terminals>
			<t id="s16_1" word="de" lemma="de" pos="prp" morph="--" extra="sam-"/>
			<t id="s16_2" word="o" lemma="o" pos="art" morph="M S" extra="-sam "/>
			<t id="s16_3" word="grego" lemma="grego" pos="n" morph="M S" sem="Hnat ling" extra="--"/>
			<t id="s16_4" word="grápho" lemma="grápho" pos="adj" morph="M S" extra="heur jh np-close"/>
			<t id="s16_5" word="escrever" lemma="escrever" pos="v-inf" morph="--" extra="vH mv"/>
			<t id="s16_6" word="." lemma="--" pos="pu" morph="--" extra="--"/>
		</terminals>

		<nonterminals>
			<nt id="s16_500" cat="s">
				<edge label="UTT" idref="s16_501"/>
			</nt>
			<nt id="s16_501" cat="icl">
				<edge label="fA" idref="s16_502"/>
				<edge label="P" idref="s16_5"/>
				<edge label="PU" idref="s16_6"/>
			</nt>
			<nt id="s16_502" cat="pp">
				<edge label="H" idref="s16_1"/>
				<edge label="DP" idref="s16_503"/>
			</nt>
			<nt id="s16_503" cat="np">
				<edge label="DN" idref="s16_2"/>
				<edge label="H" idref="s16_3"/>
				<edge label="DN" idref="s16_4"/>
			</nt>
		</nonterminals>
	</graph>
</s>

<s id="s17" ref="17" source="Running text" forest="1" text="Observação:">
	<graph root="s17_500">
		<terminals>
			<t id="s17_1" word="Observação" lemma="observação" pos="n" morph="F S" extra="* act activity sem-r act-s"/>
			<t id="s17_2" word=":" lemma="--" pos="pu" morph="--" extra="--"/>
		</terminals>

		<nonterminals>
			<nt id="s17_500" cat="s">
				<edge label="UTT" idref="s17_501"/>
			</nt>
			<nt id="s17_501" cat="x">
				<edge label="X" idref="s17_1"/>
				<edge label="PU" idref="s17_2"/>
			</nt>
		</nonterminals>
	</graph>
</s>

<s id="s18" ref="18" source="Running text" forest="1" text="os dicionários registram xilografia e xilogravura com o mesmo conceito, estabelecendo uma certa confusão entre os dois termos.">
	<graph root="s18_500">
		<terminals>
			<t id="s18_1" word="os" lemma="o" pos="art" morph="M P" extra="--"/>
			<t id="s18_2" word="dicionários" lemma="dicionário" pos="n" morph="M P" sem="sem-r" extra="--"/>
			<t id="s18_3" word="registram" lemma="registrar" pos="v-fin" morph="PR 3P IND VFIN" extra="vH fmc mv"/>
			<t id="s18_4" word="xilografia" lemma="xilografia" pos="n" morph="F S" sem="domain pict" extra="cjt-head cjt-head-Od"/>
			<t id="s18_5" word="e" lemma="e" pos="conj-c" morph="--" extra="--"/>
			<t id="s18_6" word="xilogravura" lemma="xilogravura" pos="n" morph="F S" sem="domain" extra="cjt-Od"/>
			<t id="s18_7" word="com" lemma="com" pos="prp" morph="--" extra="--"/>
			<t id="s18_8" word="o" lemma="o" pos="art" morph="M S" extra="--"/>
			<t id="s18_9" word="mesmo" lemma="mesmo" pos="pron-indef" morph="DET M S" extra="diff KOMP"/>
			<t id="s18_10" word="conceito" lemma="conceito" pos="n" morph="M S" sem="ac sem-c" extra="--"/>
			<t id="s18_11" word="," lemma="--" pos="pu" morph="--" extra="--"/>
			<t id="s18_12" word="estabelecendo" lemma="estabelecer" pos="v-ger" morph="--" extra="clb vH mv"/>
			<t id="s18_13" word="uma" lemma="um" pos="art" morph="F S" extra="--"/>
			<t id="s18_14" word="certa" lemma="certo" pos="adj" morph="F S" extra="--"/>
			<t id="s18_15" word="confusão" lemma="confusão" pos="n" morph="F S" sem="sit act-d" extra="--"/>
			<t id="s18_16" word="entre" lemma="entre" pos="prp" morph="--" extra="np-close"/>
			<t id="s18_17" word="os" lemma="o" pos="art" morph="M P" extra="--"/>
			<t id="s18_18" word="dois" lemma="dois" pos="num" morph="M P" extra="card"/>
			<t id="s18_19" word="termos" lemma="termo" pos="n" morph="M P" sem="ac-cat Labs temp act-s con" extra="--"/>
			<t id="s18_20" word="." lemma="--" pos="pu" morph="--" extra="--"/>
		</terminals>

		<nonterminals>
			<nt id="s18_500" cat="s">
				<edge label="STA" idref="s18_501"/>
			</nt>
			<nt id="s18_501" cat="fcl">
				<edge label="S" idref="s18_502"/>
				<edge label="P" idref="s18_3"/>
				<edge label="Od" idref="s18_503"/>
				<edge label="fA" idref="s18_504"/>
				<edge label="PU" idref="s18_11"/>
				<edge label="fA" idref="s18_506"/>
				<edge label="PU" idref="s18_20"/>
			</nt>
			<nt id="s18_502" cat="np">
				<edge label="DN" idref="s18_1"/>
				<edge label="H" idref="s18_2"/>
			</nt>
			<nt id="s18_503" cat="par">
				<edge label="CJT" idref="s18_4"/>
				<edge label="CO" idref="s18_5"/>
				<edge label="CJT" idref="s18_6"/>
			</nt>
			<nt id="s18_504" cat="pp">
				<edge label="H" idref="s18_7"/>
				<edge label="DP" idref="s18_505"/>
			</nt>
			<nt id="s18_505" cat="np">
				<edge label="DN" idref="s18_8"/>
				<edge label="DN" idref="s18_9"/>
				<edge label="H" idref="s18_10"/>
			</nt>
			<nt id="s18_506" cat="advp">
				<edge label="P" idref="s18_12"/>
				<edge label="Od" idref="s18_507"/>
			</nt>
			<nt id="s18_507" cat="np">
				<edge label="DN" idref="s18_13"/>
				<edge label="DN" idref="s18_14"/>
				<edge label="H" idref="s18_15"/>
				<edge label="DN" idref="s18_508"/>
			</nt>
			<nt id="s18_508" cat="pp">
				<edge label="H" idref="s18_16"/>
				<edge label="DP" idref="s18_509"/>
			</nt>
			<nt id="s18_509" cat="np">
				<edge label="DN" idref="s18_17"/>
				<edge label="DN" idref="s18_18"/>
				<edge label="H" idref="s18_19"/>
			</nt>
		</nonterminals>
	</graph>
</s>

<s id="s19" ref="19" source="Running text" forest="1" text="Xilografia pode ser confundido com xilogravura Compartilhar enviar nova definição enviar nova imagem denunciar abuso Outras Informações:Palavras com 10 letras A palavra possui 5 vogais -- i o a ia A palavra possui 5 consoantes -- x l gr f 1 página -- 3 Definições kohoutek imagem navassa afogar o ganso langite.">
	<graph root="s19_500">
		<terminals>
			<t id="s19_1" word="Xilografia" lemma="xilografia" pos="n" morph="F S" extra="* domain pict"/>
			<t id="s19_2" word="pode" lemma="poder" pos="v-fin" morph="PR 3S IND VFIN" extra="cjt-head cjt-head-STA fmc aux"/>
			<t id="s19_3" word="ser" lemma="ser" pos="v-inf" morph="--" extra="aux"/>
			<t id="s19_4" word="confundido" lemma="confundir" pos="v-pcp" morph="M S" extra="vH mv"/>
			<t id="s19_5" word="com" lemma="com" pos="prp" morph="--" extra="--"/>
			<t id="s19_6" word="xilogravura" lemma="xilogravura" pos="n" morph="F S" sem="domain" extra="--"/>
			<t id="s19_7" word="Compartilhar" lemma="Compartilhar" pos="prop" morph="M/F S" extra="hum *"/>
			<t id="s19_8" word="enviar" lemma="enviar" pos="v-inf" morph="3S" extra="vH mv"/>
			<t id="s19_9" word="nova" lemma="novo" pos="adj" morph="F S" extra="jh"/>
			<t id="s19_10" word="definição" lemma="definição" pos="n" morph="F S" sem="sem-c" extra="--"/>
			<t id="s19_11" word="enviar" lemma="enviar" pos="v-inf" morph="--" extra="vH mv"/>
			<t id="s19_12" word="nova" lemma="novo" pos="adj" morph="F S" extra="jh"/>
			<t id="s19_13" word="imagem" lemma="imagem" pos="n" morph="F S" sem="pict sem-c ac-cat" extra="--"/>
			<t id="s19_14" word="denunciar" lemma="denunciar" pos="v-inf" morph="--" extra="vH mv"/>
			<t id="s19_15" word="abuso" lemma="abuso" pos="n" morph="M S" sem="activity" extra="--"/>
			<t id="s19_16" word="Outras_Informações" lemma="Outras_Informações" pos="prop" morph="M S" extra="hum * heur np-close"/>
			<t id="s19_17" word=":Palavras" lemma=":Palavras" pos="n" morph="M S" extra="cjt-head cjt-head-S"/>
			<t id="s19_18" word="com" lemma="com" pos="prp" morph="--" extra="--"/>
			<t id="s19_19" word="10" lemma="10" pos="num" morph="F P" extra="card"/>
			<t id="s19_20" word="letras" lemma="letra" pos="n" morph="F P" sem="ac-sign sem-r domain" extra="--"/>
			<t id="s19_21" word="A" lemma="o" pos="art" morph="F S" extra="* "/>
			<t id="s19_22" word="palavra" lemma="palavra" pos="n" morph="F S" sem="ac-cat act-s" extra="cjt-S"/>
			<t id="s19_23" word="possui" lemma="possuir" pos="v-fin" morph="PR 3S IND VFIN" extra="cjt-STA vH fmc mv"/>
			<t id="s19_24" word="5" lemma="5" pos="num" morph="M P" extra="card"/>
			<t id="s19_25" word="vogais" lemma="vogal" pos="n" morph="M P" sem="ac-cat H" extra="--"/>
			<t id="s19_26" word="--" lemma="--" pos="pu" morph="--" extra="--"/>
			<t id="s19_27" word="i" lemma="i" pos="n" morph="M S" sem="ac-sign" extra="--"/>
			<t id="s19_28" word="o" lemma="o" pos="art" morph="M S" extra="--"/>
			<t id="s19_29" word="a" lemma="ela" pos="pron-pers" morph="F 3S ACC" extra="--"/>
			<t id="s19_30" word="ia" lemma="ir" pos="v-fin" morph="IMPF 3S IND VFIN" extra="cjt-STA fmc mv"/>
			<t id="s19_31" word="A" lemma="o" pos="art" morph="F S" extra="* "/>
			<t id="s19_32" word="palavra" lemma="palavra" pos="n" morph="F S" sem="ac-cat act-s" extra="--"/>
			<t id="s19_33" word="possui" lemma="possuir" pos="v-fin" morph="PR 3S IND VFIN" extra="cjt-STA vH fmc mv"/>
			<t id="s19_34" word="5" lemma="5" pos="num" morph="F P" extra="card"/>
			<t id="s19_35" word="consoantes" lemma="consoante" pos="n" morph="F P" sem="ac-cat" extra="--"/>
			<t id="s19_36" word="--" lemma="--" pos="pu" morph="--" extra="--"/>
			<t id="s19_37" word="x" lemma="x" pos="n" morph="M S" sem="ac-sign" extra="--"/>
			<t id="s19_38" word="l" lemma="l" pos="n" morph="M S" sem="ac-sign" extra="cjt-head cjt-head-Cs"/>
			<t id="s19_39" word="gr" lemma="gr" pos="n" morph="M S/P" extra="cjt-Cs"/>
			<t id="s19_40" word="f" lemma="f" pos="n" morph="M S" sem="ac-sign" extra="cjt-Cs"/>
			<t id="s19_41" word="1" lemma="1" pos="num" morph="F S" extra="card"/>
			<t id="s19_42" word="página" lemma="página" pos="n" morph="F S" sem="cc-r" extra="cjt-Cs"/>
			<t id="s19_43" word="--" lemma="--" pos="pu" morph="--" extra="--"/>
			<t id="s19_44" word="3" lemma="3" pos="num" morph="F P" extra="card"/>
			<t id="s19_45" word="Definições" lemma="definição" pos="n" morph="F P" sem="sem-c" extra="prop *"/>
			<t id="s19_46" word="kohoutek" lemma="kohoutek" pos="n" morph="M S" extra="foreign heur"/>
			<t id="s19_47" word="imagem" lemma="imagem" pos="n" morph="F S" sem="pict sem-c ac-cat" extra="--"/>
			<t id="s19_48" word="navassa" lemma="navasso" pos="adj" morph="F S" extra="heur jh np-close"/>
			<t id="s19_49" word="afogar" lemma="afogar" pos="v-inf" morph="3S" extra="mv"/>
			<t id="s19_50" word="o" lemma="o" pos="art" morph="M S" extra="--"/>
			<t id="s19_51" word="ganso" lemma="ganso" pos="n" morph="M S" sem="Aorn H" extra="cjt-head cjt-head-Od"/>
			<t id="s19_52" word="langite" lemma="langite" pos="n" morph="F S" extra="cjt-Od DERS"/>
			<t id="s19_53" word="." lemma="--" pos="pu" morph="--" extra="--"/>
		</terminals>

		<nonterminals>
			<nt id="s19_500" cat="s">
				<edge label="STA" idref="s19_501"/>
			</nt>
			<nt id="s19_501" cat="par">
				<edge label="CJT" idref="s19_502"/>
				<edge label="CJT" idref="s19_505"/>
				<edge label="CJT" idref="s19_517"/>
				<edge label="CJT" idref="s19_520"/>
				<edge label="PU" idref="s19_53"/>
			</nt>
			<nt id="s19_502" cat="fcl">
				<edge label="S" idref="s19_1"/>
				<edge label="P" idref="s19_503"/>
				<edge label="Op" idref="s19_504"/>
			</nt>
			<nt id="s19_503" cat="vp">
				<edge label="Vaux" idref="s19_2"/>
				<edge label="Vaux" idref="s19_3"/>
				<edge label="Vm" idref="s19_4"/>
			</nt>
			<nt id="s19_504" cat="pp">
				<edge label="H" idref="s19_5"/>
				<edge label="DP" idref="s19_6"/>
			</nt>
			<nt id="s19_505" cat="fcl">
				<edge label="S" idref="s19_7"/>
				<edge label="Od" idref="s19_506"/>
				<edge label="P" idref="s19_23"/>
				<edge label="Od" idref="s19_516"/>
			</nt>
			<nt id="s19_506" cat="icl">
				<edge label="P" idref="s19_8"/>
				<edge label="Od" idref="s19_507"/>
				<edge label="UTT" idref="s19_508"/>
				<edge label="UTT" idref="s19_510"/>
			</nt>
			<nt id="s19_507" cat="np">
				<edge label="DN" idref="s19_9"/>
				<edge label="H" idref="s19_10"/>
			</nt>
			<nt id="s19_508" cat="icl">
				<edge label="P" idref="s19_11"/>
				<edge label="Od" idref="s19_509"/>
			</nt>
			<nt id="s19_509" cat="np">
				<edge label="DN" idref="s19_12"/>
				<edge label="H" idref="s19_13"/>
			</nt>
			<nt id="s19_510" cat="fcl">
				<edge label="P" idref="s19_14"/>
				<edge label="Od" idref="s19_511"/>
				<edge label="S" idref="s19_512"/>
				<edge label="fA" idref="s19_513"/>
			</nt>
			<nt id="s19_511" cat="np">
				<edge label="H" idref="s19_15"/>
				<edge label="DN" idref="s19_16"/>
			</nt>
			<nt id="s19_512" cat="par">
				<edge label="CJT" idref="s19_17"/>
			</nt>
			<nt id="s19_513" cat="pp">
				<edge label="H" idref="s19_18"/>
				<edge label="DP" idref="s19_514"/>
				<edge label="CJT" idref="s19_515"/>
			</nt>
			<nt id="s19_514" cat="np">
				<edge label="DN" idref="s19_19"/>
				<edge label="H" idref="s19_20"/>
			</nt>
			<nt id="s19_515" cat="np">
				<edge label="DN" idref="s19_21"/>
				<edge label="H" idref="s19_22"/>
			</nt>
			<nt id="s19_516" cat="np">
				<edge label="DN" idref="s19_24"/>
				<edge label="H" idref="s19_25"/>
				<edge label="PU" idref="s19_26"/>
			</nt>
			<nt id="s19_517" cat="fcl">
				<edge label="S" idref="s19_27"/>
				<edge label="Od" idref="s19_518"/>
				<edge label="P" idref="s19_30"/>
				<edge label="S" idref="s19_519"/>
			</nt>
			<nt id="s19_518" cat="np">
				<edge label="DN" idref="s19_28"/>
				<edge label="H" idref="s19_29"/>
			</nt>
			<nt id="s19_519" cat="np">
				<edge label="DN" idref="s19_31"/>
				<edge label="H" idref="s19_32"/>
			</nt>
			<nt id="s19_520" cat="fcl">
				<edge label="P" idref="s19_33"/>
				<edge label="Od" idref="s19_521"/>
				<edge label="S" idref="s19_37"/>
				<edge label="Cs" idref="s19_522"/>
				<edge label="fCsta" idref="s19_524"/>
				<edge label="fCs" idref="s19_46"/>
				<edge label="Od" idref="s19_525"/>
			</nt>
			<nt id="s19_521" cat="np">
				<edge label="DN" idref="s19_34"/>
				<edge label="H" idref="s19_35"/>
				<edge label="PU" idref="s19_36"/>
			</nt>
			<nt id="s19_522" cat="par">
				<edge label="CJT" idref="s19_38"/>
				<edge label="CJT" idref="s19_39"/>
				<edge label="CJT" idref="s19_40"/>
				<edge label="CJT" idref="s19_523"/>
			</nt>
			<nt id="s19_523" cat="np">
				<edge label="DN" idref="s19_41"/>
				<edge label="H" idref="s19_42"/>
				<edge label="PU" idref="s19_43"/>
			</nt>
			<nt id="s19_524" cat="np">
				<edge label="DN" idref="s19_44"/>
				<edge label="H" idref="s19_45"/>
			</nt>
			<nt id="s19_525" cat="fcl">
				<edge label="S" idref="s19_526"/>
				<edge label="P" idref="s19_49"/>
				<edge label="Od" idref="s19_527"/>
			</nt>
			<nt id="s19_526" cat="np">
				<edge label="H" idref="s19_47"/>
				<edge label="DN" idref="s19_48"/>
			</nt>
			<nt id="s19_527" cat="par">
				<edge label="CJT" idref="s19_528"/>
				<edge label="CJT" idref="s19_52"/>
			</nt>
			<nt id="s19_528" cat="np">
				<edge label="DN" idref="s19_50"/>
				<edge label="H" idref="s19_51"/>
			</nt>
		</nonterminals>
	</graph>
</s>

	</body>
</corpus>
