<?xml version="1.0" encoding="UTF-8"?>
<corpus>

	<body>
<s id="s1" ref="1" source="Running text" forest="1" text="A gente 1 Definição encontrada.">
	<graph root="s1_500">
		<terminals>
			<t id="s1_1" word="A" lemma="o" pos="art" morph="F S" extra="* "/>
			<t id="s1_2" word="gente" lemma="gente" pos="n" morph="F S" sem="HH" extra="cjt-head cjt-head-X"/>
			<t id="s1_3" word="1" lemma="1" pos="num" morph="F S" extra="card"/>
			<t id="s1_4" word="Definição" lemma="definição" pos="n" morph="F S" sem="sem-c" extra="cjt-X prop *"/>
			<t id="s1_5" word="encontrada" lemma="encontrado" pos="adj" morph="F S" extra="nh np-close"/>
			<t id="s1_6" word="." lemma="--" pos="pu" morph="--" extra="--"/>
		</terminals>

		<nonterminals>
			<nt id="s1_500" cat="s">
				<edge label="X" idref="s1_501"/>
			</nt>
			<nt id="s1_501" cat="par">
				<edge label="CJT" idref="s1_502"/>
				<edge label="CJT" idref="s1_503"/>
				<edge label="PU" idref="s1_6"/>
			</nt>
			<nt id="s1_502" cat="np">
				<edge label="DN" idref="s1_1"/>
				<edge label="H" idref="s1_2"/>
			</nt>
			<nt id="s1_503" cat="np">
				<edge label="DN" idref="s1_3"/>
				<edge label="H" idref="s1_4"/>
				<edge label="DN" idref="s1_5"/>
			</nt>
		</nonterminals>
	</graph>
</s>

<s id="s2" ref="2" source="Running text" forest="1" text="Tweet Significados de A gente:">
	<graph root="s2_500">
		<terminals>
			<t id="s2_1" word="Tweet_Significados_de" lemma="Tweet_Significados_de" pos="prop" morph="M/F S" extra="cjt-head cjt-head-X hum * heur"/>
			<t id="s2_2" word="A" lemma="o" pos="art" morph="F S" extra="* "/>
			<t id="s2_3" word="gente" lemma="gente" pos="n" morph="F S" sem="HH" extra="cjt-X"/>
			<t id="s2_4" word=":" lemma="--" pos="pu" morph="--" extra="--"/>
		</terminals>

		<nonterminals>
			<nt id="s2_500" cat="s">
				<edge label="X" idref="s2_501"/>
			</nt>
			<nt id="s2_501" cat="par">
				<edge label="CJT" idref="s2_1"/>
				<edge label="CJT" idref="s2_502"/>
				<edge label="PU" idref="s2_4"/>
			</nt>
			<nt id="s2_502" cat="np">
				<edge label="DN" idref="s2_2"/>
				<edge label="H" idref="s2_3"/>
			</nt>
		</nonterminals>
	</graph>
</s>

<s id="s3" ref="3" source="Running text" forest="1" text="34 sobe, 8 desce 1.">
	<graph root="s3_500">
		<terminals>
			<t id="s3_1" word="34" lemma="34" pos="num" morph="M/F S" extra="card"/>
			<t id="s3_2" word="sobe" lemma="subir" pos="v-fin" morph="PR 3S IND VFIN" extra="cjt-head cjt-head-STA fmc mv"/>
			<t id="s3_3" word="," lemma="--" pos="pu" morph="--" extra="--"/>
			<t id="s3_4" word="8" lemma="8" pos="num" morph="M/F P" extra="card"/>
			<t id="s3_5" word="desce" lemma="descer" pos="v-fin" morph="PR 3S IND VFIN" extra="cjt-STA fmc mv"/>
			<t id="s3_6" word="1" lemma="1" pos="num" morph="M/F S" extra="card"/>
			<t id="s3_7" word="." lemma="--" pos="pu" morph="--" extra="--"/>
		</terminals>

		<nonterminals>
			<nt id="s3_500" cat="s">
				<edge label="STA" idref="s3_501"/>
			</nt>
			<nt id="s3_501" cat="par">
				<edge label="CJT" idref="s3_502"/>
				<edge label="PU" idref="s3_3"/>
				<edge label="CJT" idref="s3_503"/>
				<edge label="PU" idref="s3_7"/>
			</nt>
			<nt id="s3_502" cat="fcl">
				<edge label="S" idref="s3_1"/>
				<edge label="P" idref="s3_2"/>
			</nt>
			<nt id="s3_503" cat="fcl">
				<edge label="Od" idref="s3_4"/>
				<edge label="P" idref="s3_5"/>
				<edge label="S" idref="s3_6"/>
			</nt>
		</nonterminals>
	</graph>
</s>

<s id="s4" ref="4" source="Running text" forest="1" text="A gente Por Evandro(RS) em 13-07-2010 Expressão que significa &quot;nós�.">
	<graph root="s4_500">
		<terminals>
			<t id="s4_1" word="A" lemma="o" pos="art" morph="F S" extra="* "/>
			<t id="s4_2" word="gente" lemma="gente" pos="n" morph="F S" sem="HH" extra="--"/>
			<t id="s4_3" word="Por_Evandro" lemma="Por_Evandro" pos="prop" morph="M S" extra="org * heur np-close"/>
			<t id="s4_4" word="(" lemma="--" pos="pu" morph="--" extra="--"/>
			<t id="s4_5" word="RS" lemma="RS" pos="prop" morph="M S" extra="civ * np-close"/>
			<t id="s4_6" word=")" lemma="--" pos="pu" morph="--" extra="--"/>
			<t id="s4_7" word="em" lemma="em" pos="prp" morph="--" extra="--"/>
			<t id="s4_8" word="13-07-2010" lemma="13-07-2010" pos="num" morph="F P" extra="card"/>
			<t id="s4_9" word="Expressão" lemma="expressão" pos="n" morph="F P" sem="act-s ac-sign" extra="prop *"/>
			<t id="s4_10" word="que" lemma="que" pos="spec" morph="M S" extra="clb clb-fs rel"/>
			<t id="s4_11" word="significa" lemma="significar" pos="v-fin" morph="PR 3S IND VFIN" extra="mv np-close"/>
			<t id="s4_12" word="&quot;" lemma="--" pos="pu" morph="--" extra="--"/>
			<t id="s4_13" word="nós" lemma="nós" pos="pron-pers" morph="M/F 1P NOM" extra="*1 *2"/>
			<t id="s4_14" word="&quot;" lemma="--" pos="pu" morph="--" extra="--"/>
			<t id="s4_15" word="." lemma="--" pos="pu" morph="--" extra="--"/>
		</terminals>

		<nonterminals>
			<nt id="s4_500" cat="s">
				<edge label="X" idref="s4_501"/>
			</nt>
			<nt id="s4_501" cat="np">
				<edge label="DN" idref="s4_1"/>
				<edge label="H" idref="s4_2"/>
				<edge label="DN" idref="s4_502"/>
				<edge label="fA" idref="s4_503"/>
				<edge label="PU" idref="s4_15"/>
			</nt>
			<nt id="s4_502" cat="np">
				<edge label="H" idref="s4_3"/>
				<edge label="PU" idref="s4_4"/>
				<edge label="DNc" idref="s4_5"/>
				<edge label="PU" idref="s4_6"/>
			</nt>
			<nt id="s4_503" cat="pp">
				<edge label="H" idref="s4_7"/>
				<edge label="DP" idref="s4_504"/>
			</nt>
			<nt id="s4_504" cat="np">
				<edge label="DN" idref="s4_8"/>
				<edge label="H" idref="s4_9"/>
				<edge label="DN" idref="s4_505"/>
			</nt>
			<nt id="s4_505" cat="fcl">
				<edge label="Od" idref="s4_10"/>
				<edge label="P" idref="s4_11"/>
				<edge label="PU" idref="s4_12"/>
				<edge label="S" idref="s4_13"/>
				<edge label="PU" idref="s4_14"/>
			</nt>
		</nonterminals>
	</graph>
</s>

<s id="s5" ref="5" source="Running text" forest="1" text="Mas, diferentemente do pronome pessoal nós, esta expressão é seguida de um verbo conjugado na terceira pessoa do singular.">
	<graph root="s5_500">
		<terminals>
			<t id="s5_1" word="Mas" lemma="mas" pos="conj-c" morph="--" extra="*"/>
			<t id="s5_2" word="," lemma="--" pos="pu" morph="--" extra="--"/>
			<t id="s5_3" word="diferentemente" lemma="diferentemente" pos="adv" morph="--" extra="nh"/>
			<t id="s5_4" word="de" lemma="de" pos="prp" morph="--" extra="sam-"/>
			<t id="s5_5" word="o" lemma="o" pos="art" morph="M S" extra="-sam "/>
			<t id="s5_6" word="pronome_pessoal" lemma="pronome_pessoal" pos="n" morph="M S" sem="ac-cat" extra="--"/>
			<t id="s5_7" word="nós" lemma="nós" pos="pron-pers" morph="M/F 1P NOM" extra="--"/>
			<t id="s5_8" word="," lemma="--" pos="pu" morph="--" extra="--"/>
			<t id="s5_9" word="esta" lemma="este" pos="pron-dem" morph="DET F S" extra="dem"/>
			<t id="s5_10" word="expressão" lemma="expressão" pos="n" morph="F S" sem="act-s ac-sign" extra="--"/>
			<t id="s5_11" word="é" lemma="ser" pos="v-fin" morph="PR 3S IND VFIN" extra="fmc aux"/>
			<t id="s5_12" word="seguida" lemma="seguir" pos="v-pcp" morph="F S" extra="mv"/>
			<t id="s5_13" word="de" lemma="de" pos="prp" morph="--" extra="--"/>
			<t id="s5_14" word="um" lemma="um" pos="art" morph="M S" extra="--"/>
			<t id="s5_15" word="verbo" lemma="verbo" pos="n" morph="M S" sem="ac-cat" extra="--"/>
			<t id="s5_16" word="conjugado" lemma="conjugar" pos="v-pcp" morph="M S" extra="mv np-close"/>
			<t id="s5_17" word="em" lemma="em" pos="prp" morph="--" extra="sam-"/>
			<t id="s5_18" word="a" lemma="o" pos="art" morph="F S" extra="-sam "/>
			<t id="s5_19" word="terceira" lemma="terceiro" pos="adj" morph="F S" extra="NUM-ord jh"/>
			<t id="s5_20" word="pessoa" lemma="pessoa" pos="n" morph="F S" sem="H" extra="--"/>
			<t id="s5_21" word="de" lemma="de" pos="prp" morph="--" extra="sam- np-close"/>
			<t id="s5_22" word="o" lemma="o" pos="art" morph="M S" extra="-sam "/>
			<t id="s5_23" word="singular" lemma="singular" pos="n" morph="M S" sem="ac-cat" extra="--"/>
			<t id="s5_24" word="." lemma="--" pos="pu" morph="--" extra="--"/>
		</terminals>

		<nonterminals>
			<nt id="s5_500" cat="s">
				<edge label="STA" idref="s5_501"/>
			</nt>
			<nt id="s5_501" cat="fcl">
				<edge label="CO" idref="s5_1"/>
				<edge label="PU" idref="s5_2"/>
				<edge label="fA" idref="s5_502"/>
				<edge label="S" idref="s5_7"/>
				<edge label="PU" idref="s5_8"/>
				<edge label="S" idref="s5_505"/>
				<edge label="P" idref="s5_506"/>
				<edge label="fA" idref="s5_507"/>
				<edge label="PU" idref="s5_24"/>
			</nt>
			<nt id="s5_502" cat="advp">
				<edge label="H" idref="s5_3"/>
				<edge label="DA" idref="s5_503"/>
			</nt>
			<nt id="s5_503" cat="pp">
				<edge label="H" idref="s5_4"/>
				<edge label="DP" idref="s5_504"/>
			</nt>
			<nt id="s5_504" cat="np">
				<edge label="DN" idref="s5_5"/>
				<edge label="H" idref="s5_6"/>
			</nt>
			<nt id="s5_505" cat="np">
				<edge label="DN" idref="s5_9"/>
				<edge label="H" idref="s5_10"/>
			</nt>
			<nt id="s5_506" cat="vp">
				<edge label="Vaux" idref="s5_11"/>
				<edge label="Vm" idref="s5_12"/>
			</nt>
			<nt id="s5_507" cat="pp">
				<edge label="H" idref="s5_13"/>
				<edge label="DP" idref="s5_508"/>
			</nt>
			<nt id="s5_508" cat="np">
				<edge label="DN" idref="s5_14"/>
				<edge label="H" idref="s5_15"/>
				<edge label="DN" idref="s5_509"/>
			</nt>
			<nt id="s5_509" cat="icl">
				<edge label="P" idref="s5_16"/>
				<edge label="fA" idref="s5_510"/>
			</nt>
			<nt id="s5_510" cat="pp">
				<edge label="H" idref="s5_17"/>
				<edge label="DP" idref="s5_511"/>
			</nt>
			<nt id="s5_511" cat="np">
				<edge label="DN" idref="s5_18"/>
				<edge label="DN" idref="s5_19"/>
				<edge label="H" idref="s5_20"/>
				<edge label="DN" idref="s5_512"/>
			</nt>
			<nt id="s5_512" cat="pp">
				<edge label="H" idref="s5_21"/>
				<edge label="DP" idref="s5_513"/>
			</nt>
			<nt id="s5_513" cat="np">
				<edge label="DN" idref="s5_22"/>
				<edge label="H" idref="s5_23"/>
			</nt>
		</nonterminals>
	</graph>
</s>

<s id="s6" ref="6" source="Running text" forest="1" text="A gente não tem cara de babaca.">
	<graph root="s6_500">
		<terminals>
			<t id="s6_1" word="A" lemma="o" pos="art" morph="F S" extra="* "/>
			<t id="s6_2" word="gente" lemma="gente" pos="n" morph="F S" sem="HH" extra="--"/>
			<t id="s6_3" word="não" lemma="não" pos="adv" morph="--" extra="--"/>
			<t id="s6_4" word="tem" lemma="ter" pos="v-fin" morph="PR 3S IND VFIN" extra="fmc mv"/>
			<t id="s6_5" word="cara" lemma="cara" pos="n" morph="F S" sem="f-an f-h Labs" extra="--"/>
			<t id="s6_6" word="de" lemma="de" pos="prp" morph="--" extra="np-close"/>
			<t id="s6_7" word="babaca" lemma="babaca" pos="adj" morph="M/F S" extra="jh newlex"/>
			<t id="s6_8" word="." lemma="--" pos="pu" morph="--" extra="--"/>
		</terminals>

		<nonterminals>
			<nt id="s6_500" cat="s">
				<edge label="STA" idref="s6_501"/>
			</nt>
			<nt id="s6_501" cat="fcl">
				<edge label="S" idref="s6_502"/>
				<edge label="fA" idref="s6_3"/>
				<edge label="P" idref="s6_4"/>
				<edge label="Od" idref="s6_503"/>
				<edge label="PU" idref="s6_8"/>
			</nt>
			<nt id="s6_502" cat="np">
				<edge label="DN" idref="s6_1"/>
				<edge label="H" idref="s6_2"/>
			</nt>
			<nt id="s6_503" cat="np">
				<edge label="H" idref="s6_5"/>
				<edge label="DN" idref="s6_504"/>
			</nt>
			<nt id="s6_504" cat="pp">
				<edge label="H" idref="s6_6"/>
				<edge label="DP" idref="s6_7"/>
			</nt>
		</nonterminals>
	</graph>
</s>

<s id="s7" ref="7" source="Running text" forest="1" text="Compartilhar enviar nova definição enviar nova imagem denunciar abuso Sinônimos:">
	<graph root="s7_500">
		<terminals>
			<t id="s7_1" word="Compartilhar" lemma="compartilhar" pos="v-inf" morph="--" extra="* vH mv"/>
			<t id="s7_2" word="enviar" lemma="enviar" pos="v-inf" morph="--" extra="vH mv"/>
			<t id="s7_3" word="nova" lemma="novo" pos="adj" morph="F S" extra="jh"/>
			<t id="s7_4" word="definição" lemma="definição" pos="n" morph="F S" sem="sem-c" extra="--"/>
			<t id="s7_5" word="enviar" lemma="enviar" pos="v-inf" morph="--" extra="vH mv"/>
			<t id="s7_6" word="nova" lemma="novo" pos="adj" morph="F S" extra="jh"/>
			<t id="s7_7" word="imagem" lemma="imagem" pos="n" morph="F S" sem="pict sem-c ac-cat" extra="--"/>
			<t id="s7_8" word="denunciar" lemma="denunciar" pos="v-inf" morph="--" extra="vH mv"/>
			<t id="s7_9" word="abuso" lemma="abuso" pos="n" morph="M S" sem="activity" extra="--"/>
			<t id="s7_10" word="Sinônimos" lemma="Sinônimos" pos="prop" morph="M S" extra="hum * np-close"/>
			<t id="s7_11" word=":" lemma="--" pos="pu" morph="--" extra="--"/>
		</terminals>

		<nonterminals>
			<nt id="s7_500" cat="s">
				<edge label="UTT" idref="s7_501"/>
			</nt>
			<nt id="s7_501" cat="icl">
				<edge label="P" idref="s7_1"/>
				<edge label="Od" idref="s7_502"/>
				<edge label="PU" idref="s7_11"/>
			</nt>
			<nt id="s7_502" cat="icl">
				<edge label="P" idref="s7_2"/>
				<edge label="Od" idref="s7_503"/>
				<edge label="UTT" idref="s7_504"/>
				<edge label="UTT" idref="s7_506"/>
			</nt>
			<nt id="s7_503" cat="np">
				<edge label="DN" idref="s7_3"/>
				<edge label="H" idref="s7_4"/>
			</nt>
			<nt id="s7_504" cat="icl">
				<edge label="P" idref="s7_5"/>
				<edge label="Od" idref="s7_505"/>
			</nt>
			<nt id="s7_505" cat="np">
				<edge label="DN" idref="s7_6"/>
				<edge label="H" idref="s7_7"/>
			</nt>
			<nt id="s7_506" cat="icl">
				<edge label="P" idref="s7_8"/>
				<edge label="Od" idref="s7_507"/>
			</nt>
			<nt id="s7_507" cat="np">
				<edge label="H" idref="s7_9"/>
				<edge label="DN" idref="s7_10"/>
			</nt>
		</nonterminals>
	</graph>
</s>

<s id="s8" ref="8" source="Running text" forest="1" text="nós mais...">
	<graph root="s8_500">
		<terminals>
			<t id="s8_1" word="nós" lemma="nós" pos="pron-pers" morph="M/F 1P NOM/PIV" extra="--"/>
			<t id="s8_2" word="mais" lemma="mais" pos="adv" morph="--" extra="quant KOMP"/>
			<t id="s8_3" word="." lemma="--" pos="pu" morph="--" extra="--"/>
		</terminals>

		<nonterminals>
			<nt id="s8_500" cat="s">
				<edge label="X" idref="s8_501"/>
			</nt>
			<nt id="s8_501" cat="x">
				<edge label="H" idref="s8_1"/>
				<edge label="fA" idref="s8_2"/>
				<edge label="PU" idref="s8_3"/>
			</nt>
		</nonterminals>
	</graph>
</s>

<s id="s9" ref="9" source="Running text" forest="1" text="Outras Informações:Palavras com 7 letras A palavra possui 3 vogais -- a e e A palavra possui 4 consoantes -- g nt 1 página -- 1 Definição manchete xenotima zorba wildiano navassa.">
	<graph root="s9_500">
		<terminals>
			<t id="s9_1" word="Outras_Informações" lemma="Outras_Informações" pos="prop" morph="M/F S" extra="hum * heur"/>
			<t id="s9_2" word=":Palavras" lemma=":Palavras" pos="n" morph="M S" extra="--"/>
			<t id="s9_3" word="com" lemma="com" pos="prp" morph="--" extra="np-close"/>
			<t id="s9_4" word="7" lemma="7" pos="num" morph="F P" extra="card"/>
			<t id="s9_5" word="letras" lemma="letra" pos="n" morph="F P" sem="ac-sign sem-r domain" extra="--"/>
			<t id="s9_6" word="A" lemma="o" pos="art" morph="F S" extra="* "/>
			<t id="s9_7" word="palavra" lemma="palavra" pos="n" morph="F S" sem="ac-cat act-s" extra="--"/>
			<t id="s9_8" word="possui" lemma="possuir" pos="v-fin" morph="PR 3S IND VFIN" extra="cjt-head cjt-head-STA vH fmc mv"/>
			<t id="s9_9" word="3" lemma="3" pos="num" morph="M P" extra="card"/>
			<t id="s9_10" word="vogais" lemma="vogal" pos="n" morph="M P" sem="ac-cat H" extra="--"/>
			<t id="s9_11" word="--" lemma="--" pos="pu" morph="--" extra="--"/>
			<t id="s9_12" word="a" lemma="a" pos="prp" morph="--" extra="--"/>
			<t id="s9_13" word="e" lemma="e" pos="conj-c" morph="--" extra="--"/>
			<t id="s9_14" word="e" lemma="e" pos="conj-c" morph="--" extra="--"/>
			<t id="s9_15" word="A" lemma="o" pos="art" morph="F S" extra="* "/>
			<t id="s9_16" word="palavra" lemma="palavra" pos="n" morph="F S" sem="ac-cat act-s" extra="--"/>
			<t id="s9_17" word="possui" lemma="possuir" pos="v-fin" morph="PR 3S IND VFIN" extra="cjt-STA vH fmc mv"/>
			<t id="s9_18" word="4" lemma="4" pos="num" morph="F P" extra="card"/>
			<t id="s9_19" word="consoantes" lemma="consoante" pos="n" morph="F P" sem="ac-cat" extra="--"/>
			<t id="s9_20" word="--" lemma="--" pos="pu" morph="--" extra="--"/>
			<t id="s9_21" word="g" lemma="g" pos="n" morph="M S" sem="ac-sign" extra="cjt-head cjt-head-S"/>
			<t id="s9_22" word="nt" lemma="nt" pos="n" morph="M/F S" extra="cjt-S foreign"/>
			<t id="s9_23" word="1" lemma="1" pos="num" morph="F S" extra="card"/>
			<t id="s9_24" word="página" lemma="página" pos="n" morph="F S" sem="cc-r" extra="cjt-S"/>
			<t id="s9_25" word="--" lemma="--" pos="pu" morph="--" extra="--"/>
			<t id="s9_26" word="1" lemma="1" pos="num" morph="F S" extra="card"/>
			<t id="s9_27" word="Definição" lemma="definição" pos="n" morph="F S" sem="sem-c" extra="prop *"/>
			<t id="s9_28" word="manchete" lemma="manchete" pos="n" morph="F S" sem="sem-r" extra="--"/>
			<t id="s9_29" word="xenotima" lemma="xenotimo" pos="adj" morph="F S" extra="SUP DERP jh np-close"/>
			<t id="s9_30" word="zorba" lemma="zorbo" pos="adj" morph="F S" extra="heur jh np-long"/>
			<t id="s9_31" word="wildiano" lemma="wildiano" pos="adj" morph="M S" extra="DERS jh foreign np-long"/>
			<t id="s9_32" word="navassa" lemma="navasso" pos="adj" morph="F S" extra="heur jh np-long"/>
			<t id="s9_33" word="." lemma="--" pos="pu" morph="--" extra="--"/>
		</terminals>

		<nonterminals>
			<nt id="s9_500" cat="s">
				<edge label="STA" idref="s9_501"/>
			</nt>
			<nt id="s9_501" cat="par">
				<edge label="CJT" idref="s9_502"/>
				<edge label="CJT" idref="s9_508"/>
				<edge label="PU" idref="s9_33"/>
			</nt>
			<nt id="s9_502" cat="fcl">
				<edge label="S" idref="s9_1"/>
				<edge label="fCs" idref="s9_503"/>
				<edge label="S" idref="s9_506"/>
				<edge label="P" idref="s9_8"/>
				<edge label="Od" idref="s9_507"/>
			</nt>
			<nt id="s9_503" cat="np">
				<edge label="H" idref="s9_2"/>
				<edge label="DN" idref="s9_504"/>
			</nt>
			<nt id="s9_504" cat="pp">
				<edge label="H" idref="s9_3"/>
				<edge label="DP" idref="s9_505"/>
			</nt>
			<nt id="s9_505" cat="np">
				<edge label="DN" idref="s9_4"/>
				<edge label="H" idref="s9_5"/>
			</nt>
			<nt id="s9_506" cat="np">
				<edge label="DN" idref="s9_6"/>
				<edge label="H" idref="s9_7"/>
			</nt>
			<nt id="s9_507" cat="np">
				<edge label="DN" idref="s9_9"/>
				<edge label="H" idref="s9_10"/>
				<edge label="PU" idref="s9_11"/>
				<edge label="CO" idref="s9_13"/>
				<edge label="CO" idref="s9_14"/>
				<edge label="DP" idref="s9_509"/>
			</nt>
			<nt id="s9_508" cat="fcl">
				<edge label="fA" idref="s9_12"/>
				<edge label="P" idref="s9_17"/>
				<edge label="Od" idref="s9_510"/>
				<edge label="S" idref="s9_511"/>
				<edge label="fCsta" idref="s9_513"/>
				<edge label="fCs" idref="s9_514"/>
			</nt>
			<nt id="s9_509" cat="np">
				<edge label="DN" idref="s9_15"/>
				<edge label="H" idref="s9_16"/>
			</nt>
			<nt id="s9_510" cat="np">
				<edge label="DN" idref="s9_18"/>
				<edge label="H" idref="s9_19"/>
				<edge label="PU" idref="s9_20"/>
			</nt>
			<nt id="s9_511" cat="par">
				<edge label="CJT" idref="s9_21"/>
				<edge label="CJT" idref="s9_22"/>
				<edge label="CJT" idref="s9_512"/>
			</nt>
			<nt id="s9_512" cat="np">
				<edge label="DN" idref="s9_23"/>
				<edge label="H" idref="s9_24"/>
				<edge label="PU" idref="s9_25"/>
			</nt>
			<nt id="s9_513" cat="np">
				<edge label="DN" idref="s9_26"/>
				<edge label="H" idref="s9_27"/>
			</nt>
			<nt id="s9_514" cat="np">
				<edge label="H" idref="s9_28"/>
				<edge label="DN" idref="s9_29"/>
				<edge label="DN" idref="s9_30"/>
				<edge label="DN" idref="s9_31"/>
				<edge label="DN" idref="s9_32"/>
			</nt>
		</nonterminals>
	</graph>
</s>

	</body>
</corpus>
