<?xml version="1.0" encoding="UTF-8"?>
<corpus>

	<body>
<s id="s1" ref="1" source="Running text" forest="1" text="Abrangência 2 Definições encontradas.">
	<graph root="s1_500">
		<terminals>
			<t id="s1_1" word="Abrangência" lemma="abrangência" pos="n" morph="F S" sem="f-q" extra="cjt-head cjt-head-X *"/>
			<t id="s1_2" word="2" lemma="2" pos="num" morph="F P" extra="card"/>
			<t id="s1_3" word="Definições" lemma="definição" pos="n" morph="F P" sem="sem-c" extra="cjt-X prop *"/>
			<t id="s1_4" word="encontradas" lemma="encontrado" pos="adj" morph="F P" extra="nh np-close"/>
			<t id="s1_5" word="." lemma="--" pos="pu" morph="--" extra="--"/>
		</terminals>

		<nonterminals>
			<nt id="s1_500" cat="s">
				<edge label="X" idref="s1_501"/>
			</nt>
			<nt id="s1_501" cat="par">
				<edge label="CJT" idref="s1_1"/>
				<edge label="CJT" idref="s1_502"/>
				<edge label="PU" idref="s1_5"/>
			</nt>
			<nt id="s1_502" cat="np">
				<edge label="DN" idref="s1_2"/>
				<edge label="H" idref="s1_3"/>
				<edge label="DN" idref="s1_4"/>
			</nt>
		</nonterminals>
	</graph>
</s>

<s id="s2" ref="2" source="Running text" forest="1" text="Tweet Classificação morfossintática:">
	<graph root="s2_500">
		<terminals>
			<t id="s2_1" word="Tweet_Classificação" lemma="Tweet_Classificação" pos="prop" morph="M S" extra="common * heur"/>
			<t id="s2_2" word="morfossintática" lemma="morfossintático" pos="adj" morph="F S" extra="DERS jh np-close"/>
			<t id="s2_3" word=":" lemma="--" pos="pu" morph="--" extra="--"/>
		</terminals>

		<nonterminals>
			<nt id="s2_500" cat="s">
				<edge label="X" idref="s2_501"/>
			</nt>
			<nt id="s2_501" cat="np">
				<edge label="H" idref="s2_1"/>
				<edge label="DN" idref="s2_2"/>
				<edge label="PU" idref="s2_3"/>
			</nt>
		</nonterminals>
	</graph>
</s>

<s id="s3" ref="3" source="Running text" forest="1" text="Substantivo, feminino singular Flexões da palavra Abrangência Significados de Abrangência:">
	<graph root="s3_500">
		<terminals>
			<t id="s3_1" word="Substantivo" lemma="substantivar" pos="v-fin" morph="PR 1S IND VFIN" extra="* vH fmc mv"/>
			<t id="s3_2" word="," lemma="--" pos="pu" morph="--" extra="--"/>
			<t id="s3_3" word="feminino" lemma="feminino" pos="adj" morph="M S" extra="jh"/>
			<t id="s3_4" word="singular" lemma="singular" pos="adj" morph="F S" extra="jh"/>
			<t id="s3_5" word="Flexões" lemma="flexão" pos="n" morph="F P" sem="act" extra="prop *"/>
			<t id="s3_6" word="de" lemma="de" pos="prp" morph="--" extra="sam- np-close"/>
			<t id="s3_7" word="a" lemma="o" pos="art" morph="F S" extra="-sam "/>
			<t id="s3_8" word="palavra" lemma="palavra" pos="n" morph="F S" sem="ac-cat act-s" extra="--"/>
			<t id="s3_9" word="Abrangência_Significados_de_Abrangência" lemma="Abrangência_Significados_de_Abrangência" pos="prop" morph="F S" extra="org * heur np-close"/>
			<t id="s3_10" word=":" lemma="--" pos="pu" morph="--" extra="--"/>
		</terminals>

		<nonterminals>
			<nt id="s3_500" cat="s">
				<edge label="STA" idref="s3_501"/>
			</nt>
			<nt id="s3_501" cat="fcl">
				<edge label="P" idref="s3_1"/>
				<edge label="PU" idref="s3_2"/>
				<edge label="fCs" idref="s3_3"/>
				<edge label="fCs" idref="s3_502"/>
				<edge label="PU" idref="s3_10"/>
			</nt>
			<nt id="s3_502" cat="np">
				<edge label="DN" idref="s3_4"/>
				<edge label="H" idref="s3_5"/>
				<edge label="DN" idref="s3_503"/>
			</nt>
			<nt id="s3_503" cat="pp">
				<edge label="H" idref="s3_6"/>
				<edge label="DP" idref="s3_504"/>
			</nt>
			<nt id="s3_504" cat="np">
				<edge label="DN" idref="s3_7"/>
				<edge label="H" idref="s3_8"/>
				<edge label="DN" idref="s3_9"/>
			</nt>
		</nonterminals>
	</graph>
</s>

<s id="s4" ref="4" source="Running text" forest="1" text="17 sobe, 7 desce 1. Abrangência Por Dicionário inFormal(SP) em 26-02-2009 Contido em si, dar o sentido de inclusão de muitos dados ou muitos fatos inerentes ao assunto.">
	<graph root="s4_500">
		<terminals>
			<t id="s4_1" word="17" lemma="17" pos="num" morph="M/F S" extra="card"/>
			<t id="s4_2" word="sobe" lemma="subir" pos="v-fin" morph="PR 3S IND VFIN" extra="cjt-head cjt-head-STA fmc mv"/>
			<t id="s4_3" word="," lemma="--" pos="pu" morph="--" extra="--"/>
			<t id="s4_4" word="7" lemma="7" pos="num" morph="M/F P" extra="card"/>
			<t id="s4_5" word="desce" lemma="descer" pos="v-fin" morph="PR 3S IND VFIN" extra="cjt-STA fmc mv"/>
			<t id="s4_6" word="1." lemma="1." pos="adj" morph="M/F S" extra="NUM-ord"/>
			<t id="s4_7" word="Abrangência_Por_Dicionário" lemma="Abrangência_Por_Dicionário" pos="prop" morph="M S" extra="tit *"/>
			<t id="s4_8" word="inFormal" lemma="inFormal" pos="adj" morph="M S" extra="np-close"/>
			<t id="s4_9" word="(" lemma="--" pos="pu" morph="--" extra="--"/>
			<t id="s4_10" word="SP" lemma="SP" pos="prop" morph="M S" extra="civ * np-close"/>
			<t id="s4_11" word=")" lemma="--" pos="pu" morph="--" extra="--"/>
			<t id="s4_12" word="em" lemma="em" pos="prp" morph="--" extra="--"/>
			<t id="s4_13" word="26-02-2009" lemma="26-02-2009" pos="num" morph="M/F P" extra="card"/>
			<t id="s4_14" word="Contido" lemma="contido" pos="adj" morph="M S" extra="prop n * jh"/>
			<t id="s4_15" word="em_si" lemma="em_si" pos="adv" morph="--" sem="pp" extra="--"/>
			<t id="s4_16" word="," lemma="--" pos="pu" morph="--" extra="--"/>
			<t id="s4_17" word="dar" lemma="dar" pos="v-inf" morph="--" extra="mv"/>
			<t id="s4_18" word="o" lemma="o" pos="art" morph="M S" extra="--"/>
			<t id="s4_19" word="sentido" lemma="sentido" pos="n" morph="M S" sem="f-an am ac dir" extra="--"/>
			<t id="s4_20" word="de" lemma="de" pos="prp" morph="--" extra="np-close"/>
			<t id="s4_21" word="inclusão" lemma="inclusão" pos="n" morph="F S" sem="act ac-cat ac" extra="--"/>
			<t id="s4_22" word="de" lemma="de" pos="prp" morph="--" extra="np-close"/>
			<t id="s4_23" word="muitos" lemma="muito" pos="pron-indef" morph="DET M P" extra="quant"/>
			<t id="s4_24" word="dados" lemma="dado" pos="n" morph="M P" sem="cc ac" extra="--"/>
			<t id="s4_25" word="ou" lemma="ou" pos="conj-c" morph="--" extra="--"/>
			<t id="s4_26" word="muitos" lemma="muito" pos="pron-indef" morph="DET M P" extra="quant"/>
			<t id="s4_27" word="fatos" lemma="fato" pos="n" morph="M P" sem="ac cloH AAdom" extra="--"/>
			<t id="s4_28" word="inerentes" lemma="inerente" pos="adj" morph="M P" extra="nh np-close"/>
			<t id="s4_29" word="a" lemma="a" pos="prp" morph="--" extra="sam-"/>
			<t id="s4_30" word="o" lemma="o" pos="art" morph="M S" extra="-sam "/>
			<t id="s4_31" word="assunto" lemma="assunto" pos="n" morph="M S" sem="sem-c" extra="--"/>
			<t id="s4_32" word="." lemma="--" pos="pu" morph="--" extra="--"/>
		</terminals>

		<nonterminals>
			<nt id="s4_500" cat="s">
				<edge label="STA" idref="s4_501"/>
			</nt>
			<nt id="s4_501" cat="par">
				<edge label="CJT" idref="s4_502"/>
				<edge label="PU" idref="s4_3"/>
				<edge label="CJT" idref="s4_503"/>
				<edge label="PU" idref="s4_32"/>
			</nt>
			<nt id="s4_502" cat="fcl">
				<edge label="S" idref="s4_1"/>
				<edge label="P" idref="s4_2"/>
			</nt>
			<nt id="s4_503" cat="fcl">
				<edge label="Od" idref="s4_4"/>
				<edge label="P" idref="s4_5"/>
				<edge label="fCs" idref="s4_6"/>
				<edge label="S" idref="s4_504"/>
				<edge label="fA" idref="s4_505"/>
				<edge label="fA" idref="s4_15"/>
				<edge label="PU" idref="s4_16"/>
				<edge label="S" idref="s4_507"/>
				<edge label="DP" idref="s4_513"/>
			</nt>
			<nt id="s4_504" cat="np">
				<edge label="H" idref="s4_7"/>
				<edge label="DN" idref="s4_8"/>
				<edge label="PU" idref="s4_9"/>
				<edge label="DNapp" idref="s4_10"/>
				<edge label="PU" idref="s4_11"/>
			</nt>
			<nt id="s4_505" cat="pp">
				<edge label="H" idref="s4_12"/>
				<edge label="DP" idref="s4_506"/>
			</nt>
			<nt id="s4_506" cat="np">
				<edge label="DN" idref="s4_13"/>
				<edge label="H" idref="s4_14"/>
			</nt>
			<nt id="s4_507" cat="icl">
				<edge label="P" idref="s4_17"/>
				<edge label="Od" idref="s4_508"/>
			</nt>
			<nt id="s4_508" cat="np">
				<edge label="DN" idref="s4_18"/>
				<edge label="H" idref="s4_19"/>
				<edge label="DN" idref="s4_509"/>
			</nt>
			<nt id="s4_509" cat="pp">
				<edge label="H" idref="s4_20"/>
				<edge label="DP" idref="s4_510"/>
			</nt>
			<nt id="s4_510" cat="np">
				<edge label="H" idref="s4_21"/>
				<edge label="DN" idref="s4_511"/>
			</nt>
			<nt id="s4_511" cat="pp">
				<edge label="H" idref="s4_22"/>
				<edge label="DP" idref="s4_512"/>
			</nt>
			<nt id="s4_512" cat="np">
				<edge label="DN" idref="s4_23"/>
				<edge label="H" idref="s4_24"/>
				<edge label="CO" idref="s4_25"/>
			</nt>
			<nt id="s4_513" cat="np">
				<edge label="DN" idref="s4_26"/>
				<edge label="H" idref="s4_27"/>
				<edge label="DN" idref="s4_514"/>
			</nt>
			<nt id="s4_514" cat="adjp">
				<edge label="H" idref="s4_28"/>
				<edge label="DA" idref="s4_515"/>
			</nt>
			<nt id="s4_515" cat="pp">
				<edge label="H" idref="s4_29"/>
				<edge label="DP" idref="s4_516"/>
			</nt>
			<nt id="s4_516" cat="np">
				<edge label="DN" idref="s4_30"/>
				<edge label="H" idref="s4_31"/>
			</nt>
		</nonterminals>
	</graph>
</s>

<s id="s5" ref="5" source="Running text" forest="1" text="Este dicionário tem grande abrangência na língua portuguesa.">
	<graph root="s5_500">
		<terminals>
			<t id="s5_1" word="Este" lemma="este" pos="pron-dem" morph="DET M S" extra="* dem"/>
			<t id="s5_2" word="dicionário" lemma="dicionário" pos="n" morph="M S" sem="sem-r" extra="--"/>
			<t id="s5_3" word="tem" lemma="ter" pos="v-fin" morph="PR 3S IND VFIN" extra="fmc mv"/>
			<t id="s5_4" word="grande" lemma="grande" pos="adj" morph="F S" extra="--"/>
			<t id="s5_5" word="abrangência" lemma="abrangência" pos="n" morph="F S" sem="f-q" extra="--"/>
			<t id="s5_6" word="em" lemma="em" pos="prp" morph="--" extra="sam-"/>
			<t id="s5_7" word="a" lemma="o" pos="art" morph="F S" extra="-sam "/>
			<t id="s5_8" word="língua" lemma="língua" pos="n" morph="F S" sem="anmov ling" extra="--"/>
			<t id="s5_9" word="portuguesa" lemma="português" pos="adj" morph="F S" extra="nat np-close"/>
			<t id="s5_10" word="." lemma="--" pos="pu" morph="--" extra="--"/>
		</terminals>

		<nonterminals>
			<nt id="s5_500" cat="s">
				<edge label="STA" idref="s5_501"/>
			</nt>
			<nt id="s5_501" cat="fcl">
				<edge label="S" idref="s5_502"/>
				<edge label="P" idref="s5_3"/>
				<edge label="Od" idref="s5_503"/>
				<edge label="fA" idref="s5_504"/>
				<edge label="PU" idref="s5_10"/>
			</nt>
			<nt id="s5_502" cat="np">
				<edge label="DN" idref="s5_1"/>
				<edge label="H" idref="s5_2"/>
			</nt>
			<nt id="s5_503" cat="np">
				<edge label="DN" idref="s5_4"/>
				<edge label="H" idref="s5_5"/>
			</nt>
			<nt id="s5_504" cat="pp">
				<edge label="H" idref="s5_6"/>
				<edge label="DP" idref="s5_505"/>
			</nt>
			<nt id="s5_505" cat="np">
				<edge label="DN" idref="s5_7"/>
				<edge label="H" idref="s5_8"/>
				<edge label="DN" idref="s5_9"/>
			</nt>
		</nonterminals>
	</graph>
</s>

<s id="s6" ref="6" source="Running text" forest="1" text="Compartilhar enviar nova definição enviar nova imagem denunciar abuso Sinônimos:">
	<graph root="s6_500">
		<terminals>
			<t id="s6_1" word="Compartilhar" lemma="compartilhar" pos="v-inf" morph="--" extra="* vH mv"/>
			<t id="s6_2" word="enviar" lemma="enviar" pos="v-inf" morph="--" extra="vH mv"/>
			<t id="s6_3" word="nova" lemma="novo" pos="adj" morph="F S" extra="jh"/>
			<t id="s6_4" word="definição" lemma="definição" pos="n" morph="F S" sem="sem-c" extra="--"/>
			<t id="s6_5" word="enviar" lemma="enviar" pos="v-inf" morph="--" extra="vH mv"/>
			<t id="s6_6" word="nova" lemma="novo" pos="adj" morph="F S" extra="jh"/>
			<t id="s6_7" word="imagem" lemma="imagem" pos="n" morph="F S" sem="pict sem-c ac-cat" extra="--"/>
			<t id="s6_8" word="denunciar" lemma="denunciar" pos="v-inf" morph="--" extra="vH mv"/>
			<t id="s6_9" word="abuso" lemma="abuso" pos="n" morph="M S" sem="activity" extra="--"/>
			<t id="s6_10" word="Sinônimos" lemma="Sinônimos" pos="prop" morph="M S" extra="hum * np-close"/>
			<t id="s6_11" word=":" lemma="--" pos="pu" morph="--" extra="--"/>
		</terminals>

		<nonterminals>
			<nt id="s6_500" cat="s">
				<edge label="UTT" idref="s6_501"/>
			</nt>
			<nt id="s6_501" cat="icl">
				<edge label="P" idref="s6_1"/>
				<edge label="Od" idref="s6_502"/>
				<edge label="PU" idref="s6_11"/>
			</nt>
			<nt id="s6_502" cat="icl">
				<edge label="P" idref="s6_2"/>
				<edge label="Od" idref="s6_503"/>
				<edge label="UTT" idref="s6_504"/>
				<edge label="UTT" idref="s6_506"/>
			</nt>
			<nt id="s6_503" cat="np">
				<edge label="DN" idref="s6_3"/>
				<edge label="H" idref="s6_4"/>
			</nt>
			<nt id="s6_504" cat="icl">
				<edge label="P" idref="s6_5"/>
				<edge label="Od" idref="s6_505"/>
			</nt>
			<nt id="s6_505" cat="np">
				<edge label="DN" idref="s6_6"/>
				<edge label="H" idref="s6_7"/>
			</nt>
			<nt id="s6_506" cat="icl">
				<edge label="P" idref="s6_8"/>
				<edge label="Od" idref="s6_507"/>
			</nt>
			<nt id="s6_507" cat="np">
				<edge label="H" idref="s6_9"/>
				<edge label="DN" idref="s6_10"/>
			</nt>
		</nonterminals>
	</graph>
</s>

<s id="s7" ref="7" source="Running text" forest="1" text="abranger abarcar cingir encerramento abarcamento envolvimento abraçamento compreensão domínio alcance extensão dura contenção duração inclusão mais...">
	<graph root="s7_500">
		<terminals>
			<t id="s7_1" word="abranger" lemma="abranger" pos="v-inf" morph="--" extra="vH mv"/>
			<t id="s7_2" word="abarcar" lemma="abarcar" pos="v-inf" morph="--" extra="vH mv"/>
			<t id="s7_3" word="cingir" lemma="cingir" pos="v-inf" morph="--" extra="vH mv"/>
			<t id="s7_4" word="encerramento" lemma="encerramento" pos="n" morph="M S" sem="act event temp" extra="--"/>
			<t id="s7_5" word="abarcamento" lemma="abarcamento" pos="n" morph="M S" extra="cjt-head cjt-head-X DERS"/>
			<t id="s7_6" word="envolvimento" lemma="envolvimento" pos="n" morph="M S" sem="event act" extra="cjt-X"/>
			<t id="s7_7" word="abraçamento" lemma="abraçamento" pos="n" morph="M S" extra="cjt-X DERS"/>
			<t id="s7_8" word="compreensão" lemma="compreensão" pos="n" morph="F S" sem="am" extra="cjt-X"/>
			<t id="s7_9" word="domínio" lemma="domínio" pos="n" morph="M S" sem="f-psych L Labs" extra="cjt-X"/>
			<t id="s7_10" word="alcance" lemma="alcance" pos="n" morph="M S" sem="am activity" extra="cjt-X"/>
			<t id="s7_11" word="extensão" lemma="extensão" pos="n" morph="F S" sem="am" extra="cjt-X"/>
			<t id="s7_12" word="dura" lemma="duro" pos="adj" morph="F S" extra="jh"/>
			<t id="s7_13" word="contenção" lemma="contenção" pos="n" morph="F S" sem="act" extra="cjt-X"/>
			<t id="s7_14" word="duração" lemma="duração" pos="n" morph="F S" sem="am" extra="cjt-X"/>
			<t id="s7_15" word="inclusão" lemma="inclusão" pos="n" morph="F S" sem="act ac-cat ac" extra="cjt-X"/>
			<t id="s7_16" word="mais" lemma="mais" pos="adv" morph="--" extra="--"/>
			<t id="s7_17" word="." lemma="--" pos="pu" morph="--" extra="--"/>
		</terminals>

		<nonterminals>
			<nt id="s7_500" cat="s">
				<edge label="UTT" idref="s7_501"/>
			</nt>
			<nt id="s7_501" cat="icl">
				<edge label="P" idref="s7_1"/>
				<edge label="Od" idref="s7_502"/>
				<edge label="X" idref="s7_504"/>
				<edge label="PU" idref="s7_17"/>
			</nt>
			<nt id="s7_502" cat="icl">
				<edge label="P" idref="s7_2"/>
				<edge label="Od" idref="s7_503"/>
			</nt>
			<nt id="s7_503" cat="icl">
				<edge label="P" idref="s7_3"/>
				<edge label="Od" idref="s7_4"/>
			</nt>
			<nt id="s7_504" cat="par">
				<edge label="CJT" idref="s7_5"/>
				<edge label="CJT" idref="s7_6"/>
				<edge label="CJT" idref="s7_7"/>
				<edge label="CJT" idref="s7_8"/>
				<edge label="CJT" idref="s7_9"/>
				<edge label="CJT" idref="s7_10"/>
				<edge label="CJT" idref="s7_11"/>
				<edge label="CJT" idref="s7_505"/>
				<edge label="CJT" idref="s7_14"/>
				<edge label="CJT" idref="s7_15"/>
			</nt>
			<nt id="s7_505" cat="np">
				<edge label="DN" idref="s7_12"/>
				<edge label="H" idref="s7_13"/>
				<edge label="fA" idref="s7_16"/>
			</nt>
		</nonterminals>
	</graph>
</s>

<s id="s8" ref="8" source="Running text" forest="1" text="Relacionadas:">
	<graph root="s8_500">
		<terminals>
			<t id="s8_1" word="Relacionadas" lemma="relacionado" pos="adj" morph="F P" extra="* nh"/>
			<t id="s8_2" word=":" lemma="--" pos="pu" morph="--" extra="--"/>
		</terminals>

		<nonterminals>
			<nt id="s8_500" cat="s">
				<edge label="UTT" idref="s8_501"/>
			</nt>
			<nt id="s8_501" cat="x">
				<edge label="X" idref="s8_1"/>
				<edge label="PU" idref="s8_2"/>
			</nt>
		</nonterminals>
	</graph>
</s>

<s id="s9" ref="9" source="Running text" forest="1" text="amplitude englobar mais...">
	<graph root="s9_500">
		<terminals>
			<t id="s9_1" word="amplitude" lemma="amplitude" pos="n" morph="F S" sem="f-q" extra="--"/>
			<t id="s9_2" word="englobar" lemma="englobar" pos="v-inf" morph="3S" extra="mv"/>
			<t id="s9_3" word="mais" lemma="mais" pos="adv" morph="--" extra="--"/>
			<t id="s9_4" word="." lemma="--" pos="pu" morph="--" extra="--"/>
		</terminals>

		<nonterminals>
			<nt id="s9_500" cat="s">
				<edge label="S" idref="s9_501"/>
			</nt>
			<nt id="s9_501" cat="fcl">
				<edge label="S" idref="s9_1"/>
				<edge label="P" idref="s9_2"/>
				<edge label="fA" idref="s9_3"/>
				<edge label="PU" idref="s9_4"/>
			</nt>
		</nonterminals>
	</graph>
</s>

<s id="s10" ref="10" source="Running text" forest="1" text="38 sobe, 118 desce 2. Abrangência Por Leonardo(Te o) em 27-11-2007 Abrangência sf(de abranger) Capacidade ou qualidade de abranger, abarcar, cingir.">
	<graph root="s10_500">
		<terminals>
			<t id="s10_1" word="38" lemma="38" pos="num" morph="M/F P" extra="card"/>
			<t id="s10_2" word="sobe" lemma="subir" pos="v-fin" morph="PR 3S IND VFIN" extra="cjt-head cjt-head-STA fmc mv"/>
			<t id="s10_3" word="," lemma="--" pos="pu" morph="--" extra="--"/>
			<t id="s10_4" word="118" lemma="118" pos="num" morph="M/F P" extra="card"/>
			<t id="s10_5" word="desce" lemma="descer" pos="v-fin" morph="PR 3S IND VFIN" extra="cjt-STA fmc mv"/>
			<t id="s10_6" word="2." lemma="2." pos="adj" morph="M/F S" extra="NUM-ord"/>
			<t id="s10_7" word="Abrangência_Por_Leonardo" lemma="Abrangência_Por_Leonardo" pos="prop" morph="F S" extra="hum * heur"/>
			<t id="s10_8" word="(" lemma="--" pos="pu" morph="--" extra="--"/>
			<t id="s10_9" word="Te" lemma="tu" pos="pron-pers" morph="M/F 2S DAT" extra="* sam-"/>
			<t id="s10_10" word="o" lemma="ele" pos="pron-pers" morph="M 3S ACC" extra="-sam"/>
			<t id="s10_11" word=")" lemma="--" pos="pu" morph="--" extra="--"/>
			<t id="s10_12" word="em" lemma="em" pos="prp" morph="--" extra="--"/>
			<t id="s10_13" word="27-11-2007" lemma="27-11-2007" pos="num" morph="F P" extra="card"/>
			<t id="s10_14" word="Abrangência" lemma="abrangência" pos="n" morph="F P" sem="f-q" extra="prop *"/>
			<t id="s10_15" word="sf" lemma="sf" pos="n" morph="M/F S" extra="foreign"/>
			<t id="s10_16" word="(" lemma="--" pos="pu" morph="--" extra="--"/>
			<t id="s10_17" word="de" lemma="de" pos="prp" morph="--" extra="np-close"/>
			<t id="s10_18" word="abranger" lemma="abranger" pos="v-inf" morph="--" extra="vH mv"/>
			<t id="s10_19" word=")" lemma="--" pos="pu" morph="--" extra="--"/>
			<t id="s10_20" word="Capacidade" lemma="Capacidade" pos="prop" morph="M/F S" extra="hum * np-close"/>
			<t id="s10_21" word="ou" lemma="ou" pos="conj-c" morph="--" extra="--"/>
			<t id="s10_22" word="qualidade" lemma="qualidade" pos="n" morph="F S" sem="percep-f f-c" extra="--"/>
			<t id="s10_23" word="de" lemma="de" pos="prp" morph="--" extra="np-close"/>
			<t id="s10_24" word="abranger" lemma="abranger" pos="v-inf" morph="--" extra="cjt-head cjt-head-DP vH mv"/>
			<t id="s10_25" word="," lemma="--" pos="pu" morph="--" extra="--"/>
			<t id="s10_26" word="abarcar" lemma="abarcar" pos="v-inf" morph="--" extra="cjt-DP vH mv"/>
			<t id="s10_27" word="," lemma="--" pos="pu" morph="--" extra="--"/>
			<t id="s10_28" word="cingir" lemma="cingir" pos="v-inf" morph="--" extra="vH mv"/>
			<t id="s10_29" word="." lemma="--" pos="pu" morph="--" extra="--"/>
		</terminals>

		<nonterminals>
			<nt id="s10_500" cat="s">
				<edge label="UTT" idref="s10_501"/>
			</nt>
			<nt id="s10_501" cat="x">
				<edge label="Od" idref="s10_1"/>
				<edge label="STA" idref="s10_502"/>
				<edge label="CJT" idref="s10_2"/>
				<edge label="PU" idref="s10_3"/>
				<edge label="CJT" idref="s10_503"/>
				<edge label="CJT" idref="s10_512"/>
				<edge label="CJT" idref="s10_520"/>
				<edge label="UTT" idref="s10_28"/>
				<edge label="PU" idref="s10_29"/>
			</nt>
			<nt id="s10_502" cat="par">
			</nt>
			<nt id="s10_503" cat="fcl">
				<edge label="Od" idref="s10_4"/>
				<edge label="P" idref="s10_5"/>
				<edge label="fCs" idref="s10_6"/>
				<edge label="S" idref="s10_7"/>
				<edge label="PU" idref="s10_8"/>
				<edge label="Od" idref="s10_504"/>
			</nt>
			<nt id="s10_504" cat="np">
				<edge label="DNc" idref="s10_505"/>
			</nt>
			<nt id="s10_505" cat="np">
				<edge label="DP" idref="s10_506"/>
			</nt>
			<nt id="s10_506" cat="icl">
				<edge label="Od" idref="s10_507"/>
			</nt>
			<nt id="s10_507" cat="np">
				<edge label="DN" idref="s10_508"/>
			</nt>
			<nt id="s10_508" cat="pp">
				<edge label="DP" idref="s10_509"/>
				<edge label="DP" idref="s10_511"/>
			</nt>
			<nt id="s10_509" cat="par">
				<edge label="CJT" idref="s10_510"/>
			</nt>
			<nt id="s10_510" cat="icl">
				<edge label="Oi" idref="s10_9"/>
				<edge label="Od" idref="s10_10"/>
				<edge label="P" idref="s10_24"/>
			</nt>
			<nt id="s10_511" cat="par">
			</nt>
			<nt id="s10_512" cat="icl">
				<edge label="PU" idref="s10_11"/>
				<edge label="fA" idref="s10_513"/>
			</nt>
			<nt id="s10_513" cat="pp">
				<edge label="H" idref="s10_12"/>
				<edge label="DP" idref="s10_514"/>
				<edge label="H" idref="s10_15"/>
				<edge label="PU" idref="s10_16"/>
				<edge label="DNc" idref="s10_515"/>
				<edge label="PU" idref="s10_19"/>
				<edge label="CO" idref="s10_21"/>
			</nt>
			<nt id="s10_514" cat="np">
				<edge label="DN" idref="s10_13"/>
				<edge label="H" idref="s10_14"/>
			</nt>
			<nt id="s10_515" cat="np">
				<edge label="H" idref="s10_17"/>
				<edge label="DP" idref="s10_516"/>
				<edge label="DN" idref="s10_20"/>
			</nt>
			<nt id="s10_516" cat="icl">
				<edge label="P" idref="s10_18"/>
				<edge label="Od" idref="s10_517"/>
			</nt>
			<nt id="s10_517" cat="np">
				<edge label="H" idref="s10_22"/>
				<edge label="DN" idref="s10_518"/>
			</nt>
			<nt id="s10_518" cat="pp">
				<edge label="H" idref="s10_23"/>
				<edge label="DP" idref="s10_519"/>
			</nt>
			<nt id="s10_519" cat="par">
				<edge label="PU" idref="s10_25"/>
				<edge label="CJT" idref="s10_26"/>
				<edge label="PU" idref="s10_27"/>
			</nt>
			<nt id="s10_520" cat="icl">
			</nt>
		</nonterminals>
	</graph>
</s>

<s id="s11" ref="11" source="Running text" forest="1" text="Este dicionário tem grande abrangência.">
	<graph root="s11_500">
		<terminals>
			<t id="s11_1" word="Este" lemma="este" pos="pron-dem" morph="DET M S" extra="* dem"/>
			<t id="s11_2" word="dicionário" lemma="dicionário" pos="n" morph="M S" sem="sem-r" extra="--"/>
			<t id="s11_3" word="tem" lemma="ter" pos="v-fin" morph="PR 3S IND VFIN" extra="fmc mv"/>
			<t id="s11_4" word="grande" lemma="grande" pos="adj" morph="F S" extra="--"/>
			<t id="s11_5" word="abrangência" lemma="abrangência" pos="n" morph="F S" sem="f-q" extra="--"/>
			<t id="s11_6" word="." lemma="--" pos="pu" morph="--" extra="--"/>
		</terminals>

		<nonterminals>
			<nt id="s11_500" cat="s">
				<edge label="STA" idref="s11_501"/>
			</nt>
			<nt id="s11_501" cat="fcl">
				<edge label="S" idref="s11_502"/>
				<edge label="P" idref="s11_3"/>
				<edge label="Od" idref="s11_503"/>
				<edge label="PU" idref="s11_6"/>
			</nt>
			<nt id="s11_502" cat="np">
				<edge label="DN" idref="s11_1"/>
				<edge label="H" idref="s11_2"/>
			</nt>
			<nt id="s11_503" cat="np">
				<edge label="DN" idref="s11_4"/>
				<edge label="H" idref="s11_5"/>
			</nt>
		</nonterminals>
	</graph>
</s>

<s id="s12" ref="12" source="Running text" forest="1" text="Compartilhar enviar nova definição enviar nova imagem denunciar abuso Outras Informações:Palavras com 11 letras A palavra possui 5 vogais -- � e ia A palavra possui 6 consoantes -- br ng nc 1 página -- 2 Definições estreito de bósforo zorba jesuíta manchete orgasmo.">
	<graph root="s12_500">
		<terminals>
			<t id="s12_1" word="Compartilhar" lemma="compartilhar" pos="v-inf" morph="--" extra="* vH mv"/>
			<t id="s12_2" word="enviar" lemma="enviar" pos="v-inf" morph="--" extra="vH mv"/>
			<t id="s12_3" word="nova" lemma="novo" pos="adj" morph="F S" extra="jh"/>
			<t id="s12_4" word="definição" lemma="definição" pos="n" morph="F S" sem="sem-c" extra="--"/>
			<t id="s12_5" word="enviar" lemma="enviar" pos="v-inf" morph="--" extra="vH mv"/>
			<t id="s12_6" word="nova" lemma="novo" pos="adj" morph="F S" extra="jh"/>
			<t id="s12_7" word="imagem" lemma="imagem" pos="n" morph="F S" sem="pict sem-c ac-cat" extra="--"/>
			<t id="s12_8" word="denunciar" lemma="denunciar" pos="v-inf" morph="--" extra="vH mv"/>
			<t id="s12_9" word="abuso" lemma="abuso" pos="n" morph="M S" sem="activity" extra="--"/>
			<t id="s12_10" word="Outras_Informações" lemma="Outras_Informações" pos="prop" morph="M S" extra="hum * heur np-close"/>
			<t id="s12_11" word=":Palavras" lemma=":Palavras" pos="n" morph="M S" extra="cjt-head cjt-head-S"/>
			<t id="s12_12" word="com" lemma="com" pos="prp" morph="--" extra="--"/>
			<t id="s12_13" word="11" lemma="11" pos="num" morph="F P" extra="card"/>
			<t id="s12_14" word="letras" lemma="letra" pos="n" morph="F P" sem="ac-sign sem-r domain" extra="--"/>
			<t id="s12_15" word="A" lemma="o" pos="art" morph="F S" extra="* "/>
			<t id="s12_16" word="palavra" lemma="palavra" pos="n" morph="F S" sem="ac-cat act-s" extra="cjt-S"/>
			<t id="s12_17" word="possui" lemma="possuir" pos="v-fin" morph="PR 3S IND VFIN" extra="predco vH fmc mv"/>
			<t id="s12_18" word="5" lemma="5" pos="num" morph="M P" extra="card"/>
			<t id="s12_19" word="vogais" lemma="vogal" pos="n" morph="M P" sem="ac-cat H" extra="--"/>
			<t id="s12_20" word="--" lemma="--" pos="pu" morph="--" extra="--"/>
			<t id="s12_21" word="a" lemma="o" pos="pron-dem" morph="DET F S" extra="dem"/>
			<t id="s12_22" word="a" lemma="a" pos="prp" morph="--" extra="np-close"/>
			<t id="s12_23" word="e" lemma="e" pos="conj-c" morph="--" extra="--"/>
			<t id="s12_24" word="ia" lemma="ir" pos="v-fin" morph="IMPF 3S IND VFIN" extra="cjt-STA fmc mv"/>
			<t id="s12_25" word="A" lemma="o" pos="art" morph="F S" extra="* "/>
			<t id="s12_26" word="palavra" lemma="palavra" pos="n" morph="F S" sem="ac-cat act-s" extra="--"/>
			<t id="s12_27" word="possui" lemma="possuir" pos="v-fin" morph="PR 3S IND VFIN" extra="cjt-STA vH fmc mv"/>
			<t id="s12_28" word="6" lemma="6" pos="num" morph="F P" extra="card"/>
			<t id="s12_29" word="consoantes" lemma="consoante" pos="n" morph="F P" sem="ac-cat" extra="--"/>
			<t id="s12_30" word="--" lemma="--" pos="pu" morph="--" extra="--"/>
			<t id="s12_31" word="br" lemma="br" pos="n" morph="M/F S" extra="cjt-head cjt-head-S foreign"/>
			<t id="s12_32" word="ng" lemma="ng" pos="n" morph="M S/P" extra="cjt-S"/>
			<t id="s12_33" word="nc" lemma="nc" pos="n" morph="M/F S" extra="cjt-S foreign"/>
			<t id="s12_34" word="1" lemma="1" pos="num" morph="F S" extra="card"/>
			<t id="s12_35" word="página" lemma="página" pos="n" morph="F S" sem="cc-r" extra="cjt-S"/>
			<t id="s12_36" word="--" lemma="--" pos="pu" morph="--" extra="--"/>
			<t id="s12_37" word="2" lemma="2" pos="num" morph="F P" extra="card"/>
			<t id="s12_38" word="Definições" lemma="definição" pos="n" morph="F P" sem="sem-c" extra="prop *"/>
			<t id="s12_39" word="estreito" lemma="estreito" pos="adj" morph="M S" extra="nh np-close"/>
			<t id="s12_40" word="de" lemma="de" pos="prp" morph="--" extra="np-close"/>
			<t id="s12_41" word="bósforo" lemma="bósforar" pos="v-fin" morph="PR 1S IND VFIN" extra="cjt-STA DERS fmc mv"/>
			<t id="s12_42" word="zorba" lemma="zorba" pos="n" morph="F S" extra="heur"/>
			<t id="s12_43" word="jesuíta" lemma="jesuíta" pos="n" morph="M S" sem="Hprof" extra="cjt-head cjt-head-S"/>
			<t id="s12_44" word="manchete" lemma="manchete" pos="n" morph="F S" sem="sem-r" extra="cjt-S"/>
			<t id="s12_45" word="orgasmo" lemma="orgasmo" pos="n" morph="M S" sem="event" extra="cjt-S"/>
			<t id="s12_46" word="." lemma="--" pos="pu" morph="--" extra="--"/>
		</terminals>

		<nonterminals>
			<nt id="s12_500" cat="s">
				<edge label="UTT" idref="s12_501"/>
			</nt>
			<nt id="s12_501" cat="x">
				<edge label="STA" idref="s12_502"/>
				<edge label="UTT" idref="s12_506"/>
				<edge label="P" idref="s12_5"/>
				<edge label="Od" idref="s12_507"/>
				<edge label="UTT" idref="s12_508"/>
				<edge label="PU" idref="s12_46"/>
			</nt>
			<nt id="s12_502" cat="fcl">
				<edge label="S" idref="s12_503"/>
			</nt>
			<nt id="s12_503" cat="icl">
				<edge label="P" idref="s12_1"/>
				<edge label="Od" idref="s12_504"/>
			</nt>
			<nt id="s12_504" cat="icl">
				<edge label="P" idref="s12_2"/>
				<edge label="Od" idref="s12_505"/>
			</nt>
			<nt id="s12_505" cat="np">
				<edge label="DN" idref="s12_3"/>
				<edge label="H" idref="s12_4"/>
			</nt>
			<nt id="s12_506" cat="icl">
			</nt>
			<nt id="s12_507" cat="np">
				<edge label="DN" idref="s12_6"/>
				<edge label="H" idref="s12_7"/>
			</nt>
			<nt id="s12_508" cat="fcl">
				<edge label="P" idref="s12_8"/>
				<edge label="Od" idref="s12_509"/>
				<edge label="S" idref="s12_510"/>
				<edge label="fA" idref="s12_511"/>
				<edge label="X" idref="s12_514"/>
			</nt>
			<nt id="s12_509" cat="np">
				<edge label="H" idref="s12_9"/>
				<edge label="DN" idref="s12_10"/>
			</nt>
			<nt id="s12_510" cat="par">
				<edge label="CJT" idref="s12_11"/>
			</nt>
			<nt id="s12_511" cat="pp">
				<edge label="H" idref="s12_12"/>
				<edge label="DP" idref="s12_512"/>
				<edge label="CJT" idref="s12_513"/>
			</nt>
			<nt id="s12_512" cat="np">
				<edge label="DN" idref="s12_13"/>
				<edge label="H" idref="s12_14"/>
			</nt>
			<nt id="s12_513" cat="np">
				<edge label="DN" idref="s12_15"/>
				<edge label="H" idref="s12_16"/>
			</nt>
			<nt id="s12_514" cat="par">
				<edge label="CJT" idref="s12_515"/>
				<edge label="CJT" idref="s12_517"/>
				<edge label="CJT" idref="s12_520"/>
				<edge label="CJT" idref="s12_524"/>
			</nt>
			<nt id="s12_515" cat="x">
				<edge label="P" idref="s12_17"/>
				<edge label="Od" idref="s12_516"/>
			</nt>
			<nt id="s12_516" cat="np">
				<edge label="DN" idref="s12_18"/>
				<edge label="H" idref="s12_19"/>
				<edge label="PU" idref="s12_20"/>
			</nt>
			<nt id="s12_517" cat="fcl">
				<edge label="S" idref="s12_518"/>
				<edge label="P" idref="s12_24"/>
				<edge label="Od" idref="s12_519"/>
			</nt>
			<nt id="s12_518" cat="np">
				<edge label="H" idref="s12_21"/>
				<edge label="DN" idref="s12_22"/>
				<edge label="CO" idref="s12_23"/>
			</nt>
			<nt id="s12_519" cat="np">
				<edge label="DN" idref="s12_25"/>
				<edge label="H" idref="s12_26"/>
			</nt>
			<nt id="s12_520" cat="fcl">
				<edge label="P" idref="s12_27"/>
				<edge label="Od" idref="s12_521"/>
				<edge label="S" idref="s12_522"/>
			</nt>
			<nt id="s12_521" cat="np">
				<edge label="DN" idref="s12_28"/>
				<edge label="H" idref="s12_29"/>
				<edge label="PU" idref="s12_30"/>
			</nt>
			<nt id="s12_522" cat="par">
				<edge label="CJT" idref="s12_31"/>
				<edge label="CJT" idref="s12_32"/>
				<edge label="CJT" idref="s12_33"/>
				<edge label="CJT" idref="s12_523"/>
			</nt>
			<nt id="s12_523" cat="np">
				<edge label="DN" idref="s12_34"/>
				<edge label="H" idref="s12_35"/>
				<edge label="PU" idref="s12_36"/>
			</nt>
			<nt id="s12_524" cat="fcl">
				<edge label="fCs" idref="s12_525"/>
				<edge label="P" idref="s12_41"/>
				<edge label="Od" idref="s12_42"/>
				<edge label="S" idref="s12_526"/>
			</nt>
			<nt id="s12_525" cat="np">
				<edge label="DN" idref="s12_37"/>
				<edge label="H" idref="s12_38"/>
				<edge label="DN" idref="s12_39"/>
				<edge label="DN" idref="s12_40"/>
			</nt>
			<nt id="s12_526" cat="par">
				<edge label="CJT" idref="s12_43"/>
				<edge label="CJT" idref="s12_44"/>
				<edge label="CJT" idref="s12_45"/>
			</nt>
		</nonterminals>
	</graph>
</s>

	</body>
</corpus>
