<?xml version="1.0" encoding="UTF-8"?>
<corpus>

	<body>
<s id="s1" ref="1" source="Running text" forest="1" text="Agregado 6 Definições encontradas.">
	<graph root="s1_500">
		<terminals>
			<t id="s1_1" word="Agregado" lemma="agregar" pos="v-pcp" morph="M S" extra="cjt-head cjt-head-X * vH"/>
			<t id="s1_2" word="6" lemma="6" pos="num" morph="F P" extra="card"/>
			<t id="s1_3" word="Definições" lemma="definição" pos="n" morph="F P" sem="sem-c" extra="cjt-X prop *"/>
			<t id="s1_4" word="encontradas" lemma="encontrado" pos="adj" morph="F P" extra="nh np-close"/>
			<t id="s1_5" word="." lemma="--" pos="pu" morph="--" extra="--"/>
		</terminals>

		<nonterminals>
			<nt id="s1_500" cat="s">
				<edge label="X" idref="s1_501"/>
			</nt>
			<nt id="s1_501" cat="par">
				<edge label="CJT" idref="s1_1"/>
				<edge label="CJT" idref="s1_502"/>
				<edge label="PU" idref="s1_5"/>
			</nt>
			<nt id="s1_502" cat="np">
				<edge label="DN" idref="s1_2"/>
				<edge label="H" idref="s1_3"/>
				<edge label="DN" idref="s1_4"/>
			</nt>
		</nonterminals>
	</graph>
</s>

<s id="s2" ref="2" source="Running text" forest="1" text="Tweet Classificação morfossintática:">
	<graph root="s2_500">
		<terminals>
			<t id="s2_1" word="Tweet_Classificação" lemma="Tweet_Classificação" pos="prop" morph="M S" extra="common * heur"/>
			<t id="s2_2" word="morfossintática" lemma="morfossintático" pos="adj" morph="F S" extra="DERS jh np-close"/>
			<t id="s2_3" word=":" lemma="--" pos="pu" morph="--" extra="--"/>
		</terminals>

		<nonterminals>
			<nt id="s2_500" cat="s">
				<edge label="X" idref="s2_501"/>
			</nt>
			<nt id="s2_501" cat="np">
				<edge label="H" idref="s2_1"/>
				<edge label="DN" idref="s2_2"/>
				<edge label="PU" idref="s2_3"/>
			</nt>
		</nonterminals>
	</graph>
</s>

<s id="s3" ref="3" source="Running text" forest="1" text="Verbo, particípio de agregar Substantivo, masculino singular Adjetivo, masculino singular Flexões da palavra Agregado Significados de Agregado:">
	<graph root="s3_500">
		<terminals>
			<t id="s3_1" word="Verbo" lemma="verbo" pos="n" morph="M S" sem="ac-cat" extra="cjt-head cjt-head-X *"/>
			<t id="s3_2" word="," lemma="--" pos="pu" morph="--" extra="--"/>
			<t id="s3_3" word="particípio" lemma="particípio" pos="n" morph="M S" sem="ac-cat" extra="cjt-X"/>
			<t id="s3_4" word="de" lemma="de" pos="prp" morph="--" extra="np-close"/>
			<t id="s3_5" word="agregar" lemma="agregar" pos="v-inf" morph="--" extra="vH mv"/>
			<t id="s3_6" word="Substantivo" lemma="Substantivo" pos="prop" morph="M/F S" extra="cjt-head cjt-head-Od hum *"/>
			<t id="s3_7" word="," lemma="--" pos="pu" morph="--" extra="--"/>
			<t id="s3_8" word="masculino" lemma="masculino" pos="adj" morph="M S" extra="--"/>
			<t id="s3_9" word="singular" lemma="singular" pos="adj" morph="M S" extra="--"/>
			<t id="s3_10" word="Adjetivo" lemma="adjetivo" pos="n" morph="M S" sem="ac-cat" extra="cjt-Od prop *"/>
			<t id="s3_11" word="," lemma="--" pos="pu" morph="--" extra="--"/>
			<t id="s3_12" word="masculino" lemma="masculino" pos="n" morph="M S" sem="ac-cat" extra="cjt-Od"/>
			<t id="s3_13" word="singular" lemma="singular" pos="adj" morph="M S" extra="np-close"/>
			<t id="s3_14" word="Flexões" lemma="flexão" pos="n" morph="F P" sem="act" extra="prop *"/>
			<t id="s3_15" word="de" lemma="de" pos="prp" morph="--" extra="sam- np-close"/>
			<t id="s3_16" word="a" lemma="o" pos="art" morph="F S" extra="-sam "/>
			<t id="s3_17" word="palavra" lemma="palavra" pos="n" morph="F S" sem="ac-cat act-s" extra="--"/>
			<t id="s3_18" word="Agregado_Significados_de_Agregado" lemma="Agregado_Significados_de_Agregado" pos="prop" morph="F S" extra="org * heur np-close"/>
			<t id="s3_19" word=":" lemma="--" pos="pu" morph="--" extra="--"/>
		</terminals>

		<nonterminals>
			<nt id="s3_500" cat="s">
				<edge label="X" idref="s3_501"/>
			</nt>
			<nt id="s3_501" cat="par">
				<edge label="CJT" idref="s3_1"/>
				<edge label="PU" idref="s3_2"/>
				<edge label="CJT" idref="s3_502"/>
				<edge label="PU" idref="s3_19"/>
			</nt>
			<nt id="s3_502" cat="np">
				<edge label="H" idref="s3_3"/>
				<edge label="DN" idref="s3_503"/>
			</nt>
			<nt id="s3_503" cat="pp">
				<edge label="H" idref="s3_4"/>
				<edge label="DP" idref="s3_504"/>
			</nt>
			<nt id="s3_504" cat="icl">
				<edge label="P" idref="s3_5"/>
				<edge label="Od" idref="s3_505"/>
				<edge label="fCs" idref="s3_508"/>
			</nt>
			<nt id="s3_505" cat="par">
				<edge label="CJT" idref="s3_6"/>
				<edge label="PU" idref="s3_7"/>
				<edge label="CJT" idref="s3_506"/>
				<edge label="PU" idref="s3_11"/>
				<edge label="CJT" idref="s3_507"/>
			</nt>
			<nt id="s3_506" cat="np">
				<edge label="DN" idref="s3_8"/>
				<edge label="DN" idref="s3_9"/>
				<edge label="H" idref="s3_10"/>
			</nt>
			<nt id="s3_507" cat="np">
				<edge label="H" idref="s3_12"/>
				<edge label="DN" idref="s3_13"/>
			</nt>
			<nt id="s3_508" cat="np">
				<edge label="H" idref="s3_14"/>
				<edge label="DN" idref="s3_509"/>
			</nt>
			<nt id="s3_509" cat="pp">
				<edge label="H" idref="s3_15"/>
				<edge label="DP" idref="s3_510"/>
			</nt>
			<nt id="s3_510" cat="np">
				<edge label="DN" idref="s3_16"/>
				<edge label="H" idref="s3_17"/>
				<edge label="DN" idref="s3_18"/>
			</nt>
		</nonterminals>
	</graph>
</s>

<s id="s4" ref="4" source="Running text" forest="1" text="25 sobe, 14 desce 1. Agregado Por Stéfane(SP) em 23-03-2011 Junto, misturado, acumulado.">
	<graph root="s4_500">
		<terminals>
			<t id="s4_1" word="25" lemma="25" pos="num" morph="M/F S" extra="card"/>
			<t id="s4_2" word="sobe" lemma="subir" pos="v-fin" morph="PR 3S IND VFIN" extra="cjt-head cjt-head-STA fmc mv"/>
			<t id="s4_3" word="," lemma="--" pos="pu" morph="--" extra="--"/>
			<t id="s4_4" word="14" lemma="14" pos="num" morph="M/F P" extra="card"/>
			<t id="s4_5" word="desce" lemma="descer" pos="v-fin" morph="PR 3S IND VFIN" extra="cjt-STA fmc mv"/>
			<t id="s4_6" word="1." lemma="1." pos="adj" morph="M/F S" extra="NUM-ord"/>
			<t id="s4_7" word="Agregado_Por_Stéfane" lemma="Agregado_Por_Stéfane" pos="prop" morph="M S" extra="top * heur"/>
			<t id="s4_8" word="(" lemma="--" pos="pu" morph="--" extra="--"/>
			<t id="s4_9" word="SP" lemma="SP" pos="prop" morph="M S" extra="civ * np-close"/>
			<t id="s4_10" word=")" lemma="--" pos="pu" morph="--" extra="--"/>
			<t id="s4_11" word="em" lemma="em" pos="prp" morph="--" extra="--"/>
			<t id="s4_12" word="23-03-2011" lemma="23-03-2011" pos="num" morph="M/F S" extra="card"/>
			<t id="s4_13" word="Junto" lemma="junto" pos="adv" morph="--" extra="*"/>
			<t id="s4_14" word="," lemma="--" pos="pu" morph="--" extra="--"/>
			<t id="s4_15" word="misturado" lemma="misturar" pos="v-pcp" morph="M S" extra="vH np-close"/>
			<t id="s4_16" word="," lemma="--" pos="pu" morph="--" extra="--"/>
			<t id="s4_17" word="acumulado" lemma="acumular" pos="v-pcp" morph="M S" extra="np-close"/>
			<t id="s4_18" word="." lemma="--" pos="pu" morph="--" extra="--"/>
		</terminals>

		<nonterminals>
			<nt id="s4_500" cat="s">
				<edge label="STA" idref="s4_501"/>
			</nt>
			<nt id="s4_501" cat="par">
				<edge label="CJT" idref="s4_502"/>
				<edge label="PU" idref="s4_3"/>
				<edge label="CJT" idref="s4_503"/>
				<edge label="PU" idref="s4_18"/>
			</nt>
			<nt id="s4_502" cat="fcl">
				<edge label="S" idref="s4_1"/>
				<edge label="P" idref="s4_2"/>
			</nt>
			<nt id="s4_503" cat="fcl">
				<edge label="Od" idref="s4_4"/>
				<edge label="P" idref="s4_5"/>
				<edge label="fCs" idref="s4_6"/>
				<edge label="S" idref="s4_504"/>
				<edge label="fA" idref="s4_505"/>
				<edge label="fA" idref="s4_13"/>
			</nt>
			<nt id="s4_504" cat="np">
				<edge label="H" idref="s4_7"/>
				<edge label="PU" idref="s4_8"/>
				<edge label="DNc" idref="s4_9"/>
				<edge label="PU" idref="s4_10"/>
			</nt>
			<nt id="s4_505" cat="pp">
				<edge label="H" idref="s4_11"/>
				<edge label="DP" idref="s4_506"/>
			</nt>
			<nt id="s4_506" cat="np">
				<edge label="H" idref="s4_12"/>
				<edge label="PU" idref="s4_14"/>
				<edge label="DNc" idref="s4_507"/>
			</nt>
			<nt id="s4_507" cat="np">
				<edge label="H" idref="s4_15"/>
				<edge label="PU" idref="s4_16"/>
				<edge label="DNc" idref="s4_17"/>
			</nt>
		</nonterminals>
	</graph>
</s>

<s id="s5" ref="5" source="Running text" forest="1" text="O garoto agregou conhecimento durante os anos.">
	<graph root="s5_500">
		<terminals>
			<t id="s5_1" word="O" lemma="o" pos="art" morph="M S" extra="* "/>
			<t id="s5_2" word="garoto" lemma="garoto" pos="n" morph="M S" sem="Hbio" extra="--"/>
			<t id="s5_3" word="agregou" lemma="agregar" pos="v-fin" morph="PS 3S IND VFIN" extra="vH fmc mv"/>
			<t id="s5_4" word="conhecimento" lemma="conhecimento" pos="n" morph="M S" sem="sem-c state-h cc-r" extra="--"/>
			<t id="s5_5" word="durante" lemma="durante" pos="prp" morph="--" extra="--"/>
			<t id="s5_6" word="os" lemma="o" pos="art" morph="M P" extra="--"/>
			<t id="s5_7" word="anos" lemma="ano" pos="n" morph="M P" sem="dur temp per unit" extra="--"/>
			<t id="s5_8" word="." lemma="--" pos="pu" morph="--" extra="--"/>
		</terminals>

		<nonterminals>
			<nt id="s5_500" cat="s">
				<edge label="STA" idref="s5_501"/>
			</nt>
			<nt id="s5_501" cat="fcl">
				<edge label="S" idref="s5_502"/>
				<edge label="P" idref="s5_3"/>
				<edge label="Od" idref="s5_4"/>
				<edge label="fA" idref="s5_503"/>
				<edge label="PU" idref="s5_8"/>
			</nt>
			<nt id="s5_502" cat="np">
				<edge label="DN" idref="s5_1"/>
				<edge label="H" idref="s5_2"/>
			</nt>
			<nt id="s5_503" cat="pp">
				<edge label="H" idref="s5_5"/>
				<edge label="DP" idref="s5_504"/>
			</nt>
			<nt id="s5_504" cat="np">
				<edge label="DN" idref="s5_6"/>
				<edge label="H" idref="s5_7"/>
			</nt>
		</nonterminals>
	</graph>
</s>

<s id="s6" ref="6" source="Running text" forest="1" text="Compartilhar enviar nova definição enviar nova imagem denunciar abuso Sinônimos:">
	<graph root="s6_500">
		<terminals>
			<t id="s6_1" word="Compartilhar" lemma="compartilhar" pos="v-inf" morph="--" extra="* vH mv"/>
			<t id="s6_2" word="enviar" lemma="enviar" pos="v-inf" morph="--" extra="vH mv"/>
			<t id="s6_3" word="nova" lemma="novo" pos="adj" morph="F S" extra="jh"/>
			<t id="s6_4" word="definição" lemma="definição" pos="n" morph="F S" sem="sem-c" extra="--"/>
			<t id="s6_5" word="enviar" lemma="enviar" pos="v-inf" morph="--" extra="vH mv"/>
			<t id="s6_6" word="nova" lemma="novo" pos="adj" morph="F S" extra="jh"/>
			<t id="s6_7" word="imagem" lemma="imagem" pos="n" morph="F S" sem="pict sem-c ac-cat" extra="--"/>
			<t id="s6_8" word="denunciar" lemma="denunciar" pos="v-inf" morph="--" extra="vH mv"/>
			<t id="s6_9" word="abuso" lemma="abuso" pos="n" morph="M S" sem="activity" extra="--"/>
			<t id="s6_10" word="Sinônimos" lemma="Sinônimos" pos="prop" morph="M S" extra="hum * np-close"/>
			<t id="s6_11" word=":" lemma="--" pos="pu" morph="--" extra="--"/>
		</terminals>

		<nonterminals>
			<nt id="s6_500" cat="s">
				<edge label="UTT" idref="s6_501"/>
			</nt>
			<nt id="s6_501" cat="icl">
				<edge label="P" idref="s6_1"/>
				<edge label="Od" idref="s6_502"/>
				<edge label="PU" idref="s6_11"/>
			</nt>
			<nt id="s6_502" cat="icl">
				<edge label="P" idref="s6_2"/>
				<edge label="Od" idref="s6_503"/>
				<edge label="UTT" idref="s6_504"/>
				<edge label="UTT" idref="s6_506"/>
			</nt>
			<nt id="s6_503" cat="np">
				<edge label="DN" idref="s6_3"/>
				<edge label="H" idref="s6_4"/>
			</nt>
			<nt id="s6_504" cat="icl">
				<edge label="P" idref="s6_5"/>
				<edge label="Od" idref="s6_505"/>
			</nt>
			<nt id="s6_505" cat="np">
				<edge label="DN" idref="s6_6"/>
				<edge label="H" idref="s6_7"/>
			</nt>
			<nt id="s6_506" cat="icl">
				<edge label="P" idref="s6_8"/>
				<edge label="Od" idref="s6_507"/>
			</nt>
			<nt id="s6_507" cat="np">
				<edge label="H" idref="s6_9"/>
				<edge label="DN" idref="s6_10"/>
			</nt>
		</nonterminals>
	</graph>
</s>

<s id="s7" ref="7" source="Running text" forest="1" text="acumulado adido acrescentado agregado anexo junto suplementar adjunto abjungido adjeto aposto assessor assistente associado auxiliar coadjuvante contíguo unido aderente apenso dependência dependente incluso incorporado ligado sujeito camarada companheiro confrade consócio mais...">
	<graph root="s7_500">
		<terminals>
			<t id="s7_1" word="acumulado" lemma="acumular" pos="v-pcp" morph="M S" extra="--"/>
			<t id="s7_2" word="adido" lemma="adido" pos="n" morph="M S" sem="Hprof" extra="--"/>
			<t id="s7_3" word="acrescentado" lemma="acrescentar" pos="v-pcp" morph="M S" extra="vH np-close"/>
			<t id="s7_4" word="agregado" lemma="agregar" pos="v-pcp" morph="M S" extra="vH"/>
			<t id="s7_5" word="anexo" lemma="anexo" pos="n" morph="M S" sem="build sem-r" extra="--"/>
			<t id="s7_6" word="junto" lemma="junto" pos="adv" morph="--" extra="--"/>
			<t id="s7_7" word="suplementar" lemma="suplementar" pos="adj" morph="M S" extra="nh"/>
			<t id="s7_8" word="adjunto" lemma="adjunto" pos="n" morph="M S" sem="Hprof ac-cat" extra="--"/>
			<t id="s7_9" word="abjungido" lemma="abjunger" pos="v-pcp" morph="M S" extra="heur np-close"/>
			<t id="s7_10" word="adjeto" lemma="adjeto" pos="adj" morph="M S" extra="nh np-long"/>
			<t id="s7_11" word="aposto" lemma="apostar" pos="v-fin" morph="PR 1S IND VFIN" extra="vH fmc mv"/>
			<t id="s7_12" word="assessor" lemma="assessor" pos="n" morph="M S" sem="Hprof" extra="--"/>
			<t id="s7_13" word="assistente" lemma="assistente" pos="adj" morph="M/F S" extra="jh"/>
			<t id="s7_14" word="associado" lemma="associado" pos="n" morph="M S" sem="H" extra="--"/>
			<t id="s7_15" word="auxiliar" lemma="auxiliar" pos="n" morph="M/F S" sem="Hprof" extra="np-close"/>
			<t id="s7_16" word="coadjuvante" lemma="coadjuvante" pos="adj" morph="M/F S" extra="nh np-long"/>
			<t id="s7_17" word="contíguo" lemma="contíguo" pos="adj" morph="M S" extra="nh np-long"/>
			<t id="s7_18" word="unido" lemma="unido" pos="adj" morph="M S" extra="jh"/>
			<t id="s7_19" word="aderente" lemma="aderente" pos="n" morph="M S" sem="H" extra="--"/>
			<t id="s7_20" word="apenso" lemma="apenso" pos="adj" morph="M S" extra="nh"/>
			<t id="s7_21" word="dependência" lemma="dependência" pos="n" morph="F S" sem="state-h Lh cc" extra="--"/>
			<t id="s7_22" word="dependente" lemma="dependente" pos="adj" morph="F S" extra="np-close"/>
			<t id="s7_23" word="incluso" lemma="incluso" pos="adj" morph="M S" extra="nh np-long"/>
			<t id="s7_24" word="incorporado" lemma="incorporar" pos="v-pcp" morph="M S" extra="np-long"/>
			<t id="s7_25" word="ligado" lemma="ligar" pos="v-pcp" morph="M S" extra="--"/>
			<t id="s7_26" word="sujeito" lemma="sujeito" pos="n" morph="M S" sem="H ac-cat ac" extra="--"/>
			<t id="s7_27" word="camarada" lemma="camarada" pos="n" morph="M/F S" sem="Hfam" extra="np-close"/>
			<t id="s7_28" word="companheiro" lemma="companheiro" pos="adj" morph="M S" extra="jh np-long"/>
			<t id="s7_29" word="confrade" lemma="confrade" pos="n" morph="M S" sem="Htit" extra="np-long"/>
			<t id="s7_30" word="consócio" lemma="consócio" pos="n" morph="M S" sem="Htit" extra="np-long"/>
			<t id="s7_31" word="mais" lemma="mais" pos="adv" morph="--" extra="--"/>
			<t id="s7_32" word="." lemma="--" pos="pu" morph="--" extra="--"/>
		</terminals>

		<nonterminals>
			<nt id="s7_500" cat="s">
				<edge label="STA" idref="s7_501"/>
			</nt>
			<nt id="s7_501" cat="fcl">
				<edge label="S" idref="s7_502"/>
				<edge label="S" idref="s7_503"/>
				<edge label="fA" idref="s7_6"/>
				<edge label="S" idref="s7_504"/>
				<edge label="P" idref="s7_11"/>
				<edge label="S" idref="s7_12"/>
				<edge label="fCs" idref="s7_13"/>
				<edge label="fCs" idref="s7_505"/>
				<edge label="H" idref="s7_14"/>
				<edge label="DN" idref="s7_15"/>
				<edge label="DN" idref="s7_16"/>
				<edge label="DN" idref="s7_17"/>
				<edge label="fCs" idref="s7_506"/>
				<edge label="DN" idref="s7_18"/>
				<edge label="H" idref="s7_19"/>
				<edge label="fCs" idref="s7_20"/>
				<edge label="fCs" idref="s7_507"/>
				<edge label="H" idref="s7_21"/>
				<edge label="DN" idref="s7_22"/>
				<edge label="DN" idref="s7_23"/>
				<edge label="DN" idref="s7_24"/>
				<edge label="fCs" idref="s7_508"/>
				<edge label="DN" idref="s7_25"/>
				<edge label="H" idref="s7_26"/>
				<edge label="DN" idref="s7_27"/>
				<edge label="DN" idref="s7_28"/>
				<edge label="DN" idref="s7_29"/>
				<edge label="DN" idref="s7_30"/>
				<edge label="fA" idref="s7_31"/>
				<edge label="PU" idref="s7_32"/>
			</nt>
			<nt id="s7_502" cat="np">
				<edge label="DN" idref="s7_1"/>
				<edge label="H" idref="s7_2"/>
				<edge label="DN" idref="s7_3"/>
			</nt>
			<nt id="s7_503" cat="np">
				<edge label="DN" idref="s7_4"/>
				<edge label="H" idref="s7_5"/>
			</nt>
			<nt id="s7_504" cat="np">
				<edge label="DN" idref="s7_7"/>
				<edge label="H" idref="s7_8"/>
				<edge label="DN" idref="s7_9"/>
				<edge label="DN" idref="s7_10"/>
			</nt>
			<nt id="s7_505" cat="np">
			</nt>
			<nt id="s7_506" cat="np">
			</nt>
			<nt id="s7_507" cat="np">
			</nt>
			<nt id="s7_508" cat="np">
			</nt>
		</nonterminals>
	</graph>
</s>

<s id="s8" ref="8" source="Running text" forest="1" text="Antônimos:">
	<graph root="s8_500">
		<terminals>
			<t id="s8_1" word="Antônimos" lemma="antônimo" pos="adj" morph="M P" extra="* nh"/>
			<t id="s8_2" word=":" lemma="--" pos="pu" morph="--" extra="--"/>
		</terminals>

		<nonterminals>
			<nt id="s8_500" cat="s">
				<edge label="UTT" idref="s8_501"/>
			</nt>
			<nt id="s8_501" cat="x">
				<edge label="X" idref="s8_1"/>
				<edge label="PU" idref="s8_2"/>
			</nt>
		</nonterminals>
	</graph>
</s>

<s id="s9" ref="9" source="Running text" forest="1" text="subtrair desagregado separado separar mais...">
	<graph root="s9_500">
		<terminals>
			<t id="s9_1" word="subtrair" lemma="subtrair" pos="v-inf" morph="--" extra="vH mv"/>
			<t id="s9_2" word="desagregado" lemma="desagregar" pos="v-pcp" morph="M S" extra="n vH"/>
			<t id="s9_3" word="separado" lemma="separado" pos="adj" morph="M S" extra="np-close"/>
			<t id="s9_4" word="separar" lemma="separar" pos="v-inf" morph="--" extra="mv"/>
			<t id="s9_5" word="mais" lemma="mais" pos="adv" morph="--" extra="--"/>
			<t id="s9_6" word="." lemma="--" pos="pu" morph="--" extra="--"/>
		</terminals>

		<nonterminals>
			<nt id="s9_500" cat="s">
				<edge label="UTT" idref="s9_501"/>
			</nt>
			<nt id="s9_501" cat="icl">
				<edge label="P" idref="s9_1"/>
				<edge label="Od" idref="s9_502"/>
				<edge label="UTT" idref="s9_503"/>
				<edge label="PU" idref="s9_6"/>
			</nt>
			<nt id="s9_502" cat="np">
				<edge label="H" idref="s9_2"/>
				<edge label="DN" idref="s9_3"/>
			</nt>
			<nt id="s9_503" cat="icl">
				<edge label="P" idref="s9_4"/>
				<edge label="fA" idref="s9_5"/>
			</nt>
		</nonterminals>
	</graph>
</s>

<s id="s10" ref="10" source="Running text" forest="1" text="Relacionadas:">
	<graph root="s10_500">
		<terminals>
			<t id="s10_1" word="Relacionadas" lemma="relacionado" pos="adj" morph="F P" extra="* nh"/>
			<t id="s10_2" word=":" lemma="--" pos="pu" morph="--" extra="--"/>
		</terminals>

		<nonterminals>
			<nt id="s10_500" cat="s">
				<edge label="UTT" idref="s10_501"/>
			</nt>
			<nt id="s10_501" cat="x">
				<edge label="X" idref="s10_1"/>
				<edge label="PU" idref="s10_2"/>
			</nt>
		</nonterminals>
	</graph>
</s>

<s id="s11" ref="11" source="Running text" forest="1" text="agregar genro agregador família receita mais...">
	<graph root="s11_500">
		<terminals>
			<t id="s11_1" word="agregar" lemma="agregar" pos="v-inf" morph="--" extra="vH mv"/>
			<t id="s11_2" word="genro" lemma="genro" pos="n" morph="M S" sem="Hfam" extra="--"/>
			<t id="s11_3" word="agregador" lemma="agregador" pos="adj" morph="M S" extra="jh np-close"/>
			<t id="s11_4" word="família" lemma="família" pos="n" morph="F S" sem="HH" extra="cjt-head cjt-head-S"/>
			<t id="s11_5" word="receita" lemma="receita" pos="n" morph="F S" sem="mon sem-r" extra="cjt-S"/>
			<t id="s11_6" word="mais" lemma="mais" pos="adv" morph="--" extra="--"/>
			<t id="s11_7" word="." lemma="--" pos="pu" morph="--" extra="--"/>
		</terminals>

		<nonterminals>
			<nt id="s11_500" cat="s">
				<edge label="S" idref="s11_501"/>
			</nt>
			<nt id="s11_501" cat="fcl">
				<edge label="P" idref="s11_1"/>
				<edge label="Od" idref="s11_502"/>
				<edge label="S" idref="s11_503"/>
				<edge label="fA" idref="s11_6"/>
				<edge label="PU" idref="s11_7"/>
			</nt>
			<nt id="s11_502" cat="np">
				<edge label="H" idref="s11_2"/>
				<edge label="DN" idref="s11_3"/>
			</nt>
			<nt id="s11_503" cat="par">
				<edge label="CJT" idref="s11_4"/>
				<edge label="CJT" idref="s11_5"/>
			</nt>
		</nonterminals>
	</graph>
</s>

<s id="s12" ref="12" source="Running text" forest="1" text="11 sobe, 4 desce 2. Agregado Por Dicionário inFormal(SP) em 22-03-2009 Denomina- se aquele que vem fazer parte da família;">
	<graph root="s12_500">
		<terminals>
			<t id="s12_1" word="11" lemma="11" pos="num" morph="M/F P" extra="card"/>
			<t id="s12_2" word="sobe" lemma="subir" pos="v-fin" morph="PR 3S IND VFIN" extra="cjt-head cjt-head-STA fmc mv"/>
			<t id="s12_3" word="," lemma="--" pos="pu" morph="--" extra="--"/>
			<t id="s12_4" word="4" lemma="4" pos="num" morph="M/F P" extra="card"/>
			<t id="s12_5" word="desce" lemma="descer" pos="v-fin" morph="PR 3S IND VFIN" extra="cjt-STA fmc mv"/>
			<t id="s12_6" word="2." lemma="2." pos="adj" morph="M/F S" extra="NUM-ord"/>
			<t id="s12_7" word="Agregado_Por_Dicionário" lemma="Agregado_Por_Dicionário" pos="prop" morph="M S" extra="tit *"/>
			<t id="s12_8" word="inFormal" lemma="inFormal" pos="adj" morph="M S" extra="np-close"/>
			<t id="s12_9" word="(" lemma="--" pos="pu" morph="--" extra="--"/>
			<t id="s12_10" word="SP" lemma="SP" pos="prop" morph="M S" extra="civ * np-close"/>
			<t id="s12_11" word=")" lemma="--" pos="pu" morph="--" extra="--"/>
			<t id="s12_12" word="em" lemma="em" pos="prp" morph="--" extra="--"/>
			<t id="s12_13" word="22-03-2009" lemma="22-03-2009" pos="num" morph="M/F S" extra="card"/>
			<t id="s12_14" word="Denomina-" lemma="denominar" pos="v-fin" morph="PR 3S IND VFIN" extra="cjt-STA * hyfen vH fmc mv"/>
			<t id="s12_15" word="se" lemma="se" pos="pron-pers" morph="M/F 3S/P ACC" extra="--"/>
			<t id="s12_16" word="aquele" lemma="aquele" pos="pron-dem" morph="DET M S" extra="dem"/>
			<t id="s12_17" word="que" lemma="que" pos="spec" morph="M S" extra="clb clb-fs rel"/>
			<t id="s12_18" word="vem" lemma="vir" pos="v-fin" morph="PR 3S IND VFIN" extra="aux np-close"/>
			<t id="s12_19" word="fazer" lemma="fazer" pos="v-inf" morph="--" extra="mv"/>
			<t id="s12_20" word="parte" lemma="parte" pos="n" morph="F S" sem="part amount L HH sem-l ac" extra="--"/>
			<t id="s12_21" word="de" lemma="de" pos="prp" morph="--" extra="sam- np-close"/>
			<t id="s12_22" word="a" lemma="o" pos="art" morph="F S" extra="-sam "/>
			<t id="s12_23" word="família" lemma="família" pos="n" morph="F S" sem="HH" extra="--"/>
			<t id="s12_24" word=";" lemma="--" pos="pu" morph="--" extra="--"/>
		</terminals>

		<nonterminals>
			<nt id="s12_500" cat="s">
				<edge label="STA" idref="s12_501"/>
			</nt>
			<nt id="s12_501" cat="par">
				<edge label="CJT" idref="s12_502"/>
				<edge label="PU" idref="s12_3"/>
				<edge label="CJT" idref="s12_503"/>
				<edge label="CJT" idref="s12_506"/>
				<edge label="PU" idref="s12_24"/>
			</nt>
			<nt id="s12_502" cat="fcl">
				<edge label="Od" idref="s12_1"/>
				<edge label="P" idref="s12_2"/>
			</nt>
			<nt id="s12_503" cat="fcl">
				<edge label="Od" idref="s12_4"/>
				<edge label="P" idref="s12_5"/>
				<edge label="fCs" idref="s12_6"/>
				<edge label="S" idref="s12_504"/>
				<edge label="fA" idref="s12_505"/>
			</nt>
			<nt id="s12_504" cat="np">
				<edge label="H" idref="s12_7"/>
				<edge label="DN" idref="s12_8"/>
				<edge label="PU" idref="s12_9"/>
				<edge label="DNapp" idref="s12_10"/>
				<edge label="PU" idref="s12_11"/>
			</nt>
			<nt id="s12_505" cat="pp">
				<edge label="H" idref="s12_12"/>
				<edge label="DP" idref="s12_13"/>
			</nt>
			<nt id="s12_506" cat="fcl">
				<edge label="P" idref="s12_14"/>
				<edge label="S" idref="s12_15"/>
				<edge label="Co" idref="s12_507"/>
			</nt>
			<nt id="s12_507" cat="np">
				<edge label="H" idref="s12_16"/>
				<edge label="DN" idref="s12_508"/>
			</nt>
			<nt id="s12_508" cat="fcl">
				<edge label="Od" idref="s12_17"/>
				<edge label="P" idref="s12_509"/>
				<edge label="S" idref="s12_510"/>
			</nt>
			<nt id="s12_509" cat="vp">
				<edge label="Vaux" idref="s12_18"/>
				<edge label="Vm" idref="s12_19"/>
			</nt>
			<nt id="s12_510" cat="np">
				<edge label="H" idref="s12_20"/>
				<edge label="DN" idref="s12_511"/>
			</nt>
			<nt id="s12_511" cat="pp">
				<edge label="H" idref="s12_21"/>
				<edge label="DP" idref="s12_512"/>
			</nt>
			<nt id="s12_512" cat="np">
				<edge label="DN" idref="s12_22"/>
				<edge label="H" idref="s12_23"/>
			</nt>
		</nonterminals>
	</graph>
</s>

<s id="s13" ref="13" source="Running text" forest="1" text="parente não consanguíneo;">
	<graph root="s13_500">
		<terminals>
			<t id="s13_1" word="parente" lemma="parente" pos="n" morph="M S" sem="Hfam" extra="--"/>
			<t id="s13_2" word="não" lemma="não" pos="adv" morph="--" extra="--"/>
			<t id="s13_3" word="consanguíneo" lemma="consanguíneo" pos="adj" morph="M S" extra="DERP jh np-close"/>
			<t id="s13_4" word=";" lemma="--" pos="pu" morph="--" extra="--"/>
		</terminals>

		<nonterminals>
			<nt id="s13_500" cat="s">
				<edge label="X" idref="s13_501"/>
			</nt>
			<nt id="s13_501" cat="np">
				<edge label="H" idref="s13_1"/>
				<edge label="DN" idref="s13_502"/>
				<edge label="PU" idref="s13_4"/>
			</nt>
			<nt id="s13_502" cat="adjp">
				<edge label="DA" idref="s13_2"/>
				<edge label="H" idref="s13_3"/>
			</nt>
		</nonterminals>
	</graph>
</s>

<s id="s14" ref="14" source="Running text" forest="1" text="agregar a receitas culinárias ou não;">
	<graph root="s14_500">
		<terminals>
			<t id="s14_1" word="agregar" lemma="agregar" pos="v-inf" morph="--" extra="vH mv"/>
			<t id="s14_2" word="a" lemma="a" pos="prp" morph="--" extra="--"/>
			<t id="s14_3" word="receitas" lemma="receita" pos="n" morph="F P" sem="mon sem-r" extra="--"/>
			<t id="s14_4" word="culinárias" lemma="culinário" pos="adj" morph="F P" extra="nh np-close"/>
			<t id="s14_5" word="ou" lemma="ou" pos="conj-c" morph="--" extra="--"/>
			<t id="s14_6" word="não" lemma="não" pos="adv" morph="--" extra="--"/>
			<t id="s14_7" word=";" lemma="--" pos="pu" morph="--" extra="--"/>
		</terminals>

		<nonterminals>
			<nt id="s14_500" cat="s">
				<edge label="UTT" idref="s14_501"/>
			</nt>
			<nt id="s14_501" cat="icl">
				<edge label="P" idref="s14_1"/>
				<edge label="fA" idref="s14_502"/>
				<edge label="PU" idref="s14_7"/>
			</nt>
			<nt id="s14_502" cat="pp">
				<edge label="H" idref="s14_2"/>
				<edge label="DP" idref="s14_503"/>
			</nt>
			<nt id="s14_503" cat="np">
				<edge label="H" idref="s14_3"/>
				<edge label="DN" idref="s14_4"/>
				<edge label="CO" idref="s14_5"/>
				<edge label="FOC" idref="s14_6"/>
			</nt>
		</nonterminals>
	</graph>
</s>

<s id="s15" ref="15" source="Running text" forest="1" text="juntar e fazer parte de.">
	<graph root="s15_500">
		<terminals>
			<t id="s15_1" word="juntar" lemma="juntar" pos="v-inf" morph="--" extra="vH mv"/>
			<t id="s15_2" word="e" lemma="e" pos="conj-c" morph="--" extra="--"/>
			<t id="s15_3" word="fazer" lemma="fazer" pos="v-inf" morph="--" extra="mv"/>
			<t id="s15_4" word="parte" lemma="parte" pos="n" morph="F S" sem="part amount L HH sem-l ac" extra="--"/>
			<t id="s15_5" word="de" lemma="de" pos="prp" morph="--" extra="np-close"/>
			<t id="s15_6" word="." lemma="--" pos="pu" morph="--" extra="--"/>
		</terminals>

		<nonterminals>
			<nt id="s15_500" cat="s">
				<edge label="UTT" idref="s15_501"/>
			</nt>
			<nt id="s15_501" cat="x">
				<edge label="UTT" idref="s15_1"/>
				<edge label="UTT" idref="s15_502"/>
				<edge label="CO" idref="s15_2"/>
				<edge label="P" idref="s15_3"/>
				<edge label="Od" idref="s15_503"/>
				<edge label="PU" idref="s15_6"/>
			</nt>
			<nt id="s15_502" cat="icl">
			</nt>
			<nt id="s15_503" cat="np">
				<edge label="H" idref="s15_4"/>
				<edge label="DN" idref="s15_5"/>
			</nt>
		</nonterminals>
	</graph>
</s>

<s id="s16" ref="16" source="Running text" forest="1" text="Coisinha, minha cunhada, é uma agregada de nossa família, pois casou- se com meu irmão.">
	<graph root="s16_500">
		<terminals>
			<t id="s16_1" word="Coisinha" lemma="coisinha" pos="n" morph="F S" extra="* cc"/>
			<t id="s16_2" word="," lemma="--" pos="pu" morph="--" extra="--"/>
			<t id="s16_3" word="minha" lemma="meu" pos="pron-poss" morph="DET F S" extra="poss 1S"/>
			<t id="s16_4" word="cunhada" lemma="cunhada" pos="n" morph="F S" sem="Hfam" extra="--"/>
			<t id="s16_5" word="," lemma="--" pos="pu" morph="--" extra="--"/>
			<t id="s16_6" word="é" lemma="ser" pos="v-fin" morph="PR 3S IND VFIN" extra="cjt-head cjt-head-STA fmc aux"/>
			<t id="s16_7" word="uma" lemma="um" pos="art" morph="F S" extra="--"/>
			<t id="s16_8" word="agregada" lemma="agregar" pos="v-pcp" morph="F S" extra="vH mv"/>
			<t id="s16_9" word="de" lemma="de" pos="prp" morph="--" extra="--"/>
			<t id="s16_10" word="nossa" lemma="nosso" pos="pron-poss" morph="DET F S" extra="poss 1P"/>
			<t id="s16_11" word="família" lemma="família" pos="n" morph="F S" sem="HH" extra="--"/>
			<t id="s16_12" word="," lemma="--" pos="pu" morph="--" extra="--"/>
			<t id="s16_13" word="pois" lemma="pois" pos="conj-s" morph="--" extra="clb"/>
			<t id="s16_14" word="casou-" lemma="casar" pos="v-fin" morph="PS 3S IND VFIN" extra="nosubj cjt-STA hyfen vH fmc mv"/>
			<t id="s16_15" word="se" lemma="se" pos="pron-pers" morph="F 3S ACC" extra="pass"/>
			<t id="s16_16" word="com" lemma="com" pos="prp" morph="--" extra="--"/>
			<t id="s16_17" word="meu" lemma="meu" pos="pron-poss" morph="DET M S" extra="poss 1S"/>
			<t id="s16_18" word="irmão" lemma="irmão" pos="n" morph="M S" sem="Hfam" extra="--"/>
			<t id="s16_19" word="." lemma="--" pos="pu" morph="--" extra="--"/>
		</terminals>

		<nonterminals>
			<nt id="s16_500" cat="s">
				<edge label="STA" idref="s16_501"/>
			</nt>
			<nt id="s16_501" cat="par">
				<edge label="CJT" idref="s16_502"/>
				<edge label="fCvoc" idref="s16_503"/>
				<edge label="DN" idref="s16_3"/>
				<edge label="H" idref="s16_4"/>
				<edge label="DN" idref="s16_7"/>
				<edge label="UTT" idref="s16_504"/>
				<edge label="P" idref="s16_8"/>
				<edge label="fA" idref="s16_505"/>
				<edge label="PU" idref="s16_12"/>
				<edge label="CJT" idref="s16_507"/>
				<edge label="PU" idref="s16_19"/>
			</nt>
			<nt id="s16_502" cat="fcl">
				<edge label="S" idref="s16_1"/>
				<edge label="PU" idref="s16_2"/>
			</nt>
			<nt id="s16_503" cat="np">
				<edge label="PU" idref="s16_5"/>
				<edge label="P" idref="s16_6"/>
			</nt>
			<nt id="s16_504" cat="icl">
			</nt>
			<nt id="s16_505" cat="pp">
				<edge label="H" idref="s16_9"/>
				<edge label="DP" idref="s16_506"/>
			</nt>
			<nt id="s16_506" cat="np">
				<edge label="DN" idref="s16_10"/>
				<edge label="H" idref="s16_11"/>
			</nt>
			<nt id="s16_507" cat="x">
				<edge label="fA" idref="s16_13"/>
				<edge label="P" idref="s16_14"/>
				<edge label="Od" idref="s16_15"/>
				<edge label="Op" idref="s16_508"/>
			</nt>
			<nt id="s16_508" cat="pp">
				<edge label="H" idref="s16_16"/>
				<edge label="DP" idref="s16_509"/>
			</nt>
			<nt id="s16_509" cat="np">
				<edge label="DN" idref="s16_17"/>
				<edge label="H" idref="s16_18"/>
			</nt>
		</nonterminals>
	</graph>
</s>

<s id="s17" ref="17" source="Running text" forest="1" text="Os ovos foram agregados a receita.">
	<graph root="s17_500">
		<terminals>
			<t id="s17_1" word="Os" lemma="o" pos="art" morph="M P" extra="* "/>
			<t id="s17_2" word="ovos" lemma="ovo" pos="n" morph="M P" sem="food-c" extra="--"/>
			<t id="s17_3" word="foram" lemma="ser" pos="v-fin" morph="PS/MQP 3P IND VFIN" extra="fmc aux"/>
			<t id="s17_4" word="agregados" lemma="agregar" pos="v-pcp" morph="M P" extra="vH mv"/>
			<t id="s17_5" word="a" lemma="o" pos="art" morph="F S" extra="--"/>
			<t id="s17_6" word="receita" lemma="receita" pos="n" morph="F S" sem="mon sem-r" extra="--"/>
			<t id="s17_7" word="." lemma="--" pos="pu" morph="--" extra="--"/>
		</terminals>

		<nonterminals>
			<nt id="s17_500" cat="s">
				<edge label="STA" idref="s17_501"/>
			</nt>
			<nt id="s17_501" cat="fcl">
				<edge label="S" idref="s17_502"/>
				<edge label="P" idref="s17_503"/>
				<edge label="fCs" idref="s17_504"/>
				<edge label="PU" idref="s17_7"/>
			</nt>
			<nt id="s17_502" cat="np">
				<edge label="DN" idref="s17_1"/>
				<edge label="H" idref="s17_2"/>
			</nt>
			<nt id="s17_503" cat="vp">
				<edge label="Vaux" idref="s17_3"/>
				<edge label="Vm" idref="s17_4"/>
			</nt>
			<nt id="s17_504" cat="np">
				<edge label="DN" idref="s17_5"/>
				<edge label="H" idref="s17_6"/>
			</nt>
		</nonterminals>
	</graph>
</s>

<s id="s18" ref="18" source="Running text" forest="1" text="Compartilhar enviar nova definição enviar nova imagem denunciar abuso 4 sobe, 0 desce 3. Agregado Por Victor Macedo(BA) em 14-05-2013 Juntar, obter, fazer, tomar.">
	<graph root="s18_500">
		<terminals>
			<t id="s18_1" word="Compartilhar" lemma="compartilhar" pos="v-inf" morph="--" extra="cjt-head cjt-head-S * vH mv"/>
			<t id="s18_2" word="enviar" lemma="enviar" pos="v-inf" morph="--" extra="vH mv"/>
			<t id="s18_3" word="nova" lemma="novo" pos="adj" morph="F S" extra="jh"/>
			<t id="s18_4" word="definição" lemma="definição" pos="n" morph="F S" sem="sem-c" extra="--"/>
			<t id="s18_5" word="enviar" lemma="enviar" pos="v-inf" morph="--" extra="vH mv"/>
			<t id="s18_6" word="nova" lemma="novo" pos="adj" morph="F S" extra="jh"/>
			<t id="s18_7" word="imagem" lemma="imagem" pos="n" morph="F S" sem="pict sem-c ac-cat" extra="--"/>
			<t id="s18_8" word="denunciar" lemma="denunciar" pos="v-inf" morph="--" extra="cjt-S vH mv"/>
			<t id="s18_9" word="abuso" lemma="abuso" pos="n" morph="M S" sem="activity" extra="--"/>
			<t id="s18_10" word="4" lemma="4" pos="num" morph="M/F P" extra="card"/>
			<t id="s18_11" word="sobe" lemma="subir" pos="v-fin" morph="PR 3S IND VFIN" extra="cjt-head cjt-head-STA fmc mv"/>
			<t id="s18_12" word="," lemma="--" pos="pu" morph="--" extra="--"/>
			<t id="s18_13" word="0" lemma="xx" pos="num" morph="M/F P" extra="card"/>
			<t id="s18_14" word="desce" lemma="descer" pos="v-fin" morph="PR 3S IND VFIN" extra="cjt-STA fmc mv"/>
			<t id="s18_15" word="3." lemma="3." pos="adj" morph="M/F S" extra="NUM-ord"/>
			<t id="s18_16" word="Agregado_Por_Victor_Macedo" lemma="Agregado_Por_Victor_Macedo" pos="prop" morph="M S" extra="top * heur"/>
			<t id="s18_17" word="(" lemma="--" pos="pu" morph="--" extra="--"/>
			<t id="s18_18" word="BA" lemma="BA" pos="prop" morph="F S" extra="civ * np-close"/>
			<t id="s18_19" word=")" lemma="--" pos="pu" morph="--" extra="--"/>
			<t id="s18_20" word="em" lemma="em" pos="prp" morph="--" extra="--"/>
			<t id="s18_21" word="14-05-2013" lemma="14-05-2013" pos="num" morph="M/F S" extra="card"/>
			<t id="s18_22" word="Juntar" lemma="juntar" pos="v-inf" morph="--" extra="* vH mv"/>
			<t id="s18_23" word="," lemma="--" pos="pu" morph="--" extra="--"/>
			<t id="s18_24" word="obter" lemma="obter" pos="v-inf" morph="--" extra="vH mv"/>
			<t id="s18_25" word="," lemma="--" pos="pu" morph="--" extra="--"/>
			<t id="s18_26" word="fazer" lemma="fazer" pos="v-inf" morph="--" extra="mv"/>
			<t id="s18_27" word="," lemma="--" pos="pu" morph="--" extra="--"/>
			<t id="s18_28" word="tomar" lemma="tomar" pos="v-inf" morph="--" extra="vH mv"/>
			<t id="s18_29" word="." lemma="--" pos="pu" morph="--" extra="--"/>
		</terminals>

		<nonterminals>
			<nt id="s18_500" cat="s">
				<edge label="STA" idref="s18_501"/>
			</nt>
			<nt id="s18_501" cat="par">
				<edge label="CJT" idref="s18_502"/>
				<edge label="PU" idref="s18_12"/>
				<edge label="CJT" idref="s18_510"/>
				<edge label="PU" idref="s18_29"/>
			</nt>
			<nt id="s18_502" cat="fcl">
				<edge label="S" idref="s18_503"/>
				<edge label="Od" idref="s18_10"/>
				<edge label="P" idref="s18_11"/>
			</nt>
			<nt id="s18_503" cat="par">
				<edge label="CJT" idref="s18_504"/>
				<edge label="CJT" idref="s18_507"/>
			</nt>
			<nt id="s18_504" cat="icl">
				<edge label="P" idref="s18_1"/>
				<edge label="Od" idref="s18_505"/>
			</nt>
			<nt id="s18_505" cat="icl">
				<edge label="P" idref="s18_2"/>
				<edge label="Od" idref="s18_506"/>
			</nt>
			<nt id="s18_506" cat="np">
				<edge label="DN" idref="s18_3"/>
				<edge label="H" idref="s18_4"/>
			</nt>
			<nt id="s18_507" cat="fcl">
				<edge label="S" idref="s18_508"/>
				<edge label="P" idref="s18_8"/>
				<edge label="Od" idref="s18_9"/>
			</nt>
			<nt id="s18_508" cat="icl">
				<edge label="P" idref="s18_5"/>
				<edge label="Od" idref="s18_509"/>
			</nt>
			<nt id="s18_509" cat="np">
				<edge label="DN" idref="s18_6"/>
				<edge label="H" idref="s18_7"/>
			</nt>
			<nt id="s18_510" cat="fcl">
				<edge label="Od" idref="s18_13"/>
				<edge label="P" idref="s18_14"/>
				<edge label="fCs" idref="s18_15"/>
				<edge label="S" idref="s18_511"/>
				<edge label="fA" idref="s18_512"/>
				<edge label="Od" idref="s18_513"/>
			</nt>
			<nt id="s18_511" cat="np">
				<edge label="H" idref="s18_16"/>
				<edge label="PU" idref="s18_17"/>
				<edge label="DNc" idref="s18_18"/>
				<edge label="PU" idref="s18_19"/>
			</nt>
			<nt id="s18_512" cat="pp">
				<edge label="H" idref="s18_20"/>
				<edge label="DP" idref="s18_21"/>
			</nt>
			<nt id="s18_513" cat="icl">
				<edge label="P" idref="s18_22"/>
				<edge label="PU" idref="s18_23"/>
				<edge label="Od" idref="s18_514"/>
			</nt>
			<nt id="s18_514" cat="icl">
				<edge label="P" idref="s18_24"/>
				<edge label="PU" idref="s18_25"/>
				<edge label="Od" idref="s18_515"/>
			</nt>
			<nt id="s18_515" cat="icl">
				<edge label="P" idref="s18_26"/>
				<edge label="PU" idref="s18_27"/>
				<edge label="Od" idref="s18_28"/>
			</nt>
		</nonterminals>
	</graph>
</s>

<s id="s19" ref="19" source="Running text" forest="1" text="O Governo agregou várias medidas ao sistema de educação.">
	<graph root="s19_500">
		<terminals>
			<t id="s19_1" word="O" lemma="o" pos="art" morph="M S" extra="* "/>
			<t id="s19_2" word="Governo" lemma="governo" pos="n" morph="M S" sem="HH" extra="prop *"/>
			<t id="s19_3" word="agregou" lemma="agregar" pos="v-fin" morph="PS 3S IND VFIN" extra="vH fmc mv"/>
			<t id="s19_4" word="várias" lemma="várias" pos="pron-indef" morph="DET F P" extra="quant"/>
			<t id="s19_5" word="medidas" lemma="medida" pos="n" morph="F P" sem="f-q act-d" extra="--"/>
			<t id="s19_6" word="a" lemma="a" pos="prp" morph="--" extra="sam-"/>
			<t id="s19_7" word="o" lemma="o" pos="art" morph="M S" extra="-sam "/>
			<t id="s19_8" word="sistema" lemma="sistema" pos="n" morph="M S" sem="ac" extra="--"/>
			<t id="s19_9" word="de" lemma="de" pos="prp" morph="--" extra="np-close"/>
			<t id="s19_10" word="educação" lemma="educação" pos="n" morph="F S" sem="act domain" extra="--"/>
			<t id="s19_11" word="." lemma="--" pos="pu" morph="--" extra="--"/>
		</terminals>

		<nonterminals>
			<nt id="s19_500" cat="s">
				<edge label="STA" idref="s19_501"/>
			</nt>
			<nt id="s19_501" cat="fcl">
				<edge label="S" idref="s19_502"/>
				<edge label="P" idref="s19_3"/>
				<edge label="Od" idref="s19_503"/>
				<edge label="fA" idref="s19_504"/>
				<edge label="PU" idref="s19_11"/>
			</nt>
			<nt id="s19_502" cat="np">
				<edge label="DN" idref="s19_1"/>
				<edge label="H" idref="s19_2"/>
			</nt>
			<nt id="s19_503" cat="np">
				<edge label="DN" idref="s19_4"/>
				<edge label="H" idref="s19_5"/>
			</nt>
			<nt id="s19_504" cat="pp">
				<edge label="H" idref="s19_6"/>
				<edge label="DP" idref="s19_505"/>
			</nt>
			<nt id="s19_505" cat="np">
				<edge label="DN" idref="s19_7"/>
				<edge label="H" idref="s19_8"/>
				<edge label="DN" idref="s19_506"/>
			</nt>
			<nt id="s19_506" cat="pp">
				<edge label="H" idref="s19_9"/>
				<edge label="DP" idref="s19_10"/>
			</nt>
		</nonterminals>
	</graph>
</s>

<s id="s20" ref="20" source="Running text" forest="1" text="Compartilhar enviar nova definição enviar nova imagem denunciar abuso 9 sobe, 8 desce 4. Agregado Por UEGA SEVLA(Te o) em 20-06-2011 Genro folgado.">
	<graph root="s20_500">
		<terminals>
			<t id="s20_1" word="Compartilhar" lemma="compartilhar" pos="v-inf" morph="--" extra="cjt-head cjt-head-S * vH mv"/>
			<t id="s20_2" word="enviar" lemma="enviar" pos="v-inf" morph="--" extra="vH mv"/>
			<t id="s20_3" word="nova" lemma="novo" pos="adj" morph="F S" extra="jh"/>
			<t id="s20_4" word="definição" lemma="definição" pos="n" morph="F S" sem="sem-c" extra="--"/>
			<t id="s20_5" word="enviar" lemma="enviar" pos="v-inf" morph="--" extra="vH mv"/>
			<t id="s20_6" word="nova" lemma="novo" pos="adj" morph="F S" extra="jh"/>
			<t id="s20_7" word="imagem" lemma="imagem" pos="n" morph="F S" sem="pict sem-c ac-cat" extra="--"/>
			<t id="s20_8" word="denunciar" lemma="denunciar" pos="v-inf" morph="--" extra="cjt-S vH mv"/>
			<t id="s20_9" word="abuso" lemma="abuso" pos="n" morph="M S" sem="activity" extra="--"/>
			<t id="s20_10" word="9" lemma="9" pos="num" morph="M/F P" extra="card"/>
			<t id="s20_11" word="sobe" lemma="subir" pos="v-fin" morph="PR 3S IND VFIN" extra="cjt-head cjt-head-STA fmc mv"/>
			<t id="s20_12" word="," lemma="--" pos="pu" morph="--" extra="--"/>
			<t id="s20_13" word="8" lemma="8" pos="num" morph="M/F P" extra="card"/>
			<t id="s20_14" word="desce" lemma="descer" pos="v-fin" morph="PR 3S IND VFIN" extra="cjt-STA fmc mv"/>
			<t id="s20_15" word="4." lemma="4." pos="adj" morph="M/F S" extra="NUM-ord"/>
			<t id="s20_16" word="Agregado_Por_UEGA_SEVLA" lemma="Agregado_Por_UEGA_SEVLA" pos="prop" morph="M S" extra="top * heur"/>
			<t id="s20_17" word="(" lemma="--" pos="pu" morph="--" extra="--"/>
			<t id="s20_18" word="Te" lemma="tu" pos="pron-pers" morph="M/F 2S DAT" extra="* sam-"/>
			<t id="s20_19" word="o" lemma="ele" pos="pron-pers" morph="M 3S ACC" extra="-sam"/>
			<t id="s20_20" word=")" lemma="--" pos="pu" morph="--" extra="--"/>
			<t id="s20_21" word="em" lemma="em" pos="prp" morph="--" extra="--"/>
			<t id="s20_22" word="20-06-2011" lemma="20-06-2011" pos="num" morph="M P" extra="card"/>
			<t id="s20_23" word="Genro" lemma="genro" pos="n" morph="M P" sem="Hfam" extra="prop *"/>
			<t id="s20_24" word="folgado" lemma="folgado" pos="adj" morph="M S" extra="jh np-close"/>
			<t id="s20_25" word="." lemma="--" pos="pu" morph="--" extra="--"/>
		</terminals>

		<nonterminals>
			<nt id="s20_500" cat="s">
				<edge label="STA" idref="s20_501"/>
			</nt>
			<nt id="s20_501" cat="par">
				<edge label="CJT" idref="s20_502"/>
				<edge label="PU" idref="s20_12"/>
				<edge label="CJT" idref="s20_510"/>
				<edge label="PU" idref="s20_17"/>
				<edge label="Oi" idref="s20_18"/>
				<edge label="Od" idref="s20_19"/>
				<edge label="PU" idref="s20_20"/>
				<edge label="PU" idref="s20_25"/>
			</nt>
			<nt id="s20_502" cat="fcl">
				<edge label="S" idref="s20_503"/>
				<edge label="Od" idref="s20_10"/>
				<edge label="P" idref="s20_11"/>
			</nt>
			<nt id="s20_503" cat="par">
				<edge label="CJT" idref="s20_504"/>
				<edge label="CJT" idref="s20_507"/>
			</nt>
			<nt id="s20_504" cat="icl">
				<edge label="P" idref="s20_1"/>
				<edge label="Od" idref="s20_505"/>
			</nt>
			<nt id="s20_505" cat="icl">
				<edge label="P" idref="s20_2"/>
				<edge label="Od" idref="s20_506"/>
			</nt>
			<nt id="s20_506" cat="np">
				<edge label="DN" idref="s20_3"/>
				<edge label="H" idref="s20_4"/>
			</nt>
			<nt id="s20_507" cat="fcl">
				<edge label="S" idref="s20_508"/>
				<edge label="P" idref="s20_8"/>
				<edge label="Od" idref="s20_9"/>
			</nt>
			<nt id="s20_508" cat="icl">
				<edge label="P" idref="s20_5"/>
				<edge label="Od" idref="s20_509"/>
			</nt>
			<nt id="s20_509" cat="np">
				<edge label="DN" idref="s20_6"/>
				<edge label="H" idref="s20_7"/>
			</nt>
			<nt id="s20_510" cat="fcl">
				<edge label="Od" idref="s20_13"/>
				<edge label="P" idref="s20_14"/>
				<edge label="fCs" idref="s20_15"/>
				<edge label="S" idref="s20_16"/>
				<edge label="fA" idref="s20_511"/>
			</nt>
			<nt id="s20_511" cat="pp">
				<edge label="H" idref="s20_21"/>
				<edge label="DP" idref="s20_512"/>
			</nt>
			<nt id="s20_512" cat="np">
				<edge label="DN" idref="s20_22"/>
				<edge label="H" idref="s20_23"/>
				<edge label="DN" idref="s20_24"/>
			</nt>
		</nonterminals>
	</graph>
</s>

<s id="s21" ref="21" source="Running text" forest="1" text="Genro que casa e mora na casa do sogro sem pagar nada é um agregado.">
	<graph root="s21_500">
		<terminals>
			<t id="s21_1" word="Genro" lemma="genro" pos="n" morph="M S" extra="* Hfam"/>
			<t id="s21_2" word="que" lemma="que" pos="spec" morph="M S" extra="clb clb-fs rel"/>
			<t id="s21_3" word="casa" lemma="casar" pos="v-fin" morph="PR 3S IND VFIN" extra="cjt-head cjt-head-DN vH mv np-close"/>
			<t id="s21_4" word="e" lemma="e" pos="conj-c" morph="--" extra="co-fin"/>
			<t id="s21_5" word="mora" lemma="morar" pos="v-fin" morph="PR 3S IND VFIN" extra="nosubj cjt-DN vK fmc mv np-close"/>
			<t id="s21_6" word="em" lemma="em" pos="prp" morph="--" extra="sam-"/>
			<t id="s21_7" word="a" lemma="o" pos="art" morph="F S" extra="-sam "/>
			<t id="s21_8" word="casa" lemma="casa" pos="n" morph="F S" sem="build" extra="--"/>
			<t id="s21_9" word="de" lemma="de" pos="prp" morph="--" extra="sam- np-close"/>
			<t id="s21_10" word="o" lemma="o" pos="art" morph="M S" extra="-sam "/>
			<t id="s21_11" word="sogro" lemma="sogro" pos="n" morph="M S" sem="Hfam" extra="--"/>
			<t id="s21_12" word="sem" lemma="sem" pos="prp" morph="--" extra="--"/>
			<t id="s21_13" word="pagar" lemma="pagar" pos="v-inf" morph="--" extra="vH mv"/>
			<t id="s21_14" word="nada" lemma="nada" pos="spec" morph="M S" extra="quant"/>
			<t id="s21_15" word="é" lemma="ser" pos="v-fin" morph="PR 3S IND VFIN" extra="vK fmc mv"/>
			<t id="s21_16" word="um" lemma="um" pos="art" morph="M S" extra="--"/>
			<t id="s21_17" word="agregado" lemma="agregado" pos="n" morph="M S" sem="cc HH" extra="--"/>
			<t id="s21_18" word="." lemma="--" pos="pu" morph="--" extra="--"/>
		</terminals>

		<nonterminals>
			<nt id="s21_500" cat="s">
				<edge label="STA" idref="s21_501"/>
			</nt>
			<nt id="s21_501" cat="fcl">
				<edge label="S" idref="s21_502"/>
				<edge label="P" idref="s21_15"/>
				<edge label="Cs" idref="s21_512"/>
				<edge label="PU" idref="s21_18"/>
			</nt>
			<nt id="s21_502" cat="np">
				<edge label="H" idref="s21_1"/>
				<edge label="DN" idref="s21_503"/>
			</nt>
			<nt id="s21_503" cat="par">
				<edge label="CJT" idref="s21_504"/>
				<edge label="CO" idref="s21_4"/>
				<edge label="CJT" idref="s21_505"/>
			</nt>
			<nt id="s21_504" cat="fcl">
				<edge label="S" idref="s21_2"/>
				<edge label="P" idref="s21_3"/>
			</nt>
			<nt id="s21_505" cat="x">
				<edge label="P" idref="s21_5"/>
				<edge label="As" idref="s21_506"/>
				<edge label="fA" idref="s21_510"/>
			</nt>
			<nt id="s21_506" cat="pp">
				<edge label="H" idref="s21_6"/>
				<edge label="DP" idref="s21_507"/>
			</nt>
			<nt id="s21_507" cat="np">
				<edge label="DN" idref="s21_7"/>
				<edge label="H" idref="s21_8"/>
				<edge label="DN" idref="s21_508"/>
			</nt>
			<nt id="s21_508" cat="pp">
				<edge label="H" idref="s21_9"/>
				<edge label="DP" idref="s21_509"/>
			</nt>
			<nt id="s21_509" cat="np">
				<edge label="DN" idref="s21_10"/>
				<edge label="H" idref="s21_11"/>
			</nt>
			<nt id="s21_510" cat="pp">
				<edge label="H" idref="s21_12"/>
				<edge label="DP" idref="s21_511"/>
			</nt>
			<nt id="s21_511" cat="icl">
				<edge label="P" idref="s21_13"/>
				<edge label="Od" idref="s21_14"/>
			</nt>
			<nt id="s21_512" cat="np">
				<edge label="DN" idref="s21_16"/>
				<edge label="H" idref="s21_17"/>
			</nt>
		</nonterminals>
	</graph>
</s>

<s id="s22" ref="22" source="Running text" forest="1" text="Compartilhar enviar nova definição enviar nova imagem denunciar abuso 3 sobe, 3 desce 5. Agregado Por Dicionário inFormal(SP) em 21-09-2009 Como um elemento agregador.">
	<graph root="s22_500">
		<terminals>
			<t id="s22_1" word="Compartilhar" lemma="compartilhar" pos="v-inf" morph="--" extra="cjt-head cjt-head-S * vH mv"/>
			<t id="s22_2" word="enviar" lemma="enviar" pos="v-inf" morph="--" extra="vH mv"/>
			<t id="s22_3" word="nova" lemma="novo" pos="adj" morph="F S" extra="jh"/>
			<t id="s22_4" word="definição" lemma="definição" pos="n" morph="F S" sem="sem-c" extra="--"/>
			<t id="s22_5" word="enviar" lemma="enviar" pos="v-inf" morph="--" extra="vH mv"/>
			<t id="s22_6" word="nova" lemma="novo" pos="adj" morph="F S" extra="jh"/>
			<t id="s22_7" word="imagem" lemma="imagem" pos="n" morph="F S" sem="pict sem-c ac-cat" extra="--"/>
			<t id="s22_8" word="denunciar" lemma="denunciar" pos="v-inf" morph="--" extra="cjt-S vH mv"/>
			<t id="s22_9" word="abuso" lemma="abuso" pos="n" morph="M S" sem="activity" extra="--"/>
			<t id="s22_10" word="3" lemma="3" pos="num" morph="M/F P" extra="card"/>
			<t id="s22_11" word="sobe" lemma="subir" pos="v-fin" morph="PR 3S IND VFIN" extra="cjt-head cjt-head-STA fmc mv"/>
			<t id="s22_12" word="," lemma="--" pos="pu" morph="--" extra="--"/>
			<t id="s22_13" word="3" lemma="3" pos="num" morph="M/F P" extra="card"/>
			<t id="s22_14" word="desce" lemma="descer" pos="v-fin" morph="PR 3S IND VFIN" extra="cjt-STA fmc mv"/>
			<t id="s22_15" word="5." lemma="5." pos="adj" morph="M/F S" extra="NUM-ord"/>
			<t id="s22_16" word="Agregado_Por_Dicionário" lemma="Agregado_Por_Dicionário" pos="prop" morph="M S" extra="tit *"/>
			<t id="s22_17" word="inFormal" lemma="inFormal" pos="adj" morph="M S" extra="np-close"/>
			<t id="s22_18" word="(" lemma="--" pos="pu" morph="--" extra="--"/>
			<t id="s22_19" word="SP" lemma="SP" pos="prop" morph="M S" extra="civ * np-close"/>
			<t id="s22_20" word=")" lemma="--" pos="pu" morph="--" extra="--"/>
			<t id="s22_21" word="em" lemma="em" pos="prp" morph="--" extra="--"/>
			<t id="s22_22" word="21-09-2009" lemma="21-09-2009" pos="num" morph="M/F S" extra="card"/>
			<t id="s22_23" word="Como" lemma="como" pos="prp" morph="--" extra="com * adv-rel"/>
			<t id="s22_24" word="um" lemma="um" pos="art" morph="M S" extra="--"/>
			<t id="s22_25" word="elemento" lemma="elemento" pos="n" morph="M S" sem="ac H" extra="asarg"/>
			<t id="s22_26" word="agregador" lemma="agregador" pos="adj" morph="M S" extra="jh np-close"/>
			<t id="s22_27" word="." lemma="--" pos="pu" morph="--" extra="--"/>
		</terminals>

		<nonterminals>
			<nt id="s22_500" cat="s">
				<edge label="STA" idref="s22_501"/>
			</nt>
			<nt id="s22_501" cat="par">
				<edge label="CJT" idref="s22_502"/>
				<edge label="PU" idref="s22_12"/>
				<edge label="CJT" idref="s22_510"/>
				<edge label="PU" idref="s22_27"/>
			</nt>
			<nt id="s22_502" cat="fcl">
				<edge label="S" idref="s22_503"/>
				<edge label="Od" idref="s22_10"/>
				<edge label="P" idref="s22_11"/>
			</nt>
			<nt id="s22_503" cat="par">
				<edge label="CJT" idref="s22_504"/>
				<edge label="CJT" idref="s22_507"/>
			</nt>
			<nt id="s22_504" cat="icl">
				<edge label="P" idref="s22_1"/>
				<edge label="Od" idref="s22_505"/>
			</nt>
			<nt id="s22_505" cat="icl">
				<edge label="P" idref="s22_2"/>
				<edge label="Od" idref="s22_506"/>
			</nt>
			<nt id="s22_506" cat="np">
				<edge label="DN" idref="s22_3"/>
				<edge label="H" idref="s22_4"/>
			</nt>
			<nt id="s22_507" cat="fcl">
				<edge label="S" idref="s22_508"/>
				<edge label="P" idref="s22_8"/>
				<edge label="Od" idref="s22_9"/>
			</nt>
			<nt id="s22_508" cat="icl">
				<edge label="P" idref="s22_5"/>
				<edge label="Od" idref="s22_509"/>
			</nt>
			<nt id="s22_509" cat="np">
				<edge label="DN" idref="s22_6"/>
				<edge label="H" idref="s22_7"/>
			</nt>
			<nt id="s22_510" cat="fcl">
				<edge label="Od" idref="s22_13"/>
				<edge label="P" idref="s22_14"/>
				<edge label="fCs" idref="s22_15"/>
				<edge label="S" idref="s22_511"/>
				<edge label="fA" idref="s22_512"/>
				<edge label="fA" idref="s22_513"/>
			</nt>
			<nt id="s22_511" cat="np">
				<edge label="H" idref="s22_16"/>
				<edge label="DN" idref="s22_17"/>
				<edge label="PU" idref="s22_18"/>
				<edge label="DNapp" idref="s22_19"/>
				<edge label="PU" idref="s22_20"/>
			</nt>
			<nt id="s22_512" cat="pp">
				<edge label="H" idref="s22_21"/>
				<edge label="DP" idref="s22_22"/>
			</nt>
			<nt id="s22_513" cat="pp">
				<edge label="H" idref="s22_23"/>
				<edge label="DP" idref="s22_514"/>
			</nt>
			<nt id="s22_514" cat="np">
				<edge label="DN" idref="s22_24"/>
				<edge label="H" idref="s22_25"/>
				<edge label="DN" idref="s22_26"/>
			</nt>
		</nonterminals>
	</graph>
</s>

<s id="s23" ref="23" source="Running text" forest="1" text="O mesmo que contribuir, somar, juntar.">
	<graph root="s23_500">
		<terminals>
			<t id="s23_1" word="O" lemma="o" pos="art" morph="M S" extra="* "/>
			<t id="s23_2" word="mesmo" lemma="mesmo" pos="pron-indef" morph="DET M S" extra="--"/>
			<t id="s23_3" word="que" lemma="que" pos="spec" morph="M S" extra="clb clb-fs rel"/>
			<t id="s23_4" word="contribuir" lemma="contribuir" pos="v-fin" morph="FUT 3S SUBJ VFIN" extra="vH mv np-close"/>
			<t id="s23_5" word="," lemma="--" pos="pu" morph="--" extra="--"/>
			<t id="s23_6" word="somar" lemma="somar" pos="v-inf" morph="--" extra="mv"/>
			<t id="s23_7" word="," lemma="--" pos="pu" morph="--" extra="--"/>
			<t id="s23_8" word="juntar" lemma="juntar" pos="v-inf" morph="--" extra="vH mv"/>
			<t id="s23_9" word="." lemma="--" pos="pu" morph="--" extra="--"/>
		</terminals>

		<nonterminals>
			<nt id="s23_500" cat="s">
				<edge label="X" idref="s23_501"/>
			</nt>
			<nt id="s23_501" cat="np">
				<edge label="DN" idref="s23_1"/>
				<edge label="H" idref="s23_2"/>
				<edge label="DN" idref="s23_502"/>
				<edge label="PU" idref="s23_9"/>
			</nt>
			<nt id="s23_502" cat="fcl">
				<edge label="S" idref="s23_3"/>
				<edge label="P" idref="s23_4"/>
				<edge label="PU" idref="s23_5"/>
				<edge label="Od" idref="s23_503"/>
			</nt>
			<nt id="s23_503" cat="icl">
				<edge label="P" idref="s23_6"/>
				<edge label="PU" idref="s23_7"/>
				<edge label="Od" idref="s23_8"/>
			</nt>
		</nonterminals>
	</graph>
</s>

<s id="s24" ref="24" source="Running text" forest="1" text="Ele não agrega nada Compartilhar enviar nova definição enviar nova imagem denunciar abuso 37 sobe, 50 desce 6. Agregado Por jair donizete da silva(SP) em 01-09-2009 Aquele que vive dependendo de alguem.">
	<graph root="s24_500">
		<terminals>
			<t id="s24_1" word="Ele" lemma="ele" pos="pron-pers" morph="M 3S NOM" extra="*"/>
			<t id="s24_2" word="não" lemma="não" pos="adv" morph="--" extra="--"/>
			<t id="s24_3" word="agrega" lemma="agregar" pos="v-fin" morph="PR 3S IND VFIN" extra="cjt-head cjt-head-STA vH fmc mv"/>
			<t id="s24_4" word="nada" lemma="nada" pos="spec" morph="M S" extra="quant"/>
			<t id="s24_5" word="Compartilhar" lemma="Compartilhar" pos="prop" morph="M/F S" extra="hum *"/>
			<t id="s24_6" word="enviar" lemma="enviar" pos="v-inf" morph="3S" extra="vH mv"/>
			<t id="s24_7" word="nova" lemma="novo" pos="adj" morph="F S" extra="jh"/>
			<t id="s24_8" word="definição" lemma="definição" pos="n" morph="F S" sem="sem-c" extra="--"/>
			<t id="s24_9" word="enviar" lemma="enviar" pos="v-inf" morph="--" extra="vH mv"/>
			<t id="s24_10" word="nova" lemma="novo" pos="adj" morph="F S" extra="jh"/>
			<t id="s24_11" word="imagem" lemma="imagem" pos="n" morph="F S" sem="pict sem-c ac-cat" extra="--"/>
			<t id="s24_12" word="denunciar" lemma="denunciar" pos="v-inf" morph="--" extra="vH mv"/>
			<t id="s24_13" word="abuso" lemma="abuso" pos="n" morph="M S" sem="activity" extra="--"/>
			<t id="s24_14" word="37" lemma="37" pos="num" morph="M/F P" extra="card"/>
			<t id="s24_15" word="sobe" lemma="subir" pos="v-fin" morph="PR 3S IND VFIN" extra="cjt-STA fmc mv"/>
			<t id="s24_16" word="," lemma="--" pos="pu" morph="--" extra="--"/>
			<t id="s24_17" word="50" lemma="50" pos="num" morph="M/F P" extra="card"/>
			<t id="s24_18" word="desce" lemma="descer" pos="v-fin" morph="PR 3S IND VFIN" extra="cjt-STA fmc mv"/>
			<t id="s24_19" word="6." lemma="6." pos="adj" morph="M/F S" extra="NUM-ord"/>
			<t id="s24_20" word="Agregado_Por" lemma="Agregado_Por" pos="prop" morph="M S" extra="top * heur"/>
			<t id="s24_21" word="jair" lemma="jair" pos="n" morph="M S" extra="cjt-head cjt-head-Od heur"/>
			<t id="s24_22" word="donizete" lemma="donizete" pos="n" morph="M S" extra="cjt-Od DERS"/>
			<t id="s24_23" word="da_silva" lemma="da_silva" pos="adv" morph="--" sem="pp" extra="--"/>
			<t id="s24_24" word="(" lemma="--" pos="pu" morph="--" extra="--"/>
			<t id="s24_25" word="SP" lemma="SP" pos="prop" morph="M S" extra="civ * np-close"/>
			<t id="s24_26" word=")" lemma="--" pos="pu" morph="--" extra="--"/>
			<t id="s24_27" word="em" lemma="em" pos="prp" morph="--" extra="--"/>
			<t id="s24_28" word="01-09-2009" lemma="01-09-2009" pos="num" morph="M/F S" extra="card"/>
			<t id="s24_29" word="Aquele" lemma="aquele" pos="pron-dem" morph="DET M S" extra="cjt-Od * dem"/>
			<t id="s24_30" word="que" lemma="que" pos="spec" morph="M S" extra="clb clb-fs rel"/>
			<t id="s24_31" word="vive" lemma="viver" pos="v-fin" morph="PR 3S IND VFIN" extra="vH mv np-close"/>
			<t id="s24_32" word="dependendo" lemma="depender" pos="v-ger" morph="--" extra="clb mv"/>
			<t id="s24_33" word="de" lemma="de" pos="prp" morph="--" extra="--"/>
			<t id="s24_34" word="alguem" lemma="algar" pos="v-fin" morph="PR 3P SUBJ VFIN" extra="nosubj cjt-STA DERS fmc mv"/>
			<t id="s24_35" word="." lemma="--" pos="pu" morph="--" extra="--"/>
		</terminals>

		<nonterminals>
			<nt id="s24_500" cat="s">
				<edge label="STA" idref="s24_501"/>
			</nt>
			<nt id="s24_501" cat="par">
				<edge label="CJT" idref="s24_502"/>
				<edge label="CJT" idref="s24_503"/>
				<edge label="UTT" idref="s24_504"/>
				<edge label="PU" idref="s24_16"/>
				<edge label="CJT" idref="s24_509"/>
				<edge label="CJT" idref="s24_515"/>
				<edge label="PU" idref="s24_35"/>
			</nt>
			<nt id="s24_502" cat="fcl">
				<edge label="S" idref="s24_1"/>
				<edge label="fA" idref="s24_2"/>
				<edge label="P" idref="s24_3"/>
				<edge label="Od" idref="s24_4"/>
			</nt>
			<nt id="s24_503" cat="fcl">
				<edge label="S" idref="s24_5"/>
			</nt>
			<nt id="s24_504" cat="icl">
				<edge label="P" idref="s24_6"/>
				<edge label="Od" idref="s24_505"/>
				<edge label="S" idref="s24_506"/>
				<edge label="Od" idref="s24_14"/>
				<edge label="P" idref="s24_15"/>
			</nt>
			<nt id="s24_505" cat="np">
				<edge label="DN" idref="s24_7"/>
				<edge label="H" idref="s24_8"/>
			</nt>
			<nt id="s24_506" cat="fcl">
				<edge label="S" idref="s24_507"/>
				<edge label="P" idref="s24_12"/>
				<edge label="Od" idref="s24_13"/>
			</nt>
			<nt id="s24_507" cat="icl">
				<edge label="P" idref="s24_9"/>
				<edge label="Od" idref="s24_508"/>
			</nt>
			<nt id="s24_508" cat="np">
				<edge label="DN" idref="s24_10"/>
				<edge label="H" idref="s24_11"/>
			</nt>
			<nt id="s24_509" cat="fcl">
				<edge label="Od" idref="s24_17"/>
				<edge label="P" idref="s24_18"/>
				<edge label="fCs" idref="s24_19"/>
				<edge label="S" idref="s24_20"/>
				<edge label="Od" idref="s24_510"/>
				<edge label="fA" idref="s24_23"/>
				<edge label="fA" idref="s24_512"/>
			</nt>
			<nt id="s24_510" cat="par">
				<edge label="CJT" idref="s24_21"/>
				<edge label="CJT" idref="s24_511"/>
			</nt>
			<nt id="s24_511" cat="np">
				<edge label="H" idref="s24_22"/>
				<edge label="PU" idref="s24_24"/>
				<edge label="DNapp" idref="s24_25"/>
				<edge label="PU" idref="s24_26"/>
			</nt>
			<nt id="s24_512" cat="pp">
				<edge label="H" idref="s24_27"/>
				<edge label="DP" idref="s24_28"/>
				<edge label="CJT" idref="s24_513"/>
			</nt>
			<nt id="s24_513" cat="np">
				<edge label="H" idref="s24_29"/>
				<edge label="DN" idref="s24_514"/>
			</nt>
			<nt id="s24_514" cat="fcl">
				<edge label="S" idref="s24_30"/>
				<edge label="P" idref="s24_31"/>
			</nt>
			<nt id="s24_515" cat="x">
				<edge label="fA" idref="s24_516"/>
				<edge label="P" idref="s24_34"/>
			</nt>
			<nt id="s24_516" cat="advp">
				<edge label="P" idref="s24_32"/>
				<edge label="Op" idref="s24_33"/>
			</nt>
		</nonterminals>
	</graph>
</s>

<s id="s25" ref="25" source="Running text" forest="1" text="Aquela pessoa que casa e vive dependendo do papai, é um agregado.">
	<graph root="s25_500">
		<terminals>
			<t id="s25_1" word="Aquela" lemma="aquele" pos="pron-dem" morph="DET F S" extra="* dem"/>
			<t id="s25_2" word="pessoa" lemma="pessoa" pos="n" morph="F S" sem="H" extra="--"/>
			<t id="s25_3" word="que" lemma="que" pos="spec" morph="M S" extra="clb clb-fs rel"/>
			<t id="s25_4" word="casa" lemma="casar" pos="v-fin" morph="PR 3S IND VFIN" extra="cjt-head cjt-head-DN vH mv np-close"/>
			<t id="s25_5" word="e" lemma="e" pos="conj-c" morph="--" extra="co-fin"/>
			<t id="s25_6" word="vive" lemma="viver" pos="v-fin" morph="PR 3S IND VFIN" extra="nosubj cjt-DN vH fmc mv np-close"/>
			<t id="s25_7" word="dependendo" lemma="depender" pos="v-ger" morph="--" extra="clb mv"/>
			<t id="s25_8" word="de" lemma="de" pos="prp" morph="--" extra="sam-"/>
			<t id="s25_9" word="o" lemma="o" pos="art" morph="M S" extra="-sam "/>
			<t id="s25_10" word="papai" lemma="papai" pos="n" morph="M S" sem="Hfam" extra="--"/>
			<t id="s25_11" word="," lemma="--" pos="pu" morph="--" extra="--"/>
			<t id="s25_12" word="é" lemma="ser" pos="v-fin" morph="PR 3S IND VFIN" extra="vK fmc mv"/>
			<t id="s25_13" word="um" lemma="um" pos="art" morph="M S" extra="--"/>
			<t id="s25_14" word="agregado" lemma="agregado" pos="n" morph="M S" sem="cc HH" extra="--"/>
			<t id="s25_15" word="." lemma="--" pos="pu" morph="--" extra="--"/>
		</terminals>

		<nonterminals>
			<nt id="s25_500" cat="s">
				<edge label="STA" idref="s25_501"/>
			</nt>
			<nt id="s25_501" cat="fcl">
				<edge label="S" idref="s25_502"/>
				<edge label="fA" idref="s25_505"/>
				<edge label="PU" idref="s25_11"/>
				<edge label="P" idref="s25_12"/>
				<edge label="Cs" idref="s25_508"/>
				<edge label="PU" idref="s25_15"/>
			</nt>
			<nt id="s25_502" cat="np">
				<edge label="DN" idref="s25_1"/>
				<edge label="H" idref="s25_2"/>
				<edge label="DN" idref="s25_503"/>
			</nt>
			<nt id="s25_503" cat="par">
				<edge label="CJT" idref="s25_504"/>
				<edge label="CO" idref="s25_5"/>
				<edge label="CJT" idref="s25_6"/>
			</nt>
			<nt id="s25_504" cat="fcl">
				<edge label="S" idref="s25_3"/>
				<edge label="P" idref="s25_4"/>
			</nt>
			<nt id="s25_505" cat="advp">
				<edge label="P" idref="s25_7"/>
				<edge label="Op" idref="s25_506"/>
			</nt>
			<nt id="s25_506" cat="pp">
				<edge label="H" idref="s25_8"/>
				<edge label="DP" idref="s25_507"/>
			</nt>
			<nt id="s25_507" cat="np">
				<edge label="DN" idref="s25_9"/>
				<edge label="H" idref="s25_10"/>
			</nt>
			<nt id="s25_508" cat="np">
				<edge label="DN" idref="s25_13"/>
				<edge label="H" idref="s25_14"/>
			</nt>
		</nonterminals>
	</graph>
</s>

<s id="s26" ref="26" source="Running text" forest="1" text="Compartilhar enviar nova definição enviar nova imagem denunciar abuso Outras Informações:Palavras com 8 letras A palavra possui 4 vogais -- a e ao A palavra possui 4 consoantes -- gr g d 1 página -- 6 Definições orgasmo taj mahal quetognata quaieira madrugada.">
	<graph root="s26_500">
		<terminals>
			<t id="s26_1" word="Compartilhar" lemma="compartilhar" pos="v-inf" morph="--" extra="* vH mv"/>
			<t id="s26_2" word="enviar" lemma="enviar" pos="v-inf" morph="--" extra="vH mv"/>
			<t id="s26_3" word="nova" lemma="novo" pos="adj" morph="F S" extra="jh"/>
			<t id="s26_4" word="definição" lemma="definição" pos="n" morph="F S" sem="sem-c" extra="--"/>
			<t id="s26_5" word="enviar" lemma="enviar" pos="v-inf" morph="--" extra="vH mv"/>
			<t id="s26_6" word="nova" lemma="novo" pos="adj" morph="F S" extra="jh"/>
			<t id="s26_7" word="imagem" lemma="imagem" pos="n" morph="F S" sem="pict sem-c ac-cat" extra="--"/>
			<t id="s26_8" word="denunciar" lemma="denunciar" pos="v-inf" morph="--" extra="vH mv"/>
			<t id="s26_9" word="abuso" lemma="abuso" pos="n" morph="M S" sem="activity" extra="--"/>
			<t id="s26_10" word="Outras_Informações" lemma="Outras_Informações" pos="prop" morph="M S" extra="hum * heur np-close"/>
			<t id="s26_11" word=":Palavras" lemma=":Palavras" pos="n" morph="M S" extra="cjt-head cjt-head-S"/>
			<t id="s26_12" word="com" lemma="com" pos="prp" morph="--" extra="--"/>
			<t id="s26_13" word="8" lemma="8" pos="num" morph="F P" extra="card"/>
			<t id="s26_14" word="letras" lemma="letra" pos="n" morph="F P" sem="ac-sign sem-r domain" extra="--"/>
			<t id="s26_15" word="A" lemma="o" pos="art" morph="F S" extra="* "/>
			<t id="s26_16" word="palavra" lemma="palavra" pos="n" morph="F S" sem="ac-cat act-s" extra="cjt-S"/>
			<t id="s26_17" word="possui" lemma="possuir" pos="v-fin" morph="PR 3S IND VFIN" extra="cjt-head cjt-head-STA vH fmc mv"/>
			<t id="s26_18" word="4" lemma="4" pos="num" morph="M P" extra="card"/>
			<t id="s26_19" word="vogais" lemma="vogal" pos="n" morph="M P" sem="ac-cat H" extra="--"/>
			<t id="s26_20" word="--" lemma="--" pos="pu" morph="--" extra="--"/>
			<t id="s26_21" word="a" lemma="a" pos="prp" morph="--" extra="--"/>
			<t id="s26_22" word="e" lemma="e" pos="conj-c" morph="--" extra="--"/>
			<t id="s26_23" word="a" lemma="a" pos="prp" morph="--" extra="--"/>
			<t id="s26_24" word="o" lemma="o" pos="art" morph="M S" extra="--"/>
			<t id="s26_25" word="A" lemma="o" pos="art" morph="F S" extra="* "/>
			<t id="s26_26" word="palavra" lemma="palavra" pos="n" morph="F S" sem="ac-cat act-s" extra="--"/>
			<t id="s26_27" word="possui" lemma="possuir" pos="v-fin" morph="PR 3S IND VFIN" extra="cjt-STA vH fmc mv"/>
			<t id="s26_28" word="4" lemma="4" pos="num" morph="F P" extra="card"/>
			<t id="s26_29" word="consoantes" lemma="consoante" pos="n" morph="F P" sem="ac-cat" extra="--"/>
			<t id="s26_30" word="--" lemma="--" pos="pu" morph="--" extra="--"/>
			<t id="s26_31" word="gr" lemma="gr" pos="n" morph="M S/P" extra="cjt-head cjt-head-S"/>
			<t id="s26_32" word="g" lemma="g" pos="n" morph="M S/P" extra="cjt-S"/>
			<t id="s26_33" word="d" lemma="d" pos="n" morph="M S" sem="ac-sign" extra="cjt-S"/>
			<t id="s26_34" word="1" lemma="1" pos="num" morph="F S" extra="card"/>
			<t id="s26_35" word="página" lemma="página" pos="n" morph="F S" sem="cc-r" extra="cjt-S"/>
			<t id="s26_36" word="--" lemma="--" pos="pu" morph="--" extra="--"/>
			<t id="s26_37" word="6" lemma="6" pos="num" morph="F P" extra="card"/>
			<t id="s26_38" word="Definições" lemma="definição" pos="n" morph="F P" sem="sem-c" extra="prop *"/>
			<t id="s26_39" word="orgasmo" lemma="orgasmo" pos="n" morph="M S" sem="event" extra="--"/>
			<t id="s26_40" word="taj" lemma="taj" pos="n" morph="M S" extra="heur"/>
			<t id="s26_41" word="mahal" lemma="mahal" pos="adj" morph="M/F S" extra="--"/>
			<t id="s26_42" word="quetognata" lemma="quetognata" pos="n" morph="F S" extra="heur"/>
			<t id="s26_43" word="quaieira" lemma="quaieiro" pos="adj" morph="F S" extra="DERS"/>
			<t id="s26_44" word="madrugada" lemma="madrugada" pos="n" morph="F S" sem="temp" extra="--"/>
			<t id="s26_45" word="." lemma="--" pos="pu" morph="--" extra="--"/>
		</terminals>

		<nonterminals>
			<nt id="s26_500" cat="s">
				<edge label="UTT" idref="s26_501"/>
			</nt>
			<nt id="s26_501" cat="x">
				<edge label="STA" idref="s26_502"/>
				<edge label="UTT" idref="s26_507"/>
				<edge label="P" idref="s26_5"/>
				<edge label="Od" idref="s26_508"/>
				<edge label="UTT" idref="s26_509"/>
				<edge label="PU" idref="s26_45"/>
			</nt>
			<nt id="s26_502" cat="par">
				<edge label="CJT" idref="s26_503"/>
			</nt>
			<nt id="s26_503" cat="fcl">
				<edge label="S" idref="s26_504"/>
			</nt>
			<nt id="s26_504" cat="icl">
				<edge label="P" idref="s26_1"/>
				<edge label="Od" idref="s26_505"/>
			</nt>
			<nt id="s26_505" cat="icl">
				<edge label="P" idref="s26_2"/>
				<edge label="Od" idref="s26_506"/>
			</nt>
			<nt id="s26_506" cat="np">
				<edge label="DN" idref="s26_3"/>
				<edge label="H" idref="s26_4"/>
			</nt>
			<nt id="s26_507" cat="icl">
			</nt>
			<nt id="s26_508" cat="np">
				<edge label="DN" idref="s26_6"/>
				<edge label="H" idref="s26_7"/>
			</nt>
			<nt id="s26_509" cat="fcl">
				<edge label="P" idref="s26_8"/>
				<edge label="Od" idref="s26_510"/>
				<edge label="S" idref="s26_511"/>
				<edge label="fA" idref="s26_512"/>
				<edge label="CJT" idref="s26_516"/>
			</nt>
			<nt id="s26_510" cat="np">
				<edge label="H" idref="s26_9"/>
				<edge label="DN" idref="s26_10"/>
			</nt>
			<nt id="s26_511" cat="par">
				<edge label="CJT" idref="s26_11"/>
			</nt>
			<nt id="s26_512" cat="pp">
				<edge label="H" idref="s26_12"/>
				<edge label="DP" idref="s26_513"/>
				<edge label="CJT" idref="s26_514"/>
				<edge label="P" idref="s26_17"/>
				<edge label="Od" idref="s26_515"/>
			</nt>
			<nt id="s26_513" cat="np">
				<edge label="DN" idref="s26_13"/>
				<edge label="H" idref="s26_14"/>
			</nt>
			<nt id="s26_514" cat="np">
				<edge label="DN" idref="s26_15"/>
				<edge label="H" idref="s26_16"/>
			</nt>
			<nt id="s26_515" cat="np">
				<edge label="DN" idref="s26_18"/>
				<edge label="H" idref="s26_19"/>
				<edge label="PU" idref="s26_20"/>
				<edge label="CO" idref="s26_22"/>
			</nt>
			<nt id="s26_516" cat="fcl">
				<edge label="fA" idref="s26_21"/>
				<edge label="fA" idref="s26_517"/>
				<edge label="P" idref="s26_27"/>
				<edge label="Od" idref="s26_519"/>
				<edge label="S" idref="s26_520"/>
				<edge label="fCsta" idref="s26_522"/>
				<edge label="fCs" idref="s26_39"/>
				<edge label="fCs" idref="s26_40"/>
				<edge label="fCs" idref="s26_41"/>
				<edge label="fCs" idref="s26_42"/>
				<edge label="fCs" idref="s26_43"/>
				<edge label="fCs" idref="s26_44"/>
			</nt>
			<nt id="s26_517" cat="pp">
				<edge label="H" idref="s26_23"/>
				<edge label="DP" idref="s26_518"/>
			</nt>
			<nt id="s26_518" cat="np">
				<edge label="DN" idref="s26_24"/>
				<edge label="DN" idref="s26_25"/>
				<edge label="H" idref="s26_26"/>
			</nt>
			<nt id="s26_519" cat="np">
				<edge label="DN" idref="s26_28"/>
				<edge label="H" idref="s26_29"/>
				<edge label="PU" idref="s26_30"/>
			</nt>
			<nt id="s26_520" cat="par">
				<edge label="CJT" idref="s26_31"/>
				<edge label="CJT" idref="s26_32"/>
				<edge label="CJT" idref="s26_33"/>
				<edge label="CJT" idref="s26_521"/>
			</nt>
			<nt id="s26_521" cat="np">
				<edge label="DN" idref="s26_34"/>
				<edge label="H" idref="s26_35"/>
				<edge label="PU" idref="s26_36"/>
			</nt>
			<nt id="s26_522" cat="np">
				<edge label="DN" idref="s26_37"/>
				<edge label="H" idref="s26_38"/>
			</nt>
		</nonterminals>
	</graph>
</s>

	</body>
</corpus>
