<?xml version="1.0" encoding="UTF-8"?>
<corpus>

	<body>
<s id="s1" ref="1" source="Running text" forest="1" text="Anteprojeto 1 Definição encontrada.">
	<graph root="s1_500">
		<terminals>
			<t id="s1_1" word="Anteprojeto" lemma="anteprojeto" pos="n" morph="M S" sem="sem-c" extra="cjt-head cjt-head-X *"/>
			<t id="s1_2" word="1" lemma="1" pos="num" morph="F S" extra="card"/>
			<t id="s1_3" word="Definição" lemma="definição" pos="n" morph="F S" sem="sem-c" extra="cjt-X prop *"/>
			<t id="s1_4" word="encontrada" lemma="encontrado" pos="adj" morph="F S" extra="nh np-close"/>
			<t id="s1_5" word="." lemma="--" pos="pu" morph="--" extra="--"/>
		</terminals>

		<nonterminals>
			<nt id="s1_500" cat="s">
				<edge label="X" idref="s1_501"/>
			</nt>
			<nt id="s1_501" cat="par">
				<edge label="CJT" idref="s1_1"/>
				<edge label="CJT" idref="s1_502"/>
				<edge label="PU" idref="s1_5"/>
			</nt>
			<nt id="s1_502" cat="np">
				<edge label="DN" idref="s1_2"/>
				<edge label="H" idref="s1_3"/>
				<edge label="DN" idref="s1_4"/>
			</nt>
		</nonterminals>
	</graph>
</s>

<s id="s2" ref="2" source="Running text" forest="1" text="Tweet Classificação morfossintática:">
	<graph root="s2_500">
		<terminals>
			<t id="s2_1" word="Tweet_Classificação" lemma="Tweet_Classificação" pos="prop" morph="M S" extra="common * heur"/>
			<t id="s2_2" word="morfossintática" lemma="morfossintático" pos="adj" morph="F S" extra="DERS jh np-close"/>
			<t id="s2_3" word=":" lemma="--" pos="pu" morph="--" extra="--"/>
		</terminals>

		<nonterminals>
			<nt id="s2_500" cat="s">
				<edge label="X" idref="s2_501"/>
			</nt>
			<nt id="s2_501" cat="np">
				<edge label="H" idref="s2_1"/>
				<edge label="DN" idref="s2_2"/>
				<edge label="PU" idref="s2_3"/>
			</nt>
		</nonterminals>
	</graph>
</s>

<s id="s3" ref="3" source="Running text" forest="1" text="Substantivo, masculino singular Flexões da palavra Anteprojeto Significados de Anteprojeto:">
	<graph root="s3_500">
		<terminals>
			<t id="s3_1" word="Substantivo" lemma="substantivar" pos="v-fin" morph="PR 1S IND VFIN" extra="* vH fmc mv"/>
			<t id="s3_2" word="," lemma="--" pos="pu" morph="--" extra="--"/>
			<t id="s3_3" word="masculino" lemma="masculino" pos="adj" morph="M S" extra="jh"/>
			<t id="s3_4" word="singular" lemma="singular" pos="adj" morph="F S" extra="jh"/>
			<t id="s3_5" word="Flexões" lemma="flexão" pos="n" morph="F P" sem="act" extra="prop *"/>
			<t id="s3_6" word="de" lemma="de" pos="prp" morph="--" extra="sam- np-close"/>
			<t id="s3_7" word="a" lemma="o" pos="art" morph="F S" extra="-sam "/>
			<t id="s3_8" word="palavra" lemma="palavra" pos="n" morph="F S" sem="ac-cat act-s" extra="--"/>
			<t id="s3_9" word="Anteprojeto_Significados_de_Anteprojeto" lemma="Anteprojeto_Significados_de_Anteprojeto" pos="prop" morph="F S" extra="org * heur np-close"/>
			<t id="s3_10" word=":" lemma="--" pos="pu" morph="--" extra="--"/>
		</terminals>

		<nonterminals>
			<nt id="s3_500" cat="s">
				<edge label="STA" idref="s3_501"/>
			</nt>
			<nt id="s3_501" cat="fcl">
				<edge label="P" idref="s3_1"/>
				<edge label="PU" idref="s3_2"/>
				<edge label="fCs" idref="s3_3"/>
				<edge label="fCs" idref="s3_502"/>
				<edge label="PU" idref="s3_10"/>
			</nt>
			<nt id="s3_502" cat="np">
				<edge label="DN" idref="s3_4"/>
				<edge label="H" idref="s3_5"/>
				<edge label="DN" idref="s3_503"/>
			</nt>
			<nt id="s3_503" cat="pp">
				<edge label="H" idref="s3_6"/>
				<edge label="DP" idref="s3_504"/>
			</nt>
			<nt id="s3_504" cat="np">
				<edge label="DN" idref="s3_7"/>
				<edge label="H" idref="s3_8"/>
				<edge label="DN" idref="s3_9"/>
			</nt>
		</nonterminals>
	</graph>
</s>

<s id="s4" ref="4" source="Running text" forest="1" text="12 sobe, 7 desce 1. Anteprojeto Por BGT(DF) em 09-07-2008 É uma espécie de rascunho, caracterizando- se como estudo preliminar para uma obra artística, independente do suporte.">
	<graph root="s4_500">
		<terminals>
			<t id="s4_1" word="12" lemma="12" pos="num" morph="F S" extra="card"/>
			<t id="s4_2" word="sobe" lemma="subir" pos="v-fin" morph="PR 3S IND VFIN" extra="cjt-head cjt-head-STA fmc mv"/>
			<t id="s4_3" word="," lemma="--" pos="pu" morph="--" extra="--"/>
			<t id="s4_4" word="7" lemma="7" pos="num" morph="M/F P" extra="card"/>
			<t id="s4_5" word="desce" lemma="descer" pos="v-fin" morph="PR 3S IND VFIN" extra="cjt-STA fmc mv"/>
			<t id="s4_6" word="1." lemma="1." pos="adj" morph="M S" extra="NUM-ord jh"/>
			<t id="s4_7" word="Anteprojeto" lemma="anteprojeto" pos="n" morph="M S" sem="sem-c" extra="prop *"/>
			<t id="s4_8" word="Por_BGT" lemma="Por_BGT" pos="prop" morph="M S" extra="tit * heur np-close"/>
			<t id="s4_9" word="(" lemma="--" pos="pu" morph="--" extra="--"/>
			<t id="s4_10" word="DF" lemma="DF" pos="prop" morph="M S" extra="civ * np-close"/>
			<t id="s4_11" word=")" lemma="--" pos="pu" morph="--" extra="--"/>
			<t id="s4_12" word="em" lemma="em" pos="prp" morph="--" extra="--"/>
			<t id="s4_13" word="09-07-2008" lemma="09-07-2008" pos="num" morph="M/F S" extra="card"/>
			<t id="s4_14" word="É" lemma="ser" pos="v-fin" morph="PR 3S IND VFIN" extra="nosubj cjt-STA * vK fmc mv"/>
			<t id="s4_15" word="uma" lemma="um" pos="art" morph="F S" extra="--"/>
			<t id="s4_16" word="espécie" lemma="espécie" pos="n" morph="F S" sem="meta A" extra="--"/>
			<t id="s4_17" word="de" lemma="de" pos="prp" morph="--" extra="np-close"/>
			<t id="s4_18" word="rascunho" lemma="rascunho" pos="n" morph="M S" sem="cc-r sem-c" extra="--"/>
			<t id="s4_19" word="," lemma="--" pos="pu" morph="--" extra="--"/>
			<t id="s4_20" word="caracterizando-" lemma="caracterizar" pos="v-ger" morph="--" extra="clb hyfen vH mv v-pron"/>
			<t id="s4_21" word="se" lemma="se" pos="pron-pers" morph="F 3S ACC" extra="refl pass"/>
			<t id="s4_22" word="como" lemma="como" pos="prp" morph="--" extra="prd adv-rel"/>
			<t id="s4_23" word="estudo" lemma="estudo" pos="n" morph="M S" sem="sem-r per sem-l activity" extra="asarg"/>
			<t id="s4_24" word="preliminar" lemma="preliminar" pos="adj" morph="M S" extra="nh np-close"/>
			<t id="s4_25" word="para" lemma="para" pos="prp" morph="--" extra="np-long"/>
			<t id="s4_26" word="uma" lemma="um" pos="art" morph="F S" extra="--"/>
			<t id="s4_27" word="obra" lemma="obra" pos="n" morph="F S" sem="sem-c Lh activity" extra="--"/>
			<t id="s4_28" word="artística" lemma="artístico" pos="adj" morph="F S" extra="jh np-close"/>
			<t id="s4_29" word="," lemma="--" pos="pu" morph="--" extra="--"/>
			<t id="s4_30" word="independente" lemma="independente" pos="adj" morph="M/F S" extra="jh np-close"/>
			<t id="s4_31" word="de" lemma="de" pos="prp" morph="--" extra="sam- np-close"/>
			<t id="s4_32" word="o" lemma="o" pos="art" morph="M S" extra="-sam "/>
			<t id="s4_33" word="suporte" lemma="suporte" pos="n" morph="M S" sem="ac part-mach part-build cc-handle" extra="--"/>
			<t id="s4_34" word="." lemma="--" pos="pu" morph="--" extra="--"/>
		</terminals>

		<nonterminals>
			<nt id="s4_500" cat="s">
				<edge label="STA" idref="s4_501"/>
			</nt>
			<nt id="s4_501" cat="par">
				<edge label="CJT" idref="s4_502"/>
				<edge label="PU" idref="s4_3"/>
				<edge label="CJT" idref="s4_503"/>
				<edge label="CJT" idref="s4_507"/>
				<edge label="PU" idref="s4_34"/>
			</nt>
			<nt id="s4_502" cat="fcl">
				<edge label="S" idref="s4_1"/>
				<edge label="P" idref="s4_2"/>
			</nt>
			<nt id="s4_503" cat="fcl">
				<edge label="Od" idref="s4_4"/>
				<edge label="P" idref="s4_5"/>
				<edge label="S" idref="s4_504"/>
				<edge label="fA" idref="s4_506"/>
			</nt>
			<nt id="s4_504" cat="np">
				<edge label="DN" idref="s4_6"/>
				<edge label="H" idref="s4_7"/>
				<edge label="DN" idref="s4_505"/>
			</nt>
			<nt id="s4_505" cat="np">
				<edge label="H" idref="s4_8"/>
				<edge label="PU" idref="s4_9"/>
				<edge label="DNc" idref="s4_10"/>
				<edge label="PU" idref="s4_11"/>
			</nt>
			<nt id="s4_506" cat="pp">
				<edge label="H" idref="s4_12"/>
				<edge label="DP" idref="s4_13"/>
			</nt>
			<nt id="s4_507" cat="x">
				<edge label="P" idref="s4_14"/>
				<edge label="Cs" idref="s4_508"/>
				<edge label="PU" idref="s4_19"/>
				<edge label="fA" idref="s4_510"/>
			</nt>
			<nt id="s4_508" cat="np">
				<edge label="DN" idref="s4_15"/>
				<edge label="H" idref="s4_16"/>
				<edge label="DN" idref="s4_509"/>
			</nt>
			<nt id="s4_509" cat="pp">
				<edge label="H" idref="s4_17"/>
				<edge label="DP" idref="s4_18"/>
			</nt>
			<nt id="s4_510" cat="advp">
				<edge label="P" idref="s4_20"/>
				<edge label="Od" idref="s4_21"/>
				<edge label="Cs" idref="s4_511"/>
			</nt>
			<nt id="s4_511" cat="pp">
				<edge label="H" idref="s4_22"/>
				<edge label="DP" idref="s4_512"/>
			</nt>
			<nt id="s4_512" cat="np">
				<edge label="H" idref="s4_23"/>
				<edge label="DN" idref="s4_24"/>
				<edge label="DN" idref="s4_513"/>
			</nt>
			<nt id="s4_513" cat="pp">
				<edge label="H" idref="s4_25"/>
				<edge label="DP" idref="s4_514"/>
			</nt>
			<nt id="s4_514" cat="np">
				<edge label="DN" idref="s4_26"/>
				<edge label="H" idref="s4_27"/>
				<edge label="DN" idref="s4_28"/>
				<edge label="PU" idref="s4_29"/>
				<edge label="DNc" idref="s4_515"/>
			</nt>
			<nt id="s4_515" cat="np">
				<edge label="H" idref="s4_30"/>
				<edge label="DNc" idref="s4_516"/>
			</nt>
			<nt id="s4_516" cat="pp">
				<edge label="H" idref="s4_31"/>
				<edge label="DP" idref="s4_517"/>
			</nt>
			<nt id="s4_517" cat="np">
				<edge label="DN" idref="s4_32"/>
				<edge label="H" idref="s4_33"/>
			</nt>
		</nonterminals>
	</graph>
</s>

<s id="s5" ref="5" source="Running text" forest="1" text="Esboço.">
	<graph root="s5_500">
		<terminals>
			<t id="s5_1" word="Esboço" lemma="esboço" pos="n" morph="M S" extra="* pict"/>
			<t id="s5_2" word="." lemma="--" pos="pu" morph="--" extra="--"/>
		</terminals>

		<nonterminals>
			<nt id="s5_500" cat="s">
				<edge label="UTT" idref="s5_501"/>
			</nt>
			<nt id="s5_501" cat="x">
				<edge label="X" idref="s5_1"/>
				<edge label="PU" idref="s5_2"/>
			</nt>
		</nonterminals>
	</graph>
</s>

<s id="s6" ref="6" source="Running text" forest="1" text="Compartilhar enviar nova definição enviar nova imagem denunciar abuso Relacionadas:">
	<graph root="s6_500">
		<terminals>
			<t id="s6_1" word="Compartilhar" lemma="compartilhar" pos="v-inf" morph="--" extra="* vH mv"/>
			<t id="s6_2" word="enviar" lemma="enviar" pos="v-inf" morph="--" extra="vH mv"/>
			<t id="s6_3" word="nova" lemma="novo" pos="adj" morph="F S" extra="jh"/>
			<t id="s6_4" word="definição" lemma="definição" pos="n" morph="F S" sem="sem-c" extra="--"/>
			<t id="s6_5" word="enviar" lemma="enviar" pos="v-inf" morph="--" extra="vH mv"/>
			<t id="s6_6" word="nova" lemma="novo" pos="adj" morph="F S" extra="jh"/>
			<t id="s6_7" word="imagem" lemma="imagem" pos="n" morph="F S" sem="pict sem-c ac-cat" extra="--"/>
			<t id="s6_8" word="denunciar" lemma="denunciar" pos="v-inf" morph="--" extra="vH mv"/>
			<t id="s6_9" word="abuso" lemma="abuso" pos="n" morph="M S" sem="activity" extra="--"/>
			<t id="s6_10" word="Relacionadas" lemma="Relacionadas" pos="prop" morph="M S" extra="hum * np-close"/>
			<t id="s6_11" word=":" lemma="--" pos="pu" morph="--" extra="--"/>
		</terminals>

		<nonterminals>
			<nt id="s6_500" cat="s">
				<edge label="UTT" idref="s6_501"/>
			</nt>
			<nt id="s6_501" cat="icl">
				<edge label="P" idref="s6_1"/>
				<edge label="Od" idref="s6_502"/>
				<edge label="PU" idref="s6_11"/>
			</nt>
			<nt id="s6_502" cat="icl">
				<edge label="P" idref="s6_2"/>
				<edge label="Od" idref="s6_503"/>
				<edge label="UTT" idref="s6_504"/>
				<edge label="UTT" idref="s6_506"/>
			</nt>
			<nt id="s6_503" cat="np">
				<edge label="DN" idref="s6_3"/>
				<edge label="H" idref="s6_4"/>
			</nt>
			<nt id="s6_504" cat="icl">
				<edge label="P" idref="s6_5"/>
				<edge label="Od" idref="s6_505"/>
			</nt>
			<nt id="s6_505" cat="np">
				<edge label="DN" idref="s6_6"/>
				<edge label="H" idref="s6_7"/>
			</nt>
			<nt id="s6_506" cat="icl">
				<edge label="P" idref="s6_8"/>
				<edge label="Od" idref="s6_507"/>
			</nt>
			<nt id="s6_507" cat="np">
				<edge label="H" idref="s6_9"/>
				<edge label="DN" idref="s6_10"/>
			</nt>
		</nonterminals>
	</graph>
</s>

<s id="s7" ref="7" source="Running text" forest="1" text="croki mais...">
	<graph root="s7_500">
		<terminals>
			<t id="s7_1" word="croki" lemma="croker" pos="v-fin" morph="PS 1S IND VFIN" extra="foreign heur fmc mv"/>
			<t id="s7_2" word="mais" lemma="mais" pos="adv" morph="--" extra="--"/>
			<t id="s7_3" word="." lemma="--" pos="pu" morph="--" extra="--"/>
		</terminals>

		<nonterminals>
			<nt id="s7_500" cat="s">
				<edge label="STA" idref="s7_501"/>
			</nt>
			<nt id="s7_501" cat="fcl">
				<edge label="P" idref="s7_1"/>
				<edge label="fA" idref="s7_2"/>
				<edge label="PU" idref="s7_3"/>
			</nt>
		</nonterminals>
	</graph>
</s>

<s id="s8" ref="8" source="Running text" forest="1" text="Outras Informações:Palavras com 11 letras A palavra possui 5 vogais -- a e o e o A palavra possui 6 consoantes -- nt pr j t 1 página -- 1 Definição respeito navassa wildiano 68 madrugada.">
	<graph root="s8_500">
		<terminals>
			<t id="s8_1" word="Outras_Informações" lemma="Outras_Informações" pos="prop" morph="M/F S" extra="hum * heur"/>
			<t id="s8_2" word=":Palavras" lemma=":Palavras" pos="n" morph="M S" extra="--"/>
			<t id="s8_3" word="com" lemma="com" pos="prp" morph="--" extra="np-close"/>
			<t id="s8_4" word="11" lemma="11" pos="num" morph="F P" extra="card"/>
			<t id="s8_5" word="letras" lemma="letra" pos="n" morph="F P" sem="ac-sign sem-r domain" extra="--"/>
			<t id="s8_6" word="A" lemma="o" pos="art" morph="F S" extra="* "/>
			<t id="s8_7" word="palavra" lemma="palavra" pos="n" morph="F S" sem="ac-cat act-s" extra="--"/>
			<t id="s8_8" word="possui" lemma="possuir" pos="v-fin" morph="PR 3S IND VFIN" extra="cjt-head cjt-head-STA vH fmc mv"/>
			<t id="s8_9" word="5" lemma="5" pos="num" morph="M P" extra="card"/>
			<t id="s8_10" word="vogais" lemma="vogal" pos="n" morph="M P" sem="ac-cat H" extra="--"/>
			<t id="s8_11" word="--" lemma="--" pos="pu" morph="--" extra="--"/>
			<t id="s8_12" word="a" lemma="a" pos="prp" morph="--" extra="--"/>
			<t id="s8_13" word="e" lemma="e" pos="conj-c" morph="--" extra="--"/>
			<t id="s8_14" word="o" lemma="o" pos="art" morph="M S" extra="--"/>
			<t id="s8_15" word="e" lemma="e" pos="conj-c" morph="--" extra="--"/>
			<t id="s8_16" word="o" lemma="o" pos="art" morph="M S" extra="--"/>
			<t id="s8_17" word="A" lemma="o" pos="art" morph="F S" extra="* "/>
			<t id="s8_18" word="palavra" lemma="palavra" pos="n" morph="F S" sem="ac-cat act-s" extra="--"/>
			<t id="s8_19" word="possui" lemma="possuir" pos="v-fin" morph="PR 3S IND VFIN" extra="cjt-STA vH fmc mv"/>
			<t id="s8_20" word="6" lemma="6" pos="num" morph="F P" extra="card"/>
			<t id="s8_21" word="consoantes" lemma="consoante" pos="n" morph="F P" sem="ac-cat" extra="--"/>
			<t id="s8_22" word="--" lemma="--" pos="pu" morph="--" extra="--"/>
			<t id="s8_23" word="nt" lemma="nt" pos="n" morph="M/F S" extra="cjt-head cjt-head-S foreign"/>
			<t id="s8_24" word="pr" lemma="por" pos="prp" morph="--" extra="--"/>
			<t id="s8_25" word="j" lemma="j" pos="n" morph="M S" sem="ac-sign" extra="--"/>
			<t id="s8_26" word="t" lemma="t" pos="n" morph="M S" sem="ac-sign" extra="--"/>
			<t id="s8_27" word="1" lemma="1" pos="num" morph="F S" extra="card"/>
			<t id="s8_28" word="página" lemma="página" pos="n" morph="F S" sem="cc-r" extra="cjt-S"/>
			<t id="s8_29" word="--" lemma="--" pos="pu" morph="--" extra="--"/>
			<t id="s8_30" word="1" lemma="1" pos="num" morph="F S" extra="card"/>
			<t id="s8_31" word="Definição" lemma="definição" pos="n" morph="F S" sem="sem-c" extra="prop *"/>
			<t id="s8_32" word="respeito" lemma="respeito" pos="n" morph="M S" sem="am ac sem-r" extra="--"/>
			<t id="s8_33" word="navassa" lemma="navassar" pos="v-fin" morph="PR 3S IND VFIN" extra="cjt-STA heur fmc mv"/>
			<t id="s8_34" word="wildiano" lemma="wildiano" pos="adj" morph="M S" extra="DERS foreign"/>
			<t id="s8_35" word="68" lemma="68" pos="num" morph="F P" extra="card"/>
			<t id="s8_36" word="madrugada" lemma="madrugada" pos="n" morph="F P" sem="temp" extra="--"/>
			<t id="s8_37" word="." lemma="--" pos="pu" morph="--" extra="--"/>
		</terminals>

		<nonterminals>
			<nt id="s8_500" cat="s">
				<edge label="STA" idref="s8_501"/>
			</nt>
			<nt id="s8_501" cat="par">
				<edge label="CJT" idref="s8_502"/>
				<edge label="CJT" idref="s8_508"/>
				<edge label="CJT" idref="s8_513"/>
				<edge label="PU" idref="s8_37"/>
			</nt>
			<nt id="s8_502" cat="fcl">
				<edge label="S" idref="s8_1"/>
				<edge label="fCs" idref="s8_503"/>
				<edge label="S" idref="s8_506"/>
				<edge label="P" idref="s8_8"/>
				<edge label="Od" idref="s8_507"/>
			</nt>
			<nt id="s8_503" cat="np">
				<edge label="H" idref="s8_2"/>
				<edge label="DN" idref="s8_504"/>
			</nt>
			<nt id="s8_504" cat="pp">
				<edge label="H" idref="s8_3"/>
				<edge label="DP" idref="s8_505"/>
			</nt>
			<nt id="s8_505" cat="np">
				<edge label="DN" idref="s8_4"/>
				<edge label="H" idref="s8_5"/>
			</nt>
			<nt id="s8_506" cat="np">
				<edge label="DN" idref="s8_6"/>
				<edge label="H" idref="s8_7"/>
			</nt>
			<nt id="s8_507" cat="np">
				<edge label="DN" idref="s8_9"/>
				<edge label="H" idref="s8_10"/>
				<edge label="PU" idref="s8_11"/>
				<edge label="CO" idref="s8_13"/>
				<edge label="DP" idref="s8_509"/>
				<edge label="CO" idref="s8_15"/>
			</nt>
			<nt id="s8_508" cat="fcl">
				<edge label="fA" idref="s8_12"/>
				<edge label="P" idref="s8_19"/>
				<edge label="Od" idref="s8_510"/>
				<edge label="S" idref="s8_511"/>
				<edge label="fA" idref="s8_512"/>
			</nt>
			<nt id="s8_509" cat="np">
				<edge label="DN" idref="s8_14"/>
				<edge label="DN" idref="s8_16"/>
				<edge label="DN" idref="s8_17"/>
				<edge label="H" idref="s8_18"/>
			</nt>
			<nt id="s8_510" cat="np">
				<edge label="DN" idref="s8_20"/>
				<edge label="H" idref="s8_21"/>
				<edge label="PU" idref="s8_22"/>
			</nt>
			<nt id="s8_511" cat="par">
				<edge label="CJT" idref="s8_23"/>
			</nt>
			<nt id="s8_512" cat="pp">
				<edge label="H" idref="s8_24"/>
				<edge label="DP" idref="s8_25"/>
				<edge label="CJT" idref="s8_514"/>
			</nt>
			<nt id="s8_513" cat="fcl">
				<edge label="fCs" idref="s8_26"/>
				<edge label="fCs" idref="s8_515"/>
				<edge label="S" idref="s8_32"/>
				<edge label="P" idref="s8_33"/>
				<edge label="fCs" idref="s8_34"/>
				<edge label="fA" idref="s8_516"/>
			</nt>
			<nt id="s8_514" cat="np">
				<edge label="DN" idref="s8_27"/>
				<edge label="H" idref="s8_28"/>
				<edge label="PU" idref="s8_29"/>
			</nt>
			<nt id="s8_515" cat="np">
				<edge label="DN" idref="s8_30"/>
				<edge label="H" idref="s8_31"/>
			</nt>
			<nt id="s8_516" cat="np">
				<edge label="DN" idref="s8_35"/>
				<edge label="H" idref="s8_36"/>
			</nt>
		</nonterminals>
	</graph>
</s>

	</body>
</corpus>
