<?xml version="1.0" encoding="UTF-8"?>
<corpus>

	<body>
<s id="s1" ref="1" source="Running text" forest="1" text="Arrufos 5 Definições encontradas.">
	<graph root="s1_500">
		<terminals>
			<t id="s1_1" word="Arrufos" lemma="arrufo" pos="n" morph="M P" sem="sit" extra="cjt-head cjt-head-X *"/>
			<t id="s1_2" word="5" lemma="5" pos="num" morph="F P" extra="card"/>
			<t id="s1_3" word="Definições" lemma="definição" pos="n" morph="F P" sem="sem-c" extra="cjt-X prop *"/>
			<t id="s1_4" word="encontradas" lemma="encontrado" pos="adj" morph="F P" extra="nh np-close"/>
			<t id="s1_5" word="." lemma="--" pos="pu" morph="--" extra="--"/>
		</terminals>

		<nonterminals>
			<nt id="s1_500" cat="s">
				<edge label="X" idref="s1_501"/>
			</nt>
			<nt id="s1_501" cat="par">
				<edge label="CJT" idref="s1_1"/>
				<edge label="CJT" idref="s1_502"/>
				<edge label="PU" idref="s1_5"/>
			</nt>
			<nt id="s1_502" cat="np">
				<edge label="DN" idref="s1_2"/>
				<edge label="H" idref="s1_3"/>
				<edge label="DN" idref="s1_4"/>
			</nt>
		</nonterminals>
	</graph>
</s>

<s id="s2" ref="2" source="Running text" forest="1" text="Tweet Classificação morfossintática:">
	<graph root="s2_500">
		<terminals>
			<t id="s2_1" word="Tweet_Classificação" lemma="Tweet_Classificação" pos="prop" morph="M S" extra="common * heur"/>
			<t id="s2_2" word="morfossintática" lemma="morfossintático" pos="adj" morph="F S" extra="DERS jh np-close"/>
			<t id="s2_3" word=":" lemma="--" pos="pu" morph="--" extra="--"/>
		</terminals>

		<nonterminals>
			<nt id="s2_500" cat="s">
				<edge label="X" idref="s2_501"/>
			</nt>
			<nt id="s2_501" cat="np">
				<edge label="H" idref="s2_1"/>
				<edge label="DN" idref="s2_2"/>
				<edge label="PU" idref="s2_3"/>
			</nt>
		</nonterminals>
	</graph>
</s>

<s id="s3" ref="3" source="Running text" forest="1" text="Substantivo, masculino plural de arrufo Flexões da palavra Arrufos Significados de Arrufos:">
	<graph root="s3_500">
		<terminals>
			<t id="s3_1" word="Substantivo" lemma="substantivar" pos="v-fin" morph="PR 1S IND VFIN" extra="* vH fmc mv"/>
			<t id="s3_2" word="," lemma="--" pos="pu" morph="--" extra="--"/>
			<t id="s3_3" word="masculino" lemma="masculino" pos="adj" morph="M S" extra="--"/>
			<t id="s3_4" word="plural" lemma="plural" pos="n" morph="M S" sem="ac-cat" extra="--"/>
			<t id="s3_5" word="de" lemma="de" pos="prp" morph="--" extra="np-close"/>
			<t id="s3_6" word="arrufo" lemma="arrufo" pos="n" morph="M S" sem="sit" extra="--"/>
			<t id="s3_7" word="Flexões" lemma="Flexões" pos="prop" morph="M S" extra="hum * np-close"/>
			<t id="s3_8" word="de" lemma="de" pos="prp" morph="--" extra="sam- np-close"/>
			<t id="s3_9" word="a" lemma="o" pos="art" morph="F S" extra="-sam "/>
			<t id="s3_10" word="palavra" lemma="palavra" pos="n" morph="F S" sem="ac-cat act-s" extra="--"/>
			<t id="s3_11" word="Arrufos_Significados_de_Arrufos" lemma="Arrufos_Significados_de_Arrufos" pos="prop" morph="F S" extra="org * heur np-close"/>
			<t id="s3_12" word=":" lemma="--" pos="pu" morph="--" extra="--"/>
		</terminals>

		<nonterminals>
			<nt id="s3_500" cat="s">
				<edge label="STA" idref="s3_501"/>
			</nt>
			<nt id="s3_501" cat="fcl">
				<edge label="P" idref="s3_1"/>
				<edge label="PU" idref="s3_2"/>
				<edge label="fCs" idref="s3_502"/>
				<edge label="PU" idref="s3_12"/>
			</nt>
			<nt id="s3_502" cat="np">
				<edge label="DN" idref="s3_3"/>
				<edge label="H" idref="s3_4"/>
				<edge label="DN" idref="s3_503"/>
			</nt>
			<nt id="s3_503" cat="pp">
				<edge label="H" idref="s3_5"/>
				<edge label="DP" idref="s3_504"/>
			</nt>
			<nt id="s3_504" cat="np">
				<edge label="H" idref="s3_6"/>
				<edge label="DN" idref="s3_505"/>
			</nt>
			<nt id="s3_505" cat="np">
				<edge label="H" idref="s3_7"/>
				<edge label="DN" idref="s3_506"/>
			</nt>
			<nt id="s3_506" cat="pp">
				<edge label="H" idref="s3_8"/>
				<edge label="DP" idref="s3_507"/>
			</nt>
			<nt id="s3_507" cat="np">
				<edge label="DN" idref="s3_9"/>
				<edge label="H" idref="s3_10"/>
				<edge label="DN" idref="s3_11"/>
			</nt>
		</nonterminals>
	</graph>
</s>

<s id="s4" ref="4" source="Running text" forest="1" text="10 sobe, 6 desce 1. Arrufos Por Dácio Jaegger(RJ) em 18-05-2011 Plural de arrufo.">
	<graph root="s4_500">
		<terminals>
			<t id="s4_1" word="10" lemma="10" pos="num" morph="M/F S" extra="card"/>
			<t id="s4_2" word="sobe" lemma="subir" pos="v-fin" morph="PR 3S IND VFIN" extra="cjt-head cjt-head-STA fmc mv"/>
			<t id="s4_3" word="," lemma="--" pos="pu" morph="--" extra="--"/>
			<t id="s4_4" word="6" lemma="6" pos="num" morph="M/F P" extra="card"/>
			<t id="s4_5" word="desce" lemma="descer" pos="v-fin" morph="PR 3S IND VFIN" extra="cjt-STA fmc mv"/>
			<t id="s4_6" word="1." lemma="1." pos="adj" morph="M/F S" extra="NUM-ord"/>
			<t id="s4_7" word="Arrufos_Por_Dácio_Jaegger" lemma="Arrufos_Por_Dácio_Jaegger" pos="prop" morph="M/F S" extra="hum * heur"/>
			<t id="s4_8" word="(" lemma="--" pos="pu" morph="--" extra="--"/>
			<t id="s4_9" word="RJ" lemma="RJ" pos="prop" morph="M S" extra="civ * np-close"/>
			<t id="s4_10" word=")" lemma="--" pos="pu" morph="--" extra="--"/>
			<t id="s4_11" word="em" lemma="em" pos="prp" morph="--" extra="--"/>
			<t id="s4_12" word="18-05-2011" lemma="18-05-2011" pos="num" morph="M P" extra="card"/>
			<t id="s4_13" word="Plural" lemma="plural" pos="n" morph="M P" sem="ac-cat" extra="prop *"/>
			<t id="s4_14" word="de" lemma="de" pos="prp" morph="--" extra="np-close"/>
			<t id="s4_15" word="arrufo" lemma="arrufo" pos="n" morph="M S" sem="sit" extra="--"/>
			<t id="s4_16" word="." lemma="--" pos="pu" morph="--" extra="--"/>
		</terminals>

		<nonterminals>
			<nt id="s4_500" cat="s">
				<edge label="STA" idref="s4_501"/>
			</nt>
			<nt id="s4_501" cat="par">
				<edge label="CJT" idref="s4_502"/>
				<edge label="PU" idref="s4_3"/>
				<edge label="CJT" idref="s4_503"/>
				<edge label="PU" idref="s4_16"/>
			</nt>
			<nt id="s4_502" cat="fcl">
				<edge label="S" idref="s4_1"/>
				<edge label="P" idref="s4_2"/>
			</nt>
			<nt id="s4_503" cat="fcl">
				<edge label="Od" idref="s4_4"/>
				<edge label="P" idref="s4_5"/>
				<edge label="fCs" idref="s4_6"/>
				<edge label="S" idref="s4_504"/>
				<edge label="fA" idref="s4_505"/>
			</nt>
			<nt id="s4_504" cat="np">
				<edge label="H" idref="s4_7"/>
				<edge label="PU" idref="s4_8"/>
				<edge label="DNc" idref="s4_9"/>
				<edge label="PU" idref="s4_10"/>
			</nt>
			<nt id="s4_505" cat="pp">
				<edge label="H" idref="s4_11"/>
				<edge label="DP" idref="s4_506"/>
			</nt>
			<nt id="s4_506" cat="np">
				<edge label="DN" idref="s4_12"/>
				<edge label="H" idref="s4_13"/>
				<edge label="DN" idref="s4_507"/>
			</nt>
			<nt id="s4_507" cat="pp">
				<edge label="H" idref="s4_14"/>
				<edge label="DP" idref="s4_15"/>
			</nt>
		</nonterminals>
	</graph>
</s>

<s id="s5" ref="5" source="Running text" forest="1" text="Ressentimento entre pessoas que se amam.">
	<graph root="s5_500">
		<terminals>
			<t id="s5_1" word="Ressentimento" lemma="ressentimento" pos="n" morph="M S" extra="* percep-f"/>
			<t id="s5_2" word="entre" lemma="entre" pos="prp" morph="--" extra="np-close"/>
			<t id="s5_3" word="pessoas" lemma="pessoa" pos="n" morph="F P" sem="H" extra="--"/>
			<t id="s5_4" word="que" lemma="que" pos="spec" morph="M S" extra="clb clb-fs rel"/>
			<t id="s5_5" word="se" lemma="se" pos="pron-pers" morph="M/F 3P ACC" extra="reci"/>
			<t id="s5_6" word="amam" lemma="amar" pos="v-fin" morph="PR 3P IND VFIN" extra="vH mv np-close"/>
			<t id="s5_7" word="." lemma="--" pos="pu" morph="--" extra="--"/>
		</terminals>

		<nonterminals>
			<nt id="s5_500" cat="s">
				<edge label="X" idref="s5_501"/>
			</nt>
			<nt id="s5_501" cat="np">
				<edge label="H" idref="s5_1"/>
				<edge label="DN" idref="s5_502"/>
				<edge label="PU" idref="s5_7"/>
			</nt>
			<nt id="s5_502" cat="pp">
				<edge label="H" idref="s5_2"/>
				<edge label="DP" idref="s5_503"/>
			</nt>
			<nt id="s5_503" cat="np">
				<edge label="H" idref="s5_3"/>
				<edge label="DN" idref="s5_504"/>
			</nt>
			<nt id="s5_504" cat="fcl">
				<edge label="S" idref="s5_4"/>
				<edge label="Od" idref="s5_5"/>
				<edge label="P" idref="s5_6"/>
			</nt>
		</nonterminals>
	</graph>
</s>

<s id="s6" ref="6" source="Running text" forest="1" text="Seus arrufos duravam menos de meia hora, logo estavam entre beijos e abraços.">
	<graph root="s6_500">
		<terminals>
			<t id="s6_1" word="Seus" lemma="seu" pos="pron-poss" morph="DET M P" extra="* poss 3S"/>
			<t id="s6_2" word="arrufos" lemma="arrufo" pos="n" morph="M P" sem="sit" extra="--"/>
			<t id="s6_3" word="duravam" lemma="durar" pos="v-fin" morph="IMPF 3P IND VFIN" extra="cjt-head cjt-head-STA vN fmc mv"/>
			<t id="s6_4" word="menos" lemma="pouco" pos="pron-indef" morph="DET M/F S/P" extra="quant KOMP"/>
			<t id="s6_5" word="de" lemma="de" pos="prp" morph="--" extra="--"/>
			<t id="s6_6" word="meia_hora" lemma="meia_hora" pos="n" morph="F S" sem="dur" extra="--"/>
			<t id="s6_7" word="," lemma="--" pos="pu" morph="--" extra="--"/>
			<t id="s6_8" word="logo" lemma="logo" pos="adv" morph="--" extra="kc"/>
			<t id="s6_9" word="estavam" lemma="estar" pos="v-fin" morph="IMPF 3P IND VFIN" extra="nosubj cjt-STA fmc mv"/>
			<t id="s6_10" word="entre" lemma="entre" pos="prp" morph="--" extra="--"/>
			<t id="s6_11" word="beijos" lemma="beijo" pos="n" morph="M P" sem="act" extra="cjt-head cjt-head-DP"/>
			<t id="s6_12" word="e" lemma="e" pos="conj-c" morph="--" extra="--"/>
			<t id="s6_13" word="abraços" lemma="abraço" pos="n" morph="M P" sem="act-d anbo" extra="cjt-DP"/>
			<t id="s6_14" word="." lemma="--" pos="pu" morph="--" extra="--"/>
		</terminals>

		<nonterminals>
			<nt id="s6_500" cat="s">
				<edge label="STA" idref="s6_501"/>
			</nt>
			<nt id="s6_501" cat="par">
				<edge label="CJT" idref="s6_502"/>
				<edge label="CJT" idref="s6_504"/>
				<edge label="PU" idref="s6_14"/>
			</nt>
			<nt id="s6_502" cat="fcl">
				<edge label="S" idref="s6_503"/>
				<edge label="P" idref="s6_3"/>
			</nt>
			<nt id="s6_503" cat="np">
				<edge label="DN" idref="s6_1"/>
				<edge label="H" idref="s6_2"/>
			</nt>
			<nt id="s6_504" cat="x">
				<edge label="Cs" idref="s6_505"/>
				<edge label="PU" idref="s6_7"/>
				<edge label="fA" idref="s6_8"/>
				<edge label="P" idref="s6_9"/>
				<edge label="As" idref="s6_507"/>
			</nt>
			<nt id="s6_505" cat="adjp">
				<edge label="H" idref="s6_4"/>
				<edge label="DAcom" idref="s6_506"/>
			</nt>
			<nt id="s6_506" cat="pp">
				<edge label="H" idref="s6_5"/>
				<edge label="DP" idref="s6_6"/>
			</nt>
			<nt id="s6_507" cat="pp">
				<edge label="H" idref="s6_10"/>
				<edge label="DP" idref="s6_508"/>
			</nt>
			<nt id="s6_508" cat="par">
				<edge label="CJT" idref="s6_11"/>
				<edge label="CO" idref="s6_12"/>
				<edge label="CJT" idref="s6_13"/>
			</nt>
		</nonterminals>
	</graph>
</s>

<s id="s7" ref="7" source="Running text" forest="1" text="Compartilhar enviar nova definição enviar nova imagem denunciar abuso Sinônimos:">
	<graph root="s7_500">
		<terminals>
			<t id="s7_1" word="Compartilhar" lemma="compartilhar" pos="v-inf" morph="--" extra="* vH mv"/>
			<t id="s7_2" word="enviar" lemma="enviar" pos="v-inf" morph="--" extra="vH mv"/>
			<t id="s7_3" word="nova" lemma="novo" pos="adj" morph="F S" extra="jh"/>
			<t id="s7_4" word="definição" lemma="definição" pos="n" morph="F S" sem="sem-c" extra="--"/>
			<t id="s7_5" word="enviar" lemma="enviar" pos="v-inf" morph="--" extra="vH mv"/>
			<t id="s7_6" word="nova" lemma="novo" pos="adj" morph="F S" extra="jh"/>
			<t id="s7_7" word="imagem" lemma="imagem" pos="n" morph="F S" sem="pict sem-c ac-cat" extra="--"/>
			<t id="s7_8" word="denunciar" lemma="denunciar" pos="v-inf" morph="--" extra="vH mv"/>
			<t id="s7_9" word="abuso" lemma="abuso" pos="n" morph="M S" sem="activity" extra="--"/>
			<t id="s7_10" word="Sinônimos" lemma="Sinônimos" pos="prop" morph="M S" extra="hum * np-close"/>
			<t id="s7_11" word=":" lemma="--" pos="pu" morph="--" extra="--"/>
		</terminals>

		<nonterminals>
			<nt id="s7_500" cat="s">
				<edge label="UTT" idref="s7_501"/>
			</nt>
			<nt id="s7_501" cat="icl">
				<edge label="P" idref="s7_1"/>
				<edge label="Od" idref="s7_502"/>
				<edge label="PU" idref="s7_11"/>
			</nt>
			<nt id="s7_502" cat="icl">
				<edge label="P" idref="s7_2"/>
				<edge label="Od" idref="s7_503"/>
				<edge label="UTT" idref="s7_504"/>
				<edge label="UTT" idref="s7_506"/>
			</nt>
			<nt id="s7_503" cat="np">
				<edge label="DN" idref="s7_3"/>
				<edge label="H" idref="s7_4"/>
			</nt>
			<nt id="s7_504" cat="icl">
				<edge label="P" idref="s7_5"/>
				<edge label="Od" idref="s7_505"/>
			</nt>
			<nt id="s7_505" cat="np">
				<edge label="DN" idref="s7_6"/>
				<edge label="H" idref="s7_7"/>
			</nt>
			<nt id="s7_506" cat="icl">
				<edge label="P" idref="s7_8"/>
				<edge label="Od" idref="s7_507"/>
			</nt>
			<nt id="s7_507" cat="np">
				<edge label="H" idref="s7_9"/>
				<edge label="DN" idref="s7_10"/>
			</nt>
		</nonterminals>
	</graph>
</s>

<s id="s8" ref="8" source="Running text" forest="1" text="briguinha mais...">
	<graph root="s8_500">
		<terminals>
			<t id="s8_1" word="briguinha" lemma="briguinha" pos="n" morph="F S" extra="DERS"/>
			<t id="s8_2" word="mais" lemma="mais" pos="adv" morph="--" extra="--"/>
			<t id="s8_3" word="." lemma="--" pos="pu" morph="--" extra="--"/>
		</terminals>

		<nonterminals>
			<nt id="s8_500" cat="s">
				<edge label="X" idref="s8_501"/>
			</nt>
			<nt id="s8_501" cat="np">
				<edge label="H" idref="s8_1"/>
				<edge label="fA" idref="s8_2"/>
				<edge label="PU" idref="s8_3"/>
			</nt>
		</nonterminals>
	</graph>
</s>

<s id="s9" ref="9" source="Running text" forest="1" text="Relacionadas:">
	<graph root="s9_500">
		<terminals>
			<t id="s9_1" word="Relacionadas" lemma="relacionado" pos="adj" morph="F P" extra="* nh"/>
			<t id="s9_2" word=":" lemma="--" pos="pu" morph="--" extra="--"/>
		</terminals>

		<nonterminals>
			<nt id="s9_500" cat="s">
				<edge label="UTT" idref="s9_501"/>
			</nt>
			<nt id="s9_501" cat="x">
				<edge label="X" idref="s9_1"/>
				<edge label="PU" idref="s9_2"/>
			</nt>
		</nonterminals>
	</graph>
</s>

<s id="s10" ref="10" source="Running text" forest="1" text="briga mais...">
	<graph root="s10_500">
		<terminals>
			<t id="s10_1" word="briga" lemma="brigar" pos="v-fin" morph="PR 3S IND VFIN" extra="vH fmc mv"/>
			<t id="s10_2" word="mais" lemma="mais" pos="adv" morph="--" extra="--"/>
			<t id="s10_3" word="." lemma="--" pos="pu" morph="--" extra="--"/>
		</terminals>

		<nonterminals>
			<nt id="s10_500" cat="s">
				<edge label="STA" idref="s10_501"/>
			</nt>
			<nt id="s10_501" cat="fcl">
				<edge label="P" idref="s10_1"/>
				<edge label="fA" idref="s10_2"/>
				<edge label="PU" idref="s10_3"/>
			</nt>
		</nonterminals>
	</graph>
</s>

<s id="s11" ref="11" source="Running text" forest="1" text="Significados de arrufo(Flexões):">
	<graph root="s11_500">
		<terminals>
			<t id="s11_1" word="Significados" lemma="significado" pos="n" morph="M P" sem="sem-c" extra="cjt-head cjt-head-X *"/>
			<t id="s11_2" word="de" lemma="de" pos="prp" morph="--" extra="np-close"/>
			<t id="s11_3" word="arrufo" lemma="arrufo" pos="n" morph="M S" sem="sit" extra="--"/>
			<t id="s11_4" word="(" lemma="--" pos="pu" morph="--" extra="--"/>
			<t id="s11_5" word="Flexões" lemma="Flexões" pos="prop" morph="M/F S" extra="cjt-X hum *"/>
			<t id="s11_6" word=")" lemma="--" pos="pu" morph="--" extra="--"/>
			<t id="s11_7" word=":" lemma="--" pos="pu" morph="--" extra="--"/>
		</terminals>

		<nonterminals>
			<nt id="s11_500" cat="s">
				<edge label="X" idref="s11_501"/>
			</nt>
			<nt id="s11_501" cat="par">
				<edge label="CJT" idref="s11_502"/>
				<edge label="PU" idref="s11_4"/>
				<edge label="CJT" idref="s11_5"/>
				<edge label="PU" idref="s11_6"/>
				<edge label="PU" idref="s11_7"/>
			</nt>
			<nt id="s11_502" cat="np">
				<edge label="H" idref="s11_1"/>
				<edge label="DN" idref="s11_503"/>
			</nt>
			<nt id="s11_503" cat="pp">
				<edge label="H" idref="s11_2"/>
				<edge label="DP" idref="s11_3"/>
			</nt>
		</nonterminals>
	</graph>
</s>

<s id="s12" ref="12" source="Running text" forest="1" text="11 sobe, 0 desce 2. Arrufo Por Dicionário inFormal(SP) em 06-10-2009 Zanga passageira, aborrecimento entre duas pessoas.">
	<graph root="s12_500">
		<terminals>
			<t id="s12_1" word="11" lemma="11" pos="num" morph="M/F S" extra="card"/>
			<t id="s12_2" word="sobe" lemma="subir" pos="v-fin" morph="PR 3S IND VFIN" extra="cjt-head cjt-head-STA fmc mv"/>
			<t id="s12_3" word="," lemma="--" pos="pu" morph="--" extra="--"/>
			<t id="s12_4" word="0" lemma="xx" pos="num" morph="M/F P" extra="card"/>
			<t id="s12_5" word="desce" lemma="descer" pos="v-fin" morph="PR 3S IND VFIN" extra="cjt-STA fmc mv"/>
			<t id="s12_6" word="2." lemma="2." pos="adj" morph="M/F S" extra="NUM-ord"/>
			<t id="s12_7" word="Arrufo_Por_Dicionário" lemma="Arrufo_Por_Dicionário" pos="prop" morph="M S" extra="tit *"/>
			<t id="s12_8" word="inFormal" lemma="inFormal" pos="adj" morph="M S" extra="np-close"/>
			<t id="s12_9" word="(" lemma="--" pos="pu" morph="--" extra="--"/>
			<t id="s12_10" word="SP" lemma="SP" pos="prop" morph="M S" extra="civ * np-close"/>
			<t id="s12_11" word=")" lemma="--" pos="pu" morph="--" extra="--"/>
			<t id="s12_12" word="em" lemma="em" pos="prp" morph="--" extra="--"/>
			<t id="s12_13" word="06-10-2009" lemma="06-10-2009" pos="num" morph="F P" extra="card"/>
			<t id="s12_14" word="Zanga" lemma="zanga" pos="n" morph="F P" sem="f-psych" extra="prop *"/>
			<t id="s12_15" word="passageira" lemma="passageiro" pos="adj" morph="F S" extra="nh np-close"/>
			<t id="s12_16" word="," lemma="--" pos="pu" morph="--" extra="--"/>
			<t id="s12_17" word="aborrecimento" lemma="aborrecimento" pos="n" morph="M S" sem="am" extra="np-close"/>
			<t id="s12_18" word="entre" lemma="entre" pos="prp" morph="--" extra="--"/>
			<t id="s12_19" word="duas" lemma="dois" pos="num" morph="F P" extra="card"/>
			<t id="s12_20" word="pessoas" lemma="pessoa" pos="n" morph="F P" sem="H" extra="--"/>
			<t id="s12_21" word="." lemma="--" pos="pu" morph="--" extra="--"/>
		</terminals>

		<nonterminals>
			<nt id="s12_500" cat="s">
				<edge label="STA" idref="s12_501"/>
			</nt>
			<nt id="s12_501" cat="par">
				<edge label="CJT" idref="s12_502"/>
				<edge label="PU" idref="s12_3"/>
				<edge label="CJT" idref="s12_503"/>
				<edge label="PU" idref="s12_21"/>
			</nt>
			<nt id="s12_502" cat="fcl">
				<edge label="S" idref="s12_1"/>
				<edge label="P" idref="s12_2"/>
			</nt>
			<nt id="s12_503" cat="fcl">
				<edge label="Od" idref="s12_4"/>
				<edge label="P" idref="s12_5"/>
				<edge label="fCs" idref="s12_6"/>
				<edge label="S" idref="s12_504"/>
				<edge label="fA" idref="s12_505"/>
				<edge label="fA" idref="s12_507"/>
			</nt>
			<nt id="s12_504" cat="np">
				<edge label="H" idref="s12_7"/>
				<edge label="DN" idref="s12_8"/>
				<edge label="PU" idref="s12_9"/>
				<edge label="DNapp" idref="s12_10"/>
				<edge label="PU" idref="s12_11"/>
			</nt>
			<nt id="s12_505" cat="pp">
				<edge label="H" idref="s12_12"/>
				<edge label="DP" idref="s12_506"/>
			</nt>
			<nt id="s12_506" cat="np">
				<edge label="DN" idref="s12_13"/>
				<edge label="H" idref="s12_14"/>
				<edge label="DN" idref="s12_15"/>
				<edge label="PU" idref="s12_16"/>
				<edge label="DNc" idref="s12_17"/>
			</nt>
			<nt id="s12_507" cat="pp">
				<edge label="H" idref="s12_18"/>
				<edge label="DP" idref="s12_508"/>
			</nt>
			<nt id="s12_508" cat="np">
				<edge label="DN" idref="s12_19"/>
				<edge label="H" idref="s12_20"/>
			</nt>
		</nonterminals>
	</graph>
</s>

<s id="s13" ref="13" source="Running text" forest="1" text="Por causa de os arrufos com o namorado de Isabel, está enervada.">
	<graph root="s13_500">
		<terminals>
			<t id="s13_1" word="Por_causa_de" lemma="por_causa_de" pos="prp" morph="--" extra="sam- *"/>
			<t id="s13_2" word="os" lemma="o" pos="art" morph="M P" extra=" -sam"/>
			<t id="s13_3" word="arrufos" lemma="arrufo" pos="n" morph="M P" sem="sit" extra="--"/>
			<t id="s13_4" word="com" lemma="com" pos="prp" morph="--" extra="np-close"/>
			<t id="s13_5" word="o" lemma="o" pos="art" morph="M S" extra="--"/>
			<t id="s13_6" word="namorado" lemma="namorado" pos="n" morph="M S" sem="Hfam" extra="--"/>
			<t id="s13_7" word="de" lemma="de" pos="prp" morph="--" extra="np-close"/>
			<t id="s13_8" word="Isabel" lemma="Isabel" pos="prop" morph="F S" extra="hum *"/>
			<t id="s13_9" word="," lemma="--" pos="pu" morph="--" extra="--"/>
			<t id="s13_10" word="está" lemma="estar" pos="v-fin" morph="PR 3S IND VFIN" extra="vK fmc mv"/>
			<t id="s13_11" word="enervada" lemma="enervar" pos="v-pcp" morph="F S" extra="--"/>
			<t id="s13_12" word="." lemma="--" pos="pu" morph="--" extra="--"/>
		</terminals>

		<nonterminals>
			<nt id="s13_500" cat="s">
				<edge label="STA" idref="s13_501"/>
			</nt>
			<nt id="s13_501" cat="fcl">
				<edge label="fA" idref="s13_502"/>
				<edge label="PU" idref="s13_9"/>
				<edge label="P" idref="s13_10"/>
				<edge label="Cs" idref="s13_11"/>
				<edge label="PU" idref="s13_12"/>
			</nt>
			<nt id="s13_502" cat="pp">
				<edge label="H" idref="s13_1"/>
				<edge label="DP" idref="s13_503"/>
			</nt>
			<nt id="s13_503" cat="np">
				<edge label="DN" idref="s13_2"/>
				<edge label="H" idref="s13_3"/>
				<edge label="DN" idref="s13_504"/>
			</nt>
			<nt id="s13_504" cat="pp">
				<edge label="H" idref="s13_4"/>
				<edge label="DP" idref="s13_505"/>
			</nt>
			<nt id="s13_505" cat="np">
				<edge label="DN" idref="s13_5"/>
				<edge label="H" idref="s13_6"/>
				<edge label="DN" idref="s13_506"/>
			</nt>
			<nt id="s13_506" cat="pp">
				<edge label="H" idref="s13_7"/>
				<edge label="DP" idref="s13_8"/>
			</nt>
		</nonterminals>
	</graph>
</s>

<s id="s14" ref="14" source="Running text" forest="1" text="Compartilhar enviar nova definição enviar nova imagem denunciar abuso 4 sobe, 2 desce 3. Arrufo Por Dicionário inFormal(SP) em 14-12-2009 Irritar- se, exasperar- se Uma pessoa arrufou- se com seus pais Compartilhar enviar nova definição enviar nova imagem denunciar abuso 23 sobe, 28 desce 4. Arrufo Por Dekonomics(SE) em 01-03-2010 Ressentimento passageiro entre pessoas que se querem bem.">
	<graph root="s14_500">
		<terminals>
			<t id="s14_1" word="Compartilhar" lemma="compartilhar" pos="v-inf" morph="--" extra="cjt-head cjt-head-S * vH mv"/>
			<t id="s14_2" word="enviar" lemma="enviar" pos="v-inf" morph="--" extra="vH mv"/>
			<t id="s14_3" word="nova" lemma="novo" pos="adj" morph="F S" extra="jh"/>
			<t id="s14_4" word="definição" lemma="definição" pos="n" morph="F S" sem="sem-c" extra="--"/>
			<t id="s14_5" word="enviar" lemma="enviar" pos="v-inf" morph="--" extra="vH mv"/>
			<t id="s14_6" word="nova" lemma="novo" pos="adj" morph="F S" extra="jh"/>
			<t id="s14_7" word="imagem" lemma="imagem" pos="n" morph="F S" sem="pict sem-c ac-cat" extra="--"/>
			<t id="s14_8" word="denunciar" lemma="denunciar" pos="v-inf" morph="--" extra="cjt-S vH mv"/>
			<t id="s14_9" word="abuso" lemma="abuso" pos="n" morph="M S" sem="activity" extra="--"/>
			<t id="s14_10" word="4" lemma="4" pos="num" morph="M/F P" extra="card"/>
			<t id="s14_11" word="sobe" lemma="subir" pos="v-fin" morph="PR 3S IND VFIN" extra="predco fmc mv"/>
			<t id="s14_12" word="," lemma="--" pos="pu" morph="--" extra="--"/>
			<t id="s14_13" word="2" lemma="2" pos="num" morph="M/F P" extra="card"/>
			<t id="s14_14" word="desce" lemma="descer" pos="v-fin" morph="PR 3S IND VFIN" extra="cjt-STA fmc mv"/>
			<t id="s14_15" word="3." lemma="3." pos="adj" morph="M/F S" extra="NUM-ord"/>
			<t id="s14_16" word="Arrufo_Por_Dicionário" lemma="Arrufo_Por_Dicionário" pos="prop" morph="M S" extra="tit *"/>
			<t id="s14_17" word="inFormal" lemma="inFormal" pos="adj" morph="M S" extra="np-close"/>
			<t id="s14_18" word="(" lemma="--" pos="pu" morph="--" extra="--"/>
			<t id="s14_19" word="SP" lemma="SP" pos="prop" morph="M S" extra="civ *"/>
			<t id="s14_20" word=")" lemma="--" pos="pu" morph="--" extra="--"/>
			<t id="s14_21" word="em" lemma="em" pos="prp" morph="--" extra="--"/>
			<t id="s14_22" word="14-12-2009" lemma="14-12-2009" pos="num" morph="M/F S" extra="card"/>
			<t id="s14_23" word="Irritar-" lemma="irritar" pos="v-inf" morph="--" extra="* hyfen mv"/>
			<t id="s14_24" word="se" lemma="se" pos="pron-pers" morph="M 3S ACC" extra="pass"/>
			<t id="s14_25" word="," lemma="--" pos="pu" morph="--" extra="--"/>
			<t id="s14_26" word="exasperar-" lemma="exasperar" pos="v-inf" morph="--" extra="hyfen mv"/>
			<t id="s14_27" word="se" lemma="se" pos="pron-pers" morph="M 3S ACC" extra="pass"/>
			<t id="s14_28" word="Uma" lemma="um" pos="art" morph="F S" extra="* "/>
			<t id="s14_29" word="pessoa" lemma="pessoa" pos="n" morph="F S" sem="H" extra="--"/>
			<t id="s14_30" word="arrufou-" lemma="arrufar" pos="v-fin" morph="PS 3S IND VFIN" extra="cjt-STA hyfen fmc mv v-pron"/>
			<t id="s14_31" word="se" lemma="se" pos="pron-pers" morph="M 3S ACC" extra="refl"/>
			<t id="s14_32" word="com" lemma="com" pos="prp" morph="--" extra="--"/>
			<t id="s14_33" word="seus" lemma="seu" pos="pron-poss" morph="DET M P" extra="si poss 3S"/>
			<t id="s14_34" word="pais" lemma="pai" pos="n" morph="M P" sem="Hfam" extra="--"/>
			<t id="s14_35" word="Compartilhar" lemma="Compartilhar" pos="prop" morph="M/F S" extra="hum * np-close"/>
			<t id="s14_36" word="enviar" lemma="enviar" pos="v-inf" morph="--" extra="vH mv"/>
			<t id="s14_37" word="nova" lemma="novo" pos="adj" morph="F S" extra="jh"/>
			<t id="s14_38" word="definição" lemma="definição" pos="n" morph="F S" sem="sem-c" extra="--"/>
			<t id="s14_39" word="enviar" lemma="enviar" pos="v-inf" morph="3S" extra="vH mv"/>
			<t id="s14_40" word="nova" lemma="novo" pos="adj" morph="F S" extra="jh"/>
			<t id="s14_41" word="imagem" lemma="imagem" pos="n" morph="F S" sem="pict sem-c ac-cat" extra="--"/>
			<t id="s14_42" word="denunciar" lemma="denunciar" pos="v-inf" morph="3S" extra="vH mv"/>
			<t id="s14_43" word="abuso" lemma="abuso" pos="n" morph="M S" sem="activity" extra="--"/>
			<t id="s14_44" word="23" lemma="23" pos="num" morph="M/F P" extra="card"/>
			<t id="s14_45" word="sobe" lemma="subir" pos="v-fin" morph="PR 3S IND VFIN" extra="cjt-STA fmc mv"/>
			<t id="s14_46" word="," lemma="--" pos="pu" morph="--" extra="--"/>
			<t id="s14_47" word="28" lemma="28" pos="num" morph="M/F P" extra="card"/>
			<t id="s14_48" word="desce" lemma="descer" pos="v-fin" morph="PR 3S IND VFIN" extra="cjt-STA fmc mv"/>
			<t id="s14_49" word="4." lemma="4." pos="adj" morph="M/F S" extra="NUM-ord"/>
			<t id="s14_50" word="Arrufo_Por_Dekonomics" lemma="Arrufo_Por_Dekonomics" pos="prop" morph="M S" extra="hum * heur"/>
			<t id="s14_51" word="(" lemma="--" pos="pu" morph="--" extra="--"/>
			<t id="s14_52" word="SE" lemma="SE" pos="prop" morph="M S" extra="civ * np-close"/>
			<t id="s14_53" word=")" lemma="--" pos="pu" morph="--" extra="--"/>
			<t id="s14_54" word="em" lemma="em" pos="prp" morph="--" extra="--"/>
			<t id="s14_55" word="01-03-2010" lemma="01-03-2010" pos="num" morph="M P" extra="card"/>
			<t id="s14_56" word="Ressentimento" lemma="ressentimento" pos="n" morph="M P" sem="percep-f" extra="prop *"/>
			<t id="s14_57" word="passageiro" lemma="passageiro" pos="adj" morph="M S" extra="nh np-close"/>
			<t id="s14_58" word="entre" lemma="entre" pos="prp" morph="--" extra="np-long"/>
			<t id="s14_59" word="pessoas" lemma="pessoa" pos="n" morph="F P" sem="H" extra="--"/>
			<t id="s14_60" word="que" lemma="que" pos="spec" morph="M S" extra="clb clb-fs rel"/>
			<t id="s14_61" word="se" lemma="se" pos="pron-pers" morph="M/F 3P ACC" extra="pass"/>
			<t id="s14_62" word="querem" lemma="querer" pos="v-fin" morph="PR 3P IND VFIN" extra="vH mv np-close"/>
			<t id="s14_63" word="bem" lemma="bem" pos="adv" morph="--" extra="quant"/>
			<t id="s14_64" word="." lemma="--" pos="pu" morph="--" extra="--"/>
		</terminals>

		<nonterminals>
			<nt id="s14_500" cat="s">
				<edge label="STA" idref="s14_501"/>
			</nt>
			<nt id="s14_501" cat="fcl">
				<edge label="S" idref="s14_502"/>
				<edge label="Od" idref="s14_10"/>
				<edge label="X" idref="s14_509"/>
				<edge label="PU" idref="s14_64"/>
			</nt>
			<nt id="s14_502" cat="par">
				<edge label="CJT" idref="s14_503"/>
				<edge label="CJT" idref="s14_506"/>
			</nt>
			<nt id="s14_503" cat="icl">
				<edge label="P" idref="s14_1"/>
				<edge label="Od" idref="s14_504"/>
			</nt>
			<nt id="s14_504" cat="icl">
				<edge label="P" idref="s14_2"/>
				<edge label="Od" idref="s14_505"/>
			</nt>
			<nt id="s14_505" cat="np">
				<edge label="DN" idref="s14_3"/>
				<edge label="H" idref="s14_4"/>
			</nt>
			<nt id="s14_506" cat="fcl">
				<edge label="S" idref="s14_507"/>
				<edge label="P" idref="s14_8"/>
				<edge label="Od" idref="s14_9"/>
			</nt>
			<nt id="s14_507" cat="icl">
				<edge label="P" idref="s14_5"/>
				<edge label="Od" idref="s14_508"/>
			</nt>
			<nt id="s14_508" cat="np">
				<edge label="DN" idref="s14_6"/>
				<edge label="H" idref="s14_7"/>
			</nt>
			<nt id="s14_509" cat="par">
				<edge label="CJT" idref="s14_510"/>
				<edge label="PU" idref="s14_12"/>
				<edge label="CJT" idref="s14_511"/>
				<edge label="PU" idref="s14_18"/>
				<edge label="CJT" idref="s14_513"/>
				<edge label="PU" idref="s14_20"/>
				<edge label="CJT" idref="s14_521"/>
				<edge label="PU" idref="s14_46"/>
				<edge label="CJT" idref="s14_526"/>
			</nt>
			<nt id="s14_510" cat="x">
				<edge label="P" idref="s14_11"/>
			</nt>
			<nt id="s14_511" cat="fcl">
				<edge label="Od" idref="s14_13"/>
				<edge label="P" idref="s14_14"/>
				<edge label="fCs" idref="s14_15"/>
				<edge label="S" idref="s14_512"/>
			</nt>
			<nt id="s14_512" cat="np">
				<edge label="H" idref="s14_16"/>
				<edge label="DN" idref="s14_17"/>
			</nt>
			<nt id="s14_513" cat="fcl">
				<edge label="S" idref="s14_19"/>
				<edge label="fA" idref="s14_514"/>
				<edge label="Od" idref="s14_515"/>
				<edge label="PU" idref="s14_25"/>
				<edge label="S" idref="s14_516"/>
				<edge label="P" idref="s14_30"/>
				<edge label="Od" idref="s14_31"/>
				<edge label="fA" idref="s14_518"/>
				<edge label="S" idref="s14_520"/>
			</nt>
			<nt id="s14_514" cat="pp">
				<edge label="H" idref="s14_21"/>
				<edge label="DP" idref="s14_22"/>
			</nt>
			<nt id="s14_515" cat="icl">
				<edge label="P" idref="s14_23"/>
				<edge label="Od" idref="s14_24"/>
			</nt>
			<nt id="s14_516" cat="fcl">
				<edge label="P" idref="s14_26"/>
				<edge label="Od" idref="s14_27"/>
				<edge label="S" idref="s14_517"/>
			</nt>
			<nt id="s14_517" cat="np">
				<edge label="DN" idref="s14_28"/>
				<edge label="H" idref="s14_29"/>
			</nt>
			<nt id="s14_518" cat="pp">
				<edge label="H" idref="s14_32"/>
				<edge label="DP" idref="s14_519"/>
			</nt>
			<nt id="s14_519" cat="np">
				<edge label="DN" idref="s14_33"/>
				<edge label="H" idref="s14_34"/>
				<edge label="DN" idref="s14_35"/>
			</nt>
			<nt id="s14_520" cat="fcl">
				<edge label="P" idref="s14_36"/>
			</nt>
			<nt id="s14_521" cat="fcl">
				<edge label="S" idref="s14_522"/>
				<edge label="S" idref="s14_524"/>
				<edge label="Od" idref="s14_44"/>
				<edge label="P" idref="s14_45"/>
			</nt>
			<nt id="s14_522" cat="np">
				<edge label="DN" idref="s14_37"/>
				<edge label="H" idref="s14_38"/>
				<edge label="S" idref="s14_523"/>
			</nt>
			<nt id="s14_523" cat="fcl">
				<edge label="P" idref="s14_39"/>
				<edge label="S" idref="s14_525"/>
			</nt>
			<nt id="s14_524" cat="np">
				<edge label="DN" idref="s14_40"/>
				<edge label="H" idref="s14_41"/>
			</nt>
			<nt id="s14_525" cat="icl">
				<edge label="P" idref="s14_42"/>
				<edge label="Od" idref="s14_43"/>
			</nt>
			<nt id="s14_526" cat="fcl">
				<edge label="Od" idref="s14_47"/>
				<edge label="P" idref="s14_48"/>
				<edge label="fCs" idref="s14_49"/>
				<edge label="S" idref="s14_527"/>
				<edge label="fA" idref="s14_528"/>
			</nt>
			<nt id="s14_527" cat="np">
				<edge label="H" idref="s14_50"/>
				<edge label="PU" idref="s14_51"/>
				<edge label="DNc" idref="s14_52"/>
				<edge label="PU" idref="s14_53"/>
			</nt>
			<nt id="s14_528" cat="pp">
				<edge label="H" idref="s14_54"/>
				<edge label="DP" idref="s14_529"/>
			</nt>
			<nt id="s14_529" cat="np">
				<edge label="DN" idref="s14_55"/>
				<edge label="H" idref="s14_56"/>
				<edge label="DN" idref="s14_57"/>
				<edge label="DN" idref="s14_530"/>
			</nt>
			<nt id="s14_530" cat="pp">
				<edge label="H" idref="s14_58"/>
				<edge label="DP" idref="s14_531"/>
			</nt>
			<nt id="s14_531" cat="np">
				<edge label="H" idref="s14_59"/>
				<edge label="DN" idref="s14_532"/>
			</nt>
			<nt id="s14_532" cat="fcl">
				<edge label="S" idref="s14_60"/>
				<edge label="Od" idref="s14_61"/>
				<edge label="P" idref="s14_62"/>
				<edge label="fA" idref="s14_63"/>
			</nt>
		</nonterminals>
	</graph>
</s>

<s id="s15" ref="15" source="Running text" forest="1" text="A despeito de os arrufos, eram excelentes amigos!">
	<graph root="s15_500">
		<terminals>
			<t id="s15_1" word="A_despeito_de" lemma="a_despeito_de" pos="prp" morph="--" extra="sam- *"/>
			<t id="s15_2" word="os" lemma="o" pos="art" morph="M P" extra=" -sam"/>
			<t id="s15_3" word="arrufos" lemma="arrufo" pos="n" morph="M P" sem="sit" extra="--"/>
			<t id="s15_4" word="," lemma="--" pos="pu" morph="--" extra="--"/>
			<t id="s15_5" word="eram" lemma="ser" pos="v-fin" morph="IMPF 3P IND VFIN" extra="vK fmc mv"/>
			<t id="s15_6" word="excelentes" lemma="excelente" pos="adj" morph="M P" extra="jh"/>
			<t id="s15_7" word="amigos" lemma="amigo" pos="n" morph="M P" sem="Hfam" extra="--"/>
			<t id="s15_8" word="!" lemma="--" pos="pu" morph="--" extra="--"/>
		</terminals>

		<nonterminals>
			<nt id="s15_500" cat="s">
				<edge label="STA" idref="s15_501"/>
			</nt>
			<nt id="s15_501" cat="fcl">
				<edge label="fA" idref="s15_502"/>
				<edge label="PU" idref="s15_4"/>
				<edge label="P" idref="s15_5"/>
				<edge label="Cs" idref="s15_504"/>
				<edge label="PU" idref="s15_8"/>
			</nt>
			<nt id="s15_502" cat="pp">
				<edge label="H" idref="s15_1"/>
				<edge label="DP" idref="s15_503"/>
			</nt>
			<nt id="s15_503" cat="np">
				<edge label="DN" idref="s15_2"/>
				<edge label="H" idref="s15_3"/>
			</nt>
			<nt id="s15_504" cat="np">
				<edge label="DN" idref="s15_6"/>
				<edge label="H" idref="s15_7"/>
			</nt>
		</nonterminals>
	</graph>
</s>

<s id="s16" ref="16" source="Running text" forest="1" text="Compartilhar enviar nova definição enviar nova imagem denunciar abuso 7 sobe, 15 desce 5. Arrufo Por Dicionário inFormal(SP) em 31-03-2008 Batata-palha.">
	<graph root="s16_500">
		<terminals>
			<t id="s16_1" word="Compartilhar" lemma="compartilhar" pos="v-inf" morph="--" extra="cjt-head cjt-head-S * vH mv"/>
			<t id="s16_2" word="enviar" lemma="enviar" pos="v-inf" morph="--" extra="vH mv"/>
			<t id="s16_3" word="nova" lemma="novo" pos="adj" morph="F S" extra="jh"/>
			<t id="s16_4" word="definição" lemma="definição" pos="n" morph="F S" sem="sem-c" extra="--"/>
			<t id="s16_5" word="enviar" lemma="enviar" pos="v-inf" morph="--" extra="vH mv"/>
			<t id="s16_6" word="nova" lemma="novo" pos="adj" morph="F S" extra="jh"/>
			<t id="s16_7" word="imagem" lemma="imagem" pos="n" morph="F S" sem="pict sem-c ac-cat" extra="--"/>
			<t id="s16_8" word="denunciar" lemma="denunciar" pos="v-inf" morph="--" extra="cjt-S vH mv"/>
			<t id="s16_9" word="abuso" lemma="abuso" pos="n" morph="M S" sem="activity" extra="--"/>
			<t id="s16_10" word="7" lemma="7" pos="num" morph="M/F P" extra="card"/>
			<t id="s16_11" word="sobe" lemma="subir" pos="v-fin" morph="PR 3S IND VFIN" extra="cjt-head cjt-head-STA fmc mv"/>
			<t id="s16_12" word="," lemma="--" pos="pu" morph="--" extra="--"/>
			<t id="s16_13" word="15" lemma="15" pos="num" morph="M/F P" extra="card"/>
			<t id="s16_14" word="desce" lemma="descer" pos="v-fin" morph="PR 3S IND VFIN" extra="cjt-STA fmc mv"/>
			<t id="s16_15" word="5." lemma="5." pos="adj" morph="M/F S" extra="NUM-ord"/>
			<t id="s16_16" word="Arrufo_Por_Dicionário" lemma="Arrufo_Por_Dicionário" pos="prop" morph="M S" extra="tit *"/>
			<t id="s16_17" word="inFormal" lemma="inFormal" pos="adj" morph="M S" extra="np-close"/>
			<t id="s16_18" word="(" lemma="--" pos="pu" morph="--" extra="--"/>
			<t id="s16_19" word="SP" lemma="SP" pos="prop" morph="M S" extra="civ * np-close"/>
			<t id="s16_20" word=")" lemma="--" pos="pu" morph="--" extra="--"/>
			<t id="s16_21" word="em" lemma="em" pos="prp" morph="--" extra="--"/>
			<t id="s16_22" word="31-03-2008" lemma="31-03-2008" pos="num" morph="F P" extra="card"/>
			<t id="s16_23" word="Batata-palha" lemma="batata-palha" pos="n" morph="F P" sem="food-c f-an Aich" extra="prop *"/>
			<t id="s16_24" word="." lemma="--" pos="pu" morph="--" extra="--"/>
		</terminals>

		<nonterminals>
			<nt id="s16_500" cat="s">
				<edge label="STA" idref="s16_501"/>
			</nt>
			<nt id="s16_501" cat="par">
				<edge label="CJT" idref="s16_502"/>
				<edge label="PU" idref="s16_12"/>
				<edge label="CJT" idref="s16_510"/>
				<edge label="PU" idref="s16_24"/>
			</nt>
			<nt id="s16_502" cat="fcl">
				<edge label="S" idref="s16_503"/>
				<edge label="Od" idref="s16_10"/>
				<edge label="P" idref="s16_11"/>
			</nt>
			<nt id="s16_503" cat="par">
				<edge label="CJT" idref="s16_504"/>
				<edge label="CJT" idref="s16_507"/>
			</nt>
			<nt id="s16_504" cat="icl">
				<edge label="P" idref="s16_1"/>
				<edge label="Od" idref="s16_505"/>
			</nt>
			<nt id="s16_505" cat="icl">
				<edge label="P" idref="s16_2"/>
				<edge label="Od" idref="s16_506"/>
			</nt>
			<nt id="s16_506" cat="np">
				<edge label="DN" idref="s16_3"/>
				<edge label="H" idref="s16_4"/>
			</nt>
			<nt id="s16_507" cat="fcl">
				<edge label="S" idref="s16_508"/>
				<edge label="P" idref="s16_8"/>
				<edge label="Od" idref="s16_9"/>
			</nt>
			<nt id="s16_508" cat="icl">
				<edge label="P" idref="s16_5"/>
				<edge label="Od" idref="s16_509"/>
			</nt>
			<nt id="s16_509" cat="np">
				<edge label="DN" idref="s16_6"/>
				<edge label="H" idref="s16_7"/>
			</nt>
			<nt id="s16_510" cat="fcl">
				<edge label="Od" idref="s16_13"/>
				<edge label="P" idref="s16_14"/>
				<edge label="fCs" idref="s16_15"/>
				<edge label="S" idref="s16_511"/>
				<edge label="fA" idref="s16_512"/>
			</nt>
			<nt id="s16_511" cat="np">
				<edge label="H" idref="s16_16"/>
				<edge label="DN" idref="s16_17"/>
				<edge label="PU" idref="s16_18"/>
				<edge label="DNapp" idref="s16_19"/>
				<edge label="PU" idref="s16_20"/>
			</nt>
			<nt id="s16_512" cat="pp">
				<edge label="H" idref="s16_21"/>
				<edge label="DP" idref="s16_513"/>
			</nt>
			<nt id="s16_513" cat="np">
				<edge label="DN" idref="s16_22"/>
				<edge label="H" idref="s16_23"/>
			</nt>
		</nonterminals>
	</graph>
</s>

<s id="s17" ref="17" source="Running text" forest="1" text="Adoro arrufo.">
	<graph root="s17_500">
		<terminals>
			<t id="s17_1" word="Adoro" lemma="adorar" pos="v-fin" morph="PR 1S IND VFIN" extra="* vH fmc mv"/>
			<t id="s17_2" word="arrufo" lemma="arrufo" pos="n" morph="M S" sem="sit" extra="--"/>
			<t id="s17_3" word="." lemma="--" pos="pu" morph="--" extra="--"/>
		</terminals>

		<nonterminals>
			<nt id="s17_500" cat="s">
				<edge label="STA" idref="s17_501"/>
			</nt>
			<nt id="s17_501" cat="fcl">
				<edge label="P" idref="s17_1"/>
				<edge label="Od" idref="s17_2"/>
				<edge label="PU" idref="s17_3"/>
			</nt>
		</nonterminals>
	</graph>
</s>

<s id="s18" ref="18" source="Running text" forest="1" text="Compartilhar enviar nova definição enviar nova imagem denunciar abuso Outras Informações:Palavras com 7 letras A palavra possui 3 vogais -- a u o A palavra possui 4 consoantes -- rr f s 1 página -- 5 Definições gamela lichia herói navassa madrugada.">
	<graph root="s18_500">
		<terminals>
			<t id="s18_1" word="Compartilhar" lemma="compartilhar" pos="v-inf" morph="--" extra="* vH mv"/>
			<t id="s18_2" word="enviar" lemma="enviar" pos="v-inf" morph="--" extra="vH mv"/>
			<t id="s18_3" word="nova" lemma="novo" pos="adj" morph="F S" extra="jh"/>
			<t id="s18_4" word="definição" lemma="definição" pos="n" morph="F S" sem="sem-c" extra="--"/>
			<t id="s18_5" word="enviar" lemma="enviar" pos="v-inf" morph="--" extra="vH mv"/>
			<t id="s18_6" word="nova" lemma="novo" pos="adj" morph="F S" extra="jh"/>
			<t id="s18_7" word="imagem" lemma="imagem" pos="n" morph="F S" sem="pict sem-c ac-cat" extra="--"/>
			<t id="s18_8" word="denunciar" lemma="denunciar" pos="v-inf" morph="--" extra="vH mv"/>
			<t id="s18_9" word="abuso" lemma="abuso" pos="n" morph="M S" sem="activity" extra="--"/>
			<t id="s18_10" word="Outras_Informações" lemma="Outras_Informações" pos="prop" morph="M S" extra="hum * heur np-close"/>
			<t id="s18_11" word=":Palavras" lemma=":Palavras" pos="n" morph="M S" extra="cjt-head cjt-head-S"/>
			<t id="s18_12" word="com" lemma="com" pos="prp" morph="--" extra="--"/>
			<t id="s18_13" word="7" lemma="7" pos="num" morph="F P" extra="card"/>
			<t id="s18_14" word="letras" lemma="letra" pos="n" morph="F P" sem="ac-sign sem-r domain" extra="--"/>
			<t id="s18_15" word="A" lemma="o" pos="art" morph="F S" extra="* "/>
			<t id="s18_16" word="palavra" lemma="palavra" pos="n" morph="F S" sem="ac-cat act-s" extra="cjt-S"/>
			<t id="s18_17" word="possui" lemma="possuir" pos="v-fin" morph="PR 3S IND VFIN" extra="cjt-head cjt-head-STA vH fmc mv"/>
			<t id="s18_18" word="3" lemma="3" pos="num" morph="M P" extra="card"/>
			<t id="s18_19" word="vogais" lemma="vogal" pos="n" morph="M P" sem="ac-cat H" extra="--"/>
			<t id="s18_20" word="--" lemma="--" pos="pu" morph="--" extra="--"/>
			<t id="s18_21" word="a" lemma="a" pos="prp" morph="--" extra="--"/>
			<t id="s18_22" word="u" lemma="u" pos="n" morph="M S" sem="ac-sign" extra="--"/>
			<t id="s18_23" word="o" lemma="o" pos="art" morph="M S" extra="--"/>
			<t id="s18_24" word="A" lemma="o" pos="art" morph="F S" extra="* "/>
			<t id="s18_25" word="palavra" lemma="palavra" pos="n" morph="F S" sem="ac-cat act-s" extra="--"/>
			<t id="s18_26" word="possui" lemma="possuir" pos="v-fin" morph="PR 3S IND VFIN" extra="cjt-STA vH fmc mv"/>
			<t id="s18_27" word="4" lemma="4" pos="num" morph="F P" extra="card"/>
			<t id="s18_28" word="consoantes" lemma="consoante" pos="n" morph="F P" sem="ac-cat" extra="--"/>
			<t id="s18_29" word="--" lemma="--" pos="pu" morph="--" extra="--"/>
			<t id="s18_30" word="rr" lemma="rr" pos="n" morph="M/F S" extra="cjt-head cjt-head-S foreign"/>
			<t id="s18_31" word="f" lemma="f" pos="n" morph="M S" sem="ac-sign" extra="cjt-S"/>
			<t id="s18_32" word="s" lemma="s" pos="prop" morph="M S" extra="hum np-close"/>
			<t id="s18_33" word="1" lemma="1" pos="num" morph="F S" extra="card"/>
			<t id="s18_34" word="página" lemma="página" pos="n" morph="F S" sem="cc-r" extra="cjt-S"/>
			<t id="s18_35" word="--" lemma="--" pos="pu" morph="--" extra="--"/>
			<t id="s18_36" word="5" lemma="5" pos="num" morph="F P" extra="card"/>
			<t id="s18_37" word="Definições" lemma="definição" pos="n" morph="F P" sem="sem-c" extra="prop *"/>
			<t id="s18_38" word="gamela" lemma="gamela" pos="n" morph="F S" sem="con sem-s an Adom" extra="--"/>
			<t id="s18_39" word="lichia" lemma="licher" pos="v-fin" morph="IMPF 3S IND VFIN" extra="cjt-STA heur fmc mv"/>
			<t id="s18_40" word="herói" lemma="herói" pos="n" morph="M S" sem="H" extra="--"/>
			<t id="s18_41" word="navassa" lemma="navassar" pos="v-fin" morph="PR 3S IND VFIN" extra="cjt-STA heur fmc mv"/>
			<t id="s18_42" word="madrugada" lemma="madrugada" pos="n" morph="F S" sem="temp" extra="--"/>
			<t id="s18_43" word="." lemma="--" pos="pu" morph="--" extra="--"/>
		</terminals>

		<nonterminals>
			<nt id="s18_500" cat="s">
				<edge label="STA" idref="s18_501"/>
			</nt>
			<nt id="s18_501" cat="par">
				<edge label="CJT" idref="s18_502"/>
				<edge label="UTT" idref="s18_506"/>
				<edge label="P" idref="s18_5"/>
				<edge label="Od" idref="s18_507"/>
				<edge label="UTT" idref="s18_508"/>
				<edge label="PU" idref="s18_43"/>
			</nt>
			<nt id="s18_502" cat="fcl">
				<edge label="S" idref="s18_503"/>
			</nt>
			<nt id="s18_503" cat="icl">
				<edge label="P" idref="s18_1"/>
				<edge label="Od" idref="s18_504"/>
			</nt>
			<nt id="s18_504" cat="icl">
				<edge label="P" idref="s18_2"/>
				<edge label="Od" idref="s18_505"/>
			</nt>
			<nt id="s18_505" cat="np">
				<edge label="DN" idref="s18_3"/>
				<edge label="H" idref="s18_4"/>
			</nt>
			<nt id="s18_506" cat="icl">
			</nt>
			<nt id="s18_507" cat="np">
				<edge label="DN" idref="s18_6"/>
				<edge label="H" idref="s18_7"/>
			</nt>
			<nt id="s18_508" cat="fcl">
				<edge label="P" idref="s18_8"/>
				<edge label="Od" idref="s18_509"/>
				<edge label="S" idref="s18_510"/>
				<edge label="fA" idref="s18_511"/>
				<edge label="CJT" idref="s18_515"/>
				<edge label="CJT" idref="s18_522"/>
				<edge label="CJT" idref="s18_524"/>
			</nt>
			<nt id="s18_509" cat="np">
				<edge label="H" idref="s18_9"/>
				<edge label="DN" idref="s18_10"/>
			</nt>
			<nt id="s18_510" cat="par">
				<edge label="CJT" idref="s18_11"/>
			</nt>
			<nt id="s18_511" cat="pp">
				<edge label="H" idref="s18_12"/>
				<edge label="DP" idref="s18_512"/>
				<edge label="CJT" idref="s18_513"/>
				<edge label="P" idref="s18_17"/>
				<edge label="Od" idref="s18_514"/>
			</nt>
			<nt id="s18_512" cat="np">
				<edge label="DN" idref="s18_13"/>
				<edge label="H" idref="s18_14"/>
			</nt>
			<nt id="s18_513" cat="np">
				<edge label="DN" idref="s18_15"/>
				<edge label="H" idref="s18_16"/>
			</nt>
			<nt id="s18_514" cat="np">
				<edge label="DN" idref="s18_18"/>
				<edge label="H" idref="s18_19"/>
				<edge label="PU" idref="s18_20"/>
			</nt>
			<nt id="s18_515" cat="fcl">
				<edge label="fA" idref="s18_516"/>
				<edge label="S" idref="s18_517"/>
				<edge label="P" idref="s18_26"/>
				<edge label="Od" idref="s18_518"/>
				<edge label="S" idref="s18_519"/>
			</nt>
			<nt id="s18_516" cat="pp">
				<edge label="H" idref="s18_21"/>
				<edge label="DP" idref="s18_22"/>
			</nt>
			<nt id="s18_517" cat="np">
				<edge label="DN" idref="s18_23"/>
				<edge label="DN" idref="s18_24"/>
				<edge label="H" idref="s18_25"/>
			</nt>
			<nt id="s18_518" cat="np">
				<edge label="DN" idref="s18_27"/>
				<edge label="H" idref="s18_28"/>
				<edge label="PU" idref="s18_29"/>
			</nt>
			<nt id="s18_519" cat="par">
				<edge label="CJT" idref="s18_30"/>
				<edge label="CJT" idref="s18_520"/>
				<edge label="CJT" idref="s18_521"/>
			</nt>
			<nt id="s18_520" cat="np">
				<edge label="H" idref="s18_31"/>
				<edge label="DN" idref="s18_32"/>
			</nt>
			<nt id="s18_521" cat="np">
				<edge label="DN" idref="s18_33"/>
				<edge label="H" idref="s18_34"/>
				<edge label="PU" idref="s18_35"/>
			</nt>
			<nt id="s18_522" cat="fcl">
				<edge label="fCs" idref="s18_523"/>
				<edge label="S" idref="s18_38"/>
				<edge label="P" idref="s18_39"/>
				<edge label="S" idref="s18_40"/>
			</nt>
			<nt id="s18_523" cat="np">
				<edge label="DN" idref="s18_36"/>
				<edge label="H" idref="s18_37"/>
			</nt>
			<nt id="s18_524" cat="fcl">
				<edge label="P" idref="s18_41"/>
				<edge label="S" idref="s18_42"/>
			</nt>
		</nonterminals>
	</graph>
</s>

	</body>
</corpus>
