<?xml version="1.0" encoding="UTF-8"?>
<corpus>

	<body>
<s id="s1" ref="1" source="Running text" forest="1" text="Assoreamento 4 Definições encontradas.">
	<graph root="s1_500">
		<terminals>
			<t id="s1_1" word="Assoreamento" lemma="assoreamento" pos="n" morph="M S" sem="process" extra="cjt-head cjt-head-X *"/>
			<t id="s1_2" word="4" lemma="4" pos="num" morph="F P" extra="card"/>
			<t id="s1_3" word="Definições" lemma="definição" pos="n" morph="F P" sem="sem-c" extra="cjt-X prop *"/>
			<t id="s1_4" word="encontradas" lemma="encontrado" pos="adj" morph="F P" extra="nh np-close"/>
			<t id="s1_5" word="." lemma="--" pos="pu" morph="--" extra="--"/>
		</terminals>

		<nonterminals>
			<nt id="s1_500" cat="s">
				<edge label="X" idref="s1_501"/>
			</nt>
			<nt id="s1_501" cat="par">
				<edge label="CJT" idref="s1_1"/>
				<edge label="CJT" idref="s1_502"/>
				<edge label="PU" idref="s1_5"/>
			</nt>
			<nt id="s1_502" cat="np">
				<edge label="DN" idref="s1_2"/>
				<edge label="H" idref="s1_3"/>
				<edge label="DN" idref="s1_4"/>
			</nt>
		</nonterminals>
	</graph>
</s>

<s id="s2" ref="2" source="Running text" forest="1" text="Tweet Classificação morfossintática:">
	<graph root="s2_500">
		<terminals>
			<t id="s2_1" word="Tweet_Classificação" lemma="Tweet_Classificação" pos="prop" morph="M S" extra="common * heur"/>
			<t id="s2_2" word="morfossintática" lemma="morfossintático" pos="adj" morph="F S" extra="DERS jh np-close"/>
			<t id="s2_3" word=":" lemma="--" pos="pu" morph="--" extra="--"/>
		</terminals>

		<nonterminals>
			<nt id="s2_500" cat="s">
				<edge label="X" idref="s2_501"/>
			</nt>
			<nt id="s2_501" cat="np">
				<edge label="H" idref="s2_1"/>
				<edge label="DN" idref="s2_2"/>
				<edge label="PU" idref="s2_3"/>
			</nt>
		</nonterminals>
	</graph>
</s>

<s id="s3" ref="3" source="Running text" forest="1" text="Substantivo, masculino singular Flexões da palavra Assoreamento Significados de Assoreamento:">
	<graph root="s3_500">
		<terminals>
			<t id="s3_1" word="Substantivo" lemma="substantivar" pos="v-fin" morph="PR 1S IND VFIN" extra="* vH fmc mv"/>
			<t id="s3_2" word="," lemma="--" pos="pu" morph="--" extra="--"/>
			<t id="s3_3" word="masculino" lemma="masculino" pos="adj" morph="M S" extra="jh"/>
			<t id="s3_4" word="singular" lemma="singular" pos="adj" morph="F S" extra="jh"/>
			<t id="s3_5" word="Flexões" lemma="flexão" pos="n" morph="F P" sem="act" extra="prop *"/>
			<t id="s3_6" word="de" lemma="de" pos="prp" morph="--" extra="sam- np-close"/>
			<t id="s3_7" word="a" lemma="o" pos="art" morph="F S" extra="-sam "/>
			<t id="s3_8" word="palavra" lemma="palavra" pos="n" morph="F S" sem="ac-cat act-s" extra="--"/>
			<t id="s3_9" word="Assoreamento_Significados_de_Assoreamento" lemma="Assoreamento_Significados_de_Assoreamento" pos="prop" morph="F S" extra="org * heur np-close"/>
			<t id="s3_10" word=":" lemma="--" pos="pu" morph="--" extra="--"/>
		</terminals>

		<nonterminals>
			<nt id="s3_500" cat="s">
				<edge label="STA" idref="s3_501"/>
			</nt>
			<nt id="s3_501" cat="fcl">
				<edge label="P" idref="s3_1"/>
				<edge label="PU" idref="s3_2"/>
				<edge label="fCs" idref="s3_3"/>
				<edge label="fCs" idref="s3_502"/>
				<edge label="PU" idref="s3_10"/>
			</nt>
			<nt id="s3_502" cat="np">
				<edge label="DN" idref="s3_4"/>
				<edge label="H" idref="s3_5"/>
				<edge label="DN" idref="s3_503"/>
			</nt>
			<nt id="s3_503" cat="pp">
				<edge label="H" idref="s3_6"/>
				<edge label="DP" idref="s3_504"/>
			</nt>
			<nt id="s3_504" cat="np">
				<edge label="DN" idref="s3_7"/>
				<edge label="H" idref="s3_8"/>
				<edge label="DN" idref="s3_9"/>
			</nt>
		</nonterminals>
	</graph>
</s>

<s id="s4" ref="4" source="Running text" forest="1" text="132 sobe, 47 desce 1. Assoreamento Por Antonio lima(RJ) em 09-04-2009 1. Obstrução, por areia ou por sedimentos quaisquer, de um rio, canal ou estuário, geralmente em conseqüência de redução da correnteza.">
	<graph root="s4_500">
		<terminals>
			<t id="s4_1" word="132" lemma="132" pos="num" morph="M/F S" extra="card"/>
			<t id="s4_2" word="sobe" lemma="subir" pos="v-fin" morph="PR 3S IND VFIN" extra="cjt-head cjt-head-STA fmc mv"/>
			<t id="s4_3" word="," lemma="--" pos="pu" morph="--" extra="--"/>
			<t id="s4_4" word="47" lemma="47" pos="num" morph="M/F P" extra="card"/>
			<t id="s4_5" word="desce" lemma="descer" pos="v-fin" morph="PR 3S IND VFIN" extra="cjt-STA fmc mv"/>
			<t id="s4_6" word="1." lemma="1." pos="adj" morph="M/F S" extra="NUM-ord"/>
			<t id="s4_7" word="Assoreamento_Por_Antonio" lemma="Assoreamento_Por_Antonio" pos="prop" morph="M S" extra="top * heur"/>
			<t id="s4_8" word="lima" lemma="lima" pos="n" morph="F S" sem="tool act fruit" extra="--"/>
			<t id="s4_9" word="(" lemma="--" pos="pu" morph="--" extra="--"/>
			<t id="s4_10" word="RJ" lemma="RJ" pos="prop" morph="M S" extra="civ * np-close"/>
			<t id="s4_11" word=")" lemma="--" pos="pu" morph="--" extra="--"/>
			<t id="s4_12" word="em" lemma="em" pos="prp" morph="--" extra="--"/>
			<t id="s4_13" word="09-04-2009_1." lemma="09-04-2009_1." pos="adj" morph="F S" extra="NUM-ord jh"/>
			<t id="s4_14" word="Obstrução" lemma="obstrução" pos="n" morph="F S" sem="sick act" extra="disease prop *"/>
			<t id="s4_15" word="," lemma="--" pos="pu" morph="--" extra="--"/>
			<t id="s4_16" word="por" lemma="por" pos="prp" morph="--" extra="--"/>
			<t id="s4_17" word="areia" lemma="areia" pos="n" morph="F S" sem="mat" extra="--"/>
			<t id="s4_18" word="ou" lemma="ou" pos="conj-c" morph="--" extra="--"/>
			<t id="s4_19" word="por" lemma="por" pos="prp" morph="--" extra="--"/>
			<t id="s4_20" word="sedimentos" lemma="sedimento" pos="n" morph="M P" sem="cm" extra="--"/>
			<t id="s4_21" word="quaisquer" lemma="qualquer" pos="pron-indef" morph="DET M/F P" extra="quant np-close"/>
			<t id="s4_22" word="," lemma="--" pos="pu" morph="--" extra="--"/>
			<t id="s4_23" word="de" lemma="de" pos="prp" morph="--" extra="np-close"/>
			<t id="s4_24" word="um" lemma="um" pos="art" morph="M S" extra="--"/>
			<t id="s4_25" word="rio" lemma="rio" pos="n" morph="M S" sem="Lwater" extra="--"/>
			<t id="s4_26" word="," lemma="--" pos="pu" morph="--" extra="--"/>
			<t id="s4_27" word="canal" lemma="canal" pos="n" morph="M S" sem="Lwater" extra="np-close"/>
			<t id="s4_28" word="ou" lemma="ou" pos="conj-c" morph="--" extra="--"/>
			<t id="s4_29" word="estuário" lemma="estuário" pos="n" morph="M S" sem="Ltop" extra="np-close"/>
			<t id="s4_30" word="," lemma="--" pos="pu" morph="--" extra="--"/>
			<t id="s4_31" word="geralmente" lemma="geralmente" pos="adv" morph="--" extra="--"/>
			<t id="s4_32" word="em_conseqüência_de" lemma="em_conseqüência_de" pos="prp" morph="--" extra="--"/>
			<t id="s4_33" word="redução" lemma="redução" pos="n" morph="F S" sem="act" extra="--"/>
			<t id="s4_34" word="de" lemma="de" pos="prp" morph="--" extra="sam- np-close"/>
			<t id="s4_35" word="a" lemma="o" pos="art" morph="F S" extra="-sam "/>
			<t id="s4_36" word="correnteza" lemma="correnteza" pos="n" morph="F S" sem="Lwater" extra="--"/>
			<t id="s4_37" word="." lemma="--" pos="pu" morph="--" extra="--"/>
		</terminals>

		<nonterminals>
			<nt id="s4_500" cat="s">
				<edge label="STA" idref="s4_501"/>
			</nt>
			<nt id="s4_501" cat="par">
				<edge label="CJT" idref="s4_502"/>
				<edge label="PU" idref="s4_3"/>
				<edge label="CJT" idref="s4_503"/>
				<edge label="PU" idref="s4_37"/>
			</nt>
			<nt id="s4_502" cat="fcl">
				<edge label="S" idref="s4_1"/>
				<edge label="P" idref="s4_2"/>
			</nt>
			<nt id="s4_503" cat="fcl">
				<edge label="Od" idref="s4_4"/>
				<edge label="P" idref="s4_5"/>
				<edge label="fCs" idref="s4_6"/>
				<edge label="S" idref="s4_7"/>
				<edge label="Od" idref="s4_504"/>
				<edge label="fA" idref="s4_505"/>
				<edge label="PU" idref="s4_15"/>
				<edge label="fA" idref="s4_507"/>
				<edge label="fA" idref="s4_508"/>
				<edge label="PU" idref="s4_30"/>
				<edge label="fA" idref="s4_31"/>
				<edge label="fA" idref="s4_515"/>
			</nt>
			<nt id="s4_504" cat="np">
				<edge label="H" idref="s4_8"/>
				<edge label="PU" idref="s4_9"/>
				<edge label="DNapp" idref="s4_10"/>
				<edge label="PU" idref="s4_11"/>
			</nt>
			<nt id="s4_505" cat="pp">
				<edge label="H" idref="s4_12"/>
				<edge label="DP" idref="s4_506"/>
			</nt>
			<nt id="s4_506" cat="np">
				<edge label="DN" idref="s4_13"/>
				<edge label="H" idref="s4_14"/>
			</nt>
			<nt id="s4_507" cat="pp">
				<edge label="H" idref="s4_16"/>
				<edge label="DP" idref="s4_17"/>
			</nt>
			<nt id="s4_508" cat="pp">
				<edge label="DP" idref="s4_509"/>
				<edge label="H" idref="s4_19"/>
			</nt>
			<nt id="s4_509" cat="np">
				<edge label="DN" idref="s4_510"/>
				<edge label="H" idref="s4_20"/>
				<edge label="-DN" idref="s4_21"/>
				<edge label="PU" idref="s4_22"/>
				<edge label="DNc" idref="s4_511"/>
			</nt>
			<nt id="s4_510" cat="adjp">
				<edge label="CO" idref="s4_18"/>
			</nt>
			<nt id="s4_511" cat="pp">
				<edge label="H" idref="s4_23"/>
				<edge label="DP" idref="s4_512"/>
			</nt>
			<nt id="s4_512" cat="np">
				<edge label="DN" idref="s4_24"/>
				<edge label="H" idref="s4_25"/>
				<edge label="PU" idref="s4_26"/>
				<edge label="DNc" idref="s4_513"/>
			</nt>
			<nt id="s4_513" cat="np">
				<edge label="H" idref="s4_27"/>
				<edge label="DNc" idref="s4_514"/>
			</nt>
			<nt id="s4_514" cat="np">
				<edge label="CO" idref="s4_28"/>
				<edge label="H" idref="s4_29"/>
			</nt>
			<nt id="s4_515" cat="pp">
				<edge label="H" idref="s4_32"/>
				<edge label="DP" idref="s4_516"/>
			</nt>
			<nt id="s4_516" cat="np">
				<edge label="H" idref="s4_33"/>
				<edge label="DN" idref="s4_517"/>
			</nt>
			<nt id="s4_517" cat="pp">
				<edge label="H" idref="s4_34"/>
				<edge label="DP" idref="s4_518"/>
			</nt>
			<nt id="s4_518" cat="np">
				<edge label="DN" idref="s4_35"/>
				<edge label="H" idref="s4_36"/>
			</nt>
		</nonterminals>
	</graph>
</s>

<s id="s5" ref="5" source="Running text" forest="1" text="O assoreamento nas valas das favelas e prejudicial aos seus habitantes.">
	<graph root="s5_500">
		<terminals>
			<t id="s5_1" word="O" lemma="o" pos="art" morph="M S" extra="* "/>
			<t id="s5_2" word="assoreamento" lemma="assoreamento" pos="n" morph="M S" sem="process" extra="--"/>
			<t id="s5_3" word="em" lemma="em" pos="prp" morph="--" extra="sam- np-close"/>
			<t id="s5_4" word="as" lemma="o" pos="art" morph="F P" extra="-sam "/>
			<t id="s5_5" word="valas" lemma="vala" pos="n" morph="F P" sem="Ltop Lopening" extra="--"/>
			<t id="s5_6" word="de" lemma="de" pos="prp" morph="--" extra="sam- np-close"/>
			<t id="s5_7" word="as" lemma="o" pos="art" morph="F P" extra="-sam "/>
			<t id="s5_8" word="favelas" lemma="favela" pos="n" morph="F P" sem="Lciv" extra="cjt-head cjt-head-DP"/>
			<t id="s5_9" word="e" lemma="e" pos="conj-c" morph="--" extra="--"/>
			<t id="s5_10" word="prejudicial" lemma="prejudicial" pos="adj" morph="M/F S" extra="cjt-DP nh"/>
			<t id="s5_11" word="a" lemma="a" pos="prp" morph="--" extra="sam-"/>
			<t id="s5_12" word="os" lemma="o" pos="art" morph="M P" extra="-sam "/>
			<t id="s5_13" word="seus" lemma="seu" pos="pron-poss" morph="DET M P" extra="poss 3S"/>
			<t id="s5_14" word="habitantes" lemma="habitante" pos="n" morph="M P" sem="Hnat" extra="--"/>
			<t id="s5_15" word="." lemma="--" pos="pu" morph="--" extra="--"/>
		</terminals>

		<nonterminals>
			<nt id="s5_500" cat="s">
				<edge label="X" idref="s5_501"/>
			</nt>
			<nt id="s5_501" cat="np">
				<edge label="DN" idref="s5_1"/>
				<edge label="H" idref="s5_2"/>
				<edge label="DN" idref="s5_502"/>
				<edge label="PU" idref="s5_15"/>
			</nt>
			<nt id="s5_502" cat="pp">
				<edge label="H" idref="s5_3"/>
				<edge label="DP" idref="s5_503"/>
			</nt>
			<nt id="s5_503" cat="np">
				<edge label="DN" idref="s5_4"/>
				<edge label="H" idref="s5_5"/>
				<edge label="DN" idref="s5_504"/>
			</nt>
			<nt id="s5_504" cat="pp">
				<edge label="H" idref="s5_6"/>
				<edge label="DP" idref="s5_505"/>
			</nt>
			<nt id="s5_505" cat="par">
				<edge label="CJT" idref="s5_506"/>
				<edge label="CO" idref="s5_9"/>
				<edge label="CJT" idref="s5_507"/>
			</nt>
			<nt id="s5_506" cat="np">
				<edge label="DN" idref="s5_7"/>
				<edge label="H" idref="s5_8"/>
			</nt>
			<nt id="s5_507" cat="adjp">
				<edge label="H" idref="s5_10"/>
				<edge label="DA" idref="s5_508"/>
			</nt>
			<nt id="s5_508" cat="pp">
				<edge label="H" idref="s5_11"/>
				<edge label="DP" idref="s5_509"/>
			</nt>
			<nt id="s5_509" cat="np">
				<edge label="DN" idref="s5_12"/>
				<edge label="DN" idref="s5_13"/>
				<edge label="H" idref="s5_14"/>
			</nt>
		</nonterminals>
	</graph>
</s>

<s id="s6" ref="6" source="Running text" forest="1" text="Compartilhar enviar nova definição enviar nova imagem denunciar abuso Sinônimos:">
	<graph root="s6_500">
		<terminals>
			<t id="s6_1" word="Compartilhar" lemma="compartilhar" pos="v-inf" morph="--" extra="* vH mv"/>
			<t id="s6_2" word="enviar" lemma="enviar" pos="v-inf" morph="--" extra="vH mv"/>
			<t id="s6_3" word="nova" lemma="novo" pos="adj" morph="F S" extra="jh"/>
			<t id="s6_4" word="definição" lemma="definição" pos="n" morph="F S" sem="sem-c" extra="--"/>
			<t id="s6_5" word="enviar" lemma="enviar" pos="v-inf" morph="--" extra="vH mv"/>
			<t id="s6_6" word="nova" lemma="novo" pos="adj" morph="F S" extra="jh"/>
			<t id="s6_7" word="imagem" lemma="imagem" pos="n" morph="F S" sem="pict sem-c ac-cat" extra="--"/>
			<t id="s6_8" word="denunciar" lemma="denunciar" pos="v-inf" morph="--" extra="vH mv"/>
			<t id="s6_9" word="abuso" lemma="abuso" pos="n" morph="M S" sem="activity" extra="--"/>
			<t id="s6_10" word="Sinônimos" lemma="Sinônimos" pos="prop" morph="M S" extra="hum * np-close"/>
			<t id="s6_11" word=":" lemma="--" pos="pu" morph="--" extra="--"/>
		</terminals>

		<nonterminals>
			<nt id="s6_500" cat="s">
				<edge label="UTT" idref="s6_501"/>
			</nt>
			<nt id="s6_501" cat="icl">
				<edge label="P" idref="s6_1"/>
				<edge label="Od" idref="s6_502"/>
				<edge label="PU" idref="s6_11"/>
			</nt>
			<nt id="s6_502" cat="icl">
				<edge label="P" idref="s6_2"/>
				<edge label="Od" idref="s6_503"/>
				<edge label="UTT" idref="s6_504"/>
				<edge label="UTT" idref="s6_506"/>
			</nt>
			<nt id="s6_503" cat="np">
				<edge label="DN" idref="s6_3"/>
				<edge label="H" idref="s6_4"/>
			</nt>
			<nt id="s6_504" cat="icl">
				<edge label="P" idref="s6_5"/>
				<edge label="Od" idref="s6_505"/>
			</nt>
			<nt id="s6_505" cat="np">
				<edge label="DN" idref="s6_6"/>
				<edge label="H" idref="s6_7"/>
			</nt>
			<nt id="s6_506" cat="icl">
				<edge label="P" idref="s6_8"/>
				<edge label="Od" idref="s6_507"/>
			</nt>
			<nt id="s6_507" cat="np">
				<edge label="H" idref="s6_9"/>
				<edge label="DN" idref="s6_10"/>
			</nt>
		</nonterminals>
	</graph>
</s>

<s id="s7" ref="7" source="Running text" forest="1" text="obstrução.">
	<graph root="s7_500">
		<terminals>
			<t id="s7_1" word="obstrução" lemma="obstrução" pos="n" morph="F S" sem="sick act" extra="--"/>
			<t id="s7_2" word="." lemma="--" pos="pu" morph="--" extra="--"/>
		</terminals>

		<nonterminals>
			<nt id="s7_500" cat="s">
				<edge label="UTT" idref="s7_501"/>
			</nt>
			<nt id="s7_501" cat="x">
				<edge label="X" idref="s7_1"/>
				<edge label="PU" idref="s7_2"/>
			</nt>
		</nonterminals>
	</graph>
</s>

<s id="s8" ref="8" source="Running text" forest="1" text="mais...">
	<graph root="s8_500">
		<terminals>
			<t id="s8_1" word="mais" lemma="mais" pos="adv" morph="--" extra="quant KOMP"/>
			<t id="s8_2" word="." lemma="--" pos="pu" morph="--" extra="--"/>
		</terminals>

		<nonterminals>
			<nt id="s8_500" cat="s">
				<edge label="UTT" idref="s8_501"/>
			</nt>
			<nt id="s8_501" cat="x">
				<edge label="fA" idref="s8_1"/>
				<edge label="PU" idref="s8_2"/>
			</nt>
		</nonterminals>
	</graph>
</s>

<s id="s9" ref="9" source="Running text" forest="1" text="Antônimos:">
	<graph root="s9_500">
		<terminals>
			<t id="s9_1" word="Antônimos" lemma="antônimo" pos="adj" morph="M P" extra="* nh"/>
			<t id="s9_2" word=":" lemma="--" pos="pu" morph="--" extra="--"/>
		</terminals>

		<nonterminals>
			<nt id="s9_500" cat="s">
				<edge label="UTT" idref="s9_501"/>
			</nt>
			<nt id="s9_501" cat="x">
				<edge label="X" idref="s9_1"/>
				<edge label="PU" idref="s9_2"/>
			</nt>
		</nonterminals>
	</graph>
</s>

<s id="s10" ref="10" source="Running text" forest="1" text="desempedimento.">
	<graph root="s10_500">
		<terminals>
			<t id="s10_1" word="desempedimento" lemma="desempedimento" pos="n" morph="M S" extra="DERS"/>
			<t id="s10_2" word="." lemma="--" pos="pu" morph="--" extra="--"/>
		</terminals>

		<nonterminals>
			<nt id="s10_500" cat="s">
				<edge label="UTT" idref="s10_501"/>
			</nt>
			<nt id="s10_501" cat="x">
				<edge label="X" idref="s10_1"/>
				<edge label="PU" idref="s10_2"/>
			</nt>
		</nonterminals>
	</graph>
</s>

<s id="s11" ref="11" source="Running text" forest="1" text="mais...">
	<graph root="s11_500">
		<terminals>
			<t id="s11_1" word="mais" lemma="mais" pos="adv" morph="--" extra="quant KOMP"/>
			<t id="s11_2" word="." lemma="--" pos="pu" morph="--" extra="--"/>
		</terminals>

		<nonterminals>
			<nt id="s11_500" cat="s">
				<edge label="UTT" idref="s11_501"/>
			</nt>
			<nt id="s11_501" cat="x">
				<edge label="fA" idref="s11_1"/>
				<edge label="PU" idref="s11_2"/>
			</nt>
		</nonterminals>
	</graph>
</s>

<s id="s12" ref="12" source="Running text" forest="1" text="Relacionadas:">
	<graph root="s12_500">
		<terminals>
			<t id="s12_1" word="Relacionadas" lemma="relacionado" pos="adj" morph="F P" extra="* nh"/>
			<t id="s12_2" word=":" lemma="--" pos="pu" morph="--" extra="--"/>
		</terminals>

		<nonterminals>
			<nt id="s12_500" cat="s">
				<edge label="UTT" idref="s12_501"/>
			</nt>
			<nt id="s12_501" cat="x">
				<edge label="X" idref="s12_1"/>
				<edge label="PU" idref="s12_2"/>
			</nt>
		</nonterminals>
	</graph>
</s>

<s id="s13" ref="13" source="Running text" forest="1" text="assorear mais...">
	<graph root="s13_500">
		<terminals>
			<t id="s13_1" word="assorear" lemma="assorear" pos="v-inf" morph="--" extra="mv"/>
			<t id="s13_2" word="mais" lemma="mais" pos="adv" morph="--" extra="--"/>
			<t id="s13_3" word="." lemma="--" pos="pu" morph="--" extra="--"/>
		</terminals>

		<nonterminals>
			<nt id="s13_500" cat="s">
				<edge label="S" idref="s13_501"/>
			</nt>
			<nt id="s13_501" cat="icl">
				<edge label="P" idref="s13_1"/>
				<edge label="fA" idref="s13_2"/>
				<edge label="PU" idref="s13_3"/>
			</nt>
		</nonterminals>
	</graph>
</s>

<s id="s14" ref="14" source="Running text" forest="1" text="32 sobe, 12 desce 2. Assoreamento Por Dicionário inFormal(SP) em 02-09-2007 Obstrução da barra de um rio ou de um porto, por as terras ou areias.">
	<graph root="s14_500">
		<terminals>
			<t id="s14_1" word="32" lemma="32" pos="num" morph="M/F P" extra="card"/>
			<t id="s14_2" word="sobe" lemma="subir" pos="v-fin" morph="PR 3S IND VFIN" extra="cjt-head cjt-head-STA fmc mv"/>
			<t id="s14_3" word="," lemma="--" pos="pu" morph="--" extra="--"/>
			<t id="s14_4" word="12" lemma="12" pos="num" morph="M/F P" extra="card"/>
			<t id="s14_5" word="desce" lemma="descer" pos="v-fin" morph="PR 3S IND VFIN" extra="cjt-STA fmc mv"/>
			<t id="s14_6" word="2." lemma="2." pos="adj" morph="M/F S" extra="NUM-ord"/>
			<t id="s14_7" word="Assoreamento_Por_Dicionário" lemma="Assoreamento_Por_Dicionário" pos="prop" morph="M S" extra="tit *"/>
			<t id="s14_8" word="inFormal" lemma="inFormal" pos="adj" morph="M S" extra="np-close"/>
			<t id="s14_9" word="(" lemma="--" pos="pu" morph="--" extra="--"/>
			<t id="s14_10" word="SP" lemma="SP" pos="prop" morph="M S" extra="civ * np-close"/>
			<t id="s14_11" word=")" lemma="--" pos="pu" morph="--" extra="--"/>
			<t id="s14_12" word="em" lemma="em" pos="prp" morph="--" extra="--"/>
			<t id="s14_13" word="02-09-2007" lemma="02-09-2007" pos="num" morph="F P" extra="card"/>
			<t id="s14_14" word="Obstrução" lemma="obstrução" pos="n" morph="F P" sem="sick act" extra="disease prop *"/>
			<t id="s14_15" word="de" lemma="de" pos="prp" morph="--" extra="sam- np-close"/>
			<t id="s14_16" word="a" lemma="o" pos="art" morph="F S" extra="-sam "/>
			<t id="s14_17" word="barra" lemma="barra" pos="n" morph="F S" sem="amount Lwater cc ac-sign" extra="--"/>
			<t id="s14_18" word="de" lemma="de" pos="prp" morph="--" extra="np-close"/>
			<t id="s14_19" word="um" lemma="um" pos="art" morph="M S" extra="--"/>
			<t id="s14_20" word="rio" lemma="rio" pos="n" morph="M S" sem="Lwater" extra="--"/>
			<t id="s14_21" word="ou" lemma="ou" pos="conj-c" morph="--" extra="--"/>
			<t id="s14_22" word="de" lemma="de" pos="prp" morph="--" extra="np-close"/>
			<t id="s14_23" word="um" lemma="um" pos="art" morph="M S" extra="--"/>
			<t id="s14_24" word="porto" lemma="porto" pos="n" morph="M S" sem="Lwater inst drink" extra="--"/>
			<t id="s14_25" word="," lemma="--" pos="pu" morph="--" extra="--"/>
			<t id="s14_26" word="por" lemma="por" pos="prp" morph="--" extra="sam-"/>
			<t id="s14_27" word="as" lemma="o" pos="art" morph="F P" extra="-sam "/>
			<t id="s14_28" word="terras" lemma="terra" pos="n" morph="F P" sem="cm Ltop BB Lstar" extra="--"/>
			<t id="s14_29" word="ou" lemma="ou" pos="conj-c" morph="--" extra="--"/>
			<t id="s14_30" word="areias" lemma="areia" pos="n" morph="F P" sem="mat" extra="--"/>
			<t id="s14_31" word="." lemma="--" pos="pu" morph="--" extra="--"/>
		</terminals>

		<nonterminals>
			<nt id="s14_500" cat="s">
				<edge label="UTT" idref="s14_501"/>
			</nt>
			<nt id="s14_501" cat="x">
				<edge label="Od" idref="s14_1"/>
				<edge label="STA" idref="s14_502"/>
				<edge label="CJT" idref="s14_2"/>
				<edge label="PU" idref="s14_3"/>
				<edge label="CJT" idref="s14_503"/>
				<edge label="PU" idref="s14_31"/>
			</nt>
			<nt id="s14_502" cat="par">
			</nt>
			<nt id="s14_503" cat="fcl">
				<edge label="Od" idref="s14_4"/>
				<edge label="P" idref="s14_5"/>
				<edge label="fCs" idref="s14_6"/>
				<edge label="S" idref="s14_504"/>
				<edge label="fA" idref="s14_505"/>
				<edge label="PU" idref="s14_25"/>
				<edge label="fA" idref="s14_513"/>
				<edge label="fCs" idref="s14_515"/>
			</nt>
			<nt id="s14_504" cat="np">
				<edge label="H" idref="s14_7"/>
				<edge label="DN" idref="s14_8"/>
				<edge label="PU" idref="s14_9"/>
				<edge label="DNapp" idref="s14_10"/>
				<edge label="PU" idref="s14_11"/>
			</nt>
			<nt id="s14_505" cat="pp">
				<edge label="H" idref="s14_12"/>
				<edge label="DP" idref="s14_506"/>
			</nt>
			<nt id="s14_506" cat="np">
				<edge label="DN" idref="s14_13"/>
				<edge label="H" idref="s14_14"/>
				<edge label="DN" idref="s14_507"/>
			</nt>
			<nt id="s14_507" cat="pp">
				<edge label="H" idref="s14_15"/>
				<edge label="DP" idref="s14_508"/>
			</nt>
			<nt id="s14_508" cat="np">
				<edge label="DN" idref="s14_16"/>
				<edge label="H" idref="s14_17"/>
				<edge label="DN" idref="s14_509"/>
			</nt>
			<nt id="s14_509" cat="pp">
				<edge label="H" idref="s14_18"/>
				<edge label="DP" idref="s14_510"/>
			</nt>
			<nt id="s14_510" cat="np">
				<edge label="DN" idref="s14_19"/>
				<edge label="H" idref="s14_20"/>
				<edge label="DN" idref="s14_511"/>
			</nt>
			<nt id="s14_511" cat="pp">
				<edge label="CO" idref="s14_21"/>
				<edge label="H" idref="s14_22"/>
				<edge label="DP" idref="s14_512"/>
			</nt>
			<nt id="s14_512" cat="np">
				<edge label="DN" idref="s14_23"/>
				<edge label="H" idref="s14_24"/>
			</nt>
			<nt id="s14_513" cat="pp">
				<edge label="H" idref="s14_26"/>
				<edge label="DP" idref="s14_514"/>
			</nt>
			<nt id="s14_514" cat="np">
				<edge label="DN" idref="s14_27"/>
				<edge label="H" idref="s14_28"/>
			</nt>
			<nt id="s14_515" cat="np">
				<edge label="CO" idref="s14_29"/>
				<edge label="H" idref="s14_30"/>
			</nt>
		</nonterminals>
	</graph>
</s>

<s id="s15" ref="15" source="Running text" forest="1" text="Acúmulo de partículas sólidas arrastadas de partes mais altas do terreno para os corpos de água, no processo chamado erosão hídrica, que reduz o volume livre para armazenar ou conduzir água.">
	<graph root="s15_500">
		<terminals>
			<t id="s15_1" word="Acúmulo" lemma="acúmulo" pos="n" morph="M S" extra="* event"/>
			<t id="s15_2" word="de" lemma="de" pos="prp" morph="--" extra="np-close"/>
			<t id="s15_3" word="partículas" lemma="partícula" pos="n" morph="F P" sem="cc-particle ac-cat" extra="--"/>
			<t id="s15_4" word="sólidas" lemma="sólido" pos="adj" morph="F P" extra="nh np-close"/>
			<t id="s15_5" word="arrastadas" lemma="arrastar" pos="v-pcp" morph="F P" extra="vH np-long"/>
			<t id="s15_6" word="de" lemma="de" pos="prp" morph="--" extra="np-close"/>
			<t id="s15_7" word="partes" lemma="parte" pos="n" morph="F P" sem="part amount L HH sem-l ac" extra="--"/>
			<t id="s15_8" word="mais" lemma="mais" pos="adv" morph="--" extra="quant KOMP"/>
			<t id="s15_9" word="altas" lemma="alto" pos="adj" morph="F P" extra="jh np-close"/>
			<t id="s15_10" word="de" lemma="de" pos="prp" morph="--" extra="sam- np-close"/>
			<t id="s15_11" word="o" lemma="o" pos="art" morph="M S" extra="-sam "/>
			<t id="s15_12" word="terreno" lemma="terreno" pos="n" morph="M S" sem="L Ltop" extra="--"/>
			<t id="s15_13" word="para" lemma="para" pos="prp" morph="--" extra="--"/>
			<t id="s15_14" word="os" lemma="o" pos="art" morph="M P" extra="--"/>
			<t id="s15_15" word="corpos" lemma="corpo" pos="n" morph="M P" sem="anmov HH build part-build ac-sign" extra="--"/>
			<t id="s15_16" word="de" lemma="de" pos="prp" morph="--" extra="np-close"/>
			<t id="s15_17" word="água" lemma="água" pos="n" morph="F S" sem="cm-liq drink f-q" extra="--"/>
			<t id="s15_18" word="," lemma="--" pos="pu" morph="--" extra="--"/>
			<t id="s15_19" word="em" lemma="em" pos="prp" morph="--" extra="sam-"/>
			<t id="s15_20" word="o" lemma="o" pos="art" morph="M S" extra="-sam "/>
			<t id="s15_21" word="processo" lemma="processo" pos="n" morph="M S" sem="occ process activity" extra="--"/>
			<t id="s15_22" word="chamado" lemma="chamado" pos="adj" morph="M S" extra="--"/>
			<t id="s15_23" word="erosão" lemma="erosão" pos="n" morph="F S" sem="process" extra="--"/>
			<t id="s15_24" word="hídrica" lemma="hídrico" pos="adj" morph="F S" extra="nh np-close"/>
			<t id="s15_25" word="," lemma="--" pos="pu" morph="--" extra="--"/>
			<t id="s15_26" word="que" lemma="que" pos="spec" morph="M S" extra="clb clb-fs rel"/>
			<t id="s15_27" word="reduz" lemma="reduzir" pos="v-fin" morph="PR 3S IND VFIN" extra="mv np-close"/>
			<t id="s15_28" word="o" lemma="o" pos="art" morph="M S" extra="--"/>
			<t id="s15_29" word="volume" lemma="volume" pos="n" morph="M S" sem="f-q" extra="--"/>
			<t id="s15_30" word="livre" lemma="livre" pos="adj" morph="M S" extra="np-close"/>
			<t id="s15_31" word="para" lemma="para" pos="prp" morph="--" extra="--"/>
			<t id="s15_32" word="armazenar" lemma="armazenar" pos="v-inf" morph="--" extra="cjt-head cjt-head-DP vH mv"/>
			<t id="s15_33" word="ou" lemma="ou" pos="conj-c" morph="--" extra="--"/>
			<t id="s15_34" word="conduzir" lemma="conduzir" pos="v-inf" morph="--" extra="cjt-DP vH mv"/>
			<t id="s15_35" word="água" lemma="água" pos="n" morph="F S" sem="cm-liq drink f-q" extra="--"/>
			<t id="s15_36" word="." lemma="--" pos="pu" morph="--" extra="--"/>
		</terminals>

		<nonterminals>
			<nt id="s15_500" cat="s">
				<edge label="X" idref="s15_501"/>
			</nt>
			<nt id="s15_501" cat="np">
				<edge label="H" idref="s15_1"/>
				<edge label="DN" idref="s15_502"/>
				<edge label="fA" idref="s15_504"/>
				<edge label="fA" idref="s15_509"/>
				<edge label="PU" idref="s15_18"/>
				<edge label="fA" idref="s15_512"/>
				<edge label="PU" idref="s15_36"/>
			</nt>
			<nt id="s15_502" cat="pp">
				<edge label="H" idref="s15_2"/>
				<edge label="DP" idref="s15_503"/>
			</nt>
			<nt id="s15_503" cat="np">
				<edge label="H" idref="s15_3"/>
				<edge label="DN" idref="s15_4"/>
				<edge label="DN" idref="s15_5"/>
			</nt>
			<nt id="s15_504" cat="pp">
				<edge label="H" idref="s15_6"/>
				<edge label="DP" idref="s15_505"/>
			</nt>
			<nt id="s15_505" cat="np">
				<edge label="H" idref="s15_7"/>
				<edge label="DN" idref="s15_506"/>
				<edge label="DN" idref="s15_507"/>
			</nt>
			<nt id="s15_506" cat="adjp">
				<edge label="DA" idref="s15_8"/>
				<edge label="H" idref="s15_9"/>
			</nt>
			<nt id="s15_507" cat="pp">
				<edge label="H" idref="s15_10"/>
				<edge label="DP" idref="s15_508"/>
			</nt>
			<nt id="s15_508" cat="np">
				<edge label="DN" idref="s15_11"/>
				<edge label="H" idref="s15_12"/>
			</nt>
			<nt id="s15_509" cat="pp">
				<edge label="H" idref="s15_13"/>
				<edge label="DP" idref="s15_510"/>
			</nt>
			<nt id="s15_510" cat="np">
				<edge label="DN" idref="s15_14"/>
				<edge label="H" idref="s15_15"/>
				<edge label="DN" idref="s15_511"/>
			</nt>
			<nt id="s15_511" cat="pp">
				<edge label="H" idref="s15_16"/>
				<edge label="DP" idref="s15_17"/>
			</nt>
			<nt id="s15_512" cat="pp">
				<edge label="H" idref="s15_19"/>
				<edge label="DP" idref="s15_513"/>
				<edge label="fCs" idref="s15_514"/>
			</nt>
			<nt id="s15_513" cat="np">
				<edge label="DN" idref="s15_20"/>
				<edge label="H" idref="s15_21"/>
			</nt>
			<nt id="s15_514" cat="np">
				<edge label="DN" idref="s15_22"/>
				<edge label="H" idref="s15_23"/>
				<edge label="DN" idref="s15_24"/>
				<edge label="PU" idref="s15_25"/>
				<edge label="DN" idref="s15_515"/>
			</nt>
			<nt id="s15_515" cat="fcl">
				<edge label="S" idref="s15_26"/>
				<edge label="P" idref="s15_27"/>
				<edge label="Od" idref="s15_516"/>
				<edge label="fA" idref="s15_517"/>
			</nt>
			<nt id="s15_516" cat="np">
				<edge label="DN" idref="s15_28"/>
				<edge label="H" idref="s15_29"/>
				<edge label="DN" idref="s15_30"/>
			</nt>
			<nt id="s15_517" cat="pp">
				<edge label="H" idref="s15_31"/>
				<edge label="DP" idref="s15_518"/>
				<edge label="CO" idref="s15_33"/>
			</nt>
			<nt id="s15_518" cat="par">
				<edge label="CJT" idref="s15_32"/>
				<edge label="CJT" idref="s15_519"/>
			</nt>
			<nt id="s15_519" cat="icl">
				<edge label="P" idref="s15_34"/>
				<edge label="Od" idref="s15_35"/>
			</nt>
		</nonterminals>
	</graph>
</s>

<s id="s16" ref="16" source="Running text" forest="1" text="Em aquele rio houve um assoreamento.">
	<graph root="s16_500">
		<terminals>
			<t id="s16_1" word="Em" lemma="em" pos="prp" morph="--" extra="* sam-"/>
			<t id="s16_2" word="aquele" lemma="aquele" pos="pron-dem" morph="DET M S" extra="-sam dem"/>
			<t id="s16_3" word="rio" lemma="rio" pos="n" morph="M S" sem="Lwater" extra="--"/>
			<t id="s16_4" word="houve" lemma="haver" pos="v-fin" morph="PS 1/3S IND VFIN" extra="fmc mv"/>
			<t id="s16_5" word="um" lemma="um" pos="art" morph="M S" extra="--"/>
			<t id="s16_6" word="assoreamento" lemma="assoreamento" pos="n" morph="M S" sem="process" extra="--"/>
			<t id="s16_7" word="." lemma="--" pos="pu" morph="--" extra="--"/>
		</terminals>

		<nonterminals>
			<nt id="s16_500" cat="s">
				<edge label="STA" idref="s16_501"/>
			</nt>
			<nt id="s16_501" cat="fcl">
				<edge label="fA" idref="s16_502"/>
				<edge label="P" idref="s16_4"/>
				<edge label="Od" idref="s16_504"/>
				<edge label="PU" idref="s16_7"/>
			</nt>
			<nt id="s16_502" cat="pp">
				<edge label="H" idref="s16_1"/>
				<edge label="DP" idref="s16_503"/>
			</nt>
			<nt id="s16_503" cat="np">
				<edge label="DN" idref="s16_2"/>
				<edge label="H" idref="s16_3"/>
			</nt>
			<nt id="s16_504" cat="np">
				<edge label="DN" idref="s16_5"/>
				<edge label="H" idref="s16_6"/>
			</nt>
		</nonterminals>
	</graph>
</s>

<s id="s17" ref="17" source="Running text" forest="1" text="Compartilhar enviar nova definição enviar nova imagem denunciar abuso 13 sobe, 8 desce 3. Assoreamento Por Dicionário inFormal(SP) em 12-10-2008 Fenômeno causado por a deposição de sedimentos minerais(como areia e argila) ou de materiais orgânicos.">
	<graph root="s17_500">
		<terminals>
			<t id="s17_1" word="Compartilhar" lemma="compartilhar" pos="v-inf" morph="--" extra="cjt-head cjt-head-S * vH mv"/>
			<t id="s17_2" word="enviar" lemma="enviar" pos="v-inf" morph="--" extra="vH mv"/>
			<t id="s17_3" word="nova" lemma="novo" pos="adj" morph="F S" extra="jh"/>
			<t id="s17_4" word="definição" lemma="definição" pos="n" morph="F S" sem="sem-c" extra="--"/>
			<t id="s17_5" word="enviar" lemma="enviar" pos="v-inf" morph="--" extra="vH mv"/>
			<t id="s17_6" word="nova" lemma="novo" pos="adj" morph="F S" extra="jh"/>
			<t id="s17_7" word="imagem" lemma="imagem" pos="n" morph="F S" sem="pict sem-c ac-cat" extra="--"/>
			<t id="s17_8" word="denunciar" lemma="denunciar" pos="v-inf" morph="--" extra="cjt-S vH mv"/>
			<t id="s17_9" word="abuso" lemma="abuso" pos="n" morph="M S" sem="activity" extra="--"/>
			<t id="s17_10" word="13" lemma="13" pos="num" morph="M/F P" extra="card"/>
			<t id="s17_11" word="sobe" lemma="subir" pos="v-fin" morph="PR 3S IND VFIN" extra="cjt-head cjt-head-STA fmc mv"/>
			<t id="s17_12" word="," lemma="--" pos="pu" morph="--" extra="--"/>
			<t id="s17_13" word="8" lemma="8" pos="num" morph="M/F P" extra="card"/>
			<t id="s17_14" word="desce" lemma="descer" pos="v-fin" morph="PR 3S IND VFIN" extra="cjt-STA fmc mv"/>
			<t id="s17_15" word="3." lemma="3." pos="adj" morph="M/F S" extra="NUM-ord"/>
			<t id="s17_16" word="Assoreamento_Por_Dicionário" lemma="Assoreamento_Por_Dicionário" pos="prop" morph="M S" extra="tit *"/>
			<t id="s17_17" word="inFormal" lemma="inFormal" pos="adj" morph="M S" extra="np-close"/>
			<t id="s17_18" word="(" lemma="--" pos="pu" morph="--" extra="--"/>
			<t id="s17_19" word="SP" lemma="SP" pos="prop" morph="M S" extra="civ * np-close"/>
			<t id="s17_20" word=")" lemma="--" pos="pu" morph="--" extra="--"/>
			<t id="s17_21" word="em" lemma="em" pos="prp" morph="--" extra="--"/>
			<t id="s17_22" word="12-10-2008" lemma="12-10-2008" pos="num" morph="M P" extra="card"/>
			<t id="s17_23" word="Fenômeno" lemma="fenômeno" pos="n" morph="M P" sem="ac" extra="prop *"/>
			<t id="s17_24" word="causado" lemma="causar" pos="v-pcp" morph="M S" extra="mv np-close"/>
			<t id="s17_25" word="por" lemma="por" pos="prp" morph="--" extra="sam-"/>
			<t id="s17_26" word="a" lemma="o" pos="art" morph="F S" extra="-sam "/>
			<t id="s17_27" word="deposição" lemma="deposição" pos="n" morph="F S" sem="act" extra="--"/>
			<t id="s17_28" word="de" lemma="de" pos="prp" morph="--" extra="np-close"/>
			<t id="s17_29" word="sedimentos" lemma="sedimento" pos="n" morph="M P" sem="cm" extra="--"/>
			<t id="s17_30" word="minerais" lemma="mineral" pos="adj" morph="M P" extra="nh np-close"/>
			<t id="s17_31" word="(" lemma="--" pos="pu" morph="--" extra="--"/>
			<t id="s17_32" word="como" lemma="como" pos="prp" morph="--" extra="prd adv-rel"/>
			<t id="s17_33" word="areia" lemma="areia" pos="n" morph="F S" sem="mat" extra="cjt-head cjt-head-DP asarg"/>
			<t id="s17_34" word="e" lemma="e" pos="conj-c" morph="--" extra="--"/>
			<t id="s17_35" word="argila" lemma="argila" pos="n" morph="F S" sem="mat f-h" extra="cjt-DP asarg"/>
			<t id="s17_36" word=")" lemma="--" pos="pu" morph="--" extra="--"/>
			<t id="s17_37" word="ou" lemma="ou" pos="conj-c" morph="--" extra="--"/>
			<t id="s17_38" word="de" lemma="de" pos="prp" morph="--" extra="np-close"/>
			<t id="s17_39" word="materiais" lemma="material" pos="n" morph="M P" sem="mat mat-cloth cc-r cm" extra="--"/>
			<t id="s17_40" word="orgânicos" lemma="org�=nico" pos="adj" morph="M P" extra="nh np-close"/>
			<t id="s17_41" word="." lemma="--" pos="pu" morph="--" extra="--"/>
		</terminals>

		<nonterminals>
			<nt id="s17_500" cat="s">
				<edge label="STA" idref="s17_501"/>
			</nt>
			<nt id="s17_501" cat="par">
				<edge label="CJT" idref="s17_502"/>
				<edge label="PU" idref="s17_12"/>
				<edge label="CJT" idref="s17_510"/>
				<edge label="PU" idref="s17_41"/>
			</nt>
			<nt id="s17_502" cat="fcl">
				<edge label="S" idref="s17_503"/>
				<edge label="Od" idref="s17_10"/>
				<edge label="P" idref="s17_11"/>
			</nt>
			<nt id="s17_503" cat="par">
				<edge label="CJT" idref="s17_504"/>
				<edge label="CJT" idref="s17_507"/>
			</nt>
			<nt id="s17_504" cat="icl">
				<edge label="P" idref="s17_1"/>
				<edge label="Od" idref="s17_505"/>
			</nt>
			<nt id="s17_505" cat="icl">
				<edge label="P" idref="s17_2"/>
				<edge label="Od" idref="s17_506"/>
			</nt>
			<nt id="s17_506" cat="np">
				<edge label="DN" idref="s17_3"/>
				<edge label="H" idref="s17_4"/>
			</nt>
			<nt id="s17_507" cat="fcl">
				<edge label="S" idref="s17_508"/>
				<edge label="P" idref="s17_8"/>
				<edge label="Od" idref="s17_9"/>
			</nt>
			<nt id="s17_508" cat="icl">
				<edge label="P" idref="s17_5"/>
				<edge label="Od" idref="s17_509"/>
			</nt>
			<nt id="s17_509" cat="np">
				<edge label="DN" idref="s17_6"/>
				<edge label="H" idref="s17_7"/>
			</nt>
			<nt id="s17_510" cat="fcl">
				<edge label="Od" idref="s17_13"/>
				<edge label="P" idref="s17_14"/>
				<edge label="fCs" idref="s17_15"/>
				<edge label="S" idref="s17_511"/>
				<edge label="fA" idref="s17_512"/>
			</nt>
			<nt id="s17_511" cat="np">
				<edge label="H" idref="s17_16"/>
				<edge label="DN" idref="s17_17"/>
				<edge label="PU" idref="s17_18"/>
				<edge label="DNapp" idref="s17_19"/>
				<edge label="PU" idref="s17_20"/>
			</nt>
			<nt id="s17_512" cat="pp">
				<edge label="H" idref="s17_21"/>
				<edge label="DP" idref="s17_513"/>
			</nt>
			<nt id="s17_513" cat="np">
				<edge label="DN" idref="s17_22"/>
				<edge label="H" idref="s17_23"/>
				<edge label="DN" idref="s17_514"/>
			</nt>
			<nt id="s17_514" cat="icl">
				<edge label="P" idref="s17_24"/>
				<edge label="fApass" idref="s17_515"/>
				<edge label="PU" idref="s17_31"/>
				<edge label="Cs" idref="s17_519"/>
				<edge label="PU" idref="s17_36"/>
			</nt>
			<nt id="s17_515" cat="pp">
				<edge label="H" idref="s17_25"/>
				<edge label="DP" idref="s17_516"/>
			</nt>
			<nt id="s17_516" cat="np">
				<edge label="DN" idref="s17_26"/>
				<edge label="H" idref="s17_27"/>
				<edge label="DN" idref="s17_517"/>
			</nt>
			<nt id="s17_517" cat="pp">
				<edge label="H" idref="s17_28"/>
				<edge label="DP" idref="s17_518"/>
			</nt>
			<nt id="s17_518" cat="np">
				<edge label="H" idref="s17_29"/>
				<edge label="DN" idref="s17_30"/>
			</nt>
			<nt id="s17_519" cat="pp">
				<edge label="H" idref="s17_32"/>
				<edge label="DP" idref="s17_520"/>
			</nt>
			<nt id="s17_520" cat="par">
				<edge label="CJT" idref="s17_33"/>
				<edge label="CO" idref="s17_34"/>
				<edge label="CJT" idref="s17_521"/>
			</nt>
			<nt id="s17_521" cat="np">
				<edge label="H" idref="s17_35"/>
				<edge label="DN" idref="s17_522"/>
			</nt>
			<nt id="s17_522" cat="pp">
				<edge label="CO" idref="s17_37"/>
				<edge label="H" idref="s17_38"/>
				<edge label="DP" idref="s17_523"/>
				<edge label="DN" idref="s17_40"/>
			</nt>
			<nt id="s17_523" cat="np">
				<edge label="H" idref="s17_39"/>
			</nt>
		</nonterminals>
	</graph>
</s>

<s id="s18" ref="18" source="Running text" forest="1" text="Com isso, diminui a profundidade do curso d' água e a força da correnteza.">
	<graph root="s18_500">
		<terminals>
			<t id="s18_1" word="Com" lemma="com" pos="prp" morph="--" extra="*"/>
			<t id="s18_2" word="isso" lemma="isso" pos="spec" morph="M S" extra="dem"/>
			<t id="s18_3" word="," lemma="--" pos="pu" morph="--" extra="--"/>
			<t id="s18_4" word="diminui" lemma="diminuir" pos="v-fin" morph="PR 3S IND VFIN" extra="fmc mv"/>
			<t id="s18_5" word="a" lemma="o" pos="art" morph="F S" extra="--"/>
			<t id="s18_6" word="profundidade" lemma="profundidade" pos="n" morph="F S" sem="am" extra="cjt-head cjt-head-Od"/>
			<t id="s18_7" word="de" lemma="de" pos="prp" morph="--" extra="sam-"/>
			<t id="s18_8" word="o" lemma="o" pos="art" morph="M S" extra="-sam "/>
			<t id="s18_9" word="curso" lemma="curso" pos="n" morph="M S" sem="occ per process dir act-d" extra="--"/>
			<t id="s18_10" word="d'" lemma="de" pos="prp" morph="--" extra="np-close"/>
			<t id="s18_11" word="água" lemma="água" pos="n" morph="F S" sem="cm-liq drink f-q" extra="--"/>
			<t id="s18_12" word="e" lemma="e" pos="conj-c" morph="--" extra="--"/>
			<t id="s18_13" word="a" lemma="o" pos="art" morph="F S" extra="--"/>
			<t id="s18_14" word="força" lemma="força" pos="n" morph="F S" sem="am HH" extra="cjt-Od"/>
			<t id="s18_15" word="de" lemma="de" pos="prp" morph="--" extra="sam- np-close"/>
			<t id="s18_16" word="a" lemma="o" pos="art" morph="F S" extra="-sam "/>
			<t id="s18_17" word="correnteza" lemma="correnteza" pos="n" morph="F S" sem="Lwater" extra="--"/>
			<t id="s18_18" word="." lemma="--" pos="pu" morph="--" extra="--"/>
		</terminals>

		<nonterminals>
			<nt id="s18_500" cat="s">
				<edge label="STA" idref="s18_501"/>
			</nt>
			<nt id="s18_501" cat="fcl">
				<edge label="fA" idref="s18_502"/>
				<edge label="PU" idref="s18_3"/>
				<edge label="P" idref="s18_4"/>
				<edge label="Od" idref="s18_503"/>
				<edge label="Op" idref="s18_505"/>
				<edge label="PU" idref="s18_18"/>
			</nt>
			<nt id="s18_502" cat="pp">
				<edge label="H" idref="s18_1"/>
				<edge label="DP" idref="s18_2"/>
			</nt>
			<nt id="s18_503" cat="par">
				<edge label="CJT" idref="s18_504"/>
			</nt>
			<nt id="s18_504" cat="np">
				<edge label="DN" idref="s18_5"/>
				<edge label="H" idref="s18_6"/>
			</nt>
			<nt id="s18_505" cat="pp">
				<edge label="H" idref="s18_7"/>
				<edge label="DP" idref="s18_506"/>
				<edge label="CJT" idref="s18_508"/>
			</nt>
			<nt id="s18_506" cat="np">
				<edge label="DN" idref="s18_8"/>
				<edge label="H" idref="s18_9"/>
				<edge label="DN" idref="s18_507"/>
			</nt>
			<nt id="s18_507" cat="pp">
				<edge label="H" idref="s18_10"/>
				<edge label="DP" idref="s18_11"/>
			</nt>
			<nt id="s18_508" cat="np">
				<edge label="DN" idref="s18_13"/>
				<edge label="H" idref="s18_14"/>
				<edge label="DN" idref="s18_509"/>
			</nt>
			<nt id="s18_509" cat="pp">
				<edge label="H" idref="s18_15"/>
				<edge label="DP" idref="s18_510"/>
			</nt>
			<nt id="s18_510" cat="np">
				<edge label="DN" idref="s18_16"/>
				<edge label="H" idref="s18_17"/>
			</nt>
		</nonterminals>
	</graph>
</s>

<s id="s19" ref="19" source="Running text" forest="1" text="Aqui houve o assoreamento do rio.">
	<graph root="s19_500">
		<terminals>
			<t id="s19_1" word="Aqui" lemma="aqui" pos="adv" morph="--" extra="*"/>
			<t id="s19_2" word="houve" lemma="haver" pos="v-fin" morph="PS 1/3S IND VFIN" extra="fmc mv"/>
			<t id="s19_3" word="o" lemma="o" pos="art" morph="M S" extra="--"/>
			<t id="s19_4" word="assoreamento" lemma="assoreamento" pos="n" morph="M S" sem="process" extra="--"/>
			<t id="s19_5" word="de" lemma="de" pos="prp" morph="--" extra="sam- np-close"/>
			<t id="s19_6" word="o" lemma="o" pos="art" morph="M S" extra="-sam "/>
			<t id="s19_7" word="rio" lemma="rio" pos="n" morph="M S" sem="Lwater" extra="--"/>
			<t id="s19_8" word="." lemma="--" pos="pu" morph="--" extra="--"/>
		</terminals>

		<nonterminals>
			<nt id="s19_500" cat="s">
				<edge label="STA" idref="s19_501"/>
			</nt>
			<nt id="s19_501" cat="fcl">
				<edge label="fA" idref="s19_1"/>
				<edge label="P" idref="s19_2"/>
				<edge label="Od" idref="s19_502"/>
				<edge label="PU" idref="s19_8"/>
			</nt>
			<nt id="s19_502" cat="np">
				<edge label="DN" idref="s19_3"/>
				<edge label="H" idref="s19_4"/>
				<edge label="DN" idref="s19_503"/>
			</nt>
			<nt id="s19_503" cat="pp">
				<edge label="H" idref="s19_5"/>
				<edge label="DP" idref="s19_504"/>
			</nt>
			<nt id="s19_504" cat="np">
				<edge label="DN" idref="s19_6"/>
				<edge label="H" idref="s19_7"/>
			</nt>
		</nonterminals>
	</graph>
</s>

<s id="s20" ref="20" source="Running text" forest="1" text="Compartilhar enviar nova definição enviar nova imagem denunciar abuso 2 sobe, 1 desce 4. Assoreamento Por Vet(PB) em 18-01-2014 É a obstrução da passagem da água.">
	<graph root="s20_500">
		<terminals>
			<t id="s20_1" word="Compartilhar" lemma="compartilhar" pos="v-inf" morph="--" extra="cjt-head cjt-head-S * vH mv"/>
			<t id="s20_2" word="enviar" lemma="enviar" pos="v-inf" morph="--" extra="vH mv"/>
			<t id="s20_3" word="nova" lemma="novo" pos="adj" morph="F S" extra="jh"/>
			<t id="s20_4" word="definição" lemma="definição" pos="n" morph="F S" sem="sem-c" extra="--"/>
			<t id="s20_5" word="enviar" lemma="enviar" pos="v-inf" morph="--" extra="vH mv"/>
			<t id="s20_6" word="nova" lemma="novo" pos="adj" morph="F S" extra="jh"/>
			<t id="s20_7" word="imagem" lemma="imagem" pos="n" morph="F S" sem="pict sem-c ac-cat" extra="--"/>
			<t id="s20_8" word="denunciar" lemma="denunciar" pos="v-inf" morph="--" extra="cjt-S vH mv"/>
			<t id="s20_9" word="abuso" lemma="abuso" pos="n" morph="M S" sem="activity" extra="--"/>
			<t id="s20_10" word="2" lemma="2" pos="num" morph="M/F P" extra="card"/>
			<t id="s20_11" word="sobe" lemma="subir" pos="v-fin" morph="PR 3S IND VFIN" extra="predco predco fmc mv"/>
			<t id="s20_12" word="," lemma="--" pos="pu" morph="--" extra="--"/>
			<t id="s20_13" word="1" lemma="1" pos="num" morph="F S" extra="card"/>
			<t id="s20_14" word="desce" lemma="descer" pos="v-fin" morph="PR 3S IND VFIN" extra="cjt-STA fmc mv"/>
			<t id="s20_15" word="4." lemma="4." pos="adj" morph="M/F S" extra="NUM-ord"/>
			<t id="s20_16" word="Assoreamento_Por_Vet" lemma="Assoreamento_Por_Vet" pos="prop" morph="M S" extra="top * heur"/>
			<t id="s20_17" word="(" lemma="--" pos="pu" morph="--" extra="--"/>
			<t id="s20_18" word="PB" lemma="PB" pos="prop" morph="F S" extra="civ * np-close"/>
			<t id="s20_19" word=")" lemma="--" pos="pu" morph="--" extra="--"/>
			<t id="s20_20" word="em" lemma="em" pos="prp" morph="--" extra="--"/>
			<t id="s20_21" word="18-01-2014" lemma="18-01-2014" pos="num" morph="M/F S" extra="card"/>
			<t id="s20_22" word="É" lemma="ser" pos="v-fin" morph="PR 3S IND VFIN" extra="nosubj cjt-STA * vK fmc mv"/>
			<t id="s20_23" word="a" lemma="o" pos="art" morph="F S" extra="--"/>
			<t id="s20_24" word="obstrução" lemma="obstrução" pos="n" morph="F S" sem="sick act" extra="--"/>
			<t id="s20_25" word="de" lemma="de" pos="prp" morph="--" extra="sam- np-close"/>
			<t id="s20_26" word="a" lemma="o" pos="art" morph="F S" extra="-sam "/>
			<t id="s20_27" word="passagem" lemma="passagem" pos="n" morph="F S" sem="event Lpath sem-r act-d" extra="--"/>
			<t id="s20_28" word="de" lemma="de" pos="prp" morph="--" extra="sam- np-close"/>
			<t id="s20_29" word="a" lemma="o" pos="art" morph="F S" extra="-sam "/>
			<t id="s20_30" word="água" lemma="água" pos="n" morph="F S" sem="cm-liq drink f-q" extra="--"/>
			<t id="s20_31" word="." lemma="--" pos="pu" morph="--" extra="--"/>
		</terminals>

		<nonterminals>
			<nt id="s20_500" cat="s">
				<edge label="STA" idref="s20_501"/>
			</nt>
			<nt id="s20_501" cat="fcl">
				<edge label="S" idref="s20_502"/>
				<edge label="Od" idref="s20_10"/>
				<edge label="X" idref="s20_509"/>
				<edge label="PU" idref="s20_31"/>
			</nt>
			<nt id="s20_502" cat="par">
				<edge label="CJT" idref="s20_503"/>
				<edge label="CJT" idref="s20_506"/>
			</nt>
			<nt id="s20_503" cat="icl">
				<edge label="P" idref="s20_1"/>
				<edge label="Od" idref="s20_504"/>
			</nt>
			<nt id="s20_504" cat="icl">
				<edge label="P" idref="s20_2"/>
				<edge label="Od" idref="s20_505"/>
			</nt>
			<nt id="s20_505" cat="np">
				<edge label="DN" idref="s20_3"/>
				<edge label="H" idref="s20_4"/>
			</nt>
			<nt id="s20_506" cat="fcl">
				<edge label="S" idref="s20_507"/>
				<edge label="P" idref="s20_8"/>
				<edge label="Od" idref="s20_9"/>
			</nt>
			<nt id="s20_507" cat="icl">
				<edge label="P" idref="s20_5"/>
				<edge label="Od" idref="s20_508"/>
			</nt>
			<nt id="s20_508" cat="np">
				<edge label="DN" idref="s20_6"/>
				<edge label="H" idref="s20_7"/>
			</nt>
			<nt id="s20_509" cat="par">
				<edge label="CJT" idref="s20_510"/>
				<edge label="PU" idref="s20_12"/>
				<edge label="CJT" idref="s20_511"/>
				<edge label="CJT" idref="s20_514"/>
			</nt>
			<nt id="s20_510" cat="x">
				<edge label="P" idref="s20_11"/>
			</nt>
			<nt id="s20_511" cat="fcl">
				<edge label="S" idref="s20_13"/>
				<edge label="P" idref="s20_14"/>
				<edge label="fCs" idref="s20_15"/>
				<edge label="Od" idref="s20_512"/>
				<edge label="fA" idref="s20_513"/>
			</nt>
			<nt id="s20_512" cat="np">
				<edge label="H" idref="s20_16"/>
				<edge label="PU" idref="s20_17"/>
				<edge label="DNc" idref="s20_18"/>
				<edge label="PU" idref="s20_19"/>
			</nt>
			<nt id="s20_513" cat="pp">
				<edge label="H" idref="s20_20"/>
				<edge label="DP" idref="s20_21"/>
			</nt>
			<nt id="s20_514" cat="x">
				<edge label="P" idref="s20_22"/>
				<edge label="Cs" idref="s20_515"/>
			</nt>
			<nt id="s20_515" cat="np">
				<edge label="DN" idref="s20_23"/>
				<edge label="H" idref="s20_24"/>
				<edge label="DN" idref="s20_516"/>
			</nt>
			<nt id="s20_516" cat="pp">
				<edge label="H" idref="s20_25"/>
				<edge label="DP" idref="s20_517"/>
			</nt>
			<nt id="s20_517" cat="np">
				<edge label="DN" idref="s20_26"/>
				<edge label="H" idref="s20_27"/>
				<edge label="DN" idref="s20_518"/>
			</nt>
			<nt id="s20_518" cat="pp">
				<edge label="H" idref="s20_28"/>
				<edge label="DP" idref="s20_519"/>
			</nt>
			<nt id="s20_519" cat="np">
				<edge label="DN" idref="s20_29"/>
				<edge label="H" idref="s20_30"/>
			</nt>
		</nonterminals>
	</graph>
</s>

<s id="s21" ref="21" source="Running text" forest="1" text="A agropecuária intensiva pode causar assoreamento das fontes de água.">
	<graph root="s21_500">
		<terminals>
			<t id="s21_1" word="A" lemma="o" pos="art" morph="F S" extra="* "/>
			<t id="s21_2" word="agropecuária" lemma="agropecuária" pos="n" morph="F S" sem="domain" extra="--"/>
			<t id="s21_3" word="intensiva" lemma="intensivo" pos="adj" morph="F S" extra="nh np-close"/>
			<t id="s21_4" word="pode" lemma="poder" pos="v-fin" morph="PR 3S IND VFIN" extra="fmc aux"/>
			<t id="s21_5" word="causar" lemma="causar" pos="v-inf" morph="--" extra="mv"/>
			<t id="s21_6" word="assoreamento" lemma="assoreamento" pos="n" morph="M S" sem="process" extra="--"/>
			<t id="s21_7" word="de" lemma="de" pos="prp" morph="--" extra="sam- np-close"/>
			<t id="s21_8" word="as" lemma="o" pos="art" morph="F P" extra="-sam "/>
			<t id="s21_9" word="fontes" lemma="fonte" pos="n" morph="F P" sem="Lwater Labs H an" extra="--"/>
			<t id="s21_10" word="de" lemma="de" pos="prp" morph="--" extra="np-close"/>
			<t id="s21_11" word="água" lemma="água" pos="n" morph="F S" sem="cm-liq drink f-q" extra="--"/>
			<t id="s21_12" word="." lemma="--" pos="pu" morph="--" extra="--"/>
		</terminals>

		<nonterminals>
			<nt id="s21_500" cat="s">
				<edge label="STA" idref="s21_501"/>
			</nt>
			<nt id="s21_501" cat="fcl">
				<edge label="S" idref="s21_502"/>
				<edge label="P" idref="s21_503"/>
				<edge label="Od" idref="s21_504"/>
				<edge label="PU" idref="s21_12"/>
			</nt>
			<nt id="s21_502" cat="np">
				<edge label="DN" idref="s21_1"/>
				<edge label="H" idref="s21_2"/>
				<edge label="DN" idref="s21_3"/>
			</nt>
			<nt id="s21_503" cat="vp">
				<edge label="Vaux" idref="s21_4"/>
				<edge label="Vm" idref="s21_5"/>
			</nt>
			<nt id="s21_504" cat="np">
				<edge label="H" idref="s21_6"/>
				<edge label="DN" idref="s21_505"/>
			</nt>
			<nt id="s21_505" cat="pp">
				<edge label="H" idref="s21_7"/>
				<edge label="DP" idref="s21_506"/>
			</nt>
			<nt id="s21_506" cat="np">
				<edge label="DN" idref="s21_8"/>
				<edge label="H" idref="s21_9"/>
				<edge label="DN" idref="s21_507"/>
			</nt>
			<nt id="s21_507" cat="pp">
				<edge label="H" idref="s21_10"/>
				<edge label="DP" idref="s21_11"/>
			</nt>
		</nonterminals>
	</graph>
</s>

<s id="s22" ref="22" source="Running text" forest="1" text="Compartilhar enviar nova definição enviar nova imagem denunciar abuso Outras Informações:Palavras com 12 letras A palavra possui 6 vogais -- ao ea e o A palavra possui 6 consoantes -- ss r m nt 1 página -- 4 Definições xifópago afogar o ganso langite madrugada hominídeo.">
	<graph root="s22_500">
		<terminals>
			<t id="s22_1" word="Compartilhar" lemma="compartilhar" pos="v-inf" morph="--" extra="* vH mv"/>
			<t id="s22_2" word="enviar" lemma="enviar" pos="v-inf" morph="--" extra="vH mv"/>
			<t id="s22_3" word="nova" lemma="novo" pos="adj" morph="F S" extra="jh"/>
			<t id="s22_4" word="definição" lemma="definição" pos="n" morph="F S" sem="sem-c" extra="--"/>
			<t id="s22_5" word="enviar" lemma="enviar" pos="v-inf" morph="--" extra="vH mv"/>
			<t id="s22_6" word="nova" lemma="novo" pos="adj" morph="F S" extra="jh"/>
			<t id="s22_7" word="imagem" lemma="imagem" pos="n" morph="F S" sem="pict sem-c ac-cat" extra="--"/>
			<t id="s22_8" word="denunciar" lemma="denunciar" pos="v-inf" morph="--" extra="vH mv"/>
			<t id="s22_9" word="abuso" lemma="abuso" pos="n" morph="M S" sem="activity" extra="--"/>
			<t id="s22_10" word="Outras_Informações" lemma="Outras_Informações" pos="prop" morph="M S" extra="hum * heur np-close"/>
			<t id="s22_11" word=":Palavras" lemma=":Palavras" pos="n" morph="M S" extra="cjt-head cjt-head-S"/>
			<t id="s22_12" word="com" lemma="com" pos="prp" morph="--" extra="--"/>
			<t id="s22_13" word="12" lemma="12" pos="num" morph="F P" extra="card"/>
			<t id="s22_14" word="letras" lemma="letra" pos="n" morph="F P" sem="ac-sign sem-r domain" extra="--"/>
			<t id="s22_15" word="A" lemma="o" pos="art" morph="F S" extra="* "/>
			<t id="s22_16" word="palavra" lemma="palavra" pos="n" morph="F S" sem="ac-cat act-s" extra="cjt-S"/>
			<t id="s22_17" word="possui" lemma="possuir" pos="v-fin" morph="PR 3S IND VFIN" extra="cjt-head cjt-head-STA vH fmc mv"/>
			<t id="s22_18" word="6" lemma="6" pos="num" morph="M P" extra="card"/>
			<t id="s22_19" word="vogais" lemma="vogal" pos="n" morph="M P" sem="ac-cat H" extra="cjt-head cjt-head-Od"/>
			<t id="s22_20" word="--" lemma="--" pos="pu" morph="--" extra="--"/>
			<t id="s22_21" word="a" lemma="a" pos="prp" morph="--" extra="--"/>
			<t id="s22_22" word="o" lemma="o" pos="art" morph="M S" extra="--"/>
			<t id="s22_23" word="ea" lemma="EA" pos="prop" morph="M S" extra="cjt-head cjt-head-DP party"/>
			<t id="s22_24" word="e" lemma="e" pos="conj-c" morph="--" extra="--"/>
			<t id="s22_25" word="o" lemma="o" pos="art" morph="M S" extra="--"/>
			<t id="s22_26" word="A" lemma="o" pos="art" morph="F S" extra="* "/>
			<t id="s22_27" word="palavra" lemma="palavra" pos="n" morph="F S" sem="ac-cat act-s" extra="cjt-DP"/>
			<t id="s22_28" word="possui" lemma="possuir" pos="v-fin" morph="PR 3S IND VFIN" extra="cjt-STA vH fmc mv"/>
			<t id="s22_29" word="6" lemma="6" pos="num" morph="F P" extra="card"/>
			<t id="s22_30" word="consoantes" lemma="consoante" pos="n" morph="F P" sem="ac-cat" extra="cjt-Od"/>
			<t id="s22_31" word="--" lemma="--" pos="pu" morph="--" extra="--"/>
			<t id="s22_32" word="ss" lemma="s" pos="n" morph="M P" sem="ac-sign" extra="--"/>
			<t id="s22_33" word="r" lemma="r" pos="n" morph="M S" sem="ac-sign" extra="cjt-head cjt-head-S"/>
			<t id="s22_34" word="m" lemma="m" pos="n" morph="M S" sem="unit ac-sign" extra="cjt-S"/>
			<t id="s22_35" word="nt" lemma="nt" pos="n" morph="M/F S" extra="cjt-S foreign"/>
			<t id="s22_36" word="1" lemma="1" pos="num" morph="F S" extra="card"/>
			<t id="s22_37" word="página" lemma="página" pos="n" morph="F S" sem="cc-r" extra="cjt-S"/>
			<t id="s22_38" word="--" lemma="--" pos="pu" morph="--" extra="--"/>
			<t id="s22_39" word="4" lemma="4" pos="num" morph="F P" extra="card"/>
			<t id="s22_40" word="Definições" lemma="definição" pos="n" morph="F P" sem="sem-c" extra="prop *"/>
			<t id="s22_41" word="xifópago" lemma="xifópago" pos="adj" morph="M S" extra="--"/>
			<t id="s22_42" word="afogar" lemma="afogar" pos="v-inf" morph="--" extra="mv"/>
			<t id="s22_43" word="o" lemma="o" pos="art" morph="M S" extra="--"/>
			<t id="s22_44" word="ganso" lemma="ganso" pos="n" morph="M S" sem="Aorn H" extra="--"/>
			<t id="s22_45" word="langite" lemma="langite" pos="n" morph="F S" extra="cjt-head cjt-head-S DERS"/>
			<t id="s22_46" word="madrugada" lemma="madrugada" pos="n" morph="F S" sem="temp" extra="cjt-S"/>
			<t id="s22_47" word="hominídeo" lemma="hominídeo" pos="n" morph="M S" sem="H" extra="np-close"/>
			<t id="s22_48" word="." lemma="--" pos="pu" morph="--" extra="--"/>
		</terminals>

		<nonterminals>
			<nt id="s22_500" cat="s">
				<edge label="UTT" idref="s22_501"/>
			</nt>
			<nt id="s22_501" cat="x">
				<edge label="UTT" idref="s22_507"/>
				<edge label="P" idref="s22_5"/>
				<edge label="Od" idref="s22_508"/>
				<edge label="UTT" idref="s22_509"/>
				<edge label="PU" idref="s22_48"/>
			</nt>
			<nt id="s22_502" cat="par">
				<edge label="CJT" idref="s22_503"/>
			</nt>
			<nt id="s22_503" cat="fcl">
				<edge label="S" idref="s22_504"/>
			</nt>
			<nt id="s22_504" cat="icl">
				<edge label="P" idref="s22_1"/>
				<edge label="Od" idref="s22_505"/>
			</nt>
			<nt id="s22_505" cat="icl">
				<edge label="P" idref="s22_2"/>
				<edge label="Od" idref="s22_506"/>
			</nt>
			<nt id="s22_506" cat="np">
				<edge label="DN" idref="s22_3"/>
				<edge label="H" idref="s22_4"/>
			</nt>
			<nt id="s22_507" cat="icl">
			</nt>
			<nt id="s22_508" cat="np">
				<edge label="DN" idref="s22_6"/>
				<edge label="H" idref="s22_7"/>
			</nt>
			<nt id="s22_509" cat="fcl">
				<edge label="P" idref="s22_8"/>
				<edge label="Od" idref="s22_510"/>
				<edge label="S" idref="s22_511"/>
				<edge label="fA" idref="s22_512"/>
				<edge label="CJT" idref="s22_517"/>
			</nt>
			<nt id="s22_510" cat="np">
				<edge label="H" idref="s22_9"/>
				<edge label="DN" idref="s22_10"/>
			</nt>
			<nt id="s22_511" cat="par">
				<edge label="CJT" idref="s22_11"/>
			</nt>
			<nt id="s22_512" cat="pp">
				<edge label="H" idref="s22_12"/>
				<edge label="DP" idref="s22_513"/>
				<edge label="CJT" idref="s22_514"/>
				<edge label="P" idref="s22_17"/>
				<edge label="Od" idref="s22_515"/>
			</nt>
			<nt id="s22_513" cat="np">
				<edge label="DN" idref="s22_13"/>
				<edge label="H" idref="s22_14"/>
			</nt>
			<nt id="s22_514" cat="np">
				<edge label="DN" idref="s22_15"/>
				<edge label="H" idref="s22_16"/>
			</nt>
			<nt id="s22_515" cat="par">
				<edge label="CJT" idref="s22_516"/>
			</nt>
			<nt id="s22_516" cat="np">
				<edge label="DN" idref="s22_18"/>
				<edge label="H" idref="s22_19"/>
				<edge label="PU" idref="s22_20"/>
			</nt>
			<nt id="s22_517" cat="fcl">
				<edge label="fA" idref="s22_518"/>
				<edge label="P" idref="s22_28"/>
				<edge label="Od" idref="s22_523"/>
				<edge label="S" idref="s22_524"/>
				<edge label="fCsta" idref="s22_526"/>
				<edge label="fCs" idref="s22_41"/>
			</nt>
			<nt id="s22_518" cat="pp">
				<edge label="H" idref="s22_21"/>
				<edge label="DP" idref="s22_519"/>
				<edge label="CJT" idref="s22_522"/>
			</nt>
			<nt id="s22_519" cat="par">
				<edge label="CJT" idref="s22_520"/>
				<edge label="CO" idref="s22_24"/>
				<edge label="CJT" idref="s22_521"/>
			</nt>
			<nt id="s22_520" cat="np">
				<edge label="DN" idref="s22_22"/>
				<edge label="H" idref="s22_23"/>
			</nt>
			<nt id="s22_521" cat="np">
				<edge label="DN" idref="s22_25"/>
				<edge label="DN" idref="s22_26"/>
				<edge label="H" idref="s22_27"/>
			</nt>
			<nt id="s22_522" cat="np">
				<edge label="DN" idref="s22_29"/>
				<edge label="H" idref="s22_30"/>
				<edge label="PU" idref="s22_31"/>
			</nt>
			<nt id="s22_523" cat="fcl">
				<edge label="fCs" idref="s22_32"/>
			</nt>
			<nt id="s22_524" cat="par">
				<edge label="CJT" idref="s22_33"/>
				<edge label="CJT" idref="s22_34"/>
				<edge label="CJT" idref="s22_35"/>
				<edge label="CJT" idref="s22_525"/>
			</nt>
			<nt id="s22_525" cat="np">
				<edge label="DN" idref="s22_36"/>
				<edge label="H" idref="s22_37"/>
				<edge label="PU" idref="s22_38"/>
			</nt>
			<nt id="s22_526" cat="np">
				<edge label="DN" idref="s22_39"/>
				<edge label="H" idref="s22_40"/>
				<edge label="P" idref="s22_42"/>
				<edge label="Od" idref="s22_527"/>
				<edge label="S" idref="s22_528"/>
			</nt>
			<nt id="s22_527" cat="np">
				<edge label="DN" idref="s22_43"/>
				<edge label="H" idref="s22_44"/>
			</nt>
			<nt id="s22_528" cat="par">
				<edge label="CJT" idref="s22_45"/>
				<edge label="CJT" idref="s22_529"/>
			</nt>
			<nt id="s22_529" cat="np">
				<edge label="H" idref="s22_46"/>
				<edge label="DN" idref="s22_47"/>
			</nt>
		</nonterminals>
	</graph>
</s>

	</body>
</corpus>
