<?xml version="1.0" encoding="UTF-8"?>
<corpus>

	<body>
<s id="s1" ref="1" source="Running text" forest="1" text="Atitude 3 Definições encontradas.">
	<graph root="s1_500">
		<terminals>
			<t id="s1_1" word="Atitude" lemma="atitude" pos="n" morph="F S" sem="f-psych" extra="cjt-head cjt-head-X *"/>
			<t id="s1_2" word="3" lemma="3" pos="num" morph="F P" extra="card"/>
			<t id="s1_3" word="Definições" lemma="definição" pos="n" morph="F P" sem="sem-c" extra="cjt-X prop *"/>
			<t id="s1_4" word="encontradas" lemma="encontrado" pos="adj" morph="F P" extra="nh np-close"/>
			<t id="s1_5" word="." lemma="--" pos="pu" morph="--" extra="--"/>
		</terminals>

		<nonterminals>
			<nt id="s1_500" cat="s">
				<edge label="X" idref="s1_501"/>
			</nt>
			<nt id="s1_501" cat="par">
				<edge label="CJT" idref="s1_1"/>
				<edge label="CJT" idref="s1_502"/>
				<edge label="PU" idref="s1_5"/>
			</nt>
			<nt id="s1_502" cat="np">
				<edge label="DN" idref="s1_2"/>
				<edge label="H" idref="s1_3"/>
				<edge label="DN" idref="s1_4"/>
			</nt>
		</nonterminals>
	</graph>
</s>

<s id="s2" ref="2" source="Running text" forest="1" text="Tweet Classificação morfossintática:">
	<graph root="s2_500">
		<terminals>
			<t id="s2_1" word="Tweet_Classificação" lemma="Tweet_Classificação" pos="prop" morph="M S" extra="common * heur"/>
			<t id="s2_2" word="morfossintática" lemma="morfossintático" pos="adj" morph="F S" extra="DERS jh np-close"/>
			<t id="s2_3" word=":" lemma="--" pos="pu" morph="--" extra="--"/>
		</terminals>

		<nonterminals>
			<nt id="s2_500" cat="s">
				<edge label="X" idref="s2_501"/>
			</nt>
			<nt id="s2_501" cat="np">
				<edge label="H" idref="s2_1"/>
				<edge label="DN" idref="s2_2"/>
				<edge label="PU" idref="s2_3"/>
			</nt>
		</nonterminals>
	</graph>
</s>

<s id="s3" ref="3" source="Running text" forest="1" text="Substantivo, feminino singular Flexões da palavra Atitude Imagens:">
	<graph root="s3_500">
		<terminals>
			<t id="s3_1" word="Substantivo" lemma="substantivar" pos="v-fin" morph="PR 1S IND VFIN" extra="* vH fmc mv"/>
			<t id="s3_2" word="," lemma="--" pos="pu" morph="--" extra="--"/>
			<t id="s3_3" word="feminino" lemma="feminino" pos="adj" morph="M S" extra="jh"/>
			<t id="s3_4" word="singular" lemma="singular" pos="adj" morph="F S" extra="jh"/>
			<t id="s3_5" word="Flexões" lemma="flexão" pos="n" morph="F P" sem="act" extra="prop *"/>
			<t id="s3_6" word="de" lemma="de" pos="prp" morph="--" extra="sam- np-close"/>
			<t id="s3_7" word="a" lemma="o" pos="art" morph="F S" extra="-sam "/>
			<t id="s3_8" word="palavra" lemma="palavra" pos="n" morph="F S" sem="ac-cat act-s" extra="--"/>
			<t id="s3_9" word="Atitude_Imagens" lemma="Atitude_Imagens" pos="prop" morph="F S" extra="org * heur np-close"/>
			<t id="s3_10" word=":" lemma="--" pos="pu" morph="--" extra="--"/>
		</terminals>

		<nonterminals>
			<nt id="s3_500" cat="s">
				<edge label="STA" idref="s3_501"/>
			</nt>
			<nt id="s3_501" cat="fcl">
				<edge label="P" idref="s3_1"/>
				<edge label="PU" idref="s3_2"/>
				<edge label="fCs" idref="s3_3"/>
				<edge label="fCs" idref="s3_502"/>
				<edge label="PU" idref="s3_10"/>
			</nt>
			<nt id="s3_502" cat="np">
				<edge label="DN" idref="s3_4"/>
				<edge label="H" idref="s3_5"/>
				<edge label="DN" idref="s3_503"/>
			</nt>
			<nt id="s3_503" cat="pp">
				<edge label="H" idref="s3_6"/>
				<edge label="DP" idref="s3_504"/>
			</nt>
			<nt id="s3_504" cat="np">
				<edge label="DN" idref="s3_7"/>
				<edge label="H" idref="s3_8"/>
				<edge label="DN" idref="s3_9"/>
			</nt>
		</nonterminals>
	</graph>
</s>

<s id="s4" ref="4" source="Running text" forest="1" text="Significados de Atitude:">
	<graph root="s4_500">
		<terminals>
			<t id="s4_1" word="Significados" lemma="significado" pos="n" morph="M P" extra="* sem-c"/>
			<t id="s4_2" word="de" lemma="de" pos="prp" morph="--" extra="np-close"/>
			<t id="s4_3" word="Atitude" lemma="atitude" pos="n" morph="F S" sem="f-psych" extra="prop *"/>
			<t id="s4_4" word=":" lemma="--" pos="pu" morph="--" extra="--"/>
		</terminals>

		<nonterminals>
			<nt id="s4_500" cat="s">
				<edge label="X" idref="s4_501"/>
			</nt>
			<nt id="s4_501" cat="np">
				<edge label="H" idref="s4_1"/>
				<edge label="DN" idref="s4_502"/>
				<edge label="PU" idref="s4_4"/>
			</nt>
			<nt id="s4_502" cat="pp">
				<edge label="H" idref="s4_2"/>
				<edge label="DP" idref="s4_3"/>
			</nt>
		</nonterminals>
	</graph>
</s>

<s id="s5" ref="5" source="Running text" forest="1" text="33 sobe, 5 desce 1. Atitude Por Marco Antonio Corrêa Alfredo(SP) em 29-07-2010 Atitude é um impulso que nos leva a tomar uma decisão em momentos inesperados.">
	<graph root="s5_500">
		<terminals>
			<t id="s5_1" word="33" lemma="33" pos="num" morph="M S" extra="card"/>
			<t id="s5_2" word="sobe" lemma="subir" pos="v-fin" morph="PR 3S IND VFIN" extra="cjt-head cjt-head-STA fmc mv"/>
			<t id="s5_3" word="," lemma="--" pos="pu" morph="--" extra="--"/>
			<t id="s5_4" word="5" lemma="5" pos="num" morph="M/F P" extra="card"/>
			<t id="s5_5" word="desce" lemma="descer" pos="v-fin" morph="PR 3S IND VFIN" extra="cjt-STA fmc mv"/>
			<t id="s5_6" word="1." lemma="1." pos="adj" morph="M/F S" extra="NUM-ord"/>
			<t id="s5_7" word="Atitude_Por_Marco_Antonio_Corrêa_Alfredo" lemma="Atitude_Por_Marco_Antonio_Corrêa_Alfredo" pos="prop" morph="M S" extra="hum * heur"/>
			<t id="s5_8" word="(" lemma="--" pos="pu" morph="--" extra="--"/>
			<t id="s5_9" word="SP" lemma="SP" pos="prop" morph="M S" extra="civ * np-close"/>
			<t id="s5_10" word=")" lemma="--" pos="pu" morph="--" extra="--"/>
			<t id="s5_11" word="em" lemma="em" pos="prp" morph="--" extra="--"/>
			<t id="s5_12" word="29-07-2010" lemma="29-07-2010" pos="num" morph="F P" extra="card"/>
			<t id="s5_13" word="Atitude" lemma="atitude" pos="n" morph="F P" sem="f-psych" extra="prop *"/>
			<t id="s5_14" word="é" lemma="ser" pos="v-fin" morph="PR 3S IND VFIN" extra="nosubj cjt-STA vK fmc mv"/>
			<t id="s5_15" word="um" lemma="um" pos="art" morph="M S" extra="--"/>
			<t id="s5_16" word="impulso" lemma="impulso" pos="n" morph="M S" sem="ac percep-f" extra="--"/>
			<t id="s5_17" word="que" lemma="que" pos="spec" morph="M S" extra="clb clb-fs rel"/>
			<t id="s5_18" word="nos" lemma="nós" pos="pron-pers" morph="M/F 1P ACC" extra="--"/>
			<t id="s5_19" word="leva" lemma="levar" pos="v-fin" morph="PR 3S IND VFIN" extra="mv np-close"/>
			<t id="s5_20" word="a" lemma="a" pos="prp" morph="--" extra="--"/>
			<t id="s5_21" word="tomar" lemma="tomar" pos="v-inf" morph="--" extra="vH mv"/>
			<t id="s5_22" word="uma" lemma="um" pos="art" morph="F S" extra="--"/>
			<t id="s5_23" word="decisão" lemma="decisão" pos="n" morph="F S" sem="act" extra="--"/>
			<t id="s5_24" word="em" lemma="em" pos="prp" morph="--" extra="--"/>
			<t id="s5_25" word="momentos" lemma="momento" pos="n" morph="M P" sem="dur f-q" extra="--"/>
			<t id="s5_26" word="inesperados" lemma="inesperado" pos="adj" morph="M P" extra="np-close"/>
			<t id="s5_27" word="." lemma="--" pos="pu" morph="--" extra="--"/>
		</terminals>

		<nonterminals>
			<nt id="s5_500" cat="s">
				<edge label="STA" idref="s5_501"/>
			</nt>
			<nt id="s5_501" cat="par">
				<edge label="CJT" idref="s5_502"/>
				<edge label="PU" idref="s5_3"/>
				<edge label="CJT" idref="s5_503"/>
				<edge label="CJT" idref="s5_507"/>
				<edge label="PU" idref="s5_27"/>
			</nt>
			<nt id="s5_502" cat="fcl">
				<edge label="S" idref="s5_1"/>
				<edge label="P" idref="s5_2"/>
			</nt>
			<nt id="s5_503" cat="fcl">
				<edge label="Od" idref="s5_4"/>
				<edge label="P" idref="s5_5"/>
				<edge label="fCs" idref="s5_6"/>
				<edge label="S" idref="s5_504"/>
				<edge label="fA" idref="s5_505"/>
			</nt>
			<nt id="s5_504" cat="np">
				<edge label="H" idref="s5_7"/>
				<edge label="PU" idref="s5_8"/>
				<edge label="DNc" idref="s5_9"/>
				<edge label="PU" idref="s5_10"/>
			</nt>
			<nt id="s5_505" cat="pp">
				<edge label="H" idref="s5_11"/>
				<edge label="DP" idref="s5_506"/>
			</nt>
			<nt id="s5_506" cat="np">
				<edge label="DN" idref="s5_12"/>
				<edge label="H" idref="s5_13"/>
			</nt>
			<nt id="s5_507" cat="x">
				<edge label="P" idref="s5_14"/>
				<edge label="Cs" idref="s5_508"/>
			</nt>
			<nt id="s5_508" cat="np">
				<edge label="DN" idref="s5_15"/>
				<edge label="H" idref="s5_16"/>
				<edge label="DN" idref="s5_509"/>
			</nt>
			<nt id="s5_509" cat="fcl">
				<edge label="S" idref="s5_17"/>
				<edge label="Od" idref="s5_18"/>
				<edge label="P" idref="s5_19"/>
				<edge label="Ao" idref="s5_510"/>
			</nt>
			<nt id="s5_510" cat="pp">
				<edge label="H" idref="s5_20"/>
				<edge label="DP" idref="s5_511"/>
			</nt>
			<nt id="s5_511" cat="icl">
				<edge label="P" idref="s5_21"/>
				<edge label="Od" idref="s5_512"/>
				<edge label="fA" idref="s5_513"/>
			</nt>
			<nt id="s5_512" cat="np">
				<edge label="DN" idref="s5_22"/>
				<edge label="H" idref="s5_23"/>
			</nt>
			<nt id="s5_513" cat="pp">
				<edge label="H" idref="s5_24"/>
				<edge label="DP" idref="s5_514"/>
			</nt>
			<nt id="s5_514" cat="np">
				<edge label="H" idref="s5_25"/>
				<edge label="DN" idref="s5_26"/>
			</nt>
		</nonterminals>
	</graph>
</s>

<s id="s6" ref="6" source="Running text" forest="1" text="Toma uma atitude rapaz!">
	<graph root="s6_500">
		<terminals>
			<t id="s6_1" word="Toma" lemma="tomar" pos="v-fin" morph="PR 3S IND VFIN" extra="* vH fmc mv"/>
			<t id="s6_2" word="uma" lemma="um" pos="art" morph="F S" extra="--"/>
			<t id="s6_3" word="atitude" lemma="atitude" pos="n" morph="F S" sem="f-psych" extra="--"/>
			<t id="s6_4" word="rapaz" lemma="rapaz" pos="n" morph="M S" sem="Hbio" extra="--"/>
			<t id="s6_5" word="!" lemma="--" pos="pu" morph="--" extra="--"/>
		</terminals>

		<nonterminals>
			<nt id="s6_500" cat="s">
				<edge label="STA" idref="s6_501"/>
			</nt>
			<nt id="s6_501" cat="fcl">
				<edge label="P" idref="s6_1"/>
				<edge label="Od" idref="s6_502"/>
				<edge label="S" idref="s6_4"/>
				<edge label="PU" idref="s6_5"/>
			</nt>
			<nt id="s6_502" cat="np">
				<edge label="DN" idref="s6_2"/>
				<edge label="H" idref="s6_3"/>
			</nt>
		</nonterminals>
	</graph>
</s>

<s id="s7" ref="7" source="Running text" forest="1" text="Compartilhar enviar nova definição enviar nova imagem denunciar abuso Sinônimos:">
	<graph root="s7_500">
		<terminals>
			<t id="s7_1" word="Compartilhar" lemma="compartilhar" pos="v-inf" morph="--" extra="* vH mv"/>
			<t id="s7_2" word="enviar" lemma="enviar" pos="v-inf" morph="--" extra="vH mv"/>
			<t id="s7_3" word="nova" lemma="novo" pos="adj" morph="F S" extra="jh"/>
			<t id="s7_4" word="definição" lemma="definição" pos="n" morph="F S" sem="sem-c" extra="--"/>
			<t id="s7_5" word="enviar" lemma="enviar" pos="v-inf" morph="--" extra="vH mv"/>
			<t id="s7_6" word="nova" lemma="novo" pos="adj" morph="F S" extra="jh"/>
			<t id="s7_7" word="imagem" lemma="imagem" pos="n" morph="F S" sem="pict sem-c ac-cat" extra="--"/>
			<t id="s7_8" word="denunciar" lemma="denunciar" pos="v-inf" morph="--" extra="vH mv"/>
			<t id="s7_9" word="abuso" lemma="abuso" pos="n" morph="M S" sem="activity" extra="--"/>
			<t id="s7_10" word="Sinônimos" lemma="Sinônimos" pos="prop" morph="M S" extra="hum * np-close"/>
			<t id="s7_11" word=":" lemma="--" pos="pu" morph="--" extra="--"/>
		</terminals>

		<nonterminals>
			<nt id="s7_500" cat="s">
				<edge label="UTT" idref="s7_501"/>
			</nt>
			<nt id="s7_501" cat="icl">
				<edge label="P" idref="s7_1"/>
				<edge label="Od" idref="s7_502"/>
				<edge label="PU" idref="s7_11"/>
			</nt>
			<nt id="s7_502" cat="icl">
				<edge label="P" idref="s7_2"/>
				<edge label="Od" idref="s7_503"/>
				<edge label="UTT" idref="s7_504"/>
				<edge label="UTT" idref="s7_506"/>
			</nt>
			<nt id="s7_503" cat="np">
				<edge label="DN" idref="s7_3"/>
				<edge label="H" idref="s7_4"/>
			</nt>
			<nt id="s7_504" cat="icl">
				<edge label="P" idref="s7_5"/>
				<edge label="Od" idref="s7_505"/>
			</nt>
			<nt id="s7_505" cat="np">
				<edge label="DN" idref="s7_6"/>
				<edge label="H" idref="s7_7"/>
			</nt>
			<nt id="s7_506" cat="icl">
				<edge label="P" idref="s7_8"/>
				<edge label="Od" idref="s7_507"/>
			</nt>
			<nt id="s7_507" cat="np">
				<edge label="H" idref="s7_9"/>
				<edge label="DN" idref="s7_10"/>
			</nt>
		</nonterminals>
	</graph>
</s>

<s id="s8" ref="8" source="Running text" forest="1" text="iniciativa ousadia coragem decisão gesto jeito pose posição postura propósito aceno ademane atitude expressão fosca fosquinha meneio queda sinal trejeito ar asno dedo destreza disposição feição guisa habilidade maneira modo mais...">
	<graph root="s8_500">
		<terminals>
			<t id="s8_1" word="iniciativa" lemma="iniciativa" pos="n" morph="F S" sem="act-d" extra="cjt-head cjt-head-S"/>
			<t id="s8_2" word="ousadia" lemma="ousadia" pos="n" morph="F S" sem="act-d am" extra="cjt-S"/>
			<t id="s8_3" word="coragem" lemma="coragem" pos="n" morph="F S" sem="am" extra="cjt-S"/>
			<t id="s8_4" word="decisão" lemma="decisão" pos="n" morph="F S" sem="act" extra="cjt-S"/>
			<t id="s8_5" word="gesto" lemma="gesto" pos="n" morph="M S" sem="act-d f-an" extra="cjt-S"/>
			<t id="s8_6" word="jeito" lemma="jeito" pos="n" morph="M S" sem="act-trick f-h ac" extra="cjt-S"/>
			<t id="s8_7" word="pose" lemma="pose" pos="n" morph="F S" sem="pos-an" extra="cjt-S"/>
			<t id="s8_8" word="posição" lemma="posição" pos="n" morph="F S" sem="act pos-an" extra="cjt-S"/>
			<t id="s8_9" word="postura" lemma="postura" pos="n" morph="F S" sem="sem-c pos-an act" extra="cjt-S"/>
			<t id="s8_10" word="propósito" lemma="propósito" pos="n" morph="M S" sem="ac" extra="--"/>
			<t id="s8_11" word="aceno" lemma="aceno" pos="n" morph="M S" sem="act" extra="--"/>
			<t id="s8_12" word="ademane" lemma="ademanar" pos="v-fin" morph="PR 3S SUBJ VFIN" extra="DERP DERS DERS fmc mv"/>
			<t id="s8_13" word="atitude" lemma="atitude" pos="n" morph="F S" sem="f-psych" extra="--"/>
			<t id="s8_14" word="expressão" lemma="expressão" pos="n" morph="F S" sem="act-s ac-sign" extra="cjt-head cjt-head-S"/>
			<t id="s8_15" word="fosca" lemma="fosco" pos="adj" morph="F S" extra="nh np-close"/>
			<t id="s8_16" word="fosquinha" lemma="fosquinha" pos="n" morph="F S" sem="act-s" extra="cjt-S"/>
			<t id="s8_17" word="meneio" lemma="meneio" pos="n" morph="M S" sem="act act-trick" extra="cjt-S"/>
			<t id="s8_18" word="queda" lemma="queda" pos="n" morph="F S" sem="event" extra="cjt-S"/>
			<t id="s8_19" word="sinal" lemma="sinal" pos="n" morph="M S" sem="percep-l percep-w ac ac-sign mon sem-r sick-c" extra="cjt-S"/>
			<t id="s8_20" word="trejeito" lemma="trejeito" pos="n" morph="M S" sem="f-an" extra="cjt-S"/>
			<t id="s8_21" word="ar" lemma="ar" pos="n" morph="M S" sem="cm-gas f-an ac" extra="cjt-S"/>
			<t id="s8_22" word="asno" lemma="asno" pos="n" morph="M S" sem="Azo H" extra="np-close"/>
			<t id="s8_23" word="dedo" lemma="dedo" pos="n" morph="M S" sem="anmov" extra="cjt-S"/>
			<t id="s8_24" word="destreza" lemma="destreza" pos="n" morph="F S" sem="am act-trick" extra="cjt-S"/>
			<t id="s8_25" word="disposição" lemma="disposição" pos="n" morph="F S" sem="act-s f-right state-h f-psych" extra="cjt-S"/>
			<t id="s8_26" word="feição" lemma="feição" pos="n" morph="F S" sem="percep-f f-an" extra="cjt-S"/>
			<t id="s8_27" word="guisa" lemma="guisa" pos="n" morph="F S" sem="percep-f" extra="cjt-S"/>
			<t id="s8_28" word="habilidade" lemma="habilidade" pos="n" morph="F S" sem="am" extra="cjt-S"/>
			<t id="s8_29" word="maneira" lemma="maneiro" pos="adj" morph="F S" extra="np-close"/>
			<t id="s8_30" word="modo" lemma="modo" pos="n" morph="M S" sem="ac" extra="cjt-S"/>
			<t id="s8_31" word="mais" lemma="mais" pos="adv" morph="--" extra="--"/>
			<t id="s8_32" word="." lemma="--" pos="pu" morph="--" extra="--"/>
		</terminals>

		<nonterminals>
			<nt id="s8_500" cat="s">
				<edge label="STA" idref="s8_501"/>
			</nt>
			<nt id="s8_501" cat="fcl">
				<edge label="S" idref="s8_502"/>
				<edge label="S" idref="s8_10"/>
				<edge label="S" idref="s8_11"/>
				<edge label="P" idref="s8_12"/>
				<edge label="Od" idref="s8_13"/>
				<edge label="S" idref="s8_503"/>
				<edge label="fA" idref="s8_31"/>
				<edge label="PU" idref="s8_32"/>
			</nt>
			<nt id="s8_502" cat="par">
				<edge label="CJT" idref="s8_1"/>
				<edge label="CJT" idref="s8_2"/>
				<edge label="CJT" idref="s8_3"/>
				<edge label="CJT" idref="s8_4"/>
				<edge label="CJT" idref="s8_5"/>
				<edge label="CJT" idref="s8_6"/>
				<edge label="CJT" idref="s8_7"/>
				<edge label="CJT" idref="s8_8"/>
				<edge label="CJT" idref="s8_9"/>
			</nt>
			<nt id="s8_503" cat="par">
				<edge label="CJT" idref="s8_504"/>
				<edge label="CJT" idref="s8_16"/>
				<edge label="CJT" idref="s8_17"/>
				<edge label="CJT" idref="s8_18"/>
				<edge label="CJT" idref="s8_19"/>
				<edge label="CJT" idref="s8_20"/>
				<edge label="CJT" idref="s8_505"/>
				<edge label="CJT" idref="s8_23"/>
				<edge label="CJT" idref="s8_24"/>
				<edge label="CJT" idref="s8_25"/>
				<edge label="CJT" idref="s8_26"/>
				<edge label="CJT" idref="s8_27"/>
				<edge label="CJT" idref="s8_506"/>
				<edge label="CJT" idref="s8_30"/>
			</nt>
			<nt id="s8_504" cat="np">
				<edge label="H" idref="s8_14"/>
				<edge label="DN" idref="s8_15"/>
			</nt>
			<nt id="s8_505" cat="np">
				<edge label="H" idref="s8_21"/>
				<edge label="DN" idref="s8_22"/>
			</nt>
			<nt id="s8_506" cat="np">
				<edge label="H" idref="s8_28"/>
				<edge label="DN" idref="s8_29"/>
			</nt>
		</nonterminals>
	</graph>
</s>

<s id="s9" ref="9" source="Running text" forest="1" text="Antônimos:">
	<graph root="s9_500">
		<terminals>
			<t id="s9_1" word="Antônimos" lemma="antônimo" pos="adj" morph="M P" extra="* nh"/>
			<t id="s9_2" word=":" lemma="--" pos="pu" morph="--" extra="--"/>
		</terminals>

		<nonterminals>
			<nt id="s9_500" cat="s">
				<edge label="UTT" idref="s9_501"/>
			</nt>
			<nt id="s9_501" cat="x">
				<edge label="X" idref="s9_1"/>
				<edge label="PU" idref="s9_2"/>
			</nt>
		</nonterminals>
	</graph>
</s>

<s id="s10" ref="10" source="Running text" forest="1" text="indeciso covardia medo indecisão inação passividade inércia inatividade mais...">
	<graph root="s10_500">
		<terminals>
			<t id="s10_1" word="indeciso" lemma="indeciso" pos="adj" morph="M S" extra="--"/>
			<t id="s10_2" word="covardia" lemma="covardia" pos="n" morph="F S" sem="am" extra="cjt-head cjt-head-X"/>
			<t id="s10_3" word="medo" lemma="medo" pos="n" morph="M S" sem="am percep-f" extra="cjt-X"/>
			<t id="s10_4" word="indecisão" lemma="indecisão" pos="n" morph="F S" sem="f-psych state-h" extra="cjt-X"/>
			<t id="s10_5" word="inação" lemma="inação" pos="n" morph="F S" sem="state-h" extra="cjt-X"/>
			<t id="s10_6" word="passividade" lemma="passividade" pos="n" morph="F S" sem="f-psych state-h" extra="cjt-X"/>
			<t id="s10_7" word="inércia" lemma="inércia" pos="n" morph="F S" sem="am" extra="cjt-X"/>
			<t id="s10_8" word="inatividade" lemma="inatividade" pos="n" morph="F S" sem="am sit" extra="cjt-X"/>
			<t id="s10_9" word="mais" lemma="mais" pos="adv" morph="--" extra="--"/>
			<t id="s10_10" word="." lemma="--" pos="pu" morph="--" extra="--"/>
		</terminals>

		<nonterminals>
			<nt id="s10_500" cat="s">
				<edge label="X" idref="s10_501"/>
			</nt>
			<nt id="s10_501" cat="par">
				<edge label="CJT" idref="s10_502"/>
				<edge label="CJT" idref="s10_3"/>
				<edge label="CJT" idref="s10_4"/>
				<edge label="CJT" idref="s10_5"/>
				<edge label="CJT" idref="s10_6"/>
				<edge label="CJT" idref="s10_7"/>
				<edge label="CJT" idref="s10_503"/>
				<edge label="PU" idref="s10_10"/>
			</nt>
			<nt id="s10_502" cat="np">
				<edge label="DN" idref="s10_1"/>
				<edge label="H" idref="s10_2"/>
			</nt>
			<nt id="s10_503" cat="np">
				<edge label="H" idref="s10_8"/>
				<edge label="fA" idref="s10_9"/>
			</nt>
		</nonterminals>
	</graph>
</s>

<s id="s11" ref="11" source="Running text" forest="1" text="Relacionadas:">
	<graph root="s11_500">
		<terminals>
			<t id="s11_1" word="Relacionadas" lemma="relacionado" pos="adj" morph="F P" extra="* nh"/>
			<t id="s11_2" word=":" lemma="--" pos="pu" morph="--" extra="--"/>
		</terminals>

		<nonterminals>
			<nt id="s11_500" cat="s">
				<edge label="UTT" idref="s11_501"/>
			</nt>
			<nt id="s11_501" cat="x">
				<edge label="X" idref="s11_1"/>
				<edge label="PU" idref="s11_2"/>
			</nt>
		</nonterminals>
	</graph>
</s>

<s id="s12" ref="12" source="Running text" forest="1" text="coragem decisão ousadia mais...">
	<graph root="s12_500">
		<terminals>
			<t id="s12_1" word="coragem" lemma="coragem" pos="n" morph="F S" sem="am" extra="--"/>
			<t id="s12_2" word="decisão" lemma="decisão" pos="n" morph="F S" sem="act" extra="--"/>
			<t id="s12_3" word="ousadia" lemma="ousadia" pos="n" morph="F S" sem="act-d am" extra="--"/>
			<t id="s12_4" word="mais" lemma="mais" pos="adv" morph="--" extra="--"/>
			<t id="s12_5" word="." lemma="--" pos="pu" morph="--" extra="--"/>
		</terminals>

		<nonterminals>
			<nt id="s12_500" cat="s">
				<edge label="UTT" idref="s12_501"/>
			</nt>
			<nt id="s12_501" cat="x">
				<edge label="fCs" idref="s12_1"/>
				<edge label="fCs" idref="s12_2"/>
				<edge label="S" idref="s12_3"/>
				<edge label="fA" idref="s12_4"/>
				<edge label="PU" idref="s12_5"/>
			</nt>
		</nonterminals>
	</graph>
</s>

<s id="s13" ref="13" source="Running text" forest="1" text="89 sobe, 70 desce 2. Atitude Por Edmiro Inacio dos Santos(SP) em 17-09-2008 Ato de tomar uma decisão corajosa.">
	<graph root="s13_500">
		<terminals>
			<t id="s13_1" word="89" lemma="89" pos="num" morph="M/F P" extra="card"/>
			<t id="s13_2" word="sobe" lemma="subir" pos="v-fin" morph="PR 3S IND VFIN" extra="cjt-head cjt-head-STA fmc mv"/>
			<t id="s13_3" word="," lemma="--" pos="pu" morph="--" extra="--"/>
			<t id="s13_4" word="70" lemma="70" pos="num" morph="M/F P" extra="card"/>
			<t id="s13_5" word="desce" lemma="descer" pos="v-fin" morph="PR 3S IND VFIN" extra="cjt-STA fmc mv"/>
			<t id="s13_6" word="2." lemma="2." pos="adj" morph="F S" extra="NUM-ord"/>
			<t id="s13_7" word="Atitude" lemma="atitude" pos="n" morph="F S" sem="f-psych" extra="prop *"/>
			<t id="s13_8" word="Por_Edmiro_Inacio_dos_Santos" lemma="Por_Edmiro_Inacio_dos_Santos" pos="prop" morph="M S" extra="hum * np-close"/>
			<t id="s13_9" word="(" lemma="--" pos="pu" morph="--" extra="--"/>
			<t id="s13_10" word="SP" lemma="SP" pos="prop" morph="M S" extra="civ * np-long"/>
			<t id="s13_11" word=")" lemma="--" pos="pu" morph="--" extra="--"/>
			<t id="s13_12" word="em" lemma="em" pos="prp" morph="--" extra="--"/>
			<t id="s13_13" word="17-09-2008" lemma="17-09-2008" pos="num" morph="M P" extra="card"/>
			<t id="s13_14" word="Ato" lemma="ato" pos="n" morph="M P" sem="act cc-r" extra="prop *"/>
			<t id="s13_15" word="de" lemma="de" pos="prp" morph="--" extra="np-close"/>
			<t id="s13_16" word="tomar" lemma="tomar" pos="v-inf" morph="--" extra="vH mv"/>
			<t id="s13_17" word="uma" lemma="um" pos="art" morph="F S" extra="--"/>
			<t id="s13_18" word="decisão" lemma="decisão" pos="n" morph="F S" sem="act" extra="--"/>
			<t id="s13_19" word="corajosa" lemma="corajoso" pos="adj" morph="F S" extra="jh np-close"/>
			<t id="s13_20" word="." lemma="--" pos="pu" morph="--" extra="--"/>
		</terminals>

		<nonterminals>
			<nt id="s13_500" cat="s">
				<edge label="STA" idref="s13_501"/>
			</nt>
			<nt id="s13_501" cat="par">
				<edge label="CJT" idref="s13_502"/>
				<edge label="PU" idref="s13_3"/>
				<edge label="CJT" idref="s13_503"/>
				<edge label="PU" idref="s13_20"/>
			</nt>
			<nt id="s13_502" cat="fcl">
				<edge label="Od" idref="s13_1"/>
				<edge label="P" idref="s13_2"/>
			</nt>
			<nt id="s13_503" cat="fcl">
				<edge label="Od" idref="s13_4"/>
				<edge label="P" idref="s13_5"/>
				<edge label="S" idref="s13_504"/>
				<edge label="fA" idref="s13_505"/>
			</nt>
			<nt id="s13_504" cat="np">
				<edge label="DN" idref="s13_6"/>
				<edge label="H" idref="s13_7"/>
				<edge label="DN" idref="s13_8"/>
				<edge label="PU" idref="s13_9"/>
				<edge label="DNc" idref="s13_10"/>
				<edge label="PU" idref="s13_11"/>
			</nt>
			<nt id="s13_505" cat="pp">
				<edge label="H" idref="s13_12"/>
				<edge label="DP" idref="s13_506"/>
			</nt>
			<nt id="s13_506" cat="np">
				<edge label="DN" idref="s13_13"/>
				<edge label="H" idref="s13_14"/>
				<edge label="DN" idref="s13_507"/>
			</nt>
			<nt id="s13_507" cat="pp">
				<edge label="H" idref="s13_15"/>
				<edge label="DP" idref="s13_508"/>
			</nt>
			<nt id="s13_508" cat="icl">
				<edge label="P" idref="s13_16"/>
				<edge label="Od" idref="s13_509"/>
			</nt>
			<nt id="s13_509" cat="np">
				<edge label="DN" idref="s13_17"/>
				<edge label="H" idref="s13_18"/>
				<edge label="DN" idref="s13_19"/>
			</nt>
		</nonterminals>
	</graph>
</s>

<s id="s14" ref="14" source="Running text" forest="1" text="Após uma tempestade, uma árvore caida obstruindo a rua, muita gente desesperada precisando passar, mas sem nada fazer.">
	<graph root="s14_500">
		<terminals>
			<t id="s14_1" word="Após" lemma="após" pos="prp" morph="--" extra="*"/>
			<t id="s14_2" word="uma" lemma="um" pos="art" morph="F S" extra="--"/>
			<t id="s14_3" word="tempestade" lemma="tempestade" pos="n" morph="F S" sem="wea-wind" extra="--"/>
			<t id="s14_4" word="," lemma="--" pos="pu" morph="--" extra="--"/>
			<t id="s14_5" word="uma" lemma="um" pos="art" morph="F S" extra="--"/>
			<t id="s14_6" word="árvore" lemma="árvore" pos="n" morph="F S" sem="Btree" extra="--"/>
			<t id="s14_7" word="caida" lemma="caído" pos="adj" morph="F S" extra="np-close"/>
			<t id="s14_8" word="obstruindo" lemma="obstruir" pos="v-ger" morph="--" extra="clb vH mv"/>
			<t id="s14_9" word="a" lemma="o" pos="art" morph="F S" extra="--"/>
			<t id="s14_10" word="rua" lemma="rua" pos="n" morph="F S" sem="Lpath" extra="--"/>
			<t id="s14_11" word="," lemma="--" pos="pu" morph="--" extra="--"/>
			<t id="s14_12" word="muita" lemma="muito" pos="pron-indef" morph="DET F S" extra="quant"/>
			<t id="s14_13" word="gente" lemma="gente" pos="n" morph="F S" sem="HH" extra="np-close"/>
			<t id="s14_14" word="desesperada" lemma="desesperado" pos="adj" morph="F S" extra="jh np-close"/>
			<t id="s14_15" word="precisando" lemma="precisar" pos="v-ger" morph="--" extra="mv"/>
			<t id="s14_16" word="passar" lemma="passar" pos="v-inf" morph="--" extra="mv"/>
			<t id="s14_17" word="," lemma="--" pos="pu" morph="--" extra="--"/>
			<t id="s14_18" word="mas" lemma="mas" pos="conj-c" morph="--" extra="--"/>
			<t id="s14_19" word="sem" lemma="sem" pos="prp" morph="--" extra="--"/>
			<t id="s14_20" word="nada" lemma="nada" pos="spec" morph="M S" extra="quant"/>
			<t id="s14_21" word="fazer" lemma="fazer" pos="v-inf" morph="--" extra="mv"/>
			<t id="s14_22" word="." lemma="--" pos="pu" morph="--" extra="--"/>
		</terminals>

		<nonterminals>
			<nt id="s14_500" cat="s">
				<edge label="fA" idref="s14_501"/>
			</nt>
			<nt id="s14_501" cat="pp">
				<edge label="H" idref="s14_1"/>
				<edge label="DP" idref="s14_502"/>
				<edge label="PU" idref="s14_4"/>
				<edge label="fA" idref="s14_503"/>
				<edge label="PU" idref="s14_22"/>
			</nt>
			<nt id="s14_502" cat="np">
				<edge label="DN" idref="s14_2"/>
				<edge label="H" idref="s14_3"/>
			</nt>
			<nt id="s14_503" cat="fcl">
				<edge label="S" idref="s14_504"/>
				<edge label="P" idref="s14_8"/>
				<edge label="Od" idref="s14_505"/>
				<edge label="fA" idref="s14_507"/>
			</nt>
			<nt id="s14_504" cat="np">
				<edge label="DN" idref="s14_5"/>
				<edge label="H" idref="s14_6"/>
				<edge label="DN" idref="s14_7"/>
			</nt>
			<nt id="s14_505" cat="np">
				<edge label="DN" idref="s14_9"/>
				<edge label="H" idref="s14_10"/>
				<edge label="PU" idref="s14_11"/>
				<edge label="DNc" idref="s14_506"/>
			</nt>
			<nt id="s14_506" cat="np">
				<edge label="DN" idref="s14_12"/>
				<edge label="H" idref="s14_13"/>
				<edge label="DN" idref="s14_14"/>
			</nt>
			<nt id="s14_507" cat="advp">
				<edge label="P" idref="s14_15"/>
				<edge label="Od" idref="s14_508"/>
				<edge label="PU" idref="s14_17"/>
				<edge label="CO" idref="s14_18"/>
				<edge label="FOC" idref="s14_19"/>
			</nt>
			<nt id="s14_508" cat="icl">
				<edge label="P" idref="s14_16"/>
				<edge label="DP" idref="s14_509"/>
			</nt>
			<nt id="s14_509" cat="icl">
				<edge label="DP" idref="s14_20"/>
				<edge label="P" idref="s14_21"/>
			</nt>
		</nonterminals>
	</graph>
</s>

<s id="s15" ref="15" source="Running text" forest="1" text="Um menino aparentando 8 anos tomou a Atitude e se colocou a empurrar a árvore.">
	<graph root="s15_500">
		<terminals>
			<t id="s15_1" word="Um" lemma="um" pos="art" morph="M S" extra="* "/>
			<t id="s15_2" word="menino" lemma="menino" pos="n" morph="M S" sem="Hbio" extra="--"/>
			<t id="s15_3" word="aparentando" lemma="aparentar" pos="v-ger" morph="--" extra="clb vH mv"/>
			<t id="s15_4" word="8" lemma="8" pos="num" morph="M P" extra="card"/>
			<t id="s15_5" word="anos" lemma="ano" pos="n" morph="M P" sem="dur temp per unit" extra="--"/>
			<t id="s15_6" word="tomou" lemma="tomar" pos="v-fin" morph="PS 3S IND VFIN" extra="predco vH fmc mv"/>
			<t id="s15_7" word="a" lemma="o" pos="art" morph="F S" extra="--"/>
			<t id="s15_8" word="Atitude" lemma="atitude" pos="n" morph="F S" sem="f-psych" extra="prop *"/>
			<t id="s15_9" word="e" lemma="e" pos="conj-c" morph="--" extra="--"/>
			<t id="s15_10" word="se" lemma="se" pos="pron-pers" morph="M/F 3S ACC" extra="refl pass"/>
			<t id="s15_11" word="colocou" lemma="colocar" pos="v-fin" morph="PS 3S IND VFIN" extra="nosubj cjt-STA vH fmc mv v-pron"/>
			<t id="s15_12" word="a" lemma="a" pos="prp" morph="--" extra="--"/>
			<t id="s15_13" word="empurrar" lemma="empurrar" pos="v-inf" morph="--" extra="vH mv"/>
			<t id="s15_14" word="a" lemma="o" pos="art" morph="F S" extra="--"/>
			<t id="s15_15" word="árvore" lemma="árvore" pos="n" morph="F S" sem="Btree" extra="--"/>
			<t id="s15_16" word="." lemma="--" pos="pu" morph="--" extra="--"/>
		</terminals>

		<nonterminals>
			<nt id="s15_500" cat="s">
				<edge label="STA" idref="s15_501"/>
			</nt>
			<nt id="s15_501" cat="fcl">
				<edge label="S" idref="s15_502"/>
				<edge label="fA" idref="s15_503"/>
				<edge label="X" idref="s15_505"/>
				<edge label="PU" idref="s15_16"/>
			</nt>
			<nt id="s15_502" cat="np">
				<edge label="DN" idref="s15_1"/>
				<edge label="H" idref="s15_2"/>
			</nt>
			<nt id="s15_503" cat="advp">
				<edge label="P" idref="s15_3"/>
				<edge label="Od" idref="s15_504"/>
			</nt>
			<nt id="s15_504" cat="np">
				<edge label="DN" idref="s15_4"/>
				<edge label="H" idref="s15_5"/>
			</nt>
			<nt id="s15_505" cat="par">
				<edge label="CJT" idref="s15_506"/>
				<edge label="CJT" idref="s15_508"/>
			</nt>
			<nt id="s15_506" cat="x">
				<edge label="P" idref="s15_6"/>
				<edge label="S" idref="s15_507"/>
			</nt>
			<nt id="s15_507" cat="np">
				<edge label="DN" idref="s15_7"/>
				<edge label="H" idref="s15_8"/>
				<edge label="CO" idref="s15_9"/>
			</nt>
			<nt id="s15_508" cat="x">
				<edge label="Od" idref="s15_10"/>
				<edge label="P" idref="s15_11"/>
				<edge label="fA" idref="s15_509"/>
			</nt>
			<nt id="s15_509" cat="pp">
				<edge label="H" idref="s15_12"/>
				<edge label="DP" idref="s15_510"/>
			</nt>
			<nt id="s15_510" cat="icl">
				<edge label="P" idref="s15_13"/>
				<edge label="Od" idref="s15_511"/>
			</nt>
			<nt id="s15_511" cat="np">
				<edge label="DN" idref="s15_14"/>
				<edge label="H" idref="s15_15"/>
			</nt>
		</nonterminals>
	</graph>
</s>

<s id="s16" ref="16" source="Running text" forest="1" text="Todos vendo a cena, correram para ajudar e a atitude do menino teve sucesso, pois conseguiram remover a árvore da rua e tudo voltou ao normal.">
	<graph root="s16_500">
		<terminals>
			<t id="s16_1" word="Todos" lemma="todo" pos="pron-indef" morph="DET M P" extra="* quant"/>
			<t id="s16_2" word="vendo" lemma="ver" pos="v-ger" morph="--" extra="clb vH mv"/>
			<t id="s16_3" word="a" lemma="o" pos="art" morph="F S" extra="--"/>
			<t id="s16_4" word="cena" lemma="cena" pos="n" morph="F S" sem="Lh act-d sem-w sit" extra="--"/>
			<t id="s16_5" word="," lemma="--" pos="pu" morph="--" extra="--"/>
			<t id="s16_6" word="correram" lemma="correr" pos="v-fin" morph="PS/MQP 3P IND VFIN" extra="nosubj nosubj cjt-head cjt-head-STA fmc mv"/>
			<t id="s16_7" word="para" lemma="para" pos="prp" morph="--" extra="--"/>
			<t id="s16_8" word="ajudar" lemma="ajudar" pos="v-inf" morph="--" extra="vH mv"/>
			<t id="s16_9" word="e" lemma="e" pos="conj-c" morph="--" extra="--"/>
			<t id="s16_10" word="a" lemma="o" pos="art" morph="F S" extra="--"/>
			<t id="s16_11" word="atitude" lemma="atitude" pos="n" morph="F S" sem="f-psych" extra="--"/>
			<t id="s16_12" word="de" lemma="de" pos="prp" morph="--" extra="sam- np-close"/>
			<t id="s16_13" word="o" lemma="o" pos="art" morph="M S" extra="-sam "/>
			<t id="s16_14" word="menino" lemma="menino" pos="n" morph="M S" sem="Hbio" extra="--"/>
			<t id="s16_15" word="teve" lemma="ter" pos="v-fin" morph="PS 3S IND VFIN" extra="cjt-STA fmc mv"/>
			<t id="s16_16" word="sucesso" lemma="sucesso" pos="n" morph="M S" sem="am ac" extra="--"/>
			<t id="s16_17" word="," lemma="--" pos="pu" morph="--" extra="--"/>
			<t id="s16_18" word="pois" lemma="pois" pos="conj-s" morph="--" extra="clb"/>
			<t id="s16_19" word="conseguiram" lemma="conseguir" pos="v-fin" morph="PS/MQP 3P IND VFIN" extra="nosubj cjt-STA vH fmc mv"/>
			<t id="s16_20" word="remover" lemma="remover" pos="v-inf" morph="--" extra="vH mv"/>
			<t id="s16_21" word="a" lemma="o" pos="art" morph="F S" extra="--"/>
			<t id="s16_22" word="árvore" lemma="árvore" pos="n" morph="F S" sem="Btree" extra="--"/>
			<t id="s16_23" word="de" lemma="de" pos="prp" morph="--" extra="sam- np-close"/>
			<t id="s16_24" word="a" lemma="o" pos="art" morph="F S" extra="-sam "/>
			<t id="s16_25" word="rua" lemma="rua" pos="n" morph="F S" sem="Lpath" extra="--"/>
			<t id="s16_26" word="e" lemma="e" pos="conj-c" morph="--" extra="--"/>
			<t id="s16_27" word="tudo" lemma="tudo" pos="spec" morph="M S" extra="quant"/>
			<t id="s16_28" word="voltou" lemma="voltar" pos="v-fin" morph="PS 3S IND VFIN" extra="cjt-STA fmc mv"/>
			<t id="s16_29" word="a" lemma="a" pos="prp" morph="--" extra="sam-"/>
			<t id="s16_30" word="o" lemma="o" pos="art" morph="M S" extra="-sam "/>
			<t id="s16_31" word="normal" lemma="normal" pos="adj" morph="M S" extra="n nh"/>
			<t id="s16_32" word="." lemma="--" pos="pu" morph="--" extra="--"/>
		</terminals>

		<nonterminals>
			<nt id="s16_500" cat="s">
				<edge label="STA" idref="s16_501"/>
			</nt>
			<nt id="s16_501" cat="par">
				<edge label="CJT" idref="s16_502"/>
				<edge label="CJT" idref="s16_506"/>
				<edge label="PU" idref="s16_17"/>
				<edge label="CJT" idref="s16_510"/>
				<edge label="CJT" idref="s16_515"/>
				<edge label="PU" idref="s16_32"/>
			</nt>
			<nt id="s16_502" cat="fcl">
				<edge label="S" idref="s16_1"/>
				<edge label="fA" idref="s16_503"/>
				<edge label="PU" idref="s16_5"/>
				<edge label="P" idref="s16_6"/>
				<edge label="fA" idref="s16_505"/>
			</nt>
			<nt id="s16_503" cat="advp">
				<edge label="P" idref="s16_2"/>
				<edge label="Od" idref="s16_504"/>
			</nt>
			<nt id="s16_504" cat="np">
				<edge label="DN" idref="s16_3"/>
				<edge label="H" idref="s16_4"/>
			</nt>
			<nt id="s16_505" cat="pp">
				<edge label="H" idref="s16_7"/>
				<edge label="DP" idref="s16_8"/>
				<edge label="CO" idref="s16_9"/>
			</nt>
			<nt id="s16_506" cat="fcl">
				<edge label="S" idref="s16_507"/>
				<edge label="P" idref="s16_15"/>
				<edge label="Od" idref="s16_16"/>
			</nt>
			<nt id="s16_507" cat="np">
				<edge label="DN" idref="s16_10"/>
				<edge label="H" idref="s16_11"/>
				<edge label="DN" idref="s16_508"/>
			</nt>
			<nt id="s16_508" cat="pp">
				<edge label="H" idref="s16_12"/>
				<edge label="DP" idref="s16_509"/>
			</nt>
			<nt id="s16_509" cat="np">
				<edge label="DN" idref="s16_13"/>
				<edge label="H" idref="s16_14"/>
			</nt>
			<nt id="s16_510" cat="x">
				<edge label="fA" idref="s16_18"/>
				<edge label="P" idref="s16_19"/>
				<edge label="Od" idref="s16_511"/>
			</nt>
			<nt id="s16_511" cat="icl">
				<edge label="P" idref="s16_20"/>
				<edge label="Od" idref="s16_512"/>
			</nt>
			<nt id="s16_512" cat="np">
				<edge label="DN" idref="s16_21"/>
				<edge label="H" idref="s16_22"/>
				<edge label="DN" idref="s16_513"/>
			</nt>
			<nt id="s16_513" cat="pp">
				<edge label="H" idref="s16_23"/>
				<edge label="DP" idref="s16_514"/>
			</nt>
			<nt id="s16_514" cat="np">
				<edge label="DN" idref="s16_24"/>
				<edge label="H" idref="s16_25"/>
				<edge label="CO" idref="s16_26"/>
			</nt>
			<nt id="s16_515" cat="fcl">
				<edge label="S" idref="s16_27"/>
				<edge label="P" idref="s16_28"/>
				<edge label="Op" idref="s16_516"/>
			</nt>
			<nt id="s16_516" cat="pp">
				<edge label="H" idref="s16_29"/>
				<edge label="DP" idref="s16_517"/>
			</nt>
			<nt id="s16_517" cat="np">
				<edge label="DN" idref="s16_30"/>
				<edge label="H" idref="s16_31"/>
			</nt>
		</nonterminals>
	</graph>
</s>

<s id="s17" ref="17" source="Running text" forest="1" text="Compartilhar enviar nova definição enviar nova imagem denunciar abuso 6 sobe, 5 desce 3. Atitude Por Leonardo(SP) em 21-07-2011 Jeito, posição do corpo:">
	<graph root="s17_500">
		<terminals>
			<t id="s17_1" word="Compartilhar" lemma="compartilhar" pos="v-inf" morph="--" extra="cjt-head cjt-head-S * vH mv"/>
			<t id="s17_2" word="enviar" lemma="enviar" pos="v-inf" morph="--" extra="vH mv"/>
			<t id="s17_3" word="nova" lemma="novo" pos="adj" morph="F S" extra="jh"/>
			<t id="s17_4" word="definição" lemma="definição" pos="n" morph="F S" sem="sem-c" extra="--"/>
			<t id="s17_5" word="enviar" lemma="enviar" pos="v-inf" morph="--" extra="vH mv"/>
			<t id="s17_6" word="nova" lemma="novo" pos="adj" morph="F S" extra="jh"/>
			<t id="s17_7" word="imagem" lemma="imagem" pos="n" morph="F S" sem="pict sem-c ac-cat" extra="--"/>
			<t id="s17_8" word="denunciar" lemma="denunciar" pos="v-inf" morph="--" extra="cjt-S vH mv"/>
			<t id="s17_9" word="abuso" lemma="abuso" pos="n" morph="M S" sem="activity" extra="--"/>
			<t id="s17_10" word="6" lemma="6" pos="num" morph="M/F P" extra="card"/>
			<t id="s17_11" word="sobe" lemma="subir" pos="v-fin" morph="PR 3S IND VFIN" extra="cjt-head cjt-head-STA fmc mv"/>
			<t id="s17_12" word="," lemma="--" pos="pu" morph="--" extra="--"/>
			<t id="s17_13" word="5" lemma="5" pos="num" morph="M/F P" extra="card"/>
			<t id="s17_14" word="desce" lemma="descer" pos="v-fin" morph="PR 3S IND VFIN" extra="cjt-STA fmc mv"/>
			<t id="s17_15" word="3." lemma="3." pos="adj" morph="M/F S" extra="NUM-ord"/>
			<t id="s17_16" word="Atitude_Por_Leonardo" lemma="Atitude_Por_Leonardo" pos="prop" morph="M S" extra="hum * heur"/>
			<t id="s17_17" word="(" lemma="--" pos="pu" morph="--" extra="--"/>
			<t id="s17_18" word="SP" lemma="SP" pos="prop" morph="M S" extra="civ * np-close"/>
			<t id="s17_19" word=")" lemma="--" pos="pu" morph="--" extra="--"/>
			<t id="s17_20" word="em" lemma="em" pos="prp" morph="--" extra="--"/>
			<t id="s17_21" word="21-07-2011" lemma="21-07-2011" pos="num" morph="M P" extra="card"/>
			<t id="s17_22" word="Jeito" lemma="jeito" pos="n" morph="M P" sem="act-trick f-h ac" extra="prop *"/>
			<t id="s17_23" word="," lemma="--" pos="pu" morph="--" extra="--"/>
			<t id="s17_24" word="posição" lemma="posição" pos="n" morph="F S" sem="act pos-an" extra="np-close"/>
			<t id="s17_25" word="de" lemma="de" pos="prp" morph="--" extra="sam- np-close"/>
			<t id="s17_26" word="o" lemma="o" pos="art" morph="M S" extra="-sam "/>
			<t id="s17_27" word="corpo" lemma="corpo" pos="n" morph="M S" sem="anmov HH build part-build ac-sign" extra="--"/>
			<t id="s17_28" word=":" lemma="--" pos="pu" morph="--" extra="--"/>
		</terminals>

		<nonterminals>
			<nt id="s17_500" cat="s">
				<edge label="STA" idref="s17_501"/>
			</nt>
			<nt id="s17_501" cat="par">
				<edge label="CJT" idref="s17_502"/>
				<edge label="PU" idref="s17_12"/>
				<edge label="CJT" idref="s17_510"/>
				<edge label="PU" idref="s17_28"/>
			</nt>
			<nt id="s17_502" cat="fcl">
				<edge label="S" idref="s17_503"/>
				<edge label="Od" idref="s17_10"/>
				<edge label="P" idref="s17_11"/>
			</nt>
			<nt id="s17_503" cat="par">
				<edge label="CJT" idref="s17_504"/>
				<edge label="CJT" idref="s17_507"/>
			</nt>
			<nt id="s17_504" cat="icl">
				<edge label="P" idref="s17_1"/>
				<edge label="Od" idref="s17_505"/>
			</nt>
			<nt id="s17_505" cat="icl">
				<edge label="P" idref="s17_2"/>
				<edge label="Od" idref="s17_506"/>
			</nt>
			<nt id="s17_506" cat="np">
				<edge label="DN" idref="s17_3"/>
				<edge label="H" idref="s17_4"/>
			</nt>
			<nt id="s17_507" cat="fcl">
				<edge label="S" idref="s17_508"/>
				<edge label="P" idref="s17_8"/>
				<edge label="Od" idref="s17_9"/>
			</nt>
			<nt id="s17_508" cat="icl">
				<edge label="P" idref="s17_5"/>
				<edge label="Od" idref="s17_509"/>
			</nt>
			<nt id="s17_509" cat="np">
				<edge label="DN" idref="s17_6"/>
				<edge label="H" idref="s17_7"/>
			</nt>
			<nt id="s17_510" cat="fcl">
				<edge label="Od" idref="s17_13"/>
				<edge label="P" idref="s17_14"/>
				<edge label="fCs" idref="s17_15"/>
				<edge label="S" idref="s17_511"/>
				<edge label="fA" idref="s17_512"/>
			</nt>
			<nt id="s17_511" cat="np">
				<edge label="H" idref="s17_16"/>
				<edge label="PU" idref="s17_17"/>
				<edge label="DNc" idref="s17_18"/>
				<edge label="PU" idref="s17_19"/>
			</nt>
			<nt id="s17_512" cat="pp">
				<edge label="H" idref="s17_20"/>
				<edge label="DP" idref="s17_513"/>
			</nt>
			<nt id="s17_513" cat="np">
				<edge label="DN" idref="s17_21"/>
				<edge label="H" idref="s17_22"/>
				<edge label="PU" idref="s17_23"/>
				<edge label="DNc" idref="s17_514"/>
			</nt>
			<nt id="s17_514" cat="np">
				<edge label="H" idref="s17_24"/>
				<edge label="DN" idref="s17_515"/>
			</nt>
			<nt id="s17_515" cat="pp">
				<edge label="H" idref="s17_25"/>
				<edge label="DP" idref="s17_516"/>
			</nt>
			<nt id="s17_516" cat="np">
				<edge label="DN" idref="s17_26"/>
				<edge label="H" idref="s17_27"/>
			</nt>
		</nonterminals>
	</graph>
</s>

<s id="s18" ref="18" source="Running text" forest="1" text="atitude graciosa.">
	<graph root="s18_500">
		<terminals>
			<t id="s18_1" word="atitude" lemma="atitude" pos="n" morph="F S" sem="f-psych" extra="--"/>
			<t id="s18_2" word="graciosa" lemma="gracioso" pos="adj" morph="F S" extra="np-close"/>
			<t id="s18_3" word="." lemma="--" pos="pu" morph="--" extra="--"/>
		</terminals>

		<nonterminals>
			<nt id="s18_500" cat="s">
				<edge label="X" idref="s18_501"/>
			</nt>
			<nt id="s18_501" cat="np">
				<edge label="H" idref="s18_1"/>
				<edge label="DN" idref="s18_2"/>
				<edge label="PU" idref="s18_3"/>
			</nt>
		</nonterminals>
	</graph>
</s>

<s id="s19" ref="19" source="Running text" forest="1" text="Exteriorização de um intento ou propósito:">
	<graph root="s19_500">
		<terminals>
			<t id="s19_1" word="Exteriorização" lemma="exteriorização" pos="n" morph="F S" extra="* act-s"/>
			<t id="s19_2" word="de" lemma="de" pos="prp" morph="--" extra="np-close"/>
			<t id="s19_3" word="um" lemma="um" pos="art" morph="M S" extra="--"/>
			<t id="s19_4" word="intento" lemma="intento" pos="n" morph="M S" sem="sem-c" extra="--"/>
			<t id="s19_5" word="ou" lemma="ou" pos="conj-c" morph="--" extra="--"/>
			<t id="s19_6" word="propósito" lemma="propósito" pos="n" morph="M S" sem="ac" extra="--"/>
			<t id="s19_7" word=":" lemma="--" pos="pu" morph="--" extra="--"/>
		</terminals>

		<nonterminals>
			<nt id="s19_500" cat="s">
				<edge label="X" idref="s19_501"/>
			</nt>
			<nt id="s19_501" cat="np">
				<edge label="H" idref="s19_1"/>
				<edge label="DN" idref="s19_502"/>
				<edge label="PU" idref="s19_7"/>
			</nt>
			<nt id="s19_502" cat="pp">
				<edge label="H" idref="s19_2"/>
				<edge label="DP" idref="s19_503"/>
				<edge label="fCs" idref="s19_504"/>
			</nt>
			<nt id="s19_503" cat="np">
				<edge label="DN" idref="s19_3"/>
				<edge label="H" idref="s19_4"/>
			</nt>
			<nt id="s19_504" cat="np">
				<edge label="CO" idref="s19_5"/>
				<edge label="H" idref="s19_6"/>
			</nt>
		</nonterminals>
	</graph>
</s>

<s id="s20" ref="20" source="Running text" forest="1" text="atitude hostil.">
	<graph root="s20_500">
		<terminals>
			<t id="s20_1" word="atitude" lemma="atitude" pos="n" morph="F S" sem="f-psych" extra="--"/>
			<t id="s20_2" word="hostil" lemma="hostil" pos="adj" morph="F S" extra="np-close"/>
			<t id="s20_3" word="." lemma="--" pos="pu" morph="--" extra="--"/>
		</terminals>

		<nonterminals>
			<nt id="s20_500" cat="s">
				<edge label="X" idref="s20_501"/>
			</nt>
			<nt id="s20_501" cat="np">
				<edge label="H" idref="s20_1"/>
				<edge label="DN" idref="s20_2"/>
				<edge label="PU" idref="s20_3"/>
			</nt>
		</nonterminals>
	</graph>
</s>

<s id="s21" ref="21" source="Running text" forest="1" text="Norma de proceder, comportamento.">
	<graph root="s21_500">
		<terminals>
			<t id="s21_1" word="Norma" lemma="Norma" pos="prop" morph="F S" extra="cjt-head cjt-head-X hum *"/>
			<t id="s21_2" word="de" lemma="de" pos="prp" morph="--" extra="np-close"/>
			<t id="s21_3" word="proceder" lemma="proceder" pos="n" morph="M S" sem="activity" extra="--"/>
			<t id="s21_4" word="," lemma="--" pos="pu" morph="--" extra="--"/>
			<t id="s21_5" word="comportamento" lemma="comportamento" pos="n" morph="M S" sem="act" extra="cjt-DNc np-close"/>
			<t id="s21_6" word="." lemma="--" pos="pu" morph="--" extra="--"/>
		</terminals>

		<nonterminals>
			<nt id="s21_500" cat="s">
				<edge label="X" idref="s21_501"/>
			</nt>
			<nt id="s21_501" cat="par">
				<edge label="CJT" idref="s21_502"/>
				<edge label="PU" idref="s21_4"/>
				<edge label="CJT" idref="s21_5"/>
				<edge label="PU" idref="s21_6"/>
			</nt>
			<nt id="s21_502" cat="np">
				<edge label="H" idref="s21_1"/>
				<edge label="DN" idref="s21_503"/>
			</nt>
			<nt id="s21_503" cat="pp">
				<edge label="H" idref="s21_2"/>
				<edge label="DP" idref="s21_3"/>
			</nt>
		</nonterminals>
	</graph>
</s>

<s id="s22" ref="22" source="Running text" forest="1" text="Depois de cair de bicicleta, ele tomou uma atitude de não andar mais.">
	<graph root="s22_500">
		<terminals>
			<t id="s22_1" word="Depois" lemma="depois" pos="adv" morph="--" extra="*"/>
			<t id="s22_2" word="de" lemma="de" pos="prp" morph="--" extra="--"/>
			<t id="s22_3" word="cair" lemma="cair" pos="v-inf" morph="--" extra="mv"/>
			<t id="s22_4" word="de" lemma="de" pos="prp" morph="--" extra="--"/>
			<t id="s22_5" word="bicicleta" lemma="bicicleta" pos="n" morph="F S" sem="V" extra="--"/>
			<t id="s22_6" word="," lemma="--" pos="pu" morph="--" extra="--"/>
			<t id="s22_7" word="ele" lemma="ele" pos="pron-pers" morph="M 3S NOM" extra="--"/>
			<t id="s22_8" word="tomou" lemma="tomar" pos="v-fin" morph="PS 3S IND VFIN" extra="vH fmc mv"/>
			<t id="s22_9" word="uma" lemma="um" pos="art" morph="F S" extra="--"/>
			<t id="s22_10" word="atitude" lemma="atitude" pos="n" morph="F S" sem="f-psych" extra="--"/>
			<t id="s22_11" word="de" lemma="de" pos="prp" morph="--" extra="np-close"/>
			<t id="s22_12" word="não" lemma="não" pos="adv" morph="--" extra="--"/>
			<t id="s22_13" word="andar" lemma="andar" pos="n" morph="M S" sem="Lh ac cc" extra="--"/>
			<t id="s22_14" word="mais" lemma="mais" pos="adv" morph="--" extra="--"/>
			<t id="s22_15" word="." lemma="--" pos="pu" morph="--" extra="--"/>
		</terminals>

		<nonterminals>
			<nt id="s22_500" cat="s">
				<edge label="STA" idref="s22_501"/>
			</nt>
			<nt id="s22_501" cat="fcl">
				<edge label="fA" idref="s22_502"/>
				<edge label="PU" idref="s22_6"/>
				<edge label="S" idref="s22_7"/>
				<edge label="P" idref="s22_8"/>
				<edge label="Od" idref="s22_506"/>
				<edge label="fA" idref="s22_14"/>
				<edge label="PU" idref="s22_15"/>
			</nt>
			<nt id="s22_502" cat="advp">
				<edge label="H" idref="s22_1"/>
				<edge label="DA" idref="s22_503"/>
			</nt>
			<nt id="s22_503" cat="pp">
				<edge label="H" idref="s22_2"/>
				<edge label="DP" idref="s22_504"/>
			</nt>
			<nt id="s22_504" cat="icl">
				<edge label="P" idref="s22_3"/>
				<edge label="fA" idref="s22_505"/>
			</nt>
			<nt id="s22_505" cat="pp">
				<edge label="H" idref="s22_4"/>
				<edge label="DP" idref="s22_5"/>
			</nt>
			<nt id="s22_506" cat="np">
				<edge label="DN" idref="s22_9"/>
				<edge label="H" idref="s22_10"/>
				<edge label="DN" idref="s22_507"/>
			</nt>
			<nt id="s22_507" cat="pp">
				<edge label="H" idref="s22_11"/>
				<edge label="DP" idref="s22_508"/>
			</nt>
			<nt id="s22_508" cat="np">
				<edge label="DN" idref="s22_12"/>
				<edge label="H" idref="s22_13"/>
			</nt>
		</nonterminals>
	</graph>
</s>

<s id="s23" ref="23" source="Running text" forest="1" text="Compartilhar enviar nova definição enviar nova imagem denunciar abuso Outras Informações:Palavras com 7 letras A palavra possui 4 vogais -- a i u e A palavra possui 3 consoantes -- t t d 1 página -- 3 Definições dar a cria uricuriba arte afogar o ganso quaieira.">
	<graph root="s23_500">
		<terminals>
			<t id="s23_1" word="Compartilhar" lemma="compartilhar" pos="v-inf" morph="--" extra="* vH mv"/>
			<t id="s23_2" word="enviar" lemma="enviar" pos="v-inf" morph="--" extra="vH mv"/>
			<t id="s23_3" word="nova" lemma="novo" pos="adj" morph="F S" extra="jh"/>
			<t id="s23_4" word="definição" lemma="definição" pos="n" morph="F S" sem="sem-c" extra="--"/>
			<t id="s23_5" word="enviar" lemma="enviar" pos="v-inf" morph="--" extra="vH mv"/>
			<t id="s23_6" word="nova" lemma="novo" pos="adj" morph="F S" extra="jh"/>
			<t id="s23_7" word="imagem" lemma="imagem" pos="n" morph="F S" sem="pict sem-c ac-cat" extra="--"/>
			<t id="s23_8" word="denunciar" lemma="denunciar" pos="v-inf" morph="--" extra="vH mv"/>
			<t id="s23_9" word="abuso" lemma="abuso" pos="n" morph="M S" sem="activity" extra="--"/>
			<t id="s23_10" word="Outras_Informações" lemma="Outras_Informações" pos="prop" morph="M/F S" extra="hum * heur"/>
			<t id="s23_11" word=":Palavras" lemma=":Palavras" pos="n" morph="M S" extra="--"/>
			<t id="s23_12" word="com" lemma="com" pos="prp" morph="--" extra="--"/>
			<t id="s23_13" word="7" lemma="7" pos="num" morph="F P" extra="card"/>
			<t id="s23_14" word="letras" lemma="letra" pos="n" morph="F P" sem="ac-sign sem-r domain" extra="--"/>
			<t id="s23_15" word="A" lemma="o" pos="art" morph="F S" extra="* "/>
			<t id="s23_16" word="palavra" lemma="palavra" pos="n" morph="F S" sem="ac-cat act-s" extra="--"/>
			<t id="s23_17" word="possui" lemma="possuir" pos="v-fin" morph="PR 3S IND VFIN" extra="cjt-head cjt-head-STA vH fmc mv"/>
			<t id="s23_18" word="4" lemma="4" pos="num" morph="M P" extra="card"/>
			<t id="s23_19" word="vogais" lemma="vogal" pos="n" morph="M P" sem="ac-cat H" extra="--"/>
			<t id="s23_20" word="--" lemma="--" pos="pu" morph="--" extra="--"/>
			<t id="s23_21" word="a" lemma="a" pos="prp" morph="--" extra="--"/>
			<t id="s23_22" word="i" lemma="i" pos="n" morph="M S" sem="ac-sign" extra="cjt-head cjt-head-DP"/>
			<t id="s23_23" word="u" lemma="u" pos="n" morph="M S" sem="ac-sign" extra="--"/>
			<t id="s23_24" word="e" lemma="e" pos="conj-c" morph="--" extra="--"/>
			<t id="s23_25" word="A" lemma="o" pos="art" morph="F S" extra="* "/>
			<t id="s23_26" word="palavra" lemma="palavra" pos="n" morph="F S" sem="ac-cat act-s" extra="cjt-DP"/>
			<t id="s23_27" word="possui" lemma="possuir" pos="v-fin" morph="PR 3S IND VFIN" extra="cjt-STA vH fmc mv"/>
			<t id="s23_28" word="3" lemma="3" pos="num" morph="F P" extra="card"/>
			<t id="s23_29" word="consoantes" lemma="consoante" pos="n" morph="F P" sem="ac-cat" extra="--"/>
			<t id="s23_30" word="--" lemma="--" pos="pu" morph="--" extra="--"/>
			<t id="s23_31" word="t" lemma="t" pos="n" morph="M S" sem="ac-sign" extra="cjt-head cjt-head-S"/>
			<t id="s23_32" word="t" lemma="t" pos="n" morph="M S" sem="ac-sign" extra="cjt-S"/>
			<t id="s23_33" word="d" lemma="d" pos="n" morph="M S" sem="ac-sign" extra="cjt-S"/>
			<t id="s23_34" word="1" lemma="1" pos="num" morph="F S" extra="card"/>
			<t id="s23_35" word="página" lemma="página" pos="n" morph="F S" sem="cc-r" extra="cjt-S"/>
			<t id="s23_36" word="--" lemma="--" pos="pu" morph="--" extra="--"/>
			<t id="s23_37" word="3" lemma="3" pos="num" morph="F P" extra="card"/>
			<t id="s23_38" word="Definições" lemma="definição" pos="n" morph="F P" sem="sem-c" extra="prop *"/>
			<t id="s23_39" word="dar" lemma="dar" pos="v-inf" morph="--" extra="mv"/>
			<t id="s23_40" word="a" lemma="o" pos="art" morph="F S" extra="--"/>
			<t id="s23_41" word="cria" lemma="criar" pos="v-fin" morph="PR 3S IND VFIN" extra="cjt-STA fmc mv"/>
			<t id="s23_42" word="uricuriba" lemma="uricuribo" pos="adj" morph="F S" extra="heur jh"/>
			<t id="s23_43" word="arte" lemma="arte" pos="n" morph="F S" sem="domain" extra="--"/>
			<t id="s23_44" word="afogar" lemma="afogar" pos="v-inf" morph="3S" extra="mv"/>
			<t id="s23_45" word="o" lemma="o" pos="art" morph="M S" extra="--"/>
			<t id="s23_46" word="ganso" lemma="ganso" pos="n" morph="M S" sem="Aorn H" extra="--"/>
			<t id="s23_47" word="quaieira" lemma="quaieiro" pos="adj" morph="F S" extra="DERS jh"/>
			<t id="s23_48" word="." lemma="--" pos="pu" morph="--" extra="--"/>
		</terminals>

		<nonterminals>
			<nt id="s23_500" cat="s">
				<edge label="UTT" idref="s23_501"/>
			</nt>
			<nt id="s23_501" cat="icl">
				<edge label="P" idref="s23_1"/>
				<edge label="Od" idref="s23_502"/>
				<edge label="STA" idref="s23_507"/>
				<edge label="PU" idref="s23_48"/>
			</nt>
			<nt id="s23_502" cat="icl">
				<edge label="P" idref="s23_2"/>
				<edge label="Od" idref="s23_503"/>
				<edge label="UTT" idref="s23_504"/>
				<edge label="UTT" idref="s23_506"/>
			</nt>
			<nt id="s23_503" cat="np">
				<edge label="DN" idref="s23_3"/>
				<edge label="H" idref="s23_4"/>
			</nt>
			<nt id="s23_504" cat="icl">
				<edge label="P" idref="s23_5"/>
				<edge label="Od" idref="s23_505"/>
			</nt>
			<nt id="s23_505" cat="np">
				<edge label="DN" idref="s23_6"/>
				<edge label="H" idref="s23_7"/>
			</nt>
			<nt id="s23_506" cat="icl">
				<edge label="P" idref="s23_8"/>
				<edge label="Od" idref="s23_9"/>
			</nt>
			<nt id="s23_507" cat="par">
				<edge label="CJT" idref="s23_508"/>
			</nt>
			<nt id="s23_508" cat="fcl">
				<edge label="CJT" idref="s23_509"/>
				<edge label="fA" idref="s23_510"/>
				<edge label="CJT" idref="s23_520"/>
			</nt>
			<nt id="s23_509" cat="fcl">
				<edge label="S" idref="s23_10"/>
				<edge label="S" idref="s23_11"/>
				<edge label="fA" idref="s23_514"/>
				<edge label="fCs" idref="s23_23"/>
				<edge label="P" idref="s23_27"/>
				<edge label="Od" idref="s23_517"/>
				<edge label="S" idref="s23_518"/>
			</nt>
			<nt id="s23_510" cat="pp">
				<edge label="H" idref="s23_12"/>
				<edge label="DP" idref="s23_511"/>
				<edge label="S" idref="s23_512"/>
				<edge label="P" idref="s23_17"/>
				<edge label="Od" idref="s23_513"/>
			</nt>
			<nt id="s23_511" cat="np">
				<edge label="DN" idref="s23_13"/>
				<edge label="H" idref="s23_14"/>
			</nt>
			<nt id="s23_512" cat="np">
				<edge label="DN" idref="s23_15"/>
				<edge label="H" idref="s23_16"/>
			</nt>
			<nt id="s23_513" cat="np">
				<edge label="DN" idref="s23_18"/>
				<edge label="H" idref="s23_19"/>
				<edge label="PU" idref="s23_20"/>
			</nt>
			<nt id="s23_514" cat="pp">
				<edge label="H" idref="s23_21"/>
				<edge label="DP" idref="s23_515"/>
			</nt>
			<nt id="s23_515" cat="par">
				<edge label="CJT" idref="s23_22"/>
				<edge label="CO" idref="s23_24"/>
				<edge label="CJT" idref="s23_516"/>
			</nt>
			<nt id="s23_516" cat="np">
				<edge label="DN" idref="s23_25"/>
				<edge label="H" idref="s23_26"/>
			</nt>
			<nt id="s23_517" cat="np">
				<edge label="DN" idref="s23_28"/>
				<edge label="H" idref="s23_29"/>
				<edge label="PU" idref="s23_30"/>
			</nt>
			<nt id="s23_518" cat="par">
				<edge label="CJT" idref="s23_31"/>
				<edge label="CJT" idref="s23_32"/>
				<edge label="CJT" idref="s23_33"/>
				<edge label="CJT" idref="s23_519"/>
			</nt>
			<nt id="s23_519" cat="np">
				<edge label="DN" idref="s23_34"/>
				<edge label="H" idref="s23_35"/>
				<edge label="PU" idref="s23_36"/>
			</nt>
			<nt id="s23_520" cat="fcl">
				<edge label="S" idref="s23_521"/>
				<edge label="Od" idref="s23_523"/>
				<edge label="P" idref="s23_41"/>
			</nt>
			<nt id="s23_521" cat="icl">
				<edge label="fCs" idref="s23_522"/>
				<edge label="P" idref="s23_39"/>
			</nt>
			<nt id="s23_522" cat="np">
				<edge label="DN" idref="s23_37"/>
				<edge label="H" idref="s23_38"/>
			</nt>
			<nt id="s23_523" cat="fcl">
				<edge label="S" idref="s23_524"/>
				<edge label="P" idref="s23_44"/>
				<edge label="Od" idref="s23_525"/>
				<edge label="Co" idref="s23_47"/>
			</nt>
			<nt id="s23_524" cat="np">
				<edge label="DN" idref="s23_40"/>
				<edge label="DN" idref="s23_42"/>
				<edge label="H" idref="s23_43"/>
			</nt>
			<nt id="s23_525" cat="np">
				<edge label="DN" idref="s23_45"/>
				<edge label="H" idref="s23_46"/>
			</nt>
		</nonterminals>
	</graph>
</s>

	</body>
</corpus>
