<?xml version="1.0" encoding="UTF-8"?>
<corpus>

	<body>
<s id="s1" ref="1" source="Running text" forest="1" text="Babá 4 Definições encontradas.">
	<graph root="s1_500">
		<terminals>
			<t id="s1_1" word="Babá" lemma="Babá" pos="prop" morph="M/F S" extra="cjt-head cjt-head-X hum *"/>
			<t id="s1_2" word="4" lemma="4" pos="num" morph="F P" extra="card"/>
			<t id="s1_3" word="Definições" lemma="definição" pos="n" morph="F P" sem="sem-c" extra="cjt-X prop *"/>
			<t id="s1_4" word="encontradas" lemma="encontrado" pos="adj" morph="F P" extra="nh np-close"/>
			<t id="s1_5" word="." lemma="--" pos="pu" morph="--" extra="--"/>
		</terminals>

		<nonterminals>
			<nt id="s1_500" cat="s">
				<edge label="X" idref="s1_501"/>
			</nt>
			<nt id="s1_501" cat="par">
				<edge label="CJT" idref="s1_1"/>
				<edge label="CJT" idref="s1_502"/>
				<edge label="PU" idref="s1_5"/>
			</nt>
			<nt id="s1_502" cat="np">
				<edge label="DN" idref="s1_2"/>
				<edge label="H" idref="s1_3"/>
				<edge label="DN" idref="s1_4"/>
			</nt>
		</nonterminals>
	</graph>
</s>

<s id="s2" ref="2" source="Running text" forest="1" text="Tweet Classificação morfossintática:">
	<graph root="s2_500">
		<terminals>
			<t id="s2_1" word="Tweet_Classificação" lemma="Tweet_Classificação" pos="prop" morph="M S" extra="common * heur"/>
			<t id="s2_2" word="morfossintática" lemma="morfossintático" pos="adj" morph="F S" extra="DERS jh np-close"/>
			<t id="s2_3" word=":" lemma="--" pos="pu" morph="--" extra="--"/>
		</terminals>

		<nonterminals>
			<nt id="s2_500" cat="s">
				<edge label="X" idref="s2_501"/>
			</nt>
			<nt id="s2_501" cat="np">
				<edge label="H" idref="s2_1"/>
				<edge label="DN" idref="s2_2"/>
				<edge label="PU" idref="s2_3"/>
			</nt>
		</nonterminals>
	</graph>
</s>

<s id="s3" ref="3" source="Running text" forest="1" text="Substantivo, masculino singular Substantivo, feminino singular Flexões da palavra Babá Significados de Babá:">
	<graph root="s3_500">
		<terminals>
			<t id="s3_1" word="Substantivo" lemma="substantivar" pos="v-fin" morph="PR 1S IND VFIN" extra="* vH fmc mv"/>
			<t id="s3_2" word="," lemma="--" pos="pu" morph="--" extra="--"/>
			<t id="s3_3" word="masculino" lemma="masculino" pos="adj" morph="M S" extra="--"/>
			<t id="s3_4" word="singular" lemma="singular" pos="n" morph="M S" sem="ac-cat" extra="--"/>
			<t id="s3_5" word="Substantivo" lemma="Substantivo" pos="prop" morph="M S" extra="hum * np-close"/>
			<t id="s3_6" word="," lemma="--" pos="pu" morph="--" extra="--"/>
			<t id="s3_7" word="feminino" lemma="feminino" pos="adj" morph="M S" extra="jh"/>
			<t id="s3_8" word="singular" lemma="singular" pos="adj" morph="F S" extra="jh"/>
			<t id="s3_9" word="Flexões" lemma="flexão" pos="n" morph="F P" sem="act" extra="prop *"/>
			<t id="s3_10" word="de" lemma="de" pos="prp" morph="--" extra="sam- np-close"/>
			<t id="s3_11" word="a" lemma="o" pos="art" morph="F S" extra="-sam "/>
			<t id="s3_12" word="palavra" lemma="palavra" pos="n" morph="F S" sem="ac-cat act-s" extra="--"/>
			<t id="s3_13" word="Babá_Significados_de_Babá" lemma="Babá_Significados_de_Babá" pos="prop" morph="F S" extra="org * heur np-close"/>
			<t id="s3_14" word=":" lemma="--" pos="pu" morph="--" extra="--"/>
		</terminals>

		<nonterminals>
			<nt id="s3_500" cat="s">
				<edge label="STA" idref="s3_501"/>
			</nt>
			<nt id="s3_501" cat="fcl">
				<edge label="P" idref="s3_1"/>
				<edge label="PU" idref="s3_2"/>
				<edge label="fCs" idref="s3_502"/>
				<edge label="PU" idref="s3_6"/>
				<edge label="fCs" idref="s3_7"/>
				<edge label="Od" idref="s3_503"/>
				<edge label="PU" idref="s3_14"/>
			</nt>
			<nt id="s3_502" cat="np">
				<edge label="DN" idref="s3_3"/>
				<edge label="H" idref="s3_4"/>
				<edge label="DN" idref="s3_5"/>
			</nt>
			<nt id="s3_503" cat="np">
				<edge label="DN" idref="s3_8"/>
				<edge label="H" idref="s3_9"/>
				<edge label="DN" idref="s3_504"/>
			</nt>
			<nt id="s3_504" cat="pp">
				<edge label="H" idref="s3_10"/>
				<edge label="DP" idref="s3_505"/>
			</nt>
			<nt id="s3_505" cat="np">
				<edge label="DN" idref="s3_11"/>
				<edge label="H" idref="s3_12"/>
				<edge label="DN" idref="s3_13"/>
			</nt>
		</nonterminals>
	</graph>
</s>

<s id="s4" ref="4" source="Running text" forest="1" text="31 sobe, 9 desce 1. Babá Por Eugênio Nascimento(SE) em 06-02-2010 Empregada doméstica contratada para tratar de criança recém-nascida.">
	<graph root="s4_500">
		<terminals>
			<t id="s4_1" word="31" lemma="31" pos="num" morph="M/F S" extra="card"/>
			<t id="s4_2" word="sobe" lemma="subir" pos="v-fin" morph="PR 3S IND VFIN" extra="cjt-head cjt-head-STA fmc mv"/>
			<t id="s4_3" word="," lemma="--" pos="pu" morph="--" extra="--"/>
			<t id="s4_4" word="9" lemma="9" pos="num" morph="M/F P" extra="card"/>
			<t id="s4_5" word="desce" lemma="descer" pos="v-fin" morph="PR 3S IND VFIN" extra="cjt-STA fmc mv"/>
			<t id="s4_6" word="1." lemma="1." pos="adj" morph="M/F S" extra="NUM-ord"/>
			<t id="s4_7" word="Babá_Por_Eugênio_Nascimento" lemma="Babá_Por_Eugênio_Nascimento" pos="prop" morph="M S" extra="top * heur"/>
			<t id="s4_8" word="(" lemma="--" pos="pu" morph="--" extra="--"/>
			<t id="s4_9" word="SE" lemma="SE" pos="prop" morph="M S" extra="civ * np-close"/>
			<t id="s4_10" word=")" lemma="--" pos="pu" morph="--" extra="--"/>
			<t id="s4_11" word="em" lemma="em" pos="prp" morph="--" extra="--"/>
			<t id="s4_12" word="06-02-2010" lemma="06-02-2010" pos="num" morph="F P" extra="card"/>
			<t id="s4_13" word="Empregada" lemma="empregada" pos="n" morph="F P" sem="Hprof" extra="prop *"/>
			<t id="s4_14" word="doméstica" lemma="doméstico" pos="adj" morph="F S" extra="nh np-close"/>
			<t id="s4_15" word="contratada" lemma="contratar" pos="v-pcp" morph="F S" extra="vH jh np-long"/>
			<t id="s4_16" word="para" lemma="para" pos="prp" morph="--" extra="--"/>
			<t id="s4_17" word="tratar" lemma="tratar" pos="v-inf" morph="--" extra="mv"/>
			<t id="s4_18" word="de" lemma="de" pos="prp" morph="--" extra="--"/>
			<t id="s4_19" word="criança" lemma="criança" pos="n" morph="F S" sem="H" extra="--"/>
			<t id="s4_20" word="recém-nascida" lemma="recém-nascer" pos="v-pcp" morph="F S" extra="jh np-close"/>
			<t id="s4_21" word="." lemma="--" pos="pu" morph="--" extra="--"/>
		</terminals>

		<nonterminals>
			<nt id="s4_500" cat="s">
				<edge label="STA" idref="s4_501"/>
			</nt>
			<nt id="s4_501" cat="par">
				<edge label="CJT" idref="s4_502"/>
				<edge label="PU" idref="s4_3"/>
				<edge label="CJT" idref="s4_503"/>
				<edge label="PU" idref="s4_21"/>
			</nt>
			<nt id="s4_502" cat="fcl">
				<edge label="S" idref="s4_1"/>
				<edge label="P" idref="s4_2"/>
			</nt>
			<nt id="s4_503" cat="fcl">
				<edge label="Od" idref="s4_4"/>
				<edge label="P" idref="s4_5"/>
				<edge label="fCs" idref="s4_6"/>
				<edge label="S" idref="s4_504"/>
				<edge label="fA" idref="s4_505"/>
				<edge label="fA" idref="s4_507"/>
			</nt>
			<nt id="s4_504" cat="np">
				<edge label="H" idref="s4_7"/>
				<edge label="PU" idref="s4_8"/>
				<edge label="DNc" idref="s4_9"/>
				<edge label="PU" idref="s4_10"/>
			</nt>
			<nt id="s4_505" cat="pp">
				<edge label="H" idref="s4_11"/>
				<edge label="DP" idref="s4_506"/>
			</nt>
			<nt id="s4_506" cat="np">
				<edge label="DN" idref="s4_12"/>
				<edge label="H" idref="s4_13"/>
				<edge label="DN" idref="s4_14"/>
				<edge label="DN" idref="s4_15"/>
			</nt>
			<nt id="s4_507" cat="pp">
				<edge label="H" idref="s4_16"/>
				<edge label="DP" idref="s4_508"/>
			</nt>
			<nt id="s4_508" cat="icl">
				<edge label="P" idref="s4_17"/>
				<edge label="Op" idref="s4_509"/>
			</nt>
			<nt id="s4_509" cat="pp">
				<edge label="H" idref="s4_18"/>
				<edge label="DP" idref="s4_510"/>
			</nt>
			<nt id="s4_510" cat="np">
				<edge label="H" idref="s4_19"/>
				<edge label="DN" idref="s4_20"/>
			</nt>
		</nonterminals>
	</graph>
</s>

<s id="s5" ref="5" source="Running text" forest="1" text="É preciso contratar uma babá para cuidar do bebê.">
	<graph root="s5_500">
		<terminals>
			<t id="s5_1" word="É" lemma="ser" pos="v-fin" morph="PR 3S IND VFIN" extra="* vK fmc mv"/>
			<t id="s5_2" word="preciso" lemma="preciso" pos="adj" morph="M S" extra="nh"/>
			<t id="s5_3" word="contratar" lemma="contratar" pos="v-inf" morph="--" extra="vH mv"/>
			<t id="s5_4" word="uma" lemma="um" pos="art" morph="F S" extra="--"/>
			<t id="s5_5" word="babá" lemma="babá" pos="n" morph="F S" sem="Hprof" extra="--"/>
			<t id="s5_6" word="para" lemma="para" pos="prp" morph="--" extra="--"/>
			<t id="s5_7" word="cuidar" lemma="cuidar" pos="v-inf" morph="--" extra="vH mv"/>
			<t id="s5_8" word="de" lemma="de" pos="prp" morph="--" extra="sam-"/>
			<t id="s5_9" word="o" lemma="o" pos="art" morph="M S" extra="-sam "/>
			<t id="s5_10" word="bebê" lemma="bebê" pos="n" morph="M S" sem="Hbio" extra="--"/>
			<t id="s5_11" word="." lemma="--" pos="pu" morph="--" extra="--"/>
		</terminals>

		<nonterminals>
			<nt id="s5_500" cat="s">
				<edge label="STA" idref="s5_501"/>
			</nt>
			<nt id="s5_501" cat="fcl">
				<edge label="P" idref="s5_1"/>
				<edge label="Cs" idref="s5_2"/>
				<edge label="S" idref="s5_502"/>
				<edge label="PU" idref="s5_11"/>
			</nt>
			<nt id="s5_502" cat="icl">
				<edge label="P" idref="s5_3"/>
				<edge label="Od" idref="s5_503"/>
				<edge label="fA" idref="s5_504"/>
			</nt>
			<nt id="s5_503" cat="np">
				<edge label="DN" idref="s5_4"/>
				<edge label="H" idref="s5_5"/>
			</nt>
			<nt id="s5_504" cat="pp">
				<edge label="H" idref="s5_6"/>
				<edge label="DP" idref="s5_505"/>
			</nt>
			<nt id="s5_505" cat="icl">
				<edge label="P" idref="s5_7"/>
				<edge label="Op" idref="s5_506"/>
			</nt>
			<nt id="s5_506" cat="pp">
				<edge label="H" idref="s5_8"/>
				<edge label="DP" idref="s5_507"/>
			</nt>
			<nt id="s5_507" cat="np">
				<edge label="DN" idref="s5_9"/>
				<edge label="H" idref="s5_10"/>
			</nt>
		</nonterminals>
	</graph>
</s>

<s id="s6" ref="6" source="Running text" forest="1" text="Compartilhar enviar nova definição enviar nova imagem denunciar abuso Sinônimos:">
	<graph root="s6_500">
		<terminals>
			<t id="s6_1" word="Compartilhar" lemma="compartilhar" pos="v-inf" morph="--" extra="* vH mv"/>
			<t id="s6_2" word="enviar" lemma="enviar" pos="v-inf" morph="--" extra="vH mv"/>
			<t id="s6_3" word="nova" lemma="novo" pos="adj" morph="F S" extra="jh"/>
			<t id="s6_4" word="definição" lemma="definição" pos="n" morph="F S" sem="sem-c" extra="--"/>
			<t id="s6_5" word="enviar" lemma="enviar" pos="v-inf" morph="--" extra="vH mv"/>
			<t id="s6_6" word="nova" lemma="novo" pos="adj" morph="F S" extra="jh"/>
			<t id="s6_7" word="imagem" lemma="imagem" pos="n" morph="F S" sem="pict sem-c ac-cat" extra="--"/>
			<t id="s6_8" word="denunciar" lemma="denunciar" pos="v-inf" morph="--" extra="vH mv"/>
			<t id="s6_9" word="abuso" lemma="abuso" pos="n" morph="M S" sem="activity" extra="--"/>
			<t id="s6_10" word="Sinônimos" lemma="Sinônimos" pos="prop" morph="M S" extra="hum * np-close"/>
			<t id="s6_11" word=":" lemma="--" pos="pu" morph="--" extra="--"/>
		</terminals>

		<nonterminals>
			<nt id="s6_500" cat="s">
				<edge label="UTT" idref="s6_501"/>
			</nt>
			<nt id="s6_501" cat="icl">
				<edge label="P" idref="s6_1"/>
				<edge label="Od" idref="s6_502"/>
				<edge label="PU" idref="s6_11"/>
			</nt>
			<nt id="s6_502" cat="icl">
				<edge label="P" idref="s6_2"/>
				<edge label="Od" idref="s6_503"/>
				<edge label="UTT" idref="s6_504"/>
				<edge label="UTT" idref="s6_506"/>
			</nt>
			<nt id="s6_503" cat="np">
				<edge label="DN" idref="s6_3"/>
				<edge label="H" idref="s6_4"/>
			</nt>
			<nt id="s6_504" cat="icl">
				<edge label="P" idref="s6_5"/>
				<edge label="Od" idref="s6_505"/>
			</nt>
			<nt id="s6_505" cat="np">
				<edge label="DN" idref="s6_6"/>
				<edge label="H" idref="s6_7"/>
			</nt>
			<nt id="s6_506" cat="icl">
				<edge label="P" idref="s6_8"/>
				<edge label="Od" idref="s6_507"/>
			</nt>
			<nt id="s6_507" cat="np">
				<edge label="H" idref="s6_9"/>
				<edge label="DN" idref="s6_10"/>
			</nt>
		</nonterminals>
	</graph>
</s>

<s id="s7" ref="7" source="Running text" forest="1" text="fácil empregada que trata de criança ama-seca ama pajem bá mais...">
	<graph root="s7_500">
		<terminals>
			<t id="s7_1" word="fácil" lemma="fácil" pos="adj" morph="F S" extra="jh"/>
			<t id="s7_2" word="empregada" lemma="empregada" pos="n" morph="F S" sem="Hprof" extra="--"/>
			<t id="s7_3" word="que" lemma="que" pos="spec" morph="M S" extra="clb clb-fs rel"/>
			<t id="s7_4" word="trata" lemma="tratar" pos="v-fin" morph="PR 3S IND VFIN" extra="mv np-close"/>
			<t id="s7_5" word="de" lemma="de" pos="prp" morph="--" extra="--"/>
			<t id="s7_6" word="criança" lemma="criança" pos="n" morph="F S" sem="H" extra="--"/>
			<t id="s7_7" word="ama-seca" lemma="ama-seca" pos="n" morph="F S" sem="Hprof" extra="np-close"/>
			<t id="s7_8" word="ama" lemma="amar" pos="v-fin" morph="PR 3S IND VFIN" extra="vH fmc mv"/>
			<t id="s7_9" word="pajem" lemma="pajem" pos="n" morph="M S" sem="Hprof" extra="--"/>
			<t id="s7_10" word="bá" lemma="bá" pos="n" morph="M S" sem="Lh" extra="--"/>
			<t id="s7_11" word="mais" lemma="mais" pos="adv" morph="--" extra="--"/>
			<t id="s7_12" word="." lemma="--" pos="pu" morph="--" extra="--"/>
		</terminals>

		<nonterminals>
			<nt id="s7_500" cat="s">
				<edge label="STA" idref="s7_501"/>
			</nt>
			<nt id="s7_501" cat="fcl">
				<edge label="S" idref="s7_502"/>
				<edge label="P" idref="s7_8"/>
				<edge label="Od" idref="s7_9"/>
				<edge label="S" idref="s7_10"/>
				<edge label="fA" idref="s7_11"/>
				<edge label="PU" idref="s7_12"/>
			</nt>
			<nt id="s7_502" cat="np">
				<edge label="DN" idref="s7_1"/>
				<edge label="H" idref="s7_2"/>
				<edge label="DN" idref="s7_503"/>
			</nt>
			<nt id="s7_503" cat="fcl">
				<edge label="S" idref="s7_3"/>
				<edge label="P" idref="s7_4"/>
				<edge label="Op" idref="s7_504"/>
			</nt>
			<nt id="s7_504" cat="pp">
				<edge label="H" idref="s7_5"/>
				<edge label="DP" idref="s7_505"/>
			</nt>
			<nt id="s7_505" cat="np">
				<edge label="H" idref="s7_6"/>
				<edge label="DN" idref="s7_7"/>
			</nt>
		</nonterminals>
	</graph>
</s>

<s id="s8" ref="8" source="Running text" forest="1" text="Antônimos:">
	<graph root="s8_500">
		<terminals>
			<t id="s8_1" word="Antônimos" lemma="antônimo" pos="adj" morph="M P" extra="* nh"/>
			<t id="s8_2" word=":" lemma="--" pos="pu" morph="--" extra="--"/>
		</terminals>

		<nonterminals>
			<nt id="s8_500" cat="s">
				<edge label="UTT" idref="s8_501"/>
			</nt>
			<nt id="s8_501" cat="x">
				<edge label="X" idref="s8_1"/>
				<edge label="PU" idref="s8_2"/>
			</nt>
		</nonterminals>
	</graph>
</s>

<s id="s9" ref="9" source="Running text" forest="1" text="difícil mais...">
	<graph root="s9_500">
		<terminals>
			<t id="s9_1" word="difícil" lemma="difícil" pos="adj" morph="M/F S" extra="nh"/>
			<t id="s9_2" word="mais" lemma="mais" pos="adv" morph="--" extra="quant KOMP"/>
			<t id="s9_3" word="." lemma="--" pos="pu" morph="--" extra="--"/>
		</terminals>

		<nonterminals>
			<nt id="s9_500" cat="s">
				<edge label="X" idref="s9_501"/>
			</nt>
			<nt id="s9_501" cat="adjp">
				<edge label="H" idref="s9_1"/>
				<edge label="fA" idref="s9_2"/>
				<edge label="PU" idref="s9_3"/>
			</nt>
		</nonterminals>
	</graph>
</s>

<s id="s10" ref="10" source="Running text" forest="1" text="Relacionadas:">
	<graph root="s10_500">
		<terminals>
			<t id="s10_1" word="Relacionadas" lemma="relacionado" pos="adj" morph="F P" extra="* nh"/>
			<t id="s10_2" word=":" lemma="--" pos="pu" morph="--" extra="--"/>
		</terminals>

		<nonterminals>
			<nt id="s10_500" cat="s">
				<edge label="UTT" idref="s10_501"/>
			</nt>
			<nt id="s10_501" cat="x">
				<edge label="X" idref="s10_1"/>
				<edge label="PU" idref="s10_2"/>
			</nt>
		</nonterminals>
	</graph>
</s>

<s id="s11" ref="11" source="Running text" forest="1" text="mel mole empregada doméstica cuidar criança idoso mais...">
	<graph root="s11_500">
		<terminals>
			<t id="s11_1" word="mel" lemma="mel" pos="n" morph="M S" sem="food-h" extra="--"/>
			<t id="s11_2" word="mole" lemma="mole" pos="adj" morph="M S" extra="np-close"/>
			<t id="s11_3" word="empregada" lemma="empregada" pos="n" morph="F S" sem="Hprof" extra="np-long"/>
			<t id="s11_4" word="doméstica" lemma="doméstico" pos="adj" morph="F S" extra="nh np-long"/>
			<t id="s11_5" word="cuidar" lemma="cuidar" pos="v-inf" morph="--" extra="vH mv"/>
			<t id="s11_6" word="criança" lemma="criança" pos="n" morph="F S" sem="H" extra="--"/>
			<t id="s11_7" word="idoso" lemma="idoso" pos="adj" morph="M S" extra="jh"/>
			<t id="s11_8" word="mais" lemma="mais" pos="adv" morph="--" extra="quant KOMP"/>
			<t id="s11_9" word="." lemma="--" pos="pu" morph="--" extra="--"/>
		</terminals>

		<nonterminals>
			<nt id="s11_500" cat="s">
				<edge label="Od" idref="s11_501"/>
			</nt>
			<nt id="s11_501" cat="fcl">
				<edge label="S" idref="s11_502"/>
				<edge label="P" idref="s11_5"/>
				<edge label="S" idref="s11_6"/>
				<edge label="fCs" idref="s11_7"/>
				<edge label="fA" idref="s11_8"/>
				<edge label="PU" idref="s11_9"/>
			</nt>
			<nt id="s11_502" cat="np">
				<edge label="H" idref="s11_1"/>
				<edge label="DN" idref="s11_2"/>
				<edge label="DN" idref="s11_3"/>
				<edge label="DN" idref="s11_4"/>
			</nt>
		</nonterminals>
	</graph>
</s>

<s id="s12" ref="12" source="Running text" forest="1" text="1 sobe, 0 desce 2. Babá Por Dicionário inFormal(SP) em 07-03-2011 Cuida de crianças e as vezes cuida de senhoras e senhores mais velhos.">
	<graph root="s12_500">
		<terminals>
			<t id="s12_1" word="1" lemma="1" pos="num" morph="M/F S" extra="card"/>
			<t id="s12_2" word="sobe" lemma="subir" pos="v-fin" morph="PR 3S IND VFIN" extra="nosubj cjt-head cjt-head-STA fmc mv"/>
			<t id="s12_3" word="," lemma="--" pos="pu" morph="--" extra="--"/>
			<t id="s12_4" word="0" lemma="xx" pos="num" morph="M/F P" extra="card"/>
			<t id="s12_5" word="desce" lemma="descer" pos="v-fin" morph="PR 3S IND VFIN" extra="cjt-STA fmc mv"/>
			<t id="s12_6" word="2." lemma="2." pos="adj" morph="M/F S" extra="NUM-ord"/>
			<t id="s12_7" word="Babá_Por_Dicionário" lemma="Babá_Por_Dicionário" pos="prop" morph="M S" extra="tit *"/>
			<t id="s12_8" word="inFormal" lemma="inFormal" pos="adj" morph="M S" extra="np-close"/>
			<t id="s12_9" word="(" lemma="--" pos="pu" morph="--" extra="--"/>
			<t id="s12_10" word="SP" lemma="SP" pos="prop" morph="M S" extra="civ * np-close"/>
			<t id="s12_11" word=")" lemma="--" pos="pu" morph="--" extra="--"/>
			<t id="s12_12" word="em" lemma="em" pos="prp" morph="--" extra="--"/>
			<t id="s12_13" word="07-03-2011" lemma="07-03-2011" pos="num" morph="M/F S" extra="card"/>
			<t id="s12_14" word="Cuida" lemma="cuidar" pos="v-fin" morph="PR 3S IND VFIN" extra="nosubj cjt-STA * vH fmc mv"/>
			<t id="s12_15" word="de" lemma="de" pos="prp" morph="--" extra="--"/>
			<t id="s12_16" word="crianças" lemma="criança" pos="n" morph="F P" sem="H" extra="--"/>
			<t id="s12_17" word="e" lemma="e" pos="conj-c" morph="--" extra="--"/>
			<t id="s12_18" word="as" lemma="o" pos="art" morph="F P" extra="--"/>
			<t id="s12_19" word="vezes" lemma="vez" pos="n" morph="F P" sem="temp" extra="--"/>
			<t id="s12_20" word="cuida" lemma="cuidar" pos="v-fin" morph="PR 3S IND VFIN" extra="nosubj cjt-STA vH fmc mv"/>
			<t id="s12_21" word="de" lemma="de" pos="prp" morph="--" extra="--"/>
			<t id="s12_22" word="senhoras" lemma="senhora" pos="n" morph="F P" sem="Htit" extra="cjt-head cjt-head-DP"/>
			<t id="s12_23" word="e" lemma="e" pos="conj-c" morph="--" extra="--"/>
			<t id="s12_24" word="senhores" lemma="senhor" pos="n" morph="M P" sem="Htit" extra="cjt-DP"/>
			<t id="s12_25" word="mais" lemma="mais" pos="adv" morph="--" extra="quant KOMP"/>
			<t id="s12_26" word="velhos" lemma="velho" pos="adj" morph="M P" extra="jh np-close"/>
			<t id="s12_27" word="." lemma="--" pos="pu" morph="--" extra="--"/>
		</terminals>

		<nonterminals>
			<nt id="s12_500" cat="s">
				<edge label="STA" idref="s12_501"/>
			</nt>
			<nt id="s12_501" cat="par">
				<edge label="CJT" idref="s12_502"/>
				<edge label="PU" idref="s12_3"/>
				<edge label="CJT" idref="s12_503"/>
				<edge label="CJT" idref="s12_506"/>
				<edge label="CJT" idref="s12_508"/>
				<edge label="PU" idref="s12_27"/>
			</nt>
			<nt id="s12_502" cat="fcl">
				<edge label="S" idref="s12_1"/>
				<edge label="P" idref="s12_2"/>
			</nt>
			<nt id="s12_503" cat="fcl">
				<edge label="Od" idref="s12_4"/>
				<edge label="P" idref="s12_5"/>
				<edge label="fCs" idref="s12_6"/>
				<edge label="S" idref="s12_504"/>
				<edge label="fA" idref="s12_505"/>
			</nt>
			<nt id="s12_504" cat="np">
				<edge label="H" idref="s12_7"/>
				<edge label="DN" idref="s12_8"/>
				<edge label="PU" idref="s12_9"/>
				<edge label="DNapp" idref="s12_10"/>
				<edge label="PU" idref="s12_11"/>
			</nt>
			<nt id="s12_505" cat="pp">
				<edge label="H" idref="s12_12"/>
				<edge label="DP" idref="s12_13"/>
			</nt>
			<nt id="s12_506" cat="x">
				<edge label="P" idref="s12_14"/>
				<edge label="Op" idref="s12_507"/>
			</nt>
			<nt id="s12_507" cat="pp">
				<edge label="H" idref="s12_15"/>
				<edge label="DP" idref="s12_16"/>
			</nt>
			<nt id="s12_508" cat="x">
				<edge label="fCs" idref="s12_509"/>
				<edge label="P" idref="s12_20"/>
				<edge label="Op" idref="s12_510"/>
			</nt>
			<nt id="s12_509" cat="np">
				<edge label="DN" idref="s12_18"/>
				<edge label="H" idref="s12_19"/>
			</nt>
			<nt id="s12_510" cat="pp">
				<edge label="H" idref="s12_21"/>
				<edge label="DP" idref="s12_511"/>
			</nt>
			<nt id="s12_511" cat="par">
				<edge label="CJT" idref="s12_22"/>
				<edge label="CO" idref="s12_23"/>
				<edge label="CJT" idref="s12_512"/>
			</nt>
			<nt id="s12_512" cat="np">
				<edge label="H" idref="s12_24"/>
				<edge label="DN" idref="s12_513"/>
			</nt>
			<nt id="s12_513" cat="adjp">
				<edge label="DA" idref="s12_25"/>
				<edge label="H" idref="s12_26"/>
			</nt>
		</nonterminals>
	</graph>
</s>

<s id="s13" ref="13" source="Running text" forest="1" text="Trabalho de babá aos fins de semana Compartilhar enviar nova definição enviar nova imagem denunciar abuso 17 sobe, 28 desce 3. Babá Por Cristian(RS) em 30-08-2008 Pode ser também uma mulher que cuida de crianças, bebês ou de pessoas bem mais novas que ela.">
	<graph root="s13_500">
		<terminals>
			<t id="s13_1" word="Trabalho" lemma="trabalho" pos="n" morph="M S" extra="* act-d am"/>
			<t id="s13_2" word="de" lemma="de" pos="prp" morph="--" extra="np-close"/>
			<t id="s13_3" word="babá" lemma="babá" pos="n" morph="M S" sem="food-h" extra="--"/>
			<t id="s13_4" word="a" lemma="a" pos="prp" morph="--" extra="sam-"/>
			<t id="s13_5" word="os" lemma="o" pos="art" morph="M P" extra="-sam "/>
			<t id="s13_6" word="fins_de_semana" lemma="fim_de_semana" pos="n" morph="M P" sem="per temp" extra="--"/>
			<t id="s13_7" word="Compartilhar" lemma="Compartilhar" pos="prop" morph="F S" extra="hum *"/>
			<t id="s13_8" word="enviar" lemma="enviar" pos="v-inf" morph="3S" extra="vH mv"/>
			<t id="s13_9" word="nova" lemma="novo" pos="adj" morph="F S" extra="jh"/>
			<t id="s13_10" word="definição" lemma="definição" pos="n" morph="F S" sem="sem-c" extra="--"/>
			<t id="s13_11" word="enviar" lemma="enviar" pos="v-inf" morph="--" extra="vH mv"/>
			<t id="s13_12" word="nova" lemma="novo" pos="adj" morph="F S" extra="jh"/>
			<t id="s13_13" word="imagem" lemma="imagem" pos="n" morph="F S" sem="pict sem-c ac-cat" extra="--"/>
			<t id="s13_14" word="denunciar" lemma="denunciar" pos="v-inf" morph="--" extra="vH mv"/>
			<t id="s13_15" word="abuso" lemma="abuso" pos="n" morph="M S" sem="activity" extra="--"/>
			<t id="s13_16" word="17" lemma="17" pos="num" morph="M/F P" extra="card"/>
			<t id="s13_17" word="sobe" lemma="subir" pos="v-fin" morph="PR 3S IND VFIN" extra="predco fmc mv"/>
			<t id="s13_18" word="," lemma="--" pos="pu" morph="--" extra="--"/>
			<t id="s13_19" word="28" lemma="28" pos="num" morph="M/F P" extra="card"/>
			<t id="s13_20" word="desce" lemma="descer" pos="v-fin" morph="PR 3S IND VFIN" extra="cjt-STA fmc mv"/>
			<t id="s13_21" word="3." lemma="3." pos="adj" morph="M/F S" extra="NUM-ord"/>
			<t id="s13_22" word="Babá_Por_Cristian" lemma="Babá_Por_Cristian" pos="prop" morph="M/F S" extra="hum * heur"/>
			<t id="s13_23" word="(" lemma="--" pos="pu" morph="--" extra="--"/>
			<t id="s13_24" word="RS" lemma="RS" pos="prop" morph="M S" extra="civ * np-close"/>
			<t id="s13_25" word=")" lemma="--" pos="pu" morph="--" extra="--"/>
			<t id="s13_26" word="em" lemma="em" pos="prp" morph="--" extra="--"/>
			<t id="s13_27" word="30-08-2008" lemma="30-08-2008" pos="num" morph="M/F S" extra="card"/>
			<t id="s13_28" word="Pode" lemma="poder" pos="v-fin" morph="PR 3S IND VFIN" extra="nosubj cjt-STA * fmc aux"/>
			<t id="s13_29" word="ser" lemma="ser" pos="v-inf" morph="--" extra="vK mv"/>
			<t id="s13_30" word="também" lemma="também" pos="adv" morph="--" extra="--"/>
			<t id="s13_31" word="uma" lemma="um" pos="art" morph="F S" extra="--"/>
			<t id="s13_32" word="mulher" lemma="mulher" pos="n" morph="F S" sem="Hbio Hfam Hattr" extra="--"/>
			<t id="s13_33" word="que" lemma="que" pos="spec" morph="M S" extra="clb clb-fs rel"/>
			<t id="s13_34" word="cuida" lemma="cuidar" pos="v-fin" morph="PR 3S IND VFIN" extra="vH mv np-close"/>
			<t id="s13_35" word="de" lemma="de" pos="prp" morph="--" extra="--"/>
			<t id="s13_36" word="crianças" lemma="criança" pos="n" morph="F P" sem="H" extra="--"/>
			<t id="s13_37" word="," lemma="--" pos="pu" morph="--" extra="--"/>
			<t id="s13_38" word="bebês" lemma="bebê" pos="n" morph="M P" sem="Hbio" extra="np-close"/>
			<t id="s13_39" word="ou" lemma="ou" pos="conj-c" morph="--" extra="--"/>
			<t id="s13_40" word="de" lemma="de" pos="prp" morph="--" extra="--"/>
			<t id="s13_41" word="pessoas" lemma="pessoa" pos="n" morph="F P" sem="H" extra="--"/>
			<t id="s13_42" word="bem" lemma="bem" pos="adv" morph="--" extra="quant"/>
			<t id="s13_43" word="mais" lemma="mais" pos="adv" morph="--" extra="quant KOMP"/>
			<t id="s13_44" word="novas" lemma="novo" pos="adj" morph="F P" extra="jh np-close"/>
			<t id="s13_45" word="que" lemma="que" pos="conj-s" morph="--" extra="com"/>
			<t id="s13_46" word="ela" lemma="ela" pos="pron-pers" morph="F 3S NOM/PIV" extra="--"/>
			<t id="s13_47" word="." lemma="--" pos="pu" morph="--" extra="--"/>
		</terminals>

		<nonterminals>
			<nt id="s13_500" cat="s">
				<edge label="STA" idref="s13_501"/>
			</nt>
			<nt id="s13_501" cat="fcl">
				<edge label="S" idref="s13_502"/>
				<edge label="S" idref="s13_7"/>
				<edge label="S" idref="s13_507"/>
				<edge label="Od" idref="s13_16"/>
				<edge label="X" idref="s13_512"/>
				<edge label="PU" idref="s13_47"/>
			</nt>
			<nt id="s13_502" cat="np">
				<edge label="H" idref="s13_1"/>
				<edge label="DN" idref="s13_503"/>
				<edge label="CJT" idref="s13_504"/>
			</nt>
			<nt id="s13_503" cat="pp">
				<edge label="H" idref="s13_2"/>
				<edge label="DP" idref="s13_3"/>
			</nt>
			<nt id="s13_504" cat="x">
				<edge label="fA" idref="s13_505"/>
			</nt>
			<nt id="s13_505" cat="pp">
				<edge label="H" idref="s13_4"/>
				<edge label="DP" idref="s13_506"/>
			</nt>
			<nt id="s13_506" cat="np">
				<edge label="DN" idref="s13_5"/>
				<edge label="H" idref="s13_6"/>
			</nt>
			<nt id="s13_507" cat="fcl">
				<edge label="S" idref="s13_508"/>
				<edge label="P" idref="s13_14"/>
				<edge label="Od" idref="s13_15"/>
			</nt>
			<nt id="s13_508" cat="fcl">
				<edge label="S" idref="s13_509"/>
				<edge label="P" idref="s13_11"/>
				<edge label="Od" idref="s13_511"/>
			</nt>
			<nt id="s13_509" cat="icl">
				<edge label="P" idref="s13_8"/>
				<edge label="Od" idref="s13_510"/>
			</nt>
			<nt id="s13_510" cat="np">
				<edge label="DN" idref="s13_9"/>
				<edge label="H" idref="s13_10"/>
			</nt>
			<nt id="s13_511" cat="np">
				<edge label="DN" idref="s13_12"/>
				<edge label="H" idref="s13_13"/>
			</nt>
			<nt id="s13_512" cat="par">
				<edge label="CJT" idref="s13_513"/>
				<edge label="PU" idref="s13_18"/>
				<edge label="CJT" idref="s13_514"/>
				<edge label="CJT" idref="s13_517"/>
			</nt>
			<nt id="s13_513" cat="x">
				<edge label="P" idref="s13_17"/>
			</nt>
			<nt id="s13_514" cat="fcl">
				<edge label="Od" idref="s13_19"/>
				<edge label="P" idref="s13_20"/>
				<edge label="fCs" idref="s13_21"/>
				<edge label="S" idref="s13_515"/>
				<edge label="fA" idref="s13_516"/>
			</nt>
			<nt id="s13_515" cat="np">
				<edge label="H" idref="s13_22"/>
				<edge label="PU" idref="s13_23"/>
				<edge label="DNc" idref="s13_24"/>
				<edge label="PU" idref="s13_25"/>
			</nt>
			<nt id="s13_516" cat="pp">
				<edge label="H" idref="s13_26"/>
				<edge label="DP" idref="s13_27"/>
			</nt>
			<nt id="s13_517" cat="x">
				<edge label="P" idref="s13_518"/>
				<edge label="Cs" idref="s13_519"/>
			</nt>
			<nt id="s13_518" cat="vp">
				<edge label="Vaux" idref="s13_28"/>
				<edge label="Vm" idref="s13_29"/>
			</nt>
			<nt id="s13_519" cat="np">
				<edge label="DN" idref="s13_30"/>
				<edge label="DN" idref="s13_31"/>
				<edge label="H" idref="s13_32"/>
				<edge label="DN" idref="s13_520"/>
			</nt>
			<nt id="s13_520" cat="fcl">
				<edge label="S" idref="s13_33"/>
				<edge label="P" idref="s13_34"/>
				<edge label="Op" idref="s13_521"/>
				<edge label="Cs" idref="s13_523"/>
			</nt>
			<nt id="s13_521" cat="pp">
				<edge label="H" idref="s13_35"/>
				<edge label="DP" idref="s13_522"/>
			</nt>
			<nt id="s13_522" cat="np">
				<edge label="H" idref="s13_36"/>
				<edge label="PU" idref="s13_37"/>
				<edge label="DNc" idref="s13_38"/>
				<edge label="CO" idref="s13_39"/>
			</nt>
			<nt id="s13_523" cat="pp">
				<edge label="H" idref="s13_40"/>
				<edge label="DP" idref="s13_524"/>
			</nt>
			<nt id="s13_524" cat="np">
				<edge label="H" idref="s13_41"/>
				<edge label="DN" idref="s13_525"/>
			</nt>
			<nt id="s13_525" cat="adjp">
				<edge label="DA" idref="s13_526"/>
				<edge label="H" idref="s13_44"/>
				<edge label="DAcom" idref="s13_527"/>
			</nt>
			<nt id="s13_526" cat="advp">
				<edge label="DA" idref="s13_42"/>
				<edge label="H" idref="s13_43"/>
			</nt>
			<nt id="s13_527" cat="acl">
				<edge label="H" idref="s13_45"/>
				<edge label="X" idref="s13_46"/>
			</nt>
		</nonterminals>
	</graph>
</s>

<s id="s14" ref="14" source="Running text" forest="1" text="Vou ser babá de eles hoje de noite.">
	<graph root="s14_500">
		<terminals>
			<t id="s14_1" word="Vou" lemma="ir" pos="v-fin" morph="PR 1S IND VFIN" extra="* fmc aux"/>
			<t id="s14_2" word="ser" lemma="ser" pos="v-inf" morph="--" extra="vK mv"/>
			<t id="s14_3" word="babá" lemma="babá" pos="n" morph="M S" sem="food-h" extra="--"/>
			<t id="s14_4" word="de" lemma="de" pos="prp" morph="--" extra="sam- np-close"/>
			<t id="s14_5" word="eles" lemma="eles" pos="pron-pers" morph="M 3P NOM/PIV" extra="-sam"/>
			<t id="s14_6" word="hoje" lemma="hoje" pos="adv" morph="--" extra="--"/>
			<t id="s14_7" word="de_noite" lemma="de_noite" pos="adv" morph="--" sem="pp" extra="--"/>
			<t id="s14_8" word="." lemma="--" pos="pu" morph="--" extra="--"/>
		</terminals>

		<nonterminals>
			<nt id="s14_500" cat="s">
				<edge label="STA" idref="s14_501"/>
			</nt>
			<nt id="s14_501" cat="fcl">
				<edge label="P" idref="s14_502"/>
				<edge label="Cs" idref="s14_503"/>
				<edge label="fA" idref="s14_6"/>
				<edge label="fA" idref="s14_7"/>
				<edge label="PU" idref="s14_8"/>
			</nt>
			<nt id="s14_502" cat="vp">
				<edge label="Vaux" idref="s14_1"/>
				<edge label="Vm" idref="s14_2"/>
			</nt>
			<nt id="s14_503" cat="np">
				<edge label="H" idref="s14_3"/>
				<edge label="DN" idref="s14_504"/>
			</nt>
			<nt id="s14_504" cat="pp">
				<edge label="H" idref="s14_4"/>
				<edge label="DP" idref="s14_5"/>
			</nt>
		</nonterminals>
	</graph>
</s>

<s id="s15" ref="15" source="Running text" forest="1" text="/ Vou cuidar de eles, ser a responsável por eles.">
	<graph root="s15_500">
		<terminals>
			<t id="s15_1" word="/" lemma="$/" pos="conj-c" morph="--" extra="--"/>
			<t id="s15_2" word="Vou" lemma="ir" pos="v-fin" morph="PR 1S IND VFIN" extra="* fmc aux"/>
			<t id="s15_3" word="cuidar" lemma="cuidar" pos="v-inf" morph="--" extra="cjt-head cjt-head-AUX vH mv"/>
			<t id="s15_4" word="de" lemma="de" pos="prp" morph="--" extra="sam-"/>
			<t id="s15_5" word="eles" lemma="eles" pos="pron-pers" morph="M 3P NOM/PIV" extra="-sam"/>
			<t id="s15_6" word="," lemma="--" pos="pu" morph="--" extra="--"/>
			<t id="s15_7" word="ser" lemma="ser" pos="v-inf" morph="--" extra="cjt-AUX vK mv"/>
			<t id="s15_8" word="a" lemma="o" pos="art" morph="F S" extra="--"/>
			<t id="s15_9" word="responsável" lemma="responsável" pos="adj" morph="F S" extra="n jh"/>
			<t id="s15_10" word="por" lemma="por" pos="prp" morph="--" extra="--"/>
			<t id="s15_11" word="eles" lemma="eles" pos="pron-pers" morph="M 3P NOM/PIV" extra="--"/>
			<t id="s15_12" word="." lemma="--" pos="pu" morph="--" extra="--"/>
		</terminals>

		<nonterminals>
			<nt id="s15_500" cat="s">
				<edge label="STA" idref="s15_501"/>
			</nt>
			<nt id="s15_501" cat="fcl">
				<edge label="CO" idref="s15_1"/>
				<edge label="Paux" idref="s15_2"/>
				<edge label="Oaux" idref="s15_502"/>
				<edge label="PU" idref="s15_12"/>
			</nt>
			<nt id="s15_502" cat="par">
				<edge label="CJT" idref="s15_503"/>
				<edge label="PU" idref="s15_6"/>
				<edge label="CJT" idref="s15_505"/>
			</nt>
			<nt id="s15_503" cat="icl">
				<edge label="P" idref="s15_3"/>
				<edge label="Op" idref="s15_504"/>
			</nt>
			<nt id="s15_504" cat="pp">
				<edge label="H" idref="s15_4"/>
				<edge label="DP" idref="s15_5"/>
			</nt>
			<nt id="s15_505" cat="icl">
				<edge label="P" idref="s15_7"/>
				<edge label="Cs" idref="s15_506"/>
			</nt>
			<nt id="s15_506" cat="np">
				<edge label="DN" idref="s15_8"/>
				<edge label="H" idref="s15_9"/>
				<edge label="DA" idref="s15_507"/>
			</nt>
			<nt id="s15_507" cat="pp">
				<edge label="H" idref="s15_10"/>
				<edge label="DP" idref="s15_11"/>
			</nt>
		</nonterminals>
	</graph>
</s>

<s id="s16" ref="16" source="Running text" forest="1" text="Compartilhar enviar nova definição enviar nova imagem denunciar abuso 9 sobe, 24 desce 4. Baba Por Fernando(MT) em 03-01-2007 Alguma coisa fácil.">
	<graph root="s16_500">
		<terminals>
			<t id="s16_1" word="Compartilhar" lemma="compartilhar" pos="v-inf" morph="--" extra="cjt-head cjt-head-S * vH mv"/>
			<t id="s16_2" word="enviar" lemma="enviar" pos="v-inf" morph="--" extra="vH mv"/>
			<t id="s16_3" word="nova" lemma="novo" pos="adj" morph="F S" extra="jh"/>
			<t id="s16_4" word="definição" lemma="definição" pos="n" morph="F S" sem="sem-c" extra="--"/>
			<t id="s16_5" word="enviar" lemma="enviar" pos="v-inf" morph="--" extra="vH mv"/>
			<t id="s16_6" word="nova" lemma="novo" pos="adj" morph="F S" extra="jh"/>
			<t id="s16_7" word="imagem" lemma="imagem" pos="n" morph="F S" sem="pict sem-c ac-cat" extra="--"/>
			<t id="s16_8" word="denunciar" lemma="denunciar" pos="v-inf" morph="--" extra="cjt-S vH mv"/>
			<t id="s16_9" word="abuso" lemma="abuso" pos="n" morph="M S" sem="activity" extra="--"/>
			<t id="s16_10" word="9" lemma="9" pos="num" morph="M/F P" extra="card"/>
			<t id="s16_11" word="sobe" lemma="subir" pos="v-fin" morph="PR 3S IND VFIN" extra="cjt-head cjt-head-STA fmc mv"/>
			<t id="s16_12" word="," lemma="--" pos="pu" morph="--" extra="--"/>
			<t id="s16_13" word="24" lemma="24" pos="num" morph="M/F P" extra="card"/>
			<t id="s16_14" word="desce" lemma="descer" pos="v-fin" morph="PR 3S IND VFIN" extra="cjt-STA fmc mv"/>
			<t id="s16_15" word="4." lemma="4." pos="adj" morph="M/F S" extra="NUM-ord"/>
			<t id="s16_16" word="Baba_Por_Fernando" lemma="Baba_Por_Fernando" pos="prop" morph="F S" extra="hum * heur"/>
			<t id="s16_17" word="(" lemma="--" pos="pu" morph="--" extra="--"/>
			<t id="s16_18" word="MT" lemma="MT" pos="prop" morph="M S" extra="civ * np-close"/>
			<t id="s16_19" word=")" lemma="--" pos="pu" morph="--" extra="--"/>
			<t id="s16_20" word="em" lemma="em" pos="prp" morph="--" extra="--"/>
			<t id="s16_21" word="03-01-2007" lemma="03-01-2007" pos="num" morph="M/F S" extra="cjt-head cjt-head-DP card"/>
			<t id="s16_22" word="Alguma" lemma="algum" pos="pron-indef" morph="DET F S" extra="* quant"/>
			<t id="s16_23" word="coisa" lemma="coisa" pos="n" morph="F S" sem="cc ac" extra="cjt-DP"/>
			<t id="s16_24" word="fácil" lemma="fácil" pos="adj" morph="F S" extra="np-close"/>
			<t id="s16_25" word="." lemma="--" pos="pu" morph="--" extra="--"/>
		</terminals>

		<nonterminals>
			<nt id="s16_500" cat="s">
				<edge label="STA" idref="s16_501"/>
			</nt>
			<nt id="s16_501" cat="par">
				<edge label="CJT" idref="s16_502"/>
				<edge label="PU" idref="s16_12"/>
				<edge label="CJT" idref="s16_510"/>
				<edge label="PU" idref="s16_25"/>
			</nt>
			<nt id="s16_502" cat="fcl">
				<edge label="S" idref="s16_503"/>
				<edge label="Od" idref="s16_10"/>
				<edge label="P" idref="s16_11"/>
			</nt>
			<nt id="s16_503" cat="par">
				<edge label="CJT" idref="s16_504"/>
				<edge label="CJT" idref="s16_507"/>
			</nt>
			<nt id="s16_504" cat="icl">
				<edge label="P" idref="s16_1"/>
				<edge label="Od" idref="s16_505"/>
			</nt>
			<nt id="s16_505" cat="icl">
				<edge label="P" idref="s16_2"/>
				<edge label="Od" idref="s16_506"/>
			</nt>
			<nt id="s16_506" cat="np">
				<edge label="DN" idref="s16_3"/>
				<edge label="H" idref="s16_4"/>
			</nt>
			<nt id="s16_507" cat="fcl">
				<edge label="S" idref="s16_508"/>
				<edge label="P" idref="s16_8"/>
				<edge label="Od" idref="s16_9"/>
			</nt>
			<nt id="s16_508" cat="icl">
				<edge label="P" idref="s16_5"/>
				<edge label="Od" idref="s16_509"/>
			</nt>
			<nt id="s16_509" cat="np">
				<edge label="DN" idref="s16_6"/>
				<edge label="H" idref="s16_7"/>
			</nt>
			<nt id="s16_510" cat="fcl">
				<edge label="Od" idref="s16_13"/>
				<edge label="P" idref="s16_14"/>
				<edge label="fCs" idref="s16_15"/>
				<edge label="S" idref="s16_511"/>
				<edge label="fA" idref="s16_512"/>
			</nt>
			<nt id="s16_511" cat="np">
				<edge label="H" idref="s16_16"/>
				<edge label="PU" idref="s16_17"/>
				<edge label="DNc" idref="s16_18"/>
				<edge label="PU" idref="s16_19"/>
			</nt>
			<nt id="s16_512" cat="pp">
				<edge label="H" idref="s16_20"/>
				<edge label="DP" idref="s16_513"/>
			</nt>
			<nt id="s16_513" cat="par">
				<edge label="CJT" idref="s16_21"/>
				<edge label="CJT" idref="s16_514"/>
			</nt>
			<nt id="s16_514" cat="np">
				<edge label="DN" idref="s16_22"/>
				<edge label="H" idref="s16_23"/>
				<edge label="DN" idref="s16_24"/>
			</nt>
		</nonterminals>
	</graph>
</s>

<s id="s17" ref="17" source="Running text" forest="1" text="A prova de física foi muito baba!">
	<graph root="s17_500">
		<terminals>
			<t id="s17_1" word="A" lemma="o" pos="art" morph="F S" extra="* "/>
			<t id="s17_2" word="prova" lemma="prova" pos="n" morph="F S" sem="ac occ act-d" extra="--"/>
			<t id="s17_3" word="de" lemma="de" pos="prp" morph="--" extra="np-close"/>
			<t id="s17_4" word="física" lemma="física" pos="n" morph="F S" sem="domain" extra="--"/>
			<t id="s17_5" word="foi" lemma="ser" pos="v-fin" morph="PS 3S IND VFIN" extra="vK fmc mv"/>
			<t id="s17_6" word="muito" lemma="muito" pos="adv" morph="--" extra="quant"/>
			<t id="s17_7" word="baba" lemma="baba" pos="n" morph="F S" sem="cm-liq" extra="--"/>
			<t id="s17_8" word="!" lemma="--" pos="pu" morph="--" extra="--"/>
		</terminals>

		<nonterminals>
			<nt id="s17_500" cat="s">
				<edge label="STA" idref="s17_501"/>
			</nt>
			<nt id="s17_501" cat="fcl">
				<edge label="S" idref="s17_502"/>
				<edge label="P" idref="s17_5"/>
				<edge label="fA" idref="s17_6"/>
				<edge label="Cs" idref="s17_7"/>
				<edge label="PU" idref="s17_8"/>
			</nt>
			<nt id="s17_502" cat="np">
				<edge label="DN" idref="s17_1"/>
				<edge label="H" idref="s17_2"/>
				<edge label="DN" idref="s17_503"/>
			</nt>
			<nt id="s17_503" cat="pp">
				<edge label="H" idref="s17_3"/>
				<edge label="DP" idref="s17_4"/>
			</nt>
		</nonterminals>
	</graph>
</s>

<s id="s18" ref="18" source="Running text" forest="1" text="Compartilhar enviar nova definição enviar nova imagem denunciar abuso Outras Informações:Palavras com 4 letras A palavra possui 2 vogais -- � A palavra possui 2 consoantes -- b b 1 página -- 4 Definições manchete estreito de bósforo zâmbia afogar o ganso mandubé.">
	<graph root="s18_500">
		<terminals>
			<t id="s18_1" word="Compartilhar" lemma="compartilhar" pos="v-inf" morph="--" extra="* vH mv"/>
			<t id="s18_2" word="enviar" lemma="enviar" pos="v-inf" morph="--" extra="vH mv"/>
			<t id="s18_3" word="nova" lemma="novo" pos="adj" morph="F S" extra="jh"/>
			<t id="s18_4" word="definição" lemma="definição" pos="n" morph="F S" sem="sem-c" extra="--"/>
			<t id="s18_5" word="enviar" lemma="enviar" pos="v-inf" morph="--" extra="vH mv"/>
			<t id="s18_6" word="nova" lemma="novo" pos="adj" morph="F S" extra="jh"/>
			<t id="s18_7" word="imagem" lemma="imagem" pos="n" morph="F S" sem="pict sem-c ac-cat" extra="--"/>
			<t id="s18_8" word="denunciar" lemma="denunciar" pos="v-inf" morph="--" extra="vH mv"/>
			<t id="s18_9" word="abuso" lemma="abuso" pos="n" morph="M S" sem="activity" extra="--"/>
			<t id="s18_10" word="Outras_Informações" lemma="Outras_Informações" pos="prop" morph="M S" extra="hum * heur np-close"/>
			<t id="s18_11" word=":Palavras" lemma=":Palavras" pos="n" morph="M S" extra="cjt-head cjt-head-S"/>
			<t id="s18_12" word="com" lemma="com" pos="prp" morph="--" extra="--"/>
			<t id="s18_13" word="4" lemma="4" pos="num" morph="F P" extra="card"/>
			<t id="s18_14" word="letras" lemma="letra" pos="n" morph="F P" sem="ac-sign sem-r domain" extra="--"/>
			<t id="s18_15" word="A" lemma="o" pos="art" morph="F S" extra="* "/>
			<t id="s18_16" word="palavra" lemma="palavra" pos="n" morph="F S" sem="ac-cat act-s" extra="cjt-S"/>
			<t id="s18_17" word="possui" lemma="possuir" pos="v-fin" morph="PR 3S IND VFIN" extra="predco vH fmc mv"/>
			<t id="s18_18" word="2" lemma="2" pos="num" morph="M P" extra="card"/>
			<t id="s18_19" word="vogais" lemma="vogal" pos="n" morph="M P" sem="ac-cat H" extra="--"/>
			<t id="s18_20" word="--" lemma="--" pos="pu" morph="--" extra="--"/>
			<t id="s18_21" word="a" lemma="o" pos="pron-dem" morph="DET F S" extra="dem"/>
			<t id="s18_22" word="a" lemma="a" pos="prp" morph="--" extra="np-close"/>
			<t id="s18_23" word="A" lemma="o" pos="art" morph="F S" extra="* "/>
			<t id="s18_24" word="palavra" lemma="palavra" pos="n" morph="F S" sem="ac-cat act-s" extra="--"/>
			<t id="s18_25" word="possui" lemma="possuir" pos="v-fin" morph="PR 3S IND VFIN" extra="cjt-STA vH fmc mv"/>
			<t id="s18_26" word="2" lemma="2" pos="num" morph="F P" extra="card"/>
			<t id="s18_27" word="consoantes" lemma="consoante" pos="n" morph="F P" sem="ac-cat" extra="--"/>
			<t id="s18_28" word="--" lemma="--" pos="pu" morph="--" extra="--"/>
			<t id="s18_29" word="b" lemma="b" pos="n" morph="M S" sem="ac-sign" extra="cjt-head cjt-head-S"/>
			<t id="s18_30" word="b" lemma="b" pos="n" morph="M S" sem="ac-sign" extra="cjt-S"/>
			<t id="s18_31" word="1" lemma="1" pos="num" morph="F S" extra="card"/>
			<t id="s18_32" word="página" lemma="página" pos="n" morph="F S" sem="cc-r" extra="cjt-S"/>
			<t id="s18_33" word="--" lemma="--" pos="pu" morph="--" extra="--"/>
			<t id="s18_34" word="4" lemma="4" pos="num" morph="F P" extra="card"/>
			<t id="s18_35" word="Definições" lemma="definição" pos="n" morph="F P" sem="sem-c" extra="prop *"/>
			<t id="s18_36" word="manchete" lemma="manchete" pos="n" morph="F S" sem="sem-r" extra="--"/>
			<t id="s18_37" word="estreito" lemma="estreito" pos="n" morph="M S" sem="Ltop Lwater" extra="--"/>
			<t id="s18_38" word="de" lemma="de" pos="prp" morph="--" extra="np-close"/>
			<t id="s18_39" word="bósforo" lemma="bósforar" pos="v-fin" morph="PR 1S IND VFIN" extra="cjt-STA DERS fmc mv"/>
			<t id="s18_40" word="zâmbia" lemma="z�=mbia" pos="n" morph="F S" extra="DERS"/>
			<t id="s18_41" word="afogar" lemma="afogar" pos="v-inf" morph="--" extra="mv"/>
			<t id="s18_42" word="o" lemma="o" pos="art" morph="M S" extra="--"/>
			<t id="s18_43" word="ganso" lemma="ganso" pos="n" morph="M S" sem="Aorn H" extra="cjt-head cjt-head-Od"/>
			<t id="s18_44" word="mandubé" lemma="mandubé" pos="n" morph="M S" extra="cjt-Od heur"/>
			<t id="s18_45" word="." lemma="--" pos="pu" morph="--" extra="--"/>
		</terminals>

		<nonterminals>
			<nt id="s18_500" cat="s">
				<edge label="STA" idref="s18_501"/>
			</nt>
			<nt id="s18_501" cat="fcl">
				<edge label="S" idref="s18_502"/>
				<edge label="UTT" idref="s18_505"/>
				<edge label="P" idref="s18_5"/>
				<edge label="Od" idref="s18_506"/>
				<edge label="UTT" idref="s18_507"/>
				<edge label="UTT" idref="s18_526"/>
				<edge label="PU" idref="s18_45"/>
			</nt>
			<nt id="s18_502" cat="icl">
				<edge label="P" idref="s18_1"/>
				<edge label="Od" idref="s18_503"/>
			</nt>
			<nt id="s18_503" cat="icl">
				<edge label="P" idref="s18_2"/>
				<edge label="Od" idref="s18_504"/>
			</nt>
			<nt id="s18_504" cat="np">
				<edge label="DN" idref="s18_3"/>
				<edge label="H" idref="s18_4"/>
			</nt>
			<nt id="s18_505" cat="icl">
			</nt>
			<nt id="s18_506" cat="np">
				<edge label="DN" idref="s18_6"/>
				<edge label="H" idref="s18_7"/>
			</nt>
			<nt id="s18_507" cat="fcl">
				<edge label="P" idref="s18_8"/>
				<edge label="Od" idref="s18_508"/>
				<edge label="S" idref="s18_509"/>
				<edge label="fA" idref="s18_510"/>
				<edge label="X" idref="s18_513"/>
			</nt>
			<nt id="s18_508" cat="np">
				<edge label="H" idref="s18_9"/>
				<edge label="DN" idref="s18_10"/>
			</nt>
			<nt id="s18_509" cat="par">
				<edge label="CJT" idref="s18_11"/>
			</nt>
			<nt id="s18_510" cat="pp">
				<edge label="H" idref="s18_12"/>
				<edge label="DP" idref="s18_511"/>
				<edge label="CJT" idref="s18_512"/>
			</nt>
			<nt id="s18_511" cat="np">
				<edge label="DN" idref="s18_13"/>
				<edge label="H" idref="s18_14"/>
			</nt>
			<nt id="s18_512" cat="np">
				<edge label="DN" idref="s18_15"/>
				<edge label="H" idref="s18_16"/>
			</nt>
			<nt id="s18_513" cat="par">
				<edge label="CJT" idref="s18_514"/>
				<edge label="CJT" idref="s18_516"/>
				<edge label="CJT" idref="s18_523"/>
				<edge label="Od" idref="s18_40"/>
			</nt>
			<nt id="s18_514" cat="x">
				<edge label="P" idref="s18_17"/>
				<edge label="Od" idref="s18_515"/>
			</nt>
			<nt id="s18_515" cat="np">
				<edge label="DN" idref="s18_18"/>
				<edge label="H" idref="s18_19"/>
				<edge label="PU" idref="s18_20"/>
			</nt>
			<nt id="s18_516" cat="fcl">
				<edge label="Od" idref="s18_517"/>
				<edge label="P" idref="s18_25"/>
				<edge label="Od" idref="s18_520"/>
				<edge label="S" idref="s18_521"/>
			</nt>
			<nt id="s18_517" cat="np">
				<edge label="H" idref="s18_21"/>
				<edge label="DN" idref="s18_518"/>
			</nt>
			<nt id="s18_518" cat="pp">
				<edge label="H" idref="s18_22"/>
				<edge label="DP" idref="s18_519"/>
			</nt>
			<nt id="s18_519" cat="np">
				<edge label="DN" idref="s18_23"/>
				<edge label="H" idref="s18_24"/>
			</nt>
			<nt id="s18_520" cat="np">
				<edge label="DN" idref="s18_26"/>
				<edge label="H" idref="s18_27"/>
				<edge label="PU" idref="s18_28"/>
			</nt>
			<nt id="s18_521" cat="par">
				<edge label="CJT" idref="s18_29"/>
				<edge label="CJT" idref="s18_30"/>
				<edge label="CJT" idref="s18_522"/>
			</nt>
			<nt id="s18_522" cat="np">
				<edge label="DN" idref="s18_31"/>
				<edge label="H" idref="s18_32"/>
				<edge label="PU" idref="s18_33"/>
			</nt>
			<nt id="s18_523" cat="fcl">
				<edge label="fCs" idref="s18_524"/>
				<edge label="fCs" idref="s18_36"/>
				<edge label="S" idref="s18_525"/>
				<edge label="P" idref="s18_39"/>
			</nt>
			<nt id="s18_524" cat="np">
				<edge label="DN" idref="s18_34"/>
				<edge label="H" idref="s18_35"/>
			</nt>
			<nt id="s18_525" cat="np">
				<edge label="H" idref="s18_37"/>
				<edge label="DN" idref="s18_38"/>
			</nt>
			<nt id="s18_526" cat="icl">
				<edge label="P" idref="s18_41"/>
				<edge label="Od" idref="s18_527"/>
			</nt>
			<nt id="s18_527" cat="par">
				<edge label="CJT" idref="s18_528"/>
				<edge label="CJT" idref="s18_44"/>
			</nt>
			<nt id="s18_528" cat="np">
				<edge label="DN" idref="s18_42"/>
				<edge label="H" idref="s18_43"/>
			</nt>
		</nonterminals>
	</graph>
</s>

	</body>
</corpus>
