<?xml version="1.0" encoding="UTF-8"?>
<corpus>

	<body>
<s id="s1" ref="1" source="Running text" forest="1" text="Babado 5 Definições encontradas.">
	<graph root="s1_500">
		<terminals>
			<t id="s1_1" word="Babado" lemma="babado" pos="adj" morph="M S" extra="cjt-head cjt-head-X * jh"/>
			<t id="s1_2" word="5" lemma="5" pos="num" morph="F P" extra="card"/>
			<t id="s1_3" word="Definições" lemma="definição" pos="n" morph="F P" sem="sem-c" extra="cjt-X prop *"/>
			<t id="s1_4" word="encontradas" lemma="encontrado" pos="adj" morph="F P" extra="nh np-close"/>
			<t id="s1_5" word="." lemma="--" pos="pu" morph="--" extra="--"/>
		</terminals>

		<nonterminals>
			<nt id="s1_500" cat="s">
				<edge label="X" idref="s1_501"/>
			</nt>
			<nt id="s1_501" cat="par">
				<edge label="CJT" idref="s1_1"/>
				<edge label="CJT" idref="s1_502"/>
				<edge label="PU" idref="s1_5"/>
			</nt>
			<nt id="s1_502" cat="np">
				<edge label="DN" idref="s1_2"/>
				<edge label="H" idref="s1_3"/>
				<edge label="DN" idref="s1_4"/>
			</nt>
		</nonterminals>
	</graph>
</s>

<s id="s2" ref="2" source="Running text" forest="1" text="Tweet Classificação morfossintática:">
	<graph root="s2_500">
		<terminals>
			<t id="s2_1" word="Tweet_Classificação" lemma="Tweet_Classificação" pos="prop" morph="M S" extra="common * heur"/>
			<t id="s2_2" word="morfossintática" lemma="morfossintático" pos="adj" morph="F S" extra="DERS jh np-close"/>
			<t id="s2_3" word=":" lemma="--" pos="pu" morph="--" extra="--"/>
		</terminals>

		<nonterminals>
			<nt id="s2_500" cat="s">
				<edge label="X" idref="s2_501"/>
			</nt>
			<nt id="s2_501" cat="np">
				<edge label="H" idref="s2_1"/>
				<edge label="DN" idref="s2_2"/>
				<edge label="PU" idref="s2_3"/>
			</nt>
		</nonterminals>
	</graph>
</s>

<s id="s3" ref="3" source="Running text" forest="1" text="Verbo, particípio de babar Adjetivo, masculino singular Flexões da palavra Babado Significados de Babado:">
	<graph root="s3_500">
		<terminals>
			<t id="s3_1" word="Verbo" lemma="verbo" pos="n" morph="M S" sem="ac-cat" extra="cjt-head cjt-head-X *"/>
			<t id="s3_2" word="," lemma="--" pos="pu" morph="--" extra="--"/>
			<t id="s3_3" word="particípio" lemma="particípio" pos="n" morph="M S" sem="ac-cat" extra="cjt-X"/>
			<t id="s3_4" word="de" lemma="de" pos="prp" morph="--" extra="np-close"/>
			<t id="s3_5" word="babar" lemma="babar" pos="v-inf" morph="--" extra="vH mv"/>
			<t id="s3_6" word="Adjetivo" lemma="Adjetivo" pos="prop" morph="M/F S" extra="cjt-X hum *"/>
			<t id="s3_7" word="," lemma="--" pos="pu" morph="--" extra="--"/>
			<t id="s3_8" word="masculino" lemma="masculino" pos="n" morph="M S" sem="ac-cat" extra="np-close"/>
			<t id="s3_9" word="singular" lemma="singular" pos="adj" morph="M/F S" extra="jh np-close"/>
			<t id="s3_10" word="Flexões" lemma="flexão" pos="n" morph="F P" sem="act" extra="prop * np-close"/>
			<t id="s3_11" word="de" lemma="de" pos="prp" morph="--" extra="sam- np-close"/>
			<t id="s3_12" word="a" lemma="o" pos="art" morph="F S" extra="-sam "/>
			<t id="s3_13" word="palavra" lemma="palavra" pos="n" morph="F S" sem="ac-cat act-s" extra="--"/>
			<t id="s3_14" word="Babado_Significados_de_Babado" lemma="Babado_Significados_de_Babado" pos="prop" morph="F S" extra="org * heur np-close"/>
			<t id="s3_15" word=":" lemma="--" pos="pu" morph="--" extra="--"/>
		</terminals>

		<nonterminals>
			<nt id="s3_500" cat="s">
				<edge label="X" idref="s3_501"/>
			</nt>
			<nt id="s3_501" cat="par">
				<edge label="CJT" idref="s3_1"/>
				<edge label="PU" idref="s3_2"/>
				<edge label="CJT" idref="s3_502"/>
				<edge label="CJT" idref="s3_504"/>
				<edge label="PU" idref="s3_15"/>
			</nt>
			<nt id="s3_502" cat="np">
				<edge label="H" idref="s3_3"/>
				<edge label="DN" idref="s3_503"/>
			</nt>
			<nt id="s3_503" cat="pp">
				<edge label="H" idref="s3_4"/>
				<edge label="DP" idref="s3_5"/>
			</nt>
			<nt id="s3_504" cat="np">
				<edge label="H" idref="s3_6"/>
				<edge label="PU" idref="s3_7"/>
				<edge label="DNc" idref="s3_505"/>
			</nt>
			<nt id="s3_505" cat="np">
				<edge label="H" idref="s3_8"/>
				<edge label="DNc" idref="s3_506"/>
			</nt>
			<nt id="s3_506" cat="np">
				<edge label="H" idref="s3_9"/>
				<edge label="DNc" idref="s3_507"/>
			</nt>
			<nt id="s3_507" cat="np">
				<edge label="H" idref="s3_10"/>
				<edge label="DN" idref="s3_508"/>
			</nt>
			<nt id="s3_508" cat="pp">
				<edge label="H" idref="s3_11"/>
				<edge label="DP" idref="s3_509"/>
			</nt>
			<nt id="s3_509" cat="np">
				<edge label="DN" idref="s3_12"/>
				<edge label="H" idref="s3_13"/>
				<edge label="DN" idref="s3_14"/>
			</nt>
		</nonterminals>
	</graph>
</s>

<s id="s4" ref="4" source="Running text" forest="1" text="79 sobe, 11 desce 1. Babado Por Dicionário inFormal(SP) em 02-10-2006 Novidade, fofoca.">
	<graph root="s4_500">
		<terminals>
			<t id="s4_1" word="79" lemma="79" pos="num" morph="M/F S" extra="card"/>
			<t id="s4_2" word="sobe" lemma="subir" pos="v-fin" morph="PR 3S IND VFIN" extra="cjt-head cjt-head-STA fmc mv"/>
			<t id="s4_3" word="," lemma="--" pos="pu" morph="--" extra="--"/>
			<t id="s4_4" word="11" lemma="11" pos="num" morph="M/F P" extra="card"/>
			<t id="s4_5" word="desce" lemma="descer" pos="v-fin" morph="PR 3S IND VFIN" extra="cjt-STA fmc mv"/>
			<t id="s4_6" word="1." lemma="1." pos="adj" morph="M/F S" extra="NUM-ord"/>
			<t id="s4_7" word="Babado_Por_Dicionário" lemma="Babado_Por_Dicionário" pos="prop" morph="M S" extra="tit *"/>
			<t id="s4_8" word="inFormal" lemma="inFormal" pos="adj" morph="M S" extra="np-close"/>
			<t id="s4_9" word="(" lemma="--" pos="pu" morph="--" extra="--"/>
			<t id="s4_10" word="SP" lemma="SP" pos="prop" morph="M S" extra="civ * np-close"/>
			<t id="s4_11" word=")" lemma="--" pos="pu" morph="--" extra="--"/>
			<t id="s4_12" word="em" lemma="em" pos="prp" morph="--" extra="--"/>
			<t id="s4_13" word="02-10-2006" lemma="02-10-2006" pos="num" morph="F P" extra="card"/>
			<t id="s4_14" word="Novidade" lemma="novidade" pos="n" morph="F P" sem="am" extra="prop *"/>
			<t id="s4_15" word="," lemma="--" pos="pu" morph="--" extra="--"/>
			<t id="s4_16" word="fofoca" lemma="fofoca" pos="n" morph="F S" sem="talk sem-ss" extra="np-close"/>
			<t id="s4_17" word="." lemma="--" pos="pu" morph="--" extra="--"/>
		</terminals>

		<nonterminals>
			<nt id="s4_500" cat="s">
				<edge label="STA" idref="s4_501"/>
			</nt>
			<nt id="s4_501" cat="par">
				<edge label="CJT" idref="s4_502"/>
				<edge label="PU" idref="s4_3"/>
				<edge label="CJT" idref="s4_503"/>
				<edge label="PU" idref="s4_17"/>
			</nt>
			<nt id="s4_502" cat="fcl">
				<edge label="S" idref="s4_1"/>
				<edge label="P" idref="s4_2"/>
			</nt>
			<nt id="s4_503" cat="fcl">
				<edge label="Od" idref="s4_4"/>
				<edge label="P" idref="s4_5"/>
				<edge label="fCs" idref="s4_6"/>
				<edge label="S" idref="s4_504"/>
				<edge label="fA" idref="s4_505"/>
			</nt>
			<nt id="s4_504" cat="np">
				<edge label="H" idref="s4_7"/>
				<edge label="DN" idref="s4_8"/>
				<edge label="PU" idref="s4_9"/>
				<edge label="DNapp" idref="s4_10"/>
				<edge label="PU" idref="s4_11"/>
			</nt>
			<nt id="s4_505" cat="pp">
				<edge label="H" idref="s4_12"/>
				<edge label="DP" idref="s4_506"/>
			</nt>
			<nt id="s4_506" cat="np">
				<edge label="DN" idref="s4_13"/>
				<edge label="H" idref="s4_14"/>
				<edge label="PU" idref="s4_15"/>
				<edge label="DNc" idref="s4_16"/>
			</nt>
		</nonterminals>
	</graph>
</s>

<s id="s5" ref="5" source="Running text" forest="1" text="Acontecimentos.">
	<graph root="s5_500">
		<terminals>
			<t id="s5_1" word="Acontecimentos" lemma="acontecimento" pos="n" morph="M P" extra="* event"/>
			<t id="s5_2" word="." lemma="--" pos="pu" morph="--" extra="--"/>
		</terminals>

		<nonterminals>
			<nt id="s5_500" cat="s">
				<edge label="UTT" idref="s5_501"/>
			</nt>
			<nt id="s5_501" cat="x">
				<edge label="X" idref="s5_1"/>
				<edge label="PU" idref="s5_2"/>
			</nt>
		</nonterminals>
	</graph>
</s>

<s id="s6" ref="6" source="Running text" forest="1" text="As meninas se reuniram no intervalo para conversarem sobre os babados da festa passada.">
	<graph root="s6_500">
		<terminals>
			<t id="s6_1" word="As" lemma="o" pos="art" morph="F P" extra="* "/>
			<t id="s6_2" word="meninas" lemma="menina" pos="n" morph="F P" sem="Hbio" extra="--"/>
			<t id="s6_3" word="se" lemma="se" pos="pron-pers" morph="M/F 3P ACC" sem="coll" extra="refl"/>
			<t id="s6_4" word="reuniram" lemma="reunir" pos="v-fin" morph="PS/MQP 3P IND VFIN" extra="vH fmc mv v-pron"/>
			<t id="s6_5" word="em" lemma="em" pos="prp" morph="--" extra="sam-"/>
			<t id="s6_6" word="o" lemma="o" pos="art" morph="M S" extra="-sam "/>
			<t id="s6_7" word="intervalo" lemma="intervalo" pos="n" morph="M S" sem="per" extra="--"/>
			<t id="s6_8" word="para" lemma="para" pos="prp" morph="--" extra="--"/>
			<t id="s6_9" word="conversarem" lemma="conversar" pos="v-inf" morph="3P" extra="vH mv"/>
			<t id="s6_10" word="sobre" lemma="sobre" pos="prp" morph="--" extra="--"/>
			<t id="s6_11" word="os" lemma="o" pos="art" morph="M P" extra="--"/>
			<t id="s6_12" word="babados" lemma="babado" pos="adj" morph="M P" extra="n jh"/>
			<t id="s6_13" word="de" lemma="de" pos="prp" morph="--" extra="sam-"/>
			<t id="s6_14" word="a" lemma="o" pos="art" morph="F S" extra="-sam "/>
			<t id="s6_15" word="festa" lemma="festa" pos="n" morph="F S" sem="occ" extra="--"/>
			<t id="s6_16" word="passada" lemma="passado" pos="adj" morph="F S" extra="jh np-close"/>
			<t id="s6_17" word="." lemma="--" pos="pu" morph="--" extra="--"/>
		</terminals>

		<nonterminals>
			<nt id="s6_500" cat="s">
				<edge label="STA" idref="s6_501"/>
			</nt>
			<nt id="s6_501" cat="fcl">
				<edge label="S" idref="s6_502"/>
				<edge label="Od" idref="s6_3"/>
				<edge label="P" idref="s6_4"/>
				<edge label="fA" idref="s6_503"/>
				<edge label="fA" idref="s6_505"/>
				<edge label="PU" idref="s6_17"/>
			</nt>
			<nt id="s6_502" cat="np">
				<edge label="DN" idref="s6_1"/>
				<edge label="H" idref="s6_2"/>
			</nt>
			<nt id="s6_503" cat="pp">
				<edge label="H" idref="s6_5"/>
				<edge label="DP" idref="s6_504"/>
			</nt>
			<nt id="s6_504" cat="np">
				<edge label="DN" idref="s6_6"/>
				<edge label="H" idref="s6_7"/>
			</nt>
			<nt id="s6_505" cat="pp">
				<edge label="H" idref="s6_8"/>
				<edge label="DP" idref="s6_506"/>
			</nt>
			<nt id="s6_506" cat="icl">
				<edge label="P" idref="s6_9"/>
				<edge label="Op" idref="s6_507"/>
			</nt>
			<nt id="s6_507" cat="pp">
				<edge label="H" idref="s6_10"/>
				<edge label="DP" idref="s6_508"/>
			</nt>
			<nt id="s6_508" cat="np">
				<edge label="DN" idref="s6_11"/>
				<edge label="H" idref="s6_12"/>
				<edge label="DA" idref="s6_509"/>
			</nt>
			<nt id="s6_509" cat="pp">
				<edge label="H" idref="s6_13"/>
				<edge label="DP" idref="s6_510"/>
			</nt>
			<nt id="s6_510" cat="np">
				<edge label="DN" idref="s6_14"/>
				<edge label="H" idref="s6_15"/>
				<edge label="DN" idref="s6_16"/>
			</nt>
		</nonterminals>
	</graph>
</s>

<s id="s7" ref="7" source="Running text" forest="1" text="Compartilhar enviar nova definição enviar nova imagem denunciar abuso Sinônimos:">
	<graph root="s7_500">
		<terminals>
			<t id="s7_1" word="Compartilhar" lemma="compartilhar" pos="v-inf" morph="--" extra="* vH mv"/>
			<t id="s7_2" word="enviar" lemma="enviar" pos="v-inf" morph="--" extra="vH mv"/>
			<t id="s7_3" word="nova" lemma="novo" pos="adj" morph="F S" extra="jh"/>
			<t id="s7_4" word="definição" lemma="definição" pos="n" morph="F S" sem="sem-c" extra="--"/>
			<t id="s7_5" word="enviar" lemma="enviar" pos="v-inf" morph="--" extra="vH mv"/>
			<t id="s7_6" word="nova" lemma="novo" pos="adj" morph="F S" extra="jh"/>
			<t id="s7_7" word="imagem" lemma="imagem" pos="n" morph="F S" sem="pict sem-c ac-cat" extra="--"/>
			<t id="s7_8" word="denunciar" lemma="denunciar" pos="v-inf" morph="--" extra="vH mv"/>
			<t id="s7_9" word="abuso" lemma="abuso" pos="n" morph="M S" sem="activity" extra="--"/>
			<t id="s7_10" word="Sinônimos" lemma="Sinônimos" pos="prop" morph="M S" extra="hum * np-close"/>
			<t id="s7_11" word=":" lemma="--" pos="pu" morph="--" extra="--"/>
		</terminals>

		<nonterminals>
			<nt id="s7_500" cat="s">
				<edge label="UTT" idref="s7_501"/>
			</nt>
			<nt id="s7_501" cat="icl">
				<edge label="P" idref="s7_1"/>
				<edge label="Od" idref="s7_502"/>
				<edge label="PU" idref="s7_11"/>
			</nt>
			<nt id="s7_502" cat="icl">
				<edge label="P" idref="s7_2"/>
				<edge label="Od" idref="s7_503"/>
				<edge label="UTT" idref="s7_504"/>
				<edge label="UTT" idref="s7_506"/>
			</nt>
			<nt id="s7_503" cat="np">
				<edge label="DN" idref="s7_3"/>
				<edge label="H" idref="s7_4"/>
			</nt>
			<nt id="s7_504" cat="icl">
				<edge label="P" idref="s7_5"/>
				<edge label="Od" idref="s7_505"/>
			</nt>
			<nt id="s7_505" cat="np">
				<edge label="DN" idref="s7_6"/>
				<edge label="H" idref="s7_7"/>
			</nt>
			<nt id="s7_506" cat="icl">
				<edge label="P" idref="s7_8"/>
				<edge label="Od" idref="s7_507"/>
			</nt>
			<nt id="s7_507" cat="np">
				<edge label="H" idref="s7_9"/>
				<edge label="DN" idref="s7_10"/>
			</nt>
		</nonterminals>
	</graph>
</s>

<s id="s8" ref="8" source="Running text" forest="1" text="fofoca baba interessante surpreendente bonito admirável conversa mole prolixo ababalhado babado babujado molhado abobado abajoujado amalucado apalermado aparvalhado atoleimado boboca pateta apaixonado abrasado adepto afetivo aflito amante arrebatado baboso caído derretido mais...">
	<graph root="s8_500">
		<terminals>
			<t id="s8_1" word="fofoca" lemma="fofoca" pos="n" morph="F S" sem="talk sem-ss" extra="--"/>
			<t id="s8_2" word="baba" lemma="babar" pos="v-fin" morph="PR 3S IND VFIN" extra="vH fmc mv"/>
			<t id="s8_3" word="interessante" lemma="interessante" pos="adj" morph="F S" extra="--"/>
			<t id="s8_4" word="surpreendente" lemma="surpreendente" pos="adj" morph="F S" extra="nh np-close"/>
			<t id="s8_5" word="bonito" lemma="bonito" pos="adj" morph="M S" extra="np-long"/>
			<t id="s8_6" word="admirável" lemma="admirável" pos="adj" morph="F S" extra="--"/>
			<t id="s8_7" word="conversa_mole" lemma="conversa_mole" pos="n" morph="F S" sem="talk" extra="--"/>
			<t id="s8_8" word="prolixo" lemma="prolixo" pos="adj" morph="M S" extra="nh np-close"/>
			<t id="s8_9" word="ababalhado" lemma="ababalhado" pos="n" morph="M S" extra="DERP DERS DERS"/>
			<t id="s8_10" word="babado" lemma="babado" pos="adj" morph="M S" extra="np-close"/>
			<t id="s8_11" word="babujado" lemma="babujar" pos="v-pcp" morph="M S" extra="vH"/>
			<t id="s8_12" word="molhado" lemma="molhado" pos="n" morph="M S" sem="Ltop drink" extra="--"/>
			<t id="s8_13" word="abobado" lemma="abobado" pos="adj" morph="M S" extra="np-close"/>
			<t id="s8_14" word="abajoujado" lemma="abajoujar" pos="v-pcp" morph="M S" extra="vH DERP np-long"/>
			<t id="s8_15" word="amalucado" lemma="amalucado" pos="adj" morph="M S" extra="jh"/>
			<t id="s8_16" word="apalermado" lemma="apalermado" pos="adj" morph="M S" extra="jh"/>
			<t id="s8_17" word="aparvalhado" lemma="aparvalhado" pos="adj" morph="M S" extra="jh"/>
			<t id="s8_18" word="atoleimado" lemma="atoleimado" pos="adj" morph="M S" extra="jh"/>
			<t id="s8_19" word="boboca" lemma="boboca" pos="adj" morph="M S" extra="jh"/>
			<t id="s8_20" word="pateta" lemma="pateta" pos="n" morph="M S" sem="H" extra="--"/>
			<t id="s8_21" word="apaixonado" lemma="apaixonado" pos="adj" morph="M S" extra="jh np-close"/>
			<t id="s8_22" word="abrasado" lemma="abrasado" pos="adj" morph="M S" extra="nh"/>
			<t id="s8_23" word="adepto" lemma="adepto" pos="n" morph="M S" sem="H" extra="--"/>
			<t id="s8_24" word="afetivo" lemma="afetivo" pos="adj" morph="M S" extra="jh np-close"/>
			<t id="s8_25" word="aflito" lemma="aflito" pos="adj" morph="M S" extra="jh"/>
			<t id="s8_26" word="amante" lemma="amante" pos="n" morph="M S" sem="H" extra="--"/>
			<t id="s8_27" word="arrebatado" lemma="arrebatado" pos="adj" morph="M S" extra="jh np-close"/>
			<t id="s8_28" word="baboso" lemma="baboso" pos="adj" morph="M S" extra="jh np-long"/>
			<t id="s8_29" word="caído" lemma="caído" pos="adj" morph="M S" extra="jh np-long"/>
			<t id="s8_30" word="derretido" lemma="derreter" pos="v-pcp" morph="M S" extra="jh np-long"/>
			<t id="s8_31" word="mais" lemma="muito" pos="pron-indef" morph="DET M/F S/P" extra="quant KOMP"/>
			<t id="s8_32" word="." lemma="--" pos="pu" morph="--" extra="--"/>
		</terminals>

		<nonterminals>
			<nt id="s8_500" cat="s">
				<edge label="STA" idref="s8_501"/>
			</nt>
			<nt id="s8_501" cat="fcl">
				<edge label="S" idref="s8_502"/>
				<edge label="P" idref="s8_2"/>
				<edge label="fCs" idref="s8_503"/>
				<edge label="DN" idref="s8_3"/>
				<edge label="fCs" idref="s8_504"/>
				<edge label="fCs" idref="s8_505"/>
				<edge label="fCs" idref="s8_506"/>
				<edge label="fCs" idref="s8_507"/>
				<edge label="fCs" idref="s8_508"/>
				<edge label="Co" idref="s8_31"/>
				<edge label="PU" idref="s8_32"/>
			</nt>
			<nt id="s8_502" cat="np">
				<edge label="H" idref="s8_1"/>
				<edge label="DN" idref="s8_4"/>
				<edge label="DN" idref="s8_5"/>
				<edge label="DN" idref="s8_6"/>
				<edge label="H" idref="s8_7"/>
				<edge label="DN" idref="s8_8"/>
			</nt>
			<nt id="s8_503" cat="np">
			</nt>
			<nt id="s8_504" cat="np">
				<edge label="H" idref="s8_9"/>
				<edge label="DN" idref="s8_10"/>
			</nt>
			<nt id="s8_505" cat="np">
				<edge label="DN" idref="s8_11"/>
				<edge label="H" idref="s8_12"/>
				<edge label="DN" idref="s8_13"/>
				<edge label="DN" idref="s8_14"/>
			</nt>
			<nt id="s8_506" cat="np">
				<edge label="DN" idref="s8_15"/>
				<edge label="DN" idref="s8_16"/>
				<edge label="DN" idref="s8_17"/>
				<edge label="DN" idref="s8_18"/>
				<edge label="DN" idref="s8_19"/>
				<edge label="H" idref="s8_20"/>
				<edge label="DN" idref="s8_21"/>
			</nt>
			<nt id="s8_507" cat="np">
				<edge label="DN" idref="s8_22"/>
				<edge label="H" idref="s8_23"/>
				<edge label="DN" idref="s8_24"/>
			</nt>
			<nt id="s8_508" cat="np">
				<edge label="DN" idref="s8_25"/>
				<edge label="H" idref="s8_26"/>
				<edge label="DN" idref="s8_27"/>
				<edge label="DN" idref="s8_28"/>
				<edge label="DN" idref="s8_29"/>
				<edge label="DN" idref="s8_30"/>
			</nt>
		</nonterminals>
	</graph>
</s>

<s id="s9" ref="9" source="Running text" forest="1" text="Antônimos:">
	<graph root="s9_500">
		<terminals>
			<t id="s9_1" word="Antônimos" lemma="antônimo" pos="adj" morph="M P" extra="* nh"/>
			<t id="s9_2" word=":" lemma="--" pos="pu" morph="--" extra="--"/>
		</terminals>

		<nonterminals>
			<nt id="s9_500" cat="s">
				<edge label="UTT" idref="s9_501"/>
			</nt>
			<nt id="s9_501" cat="x">
				<edge label="X" idref="s9_1"/>
				<edge label="PU" idref="s9_2"/>
			</nt>
		</nonterminals>
	</graph>
</s>

<s id="s10" ref="10" source="Running text" forest="1" text="feio ruim desinteressante uó uzê boa conversa assunto interessante mais...">
	<graph root="s10_500">
		<terminals>
			<t id="s10_1" word="feio" lemma="feio" pos="adj" morph="M S" extra="--"/>
			<t id="s10_2" word="ruim" lemma="ruim" pos="adj" morph="M S" extra="--"/>
			<t id="s10_3" word="desinteressante" lemma="desinteressante" pos="adj" morph="M S" extra="nh np-close"/>
			<t id="s10_4" word="uó" lemma="UO" pos="prop" morph="M S" extra="org"/>
			<t id="s10_5" word="uzê" lemma="UZ" pos="prop" morph="M/F S" extra="org np-close"/>
			<t id="s10_6" word="boa" lemma="bom" pos="adj" morph="F S" extra="np-long"/>
			<t id="s10_7" word="conversa" lemma="conversar" pos="v-fin" morph="PR 3S IND VFIN" extra="vH fmc mv"/>
			<t id="s10_8" word="assunto" lemma="assunto" pos="n" morph="M S" sem="sem-c" extra="--"/>
			<t id="s10_9" word="interessante" lemma="interessante" pos="adj" morph="M S" extra="jh np-close"/>
			<t id="s10_10" word="mais" lemma="mais" pos="adv" morph="--" extra="quant KOMP"/>
			<t id="s10_11" word="." lemma="--" pos="pu" morph="--" extra="--"/>
		</terminals>

		<nonterminals>
			<nt id="s10_500" cat="s">
				<edge label="STA" idref="s10_501"/>
			</nt>
			<nt id="s10_501" cat="fcl">
				<edge label="S" idref="s10_502"/>
				<edge label="DN" idref="s10_3"/>
				<edge label="P" idref="s10_7"/>
				<edge label="S" idref="s10_503"/>
				<edge label="fA" idref="s10_10"/>
				<edge label="PU" idref="s10_11"/>
			</nt>
			<nt id="s10_502" cat="np">
				<edge label="DN" idref="s10_1"/>
				<edge label="DN" idref="s10_2"/>
				<edge label="H" idref="s10_4"/>
				<edge label="DN" idref="s10_5"/>
				<edge label="DN" idref="s10_6"/>
			</nt>
			<nt id="s10_503" cat="np">
				<edge label="H" idref="s10_8"/>
				<edge label="DN" idref="s10_9"/>
			</nt>
		</nonterminals>
	</graph>
</s>

<s id="s11" ref="11" source="Running text" forest="1" text="Relacionadas:">
	<graph root="s11_500">
		<terminals>
			<t id="s11_1" word="Relacionadas" lemma="relacionado" pos="adj" morph="F P" extra="* nh"/>
			<t id="s11_2" word=":" lemma="--" pos="pu" morph="--" extra="--"/>
		</terminals>

		<nonterminals>
			<nt id="s11_500" cat="s">
				<edge label="UTT" idref="s11_501"/>
			</nt>
			<nt id="s11_501" cat="x">
				<edge label="X" idref="s11_1"/>
				<edge label="PU" idref="s11_2"/>
			</nt>
		</nonterminals>
	</graph>
</s>

<s id="s12" ref="12" source="Running text" forest="1" text="caso história bisca conversa mole prolixo mais...">
	<graph root="s12_500">
		<terminals>
			<t id="s12_1" word="caso" lemma="caso" pos="conj-s" morph="--" extra="clb-fs"/>
			<t id="s12_2" word="história" lemma="história" pos="n" morph="F S" sem="per domain sem-r" extra="--"/>
			<t id="s12_3" word="bisca" lemma="bisca" pos="n" morph="F S" sem="cc H" extra="np-close"/>
			<t id="s12_4" word="conversa_mole" lemma="conversa_mole" pos="n" morph="F S" sem="talk" extra="--"/>
			<t id="s12_5" word="prolixo" lemma="prolixo" pos="adj" morph="M S" extra="nh np-close"/>
			<t id="s12_6" word="mais" lemma="mais" pos="adv" morph="--" extra="quant KOMP"/>
			<t id="s12_7" word="." lemma="--" pos="pu" morph="--" extra="--"/>
		</terminals>

		<nonterminals>
			<nt id="s12_500" cat="s">
				<edge label="UTT" idref="s12_501"/>
			</nt>
			<nt id="s12_501" cat="x">
				<edge label="SUB" idref="s12_1"/>
				<edge label="S" idref="s12_502"/>
				<edge label="H" idref="s12_2"/>
				<edge label="DN" idref="s12_3"/>
				<edge label="S" idref="s12_503"/>
				<edge label="H" idref="s12_4"/>
				<edge label="DN" idref="s12_5"/>
				<edge label="fA" idref="s12_6"/>
				<edge label="PU" idref="s12_7"/>
			</nt>
			<nt id="s12_502" cat="np">
			</nt>
			<nt id="s12_503" cat="np">
			</nt>
		</nonterminals>
	</graph>
</s>

<s id="s13" ref="13" source="Running text" forest="1" text="34 sobe, 16 desce 2. Babado Por Pablo Sanches(MG) em 15-04-2008 Diz- se de algo surpreendente, admirável ou muito interessante na linguagem GLBT. --">
	<graph root="s13_500">
		<terminals>
			<t id="s13_1" word="34" lemma="34" pos="num" morph="M/F P" extra="card"/>
			<t id="s13_2" word="sobe" lemma="subir" pos="v-fin" morph="PR 3S IND VFIN" extra="cjt-head cjt-head-STA mv"/>
			<t id="s13_3" word="," lemma="--" pos="pu" morph="--" extra="--"/>
			<t id="s13_4" word="16" lemma="16" pos="num" morph="M/F P" extra="card"/>
			<t id="s13_5" word="desce" lemma="descer" pos="v-fin" morph="PR 3S IND VFIN" extra="cjt-STA fmc mv"/>
			<t id="s13_6" word="2." lemma="2." pos="adj" morph="M/F S" extra="NUM-ord"/>
			<t id="s13_7" word="Babado_Por_Pablo_Sanches" lemma="Babado_Por_Pablo_Sanches" pos="prop" morph="M S" extra="hum * heur"/>
			<t id="s13_8" word="(" lemma="--" pos="pu" morph="--" extra="--"/>
			<t id="s13_9" word="MG" lemma="mG" pos="n" morph="M S" extra="* np-close"/>
			<t id="s13_10" word=")" lemma="--" pos="pu" morph="--" extra="--"/>
			<t id="s13_11" word="em" lemma="em" pos="prp" morph="--" extra="--"/>
			<t id="s13_12" word="15-04-2008" lemma="15-04-2008" pos="num" morph="M/F S" extra="card"/>
			<t id="s13_13" word="Diz-" lemma="dizer" pos="v-fin" morph="PR 3S IND VFIN" extra="cjt-STA * hyfen vH fmc mv"/>
			<t id="s13_14" word="se" lemma="se" pos="pron-pers" morph="M/F 3S/P ACC" extra="--"/>
			<t id="s13_15" word="de" lemma="de" pos="prp" morph="--" extra="--"/>
			<t id="s13_16" word="algo" lemma="algo" pos="adv" morph="--" extra="quant det"/>
			<t id="s13_17" word="surpreendente" lemma="surpreendente" pos="adj" morph="M/F S" extra="nh np-close"/>
			<t id="s13_18" word="," lemma="--" pos="pu" morph="--" extra="--"/>
			<t id="s13_19" word="admirável" lemma="admirável" pos="adj" morph="M/F S" extra="np-long"/>
			<t id="s13_20" word="ou" lemma="ou" pos="conj-c" morph="--" extra="--"/>
			<t id="s13_21" word="muito" lemma="muito" pos="adv" morph="--" extra="quant"/>
			<t id="s13_22" word="interessante" lemma="interessante" pos="adj" morph="M/F S" extra="np-close"/>
			<t id="s13_23" word="em" lemma="em" pos="prp" morph="--" extra="sam-"/>
			<t id="s13_24" word="a" lemma="o" pos="art" morph="F S" extra="-sam "/>
			<t id="s13_25" word="linguagem" lemma="linguagem" pos="n" morph="F S" sem="sem-s" extra="--"/>
			<t id="s13_26" word="GLBT" lemma="GLBT" pos="prop" morph="F S" extra="org * np-close"/>
			<t id="s13_27" word="." lemma="--" pos="pu" morph="--" extra="--"/>
			<t id="s13_28" word="--" lemma="--" pos="pu" morph="--" extra="--"/>
		</terminals>

		<nonterminals>
			<nt id="s13_500" cat="s">
				<edge label="STA" idref="s13_501"/>
			</nt>
			<nt id="s13_501" cat="par">
				<edge label="CJT" idref="s13_502"/>
				<edge label="PU" idref="s13_3"/>
				<edge label="CJT" idref="s13_503"/>
				<edge label="CJT" idref="s13_506"/>
				<edge label="PU" idref="s13_27"/>
				<edge label="PU" idref="s13_28"/>
			</nt>
			<nt id="s13_502" cat="fcl">
				<edge label="Od" idref="s13_1"/>
				<edge label="P" idref="s13_2"/>
			</nt>
			<nt id="s13_503" cat="fcl">
				<edge label="Od" idref="s13_4"/>
				<edge label="P" idref="s13_5"/>
				<edge label="fCs" idref="s13_6"/>
				<edge label="S" idref="s13_504"/>
				<edge label="fA" idref="s13_505"/>
			</nt>
			<nt id="s13_504" cat="np">
				<edge label="H" idref="s13_7"/>
				<edge label="PU" idref="s13_8"/>
				<edge label="DNc" idref="s13_9"/>
				<edge label="PU" idref="s13_10"/>
			</nt>
			<nt id="s13_505" cat="pp">
				<edge label="H" idref="s13_11"/>
				<edge label="DP" idref="s13_12"/>
			</nt>
			<nt id="s13_506" cat="fcl">
				<edge label="P" idref="s13_13"/>
				<edge label="S" idref="s13_507"/>
				<edge label="fA" idref="s13_15"/>
				<edge label="fA" idref="s13_510"/>
			</nt>
			<nt id="s13_507" cat="np">
				<edge label="H" idref="s13_14"/>
				<edge label="DN" idref="s13_508"/>
				<edge label="PU" idref="s13_18"/>
				<edge label="DN" idref="s13_19"/>
				<edge label="DN" idref="s13_509"/>
			</nt>
			<nt id="s13_508" cat="adjp">
				<edge label="DA" idref="s13_16"/>
				<edge label="H" idref="s13_17"/>
			</nt>
			<nt id="s13_509" cat="adjp">
				<edge label="CO" idref="s13_20"/>
				<edge label="DA" idref="s13_21"/>
				<edge label="H" idref="s13_22"/>
			</nt>
			<nt id="s13_510" cat="pp">
				<edge label="H" idref="s13_23"/>
				<edge label="DP" idref="s13_511"/>
			</nt>
			<nt id="s13_511" cat="np">
				<edge label="DN" idref="s13_24"/>
				<edge label="H" idref="s13_25"/>
				<edge label="DN" idref="s13_26"/>
			</nt>
		</nonterminals>
	</graph>
</s>

<s id="s14" ref="14" source="Running text" forest="1" text="E aí foi legal? --">
	<graph root="s14_500">
		<terminals>
			<t id="s14_1" word="E" lemma="e" pos="conj-c" morph="--" extra="*"/>
			<t id="s14_2" word="aí" lemma="aí" pos="adv" morph="--" extra="kc"/>
			<t id="s14_3" word="foi" lemma="ser" pos="v-fin" morph="PS 3S IND VFIN" extra="vK fmc mv"/>
			<t id="s14_4" word="legal" lemma="legal" pos="adj" morph="M/F S" extra="nh"/>
			<t id="s14_5" word="?" lemma="--" pos="pu" morph="--" extra="--"/>
			<t id="s14_6" word="--" lemma="--" pos="pu" morph="--" extra="--"/>
		</terminals>

		<nonterminals>
			<nt id="s14_500" cat="s">
				<edge label="QUE" idref="s14_501"/>
			</nt>
			<nt id="s14_501" cat="fcl">
				<edge label="CO" idref="s14_1"/>
				<edge label="fA" idref="s14_2"/>
				<edge label="P" idref="s14_3"/>
				<edge label="Cs" idref="s14_4"/>
				<edge label="PU" idref="s14_5"/>
				<edge label="PU" idref="s14_6"/>
			</nt>
		</nonterminals>
	</graph>
</s>

<s id="s15" ref="15" source="Running text" forest="1" text="Nossa, você precisava ver, ele tem uma pica babado!">
	<graph root="s15_500">
		<terminals>
			<t id="s15_1" word="Nossa" lemma="nosso" pos="pron-poss" morph="DET F S" extra="* poss 1P"/>
			<t id="s15_2" word="," lemma="--" pos="pu" morph="--" extra="--"/>
			<t id="s15_3" word="você" lemma="você" pos="pron-pers" morph="M/F 3S NOM" extra="--"/>
			<t id="s15_4" word="precisava" lemma="precisar" pos="v-fin" morph="IMPF 3S IND VFIN" extra="cjt-head cjt-head-STA fmc mv"/>
			<t id="s15_5" word="ver" lemma="ver" pos="v-inf" morph="--" extra="vH mv"/>
			<t id="s15_6" word="," lemma="--" pos="pu" morph="--" extra="--"/>
			<t id="s15_7" word="ele" lemma="ele" pos="pron-pers" morph="M 3S NOM" extra="--"/>
			<t id="s15_8" word="tem" lemma="ter" pos="v-fin" morph="PR 3S IND VFIN" extra="cjt-STA fmc mv"/>
			<t id="s15_9" word="uma" lemma="um" pos="art" morph="F S" extra="--"/>
			<t id="s15_10" word="pica" lemma="pica" pos="n" morph="F S" sem="anmov" extra="--"/>
			<t id="s15_11" word="babado" lemma="babar" pos="v-pcp" morph="M S" extra="vH jh mv"/>
			<t id="s15_12" word="!" lemma="--" pos="pu" morph="--" extra="--"/>
		</terminals>

		<nonterminals>
			<nt id="s15_500" cat="s">
				<edge label="STA" idref="s15_501"/>
			</nt>
			<nt id="s15_501" cat="par">
				<edge label="CJT" idref="s15_502"/>
				<edge label="PU" idref="s15_6"/>
				<edge label="CJT" idref="s15_503"/>
				<edge label="PU" idref="s15_12"/>
			</nt>
			<nt id="s15_502" cat="fcl">
				<edge label="S" idref="s15_1"/>
				<edge label="PU" idref="s15_2"/>
				<edge label="S" idref="s15_3"/>
				<edge label="P" idref="s15_4"/>
				<edge label="Od" idref="s15_5"/>
			</nt>
			<nt id="s15_503" cat="fcl">
				<edge label="S" idref="s15_7"/>
				<edge label="P" idref="s15_8"/>
				<edge label="Od" idref="s15_504"/>
				<edge label="UTT" idref="s15_11"/>
			</nt>
			<nt id="s15_504" cat="np">
				<edge label="DN" idref="s15_9"/>
				<edge label="H" idref="s15_10"/>
			</nt>
		</nonterminals>
	</graph>
</s>

<s id="s16" ref="16" source="Running text" forest="1" text="Compartilhar enviar nova definição enviar nova imagem denunciar abuso 16 sobe, 7 desce 3. Babado Por RCarneiro(Te o) em 29-10-2008 Bordado feito de renda ou não para guarnição de saia.">
	<graph root="s16_500">
		<terminals>
			<t id="s16_1" word="Compartilhar" lemma="compartilhar" pos="v-inf" morph="--" extra="cjt-head cjt-head-S * vH mv"/>
			<t id="s16_2" word="enviar" lemma="enviar" pos="v-inf" morph="--" extra="vH mv"/>
			<t id="s16_3" word="nova" lemma="novo" pos="adj" morph="F S" extra="jh"/>
			<t id="s16_4" word="definição" lemma="definição" pos="n" morph="F S" sem="sem-c" extra="--"/>
			<t id="s16_5" word="enviar" lemma="enviar" pos="v-inf" morph="--" extra="vH mv"/>
			<t id="s16_6" word="nova" lemma="novo" pos="adj" morph="F S" extra="jh"/>
			<t id="s16_7" word="imagem" lemma="imagem" pos="n" morph="F S" sem="pict sem-c ac-cat" extra="--"/>
			<t id="s16_8" word="denunciar" lemma="denunciar" pos="v-inf" morph="--" extra="cjt-S vH mv"/>
			<t id="s16_9" word="abuso" lemma="abuso" pos="n" morph="M S" sem="activity" extra="--"/>
			<t id="s16_10" word="16" lemma="16" pos="num" morph="M/F P" extra="card"/>
			<t id="s16_11" word="sobe" lemma="subir" pos="v-fin" morph="PR 3S IND VFIN" extra="cjt-head cjt-head-STA fmc mv"/>
			<t id="s16_12" word="," lemma="--" pos="pu" morph="--" extra="--"/>
			<t id="s16_13" word="7" lemma="7" pos="num" morph="M/F P" extra="card"/>
			<t id="s16_14" word="desce" lemma="descer" pos="v-fin" morph="PR 3S IND VFIN" extra="cjt-STA fmc mv"/>
			<t id="s16_15" word="3." lemma="3." pos="adj" morph="M/F S" extra="NUM-ord"/>
			<t id="s16_16" word="Babado_Por_RCarneiro" lemma="Babado_Por_RCarneiro" pos="prop" morph="M S" extra="top * heur"/>
			<t id="s16_17" word="(" lemma="--" pos="pu" morph="--" extra="--"/>
			<t id="s16_18" word="Te" lemma="tu" pos="pron-pers" morph="M/F 2S DAT" extra="* sam-"/>
			<t id="s16_19" word="o" lemma="ele" pos="pron-pers" morph="M 3S ACC" extra="-sam"/>
			<t id="s16_20" word=")" lemma="--" pos="pu" morph="--" extra="--"/>
			<t id="s16_21" word="em" lemma="em" pos="prp" morph="--" extra="--"/>
			<t id="s16_22" word="29-10-2008" lemma="29-10-2008" pos="num" morph="M P" extra="card"/>
			<t id="s16_23" word="Bordado" lemma="bordado" pos="n" morph="M P" sem="mat-cloth" extra="prop *"/>
			<t id="s16_24" word="feito" lemma="fazer" pos="v-pcp" morph="M S" extra="np-close"/>
			<t id="s16_25" word="de" lemma="de" pos="prp" morph="--" extra="np-close"/>
			<t id="s16_26" word="renda" lemma="renda" pos="n" morph="F S" sem="mon mat-cloth" extra="--"/>
			<t id="s16_27" word="ou" lemma="ou" pos="conj-c" morph="--" extra="--"/>
			<t id="s16_28" word="não" lemma="não" pos="adv" morph="--" extra="--"/>
			<t id="s16_29" word="para" lemma="para" pos="prp" morph="--" extra="np-close"/>
			<t id="s16_30" word="guarnição" lemma="guarnição" pos="n" morph="F S" sem="HH cloA cm Lcover" extra="--"/>
			<t id="s16_31" word="de" lemma="de" pos="prp" morph="--" extra="np-close"/>
			<t id="s16_32" word="saia" lemma="saia" pos="n" morph="F S" sem="cloH H anzo anbo" extra="--"/>
			<t id="s16_33" word="." lemma="--" pos="pu" morph="--" extra="--"/>
		</terminals>

		<nonterminals>
			<nt id="s16_500" cat="s">
				<edge label="STA" idref="s16_501"/>
			</nt>
			<nt id="s16_501" cat="par">
				<edge label="CJT" idref="s16_502"/>
				<edge label="PU" idref="s16_12"/>
				<edge label="CJT" idref="s16_510"/>
				<edge label="PU" idref="s16_17"/>
				<edge label="Oi" idref="s16_18"/>
				<edge label="Od" idref="s16_19"/>
				<edge label="PU" idref="s16_20"/>
				<edge label="PU" idref="s16_33"/>
			</nt>
			<nt id="s16_502" cat="fcl">
				<edge label="S" idref="s16_503"/>
				<edge label="Od" idref="s16_10"/>
				<edge label="P" idref="s16_11"/>
			</nt>
			<nt id="s16_503" cat="par">
				<edge label="CJT" idref="s16_504"/>
				<edge label="CJT" idref="s16_507"/>
			</nt>
			<nt id="s16_504" cat="icl">
				<edge label="P" idref="s16_1"/>
				<edge label="Od" idref="s16_505"/>
			</nt>
			<nt id="s16_505" cat="icl">
				<edge label="P" idref="s16_2"/>
				<edge label="Od" idref="s16_506"/>
			</nt>
			<nt id="s16_506" cat="np">
				<edge label="DN" idref="s16_3"/>
				<edge label="H" idref="s16_4"/>
			</nt>
			<nt id="s16_507" cat="fcl">
				<edge label="S" idref="s16_508"/>
				<edge label="P" idref="s16_8"/>
				<edge label="Od" idref="s16_9"/>
			</nt>
			<nt id="s16_508" cat="icl">
				<edge label="P" idref="s16_5"/>
				<edge label="Od" idref="s16_509"/>
			</nt>
			<nt id="s16_509" cat="np">
				<edge label="DN" idref="s16_6"/>
				<edge label="H" idref="s16_7"/>
			</nt>
			<nt id="s16_510" cat="fcl">
				<edge label="Od" idref="s16_13"/>
				<edge label="P" idref="s16_14"/>
				<edge label="fCs" idref="s16_15"/>
				<edge label="S" idref="s16_16"/>
				<edge label="fA" idref="s16_511"/>
			</nt>
			<nt id="s16_511" cat="pp">
				<edge label="H" idref="s16_21"/>
				<edge label="DP" idref="s16_512"/>
			</nt>
			<nt id="s16_512" cat="np">
				<edge label="DN" idref="s16_22"/>
				<edge label="H" idref="s16_23"/>
				<edge label="DN" idref="s16_24"/>
				<edge label="DN" idref="s16_513"/>
			</nt>
			<nt id="s16_513" cat="pp">
				<edge label="H" idref="s16_25"/>
				<edge label="DP" idref="s16_514"/>
			</nt>
			<nt id="s16_514" cat="np">
				<edge label="H" idref="s16_26"/>
				<edge label="DN" idref="s16_515"/>
			</nt>
			<nt id="s16_515" cat="pp">
				<edge label="CO" idref="s16_27"/>
				<edge label="DPmod" idref="s16_28"/>
				<edge label="H" idref="s16_29"/>
				<edge label="DP" idref="s16_516"/>
			</nt>
			<nt id="s16_516" cat="np">
				<edge label="H" idref="s16_30"/>
				<edge label="DN" idref="s16_517"/>
			</nt>
			<nt id="s16_517" cat="pp">
				<edge label="H" idref="s16_31"/>
				<edge label="DP" idref="s16_32"/>
			</nt>
		</nonterminals>
	</graph>
</s>

<s id="s17" ref="17" source="Running text" forest="1" text="pessoa recém-saída de uma relação sexual.">
	<graph root="s17_500">
		<terminals>
			<t id="s17_1" word="pessoa" lemma="pessoa" pos="n" morph="F S" sem="H" extra="cjt-head cjt-head-X"/>
			<t id="s17_2" word="recém-saída" lemma="recém-saída" pos="n" morph="F S" sem="Lh act" extra="cjt-X"/>
			<t id="s17_3" word="de" lemma="de" pos="prp" morph="--" extra="np-close"/>
			<t id="s17_4" word="uma" lemma="um" pos="art" morph="F S" extra="--"/>
			<t id="s17_5" word="relação" lemma="relação" pos="n" morph="F S" sem="ac sem-r" extra="--"/>
			<t id="s17_6" word="sexual" lemma="sexual" pos="adj" morph="F S" extra="nh np-close"/>
			<t id="s17_7" word="." lemma="--" pos="pu" morph="--" extra="--"/>
		</terminals>

		<nonterminals>
			<nt id="s17_500" cat="s">
				<edge label="X" idref="s17_501"/>
			</nt>
			<nt id="s17_501" cat="par">
				<edge label="CJT" idref="s17_1"/>
				<edge label="CJT" idref="s17_502"/>
				<edge label="PU" idref="s17_7"/>
			</nt>
			<nt id="s17_502" cat="np">
				<edge label="H" idref="s17_2"/>
				<edge label="DN" idref="s17_503"/>
			</nt>
			<nt id="s17_503" cat="pp">
				<edge label="H" idref="s17_3"/>
				<edge label="DP" idref="s17_504"/>
			</nt>
			<nt id="s17_504" cat="np">
				<edge label="DN" idref="s17_4"/>
				<edge label="H" idref="s17_5"/>
				<edge label="DN" idref="s17_6"/>
			</nt>
		</nonterminals>
	</graph>
</s>

<s id="s18" ref="18" source="Running text" forest="1" text="novidade.">
	<graph root="s18_500">
		<terminals>
			<t id="s18_1" word="novidade" lemma="novidade" pos="n" morph="F S" sem="am" extra="--"/>
			<t id="s18_2" word="." lemma="--" pos="pu" morph="--" extra="--"/>
		</terminals>

		<nonterminals>
			<nt id="s18_500" cat="s">
				<edge label="UTT" idref="s18_501"/>
			</nt>
			<nt id="s18_501" cat="x">
				<edge label="X" idref="s18_1"/>
				<edge label="PU" idref="s18_2"/>
			</nt>
		</nonterminals>
	</graph>
</s>

<s id="s19" ref="19" source="Running text" forest="1" text="apaixonado, enrabichado.">
	<graph root="s19_500">
		<terminals>
			<t id="s19_1" word="apaixonado" lemma="apaixonado" pos="adj" morph="M S" extra="jh"/>
			<t id="s19_2" word="," lemma="--" pos="pu" morph="--" extra="--"/>
			<t id="s19_3" word="enrabichado" lemma="enrabichar" pos="v-pcp" morph="M S" extra="vH"/>
			<t id="s19_4" word="." lemma="--" pos="pu" morph="--" extra="--"/>
		</terminals>

		<nonterminals>
			<nt id="s19_500" cat="s">
				<edge label="UTT" idref="s19_501"/>
			</nt>
			<nt id="s19_501" cat="x">
				<edge label="fCs" idref="s19_1"/>
				<edge label="PU" idref="s19_2"/>
				<edge label="fCs" idref="s19_3"/>
				<edge label="PU" idref="s19_4"/>
			</nt>
		</nonterminals>
	</graph>
</s>

<s id="s20" ref="20" source="Running text" forest="1" text="toalha de móveis.">
	<graph root="s20_500">
		<terminals>
			<t id="s20_1" word="toalha" lemma="toalha" pos="n" morph="F S" sem="cc-rag" extra="--"/>
			<t id="s20_2" word="de" lemma="de" pos="prp" morph="--" extra="np-close"/>
			<t id="s20_3" word="móveis" lemma="móvel" pos="n" morph="M P" sem="furn ac mach" extra="--"/>
			<t id="s20_4" word="." lemma="--" pos="pu" morph="--" extra="--"/>
		</terminals>

		<nonterminals>
			<nt id="s20_500" cat="s">
				<edge label="X" idref="s20_501"/>
			</nt>
			<nt id="s20_501" cat="np">
				<edge label="H" idref="s20_1"/>
				<edge label="DN" idref="s20_502"/>
				<edge label="PU" idref="s20_4"/>
			</nt>
			<nt id="s20_502" cat="pp">
				<edge label="H" idref="s20_2"/>
				<edge label="DP" idref="s20_3"/>
			</nt>
		</nonterminals>
	</graph>
</s>

<s id="s21" ref="21" source="Running text" forest="1" text="que se babou ou está sujo de baba.">
	<graph root="s21_500">
		<terminals>
			<t id="s21_1" word="que" lemma="que" pos="conj-s" morph="--" extra="clb"/>
			<t id="s21_2" word="se" lemma="se" pos="pron-pers" morph="M/F 3S ACC" extra="refl"/>
			<t id="s21_3" word="babou" lemma="babar" pos="v-fin" morph="PS 3S IND VFIN" extra="nosubj cjt-head cjt-head-STA vH fmc mv v-pron"/>
			<t id="s21_4" word="ou" lemma="ou" pos="conj-c" morph="--" extra="co-fin"/>
			<t id="s21_5" word="está" lemma="estar" pos="v-fin" morph="PR 3S IND VFIN" extra="nosubj cjt-STA vK fmc mv"/>
			<t id="s21_6" word="sujo" lemma="sujo" pos="adj" morph="M S" extra="n jh"/>
			<t id="s21_7" word="de" lemma="de" pos="prp" morph="--" extra="np-close"/>
			<t id="s21_8" word="baba" lemma="baba" pos="n" morph="F S" sem="cm-liq" extra="--"/>
			<t id="s21_9" word="." lemma="--" pos="pu" morph="--" extra="--"/>
		</terminals>

		<nonterminals>
			<nt id="s21_500" cat="s">
				<edge label="STA" idref="s21_501"/>
			</nt>
			<nt id="s21_501" cat="par">
				<edge label="CJT" idref="s21_502"/>
				<edge label="CO" idref="s21_4"/>
				<edge label="CJT" idref="s21_503"/>
				<edge label="PU" idref="s21_9"/>
			</nt>
			<nt id="s21_502" cat="fcl">
				<edge label="SUB" idref="s21_1"/>
				<edge label="Od" idref="s21_2"/>
				<edge label="P" idref="s21_3"/>
			</nt>
			<nt id="s21_503" cat="x">
				<edge label="P" idref="s21_5"/>
				<edge label="Cs" idref="s21_504"/>
			</nt>
			<nt id="s21_504" cat="np">
				<edge label="H" idref="s21_6"/>
				<edge label="DN" idref="s21_505"/>
			</nt>
			<nt id="s21_505" cat="pp">
				<edge label="H" idref="s21_7"/>
				<edge label="DP" idref="s21_8"/>
			</nt>
		</nonterminals>
	</graph>
</s>

<s id="s22" ref="22" source="Running text" forest="1" text="O meu babado está despregando.">
	<graph root="s22_500">
		<terminals>
			<t id="s22_1" word="O" lemma="o" pos="art" morph="M S" extra="* "/>
			<t id="s22_2" word="meu" lemma="meu" pos="pron-poss" morph="DET M S" extra="poss 1S"/>
			<t id="s22_3" word="babado" lemma="babado" pos="adj" morph="M S" extra="n jh"/>
			<t id="s22_4" word="está" lemma="estar" pos="v-fin" morph="PR 3S IND VFIN" extra="fmc aux"/>
			<t id="s22_5" word="despregando" lemma="despregar" pos="v-ger" morph="--" extra="mv"/>
			<t id="s22_6" word="." lemma="--" pos="pu" morph="--" extra="--"/>
		</terminals>

		<nonterminals>
			<nt id="s22_500" cat="s">
				<edge label="STA" idref="s22_501"/>
			</nt>
			<nt id="s22_501" cat="fcl">
				<edge label="S" idref="s22_502"/>
				<edge label="P" idref="s22_503"/>
				<edge label="PU" idref="s22_6"/>
			</nt>
			<nt id="s22_502" cat="np">
				<edge label="DN" idref="s22_1"/>
				<edge label="DN" idref="s22_2"/>
				<edge label="H" idref="s22_3"/>
			</nt>
			<nt id="s22_503" cat="vp">
				<edge label="Vaux" idref="s22_4"/>
				<edge label="Vm" idref="s22_5"/>
			</nt>
		</nonterminals>
	</graph>
</s>

<s id="s23" ref="23" source="Running text" forest="1" text="vai sair com aquela mulher babada do fulano?">
	<graph root="s23_500">
		<terminals>
			<t id="s23_1" word="vai" lemma="ir" pos="v-fin" morph="PR 3S IND VFIN" extra="fmc aux"/>
			<t id="s23_2" word="sair" lemma="sair" pos="v-inf" morph="--" extra="mv"/>
			<t id="s23_3" word="com" lemma="com" pos="prp" morph="--" extra="--"/>
			<t id="s23_4" word="aquela" lemma="aquele" pos="pron-dem" morph="DET F S" extra="dem"/>
			<t id="s23_5" word="mulher" lemma="mulher" pos="n" morph="F S" sem="Hbio Hfam Hattr" extra="--"/>
			<t id="s23_6" word="babada" lemma="babado" pos="adj" morph="F S" extra="jh np-close"/>
			<t id="s23_7" word="de" lemma="de" pos="prp" morph="--" extra="sam-"/>
			<t id="s23_8" word="o" lemma="o" pos="art" morph="M S" extra="-sam "/>
			<t id="s23_9" word="fulano" lemma="fulano" pos="n" morph="M S" sem="Hnat" extra="--"/>
			<t id="s23_10" word="?" lemma="--" pos="pu" morph="--" extra="--"/>
		</terminals>

		<nonterminals>
			<nt id="s23_500" cat="s">
				<edge label="QUE" idref="s23_501"/>
			</nt>
			<nt id="s23_501" cat="fcl">
				<edge label="P" idref="s23_502"/>
				<edge label="Op" idref="s23_503"/>
				<edge label="PU" idref="s23_10"/>
			</nt>
			<nt id="s23_502" cat="vp">
				<edge label="Vaux" idref="s23_1"/>
				<edge label="Vm" idref="s23_2"/>
			</nt>
			<nt id="s23_503" cat="pp">
				<edge label="H" idref="s23_3"/>
				<edge label="DP" idref="s23_504"/>
			</nt>
			<nt id="s23_504" cat="np">
				<edge label="DN" idref="s23_4"/>
				<edge label="H" idref="s23_5"/>
				<edge label="DN" idref="s23_505"/>
			</nt>
			<nt id="s23_505" cat="adjp">
				<edge label="H" idref="s23_6"/>
				<edge label="DA" idref="s23_506"/>
			</nt>
			<nt id="s23_506" cat="pp">
				<edge label="H" idref="s23_7"/>
				<edge label="DP" idref="s23_507"/>
			</nt>
			<nt id="s23_507" cat="np">
				<edge label="DN" idref="s23_8"/>
				<edge label="H" idref="s23_9"/>
			</nt>
		</nonterminals>
	</graph>
</s>

<s id="s24" ref="24" source="Running text" forest="1" text="tenho um babado pra contar que vocês nem vão acreditar!">
	<graph root="s24_500">
		<terminals>
			<t id="s24_1" word="tenho" lemma="ter" pos="v-fin" morph="PR 1S IND VFIN" extra="nosubj cjt-head cjt-head-STA fmc aux"/>
			<t id="s24_2" word="um" lemma="um" pos="art" morph="M S" extra="--"/>
			<t id="s24_3" word="babado" lemma="babar" pos="v-pcp" morph="M S" extra="vH jh mv"/>
			<t id="s24_4" word="pra" lemma="para" pos="prp" morph="--" extra="--"/>
			<t id="s24_5" word="contar" lemma="contar" pos="v-inf" morph="--" extra="vH mv"/>
			<t id="s24_6" word="que" lemma="que" pos="conj-s" morph="--" extra="clb clb-fs"/>
			<t id="s24_7" word="vocês" lemma="você" pos="pron-pers" morph="M/F 3P NOM" extra="--"/>
			<t id="s24_8" word="nem" lemma="nem" pos="conj-c" morph="--" extra="--"/>
			<t id="s24_9" word="vão" lemma="ir" pos="v-fin" morph="PR 3P IND VFIN" extra="cjt-STA aux"/>
			<t id="s24_10" word="acreditar" lemma="acreditar" pos="v-inf" morph="--" extra="vH mv"/>
			<t id="s24_11" word="!" lemma="--" pos="pu" morph="--" extra="--"/>
		</terminals>

		<nonterminals>
			<nt id="s24_500" cat="s">
				<edge label="STA" idref="s24_501"/>
			</nt>
			<nt id="s24_501" cat="par">
				<edge label="CJT" idref="s24_1"/>
				<edge label="CJT" idref="s24_505"/>
				<edge label="PU" idref="s24_11"/>
			</nt>
			<nt id="s24_502" cat="np">
				<edge label="DN" idref="s24_2"/>
			</nt>
			<nt id="s24_503" cat="icl">
				<edge label="P" idref="s24_3"/>
				<edge label="fA" idref="s24_504"/>
				<edge label="H" idref="s24_7"/>
				<edge label="CO" idref="s24_8"/>
			</nt>
			<nt id="s24_504" cat="pp">
				<edge label="H" idref="s24_4"/>
				<edge label="DP" idref="s24_5"/>
			</nt>
			<nt id="s24_505" cat="fcl">
				<edge label="SUB" idref="s24_6"/>
				<edge label="P" idref="s24_506"/>
			</nt>
			<nt id="s24_506" cat="vp">
				<edge label="Vaux" idref="s24_9"/>
				<edge label="Vm" idref="s24_10"/>
			</nt>
		</nonterminals>
	</graph>
</s>

<s id="s25" ref="25" source="Running text" forest="1" text="tira o babado da escrivaninha.">
	<graph root="s25_500">
		<terminals>
			<t id="s25_1" word="tira" lemma="tirar" pos="v-fin" morph="PR 3S IND VFIN" extra="vH fmc mv"/>
			<t id="s25_2" word="o" lemma="o" pos="art" morph="M S" extra="--"/>
			<t id="s25_3" word="babado" lemma="babar" pos="v-pcp" morph="M S" extra="n jh vH"/>
			<t id="s25_4" word="de" lemma="de" pos="prp" morph="--" extra="sam-"/>
			<t id="s25_5" word="a" lemma="o" pos="art" morph="F S" extra="-sam "/>
			<t id="s25_6" word="escrivaninha" lemma="escrivaninha" pos="n" morph="F S" sem="furn" extra="--"/>
			<t id="s25_7" word="." lemma="--" pos="pu" morph="--" extra="--"/>
		</terminals>

		<nonterminals>
			<nt id="s25_500" cat="s">
				<edge label="STA" idref="s25_501"/>
			</nt>
			<nt id="s25_501" cat="fcl">
				<edge label="P" idref="s25_1"/>
				<edge label="Od" idref="s25_502"/>
				<edge label="Op" idref="s25_503"/>
				<edge label="PU" idref="s25_7"/>
			</nt>
			<nt id="s25_502" cat="np">
				<edge label="DN" idref="s25_2"/>
				<edge label="H" idref="s25_3"/>
			</nt>
			<nt id="s25_503" cat="pp">
				<edge label="H" idref="s25_4"/>
				<edge label="DP" idref="s25_504"/>
			</nt>
			<nt id="s25_504" cat="np">
				<edge label="DN" idref="s25_5"/>
				<edge label="H" idref="s25_6"/>
			</nt>
		</nonterminals>
	</graph>
</s>

<s id="s26" ref="26" source="Running text" forest="1" text="estou babado por aquela menina.">
	<graph root="s26_500">
		<terminals>
			<t id="s26_1" word="estou" lemma="estar" pos="v-fin" morph="PR 1S IND VFIN" extra="vK fmc mv"/>
			<t id="s26_2" word="babado" lemma="babar" pos="v-pcp" morph="M S" extra="jh vH mv"/>
			<t id="s26_3" word="por" lemma="por" pos="prp" morph="--" extra="--"/>
			<t id="s26_4" word="aquela" lemma="aquele" pos="pron-dem" morph="DET F S" extra="dem"/>
			<t id="s26_5" word="menina" lemma="menina" pos="n" morph="F S" sem="Hbio" extra="--"/>
			<t id="s26_6" word="." lemma="--" pos="pu" morph="--" extra="--"/>
		</terminals>

		<nonterminals>
			<nt id="s26_500" cat="s">
				<edge label="STA" idref="s26_501"/>
			</nt>
			<nt id="s26_501" cat="fcl">
				<edge label="P" idref="s26_1"/>
				<edge label="Cs" idref="s26_502"/>
				<edge label="PU" idref="s26_6"/>
			</nt>
			<nt id="s26_502" cat="icl">
				<edge label="P" idref="s26_2"/>
				<edge label="fA" idref="s26_503"/>
			</nt>
			<nt id="s26_503" cat="pp">
				<edge label="H" idref="s26_3"/>
				<edge label="DP" idref="s26_504"/>
			</nt>
			<nt id="s26_504" cat="np">
				<edge label="DN" idref="s26_4"/>
				<edge label="H" idref="s26_5"/>
			</nt>
		</nonterminals>
	</graph>
</s>

<s id="s27" ref="27" source="Running text" forest="1" text="dormi de boca aberta e acordei todo babado.">
	<graph root="s27_500">
		<terminals>
			<t id="s27_1" word="dormi" lemma="dormir" pos="v-fin" morph="PS 1S IND VFIN" extra="nosubj cjt-head cjt-head-STA vH fmc mv"/>
			<t id="s27_2" word="de" lemma="de" pos="prp" morph="--" extra="--"/>
			<t id="s27_3" word="boca" lemma="boca" pos="n" morph="F S" sem="anmov Lopening" extra="--"/>
			<t id="s27_4" word="aberta" lemma="abrir" pos="v-pcp" morph="F S" extra="vH np-close"/>
			<t id="s27_5" word="e" lemma="e" pos="conj-c" morph="--" extra="--"/>
			<t id="s27_6" word="acordei" lemma="acordar" pos="v-fin" morph="PS 1S IND VFIN" extra="nosubj cjt-STA vK fmc mv"/>
			<t id="s27_7" word="todo" lemma="todo" pos="adv" morph="--" extra="quant det"/>
			<t id="s27_8" word="babado" lemma="babado" pos="adj" morph="M S" extra="jh"/>
			<t id="s27_9" word="." lemma="--" pos="pu" morph="--" extra="--"/>
		</terminals>

		<nonterminals>
			<nt id="s27_500" cat="s">
				<edge label="STA" idref="s27_501"/>
			</nt>
			<nt id="s27_501" cat="par">
				<edge label="CJT" idref="s27_502"/>
				<edge label="CJT" idref="s27_505"/>
				<edge label="PU" idref="s27_9"/>
			</nt>
			<nt id="s27_502" cat="fcl">
				<edge label="P" idref="s27_1"/>
				<edge label="fA" idref="s27_503"/>
			</nt>
			<nt id="s27_503" cat="pp">
				<edge label="H" idref="s27_2"/>
				<edge label="DP" idref="s27_504"/>
			</nt>
			<nt id="s27_504" cat="np">
				<edge label="H" idref="s27_3"/>
				<edge label="DN" idref="s27_4"/>
				<edge label="CO" idref="s27_5"/>
			</nt>
			<nt id="s27_505" cat="x">
				<edge label="P" idref="s27_6"/>
				<edge label="Cs" idref="s27_506"/>
			</nt>
			<nt id="s27_506" cat="adjp">
				<edge label="DA" idref="s27_7"/>
				<edge label="H" idref="s27_8"/>
			</nt>
		</nonterminals>
	</graph>
</s>

<s id="s28" ref="28" source="Running text" forest="1" text="Compartilhar enviar nova definição enviar nova imagem denunciar abuso 17 sobe, 16 desce 4. Babado Por Felipe(RJ) em 17-09-2007 Adjetivo.">
	<graph root="s28_500">
		<terminals>
			<t id="s28_1" word="Compartilhar" lemma="compartilhar" pos="v-inf" morph="--" extra="cjt-head cjt-head-S * vH mv"/>
			<t id="s28_2" word="enviar" lemma="enviar" pos="v-inf" morph="--" extra="vH mv"/>
			<t id="s28_3" word="nova" lemma="novo" pos="adj" morph="F S" extra="jh"/>
			<t id="s28_4" word="definição" lemma="definição" pos="n" morph="F S" sem="sem-c" extra="--"/>
			<t id="s28_5" word="enviar" lemma="enviar" pos="v-inf" morph="--" extra="vH mv"/>
			<t id="s28_6" word="nova" lemma="novo" pos="adj" morph="F S" extra="jh"/>
			<t id="s28_7" word="imagem" lemma="imagem" pos="n" morph="F S" sem="pict sem-c ac-cat" extra="--"/>
			<t id="s28_8" word="denunciar" lemma="denunciar" pos="v-inf" morph="--" extra="cjt-S vH mv"/>
			<t id="s28_9" word="abuso" lemma="abuso" pos="n" morph="M S" sem="activity" extra="--"/>
			<t id="s28_10" word="17" lemma="17" pos="num" morph="M/F P" extra="card"/>
			<t id="s28_11" word="sobe" lemma="subir" pos="v-fin" morph="PR 3S IND VFIN" extra="cjt-head cjt-head-STA fmc mv"/>
			<t id="s28_12" word="," lemma="--" pos="pu" morph="--" extra="--"/>
			<t id="s28_13" word="16" lemma="16" pos="num" morph="M/F P" extra="card"/>
			<t id="s28_14" word="desce" lemma="descer" pos="v-fin" morph="PR 3S IND VFIN" extra="cjt-STA fmc mv"/>
			<t id="s28_15" word="4." lemma="4." pos="adj" morph="M/F S" extra="NUM-ord"/>
			<t id="s28_16" word="Babado_Por_Felipe" lemma="Babado_Por_Felipe" pos="prop" morph="M S" extra="hum * heur"/>
			<t id="s28_17" word="(" lemma="--" pos="pu" morph="--" extra="--"/>
			<t id="s28_18" word="RJ" lemma="RJ" pos="prop" morph="M S" extra="civ * np-close"/>
			<t id="s28_19" word=")" lemma="--" pos="pu" morph="--" extra="--"/>
			<t id="s28_20" word="em" lemma="em" pos="prp" morph="--" extra="--"/>
			<t id="s28_21" word="17-09-2007" lemma="17-09-2007" pos="num" morph="M P" extra="card"/>
			<t id="s28_22" word="Adjetivo" lemma="adjetivo" pos="n" morph="M P" sem="ac-cat" extra="prop *"/>
			<t id="s28_23" word="." lemma="--" pos="pu" morph="--" extra="--"/>
		</terminals>

		<nonterminals>
			<nt id="s28_500" cat="s">
				<edge label="STA" idref="s28_501"/>
			</nt>
			<nt id="s28_501" cat="par">
				<edge label="CJT" idref="s28_502"/>
				<edge label="PU" idref="s28_12"/>
				<edge label="CJT" idref="s28_510"/>
				<edge label="PU" idref="s28_23"/>
			</nt>
			<nt id="s28_502" cat="fcl">
				<edge label="S" idref="s28_503"/>
				<edge label="Od" idref="s28_10"/>
				<edge label="P" idref="s28_11"/>
			</nt>
			<nt id="s28_503" cat="par">
				<edge label="CJT" idref="s28_504"/>
				<edge label="CJT" idref="s28_507"/>
			</nt>
			<nt id="s28_504" cat="icl">
				<edge label="P" idref="s28_1"/>
				<edge label="Od" idref="s28_505"/>
			</nt>
			<nt id="s28_505" cat="icl">
				<edge label="P" idref="s28_2"/>
				<edge label="Od" idref="s28_506"/>
			</nt>
			<nt id="s28_506" cat="np">
				<edge label="DN" idref="s28_3"/>
				<edge label="H" idref="s28_4"/>
			</nt>
			<nt id="s28_507" cat="fcl">
				<edge label="S" idref="s28_508"/>
				<edge label="P" idref="s28_8"/>
				<edge label="Od" idref="s28_9"/>
			</nt>
			<nt id="s28_508" cat="icl">
				<edge label="P" idref="s28_5"/>
				<edge label="Od" idref="s28_509"/>
			</nt>
			<nt id="s28_509" cat="np">
				<edge label="DN" idref="s28_6"/>
				<edge label="H" idref="s28_7"/>
			</nt>
			<nt id="s28_510" cat="fcl">
				<edge label="Od" idref="s28_13"/>
				<edge label="P" idref="s28_14"/>
				<edge label="fCs" idref="s28_15"/>
				<edge label="S" idref="s28_511"/>
				<edge label="fA" idref="s28_512"/>
			</nt>
			<nt id="s28_511" cat="np">
				<edge label="H" idref="s28_16"/>
				<edge label="PU" idref="s28_17"/>
				<edge label="DNc" idref="s28_18"/>
				<edge label="PU" idref="s28_19"/>
			</nt>
			<nt id="s28_512" cat="pp">
				<edge label="H" idref="s28_20"/>
				<edge label="DP" idref="s28_513"/>
			</nt>
			<nt id="s28_513" cat="np">
				<edge label="DN" idref="s28_21"/>
				<edge label="H" idref="s28_22"/>
			</nt>
		</nonterminals>
	</graph>
</s>

<s id="s29" ref="29" source="Running text" forest="1" text="Diz- se daquela que teve relação recente, e tem outro parceiro logo em seguida.">
	<graph root="s29_500">
		<terminals>
			<t id="s29_1" word="Diz-" lemma="dizer" pos="v-fin" morph="PR 3S IND VFIN" extra="* hyfen vH fmc mv"/>
			<t id="s29_2" word="se" lemma="se" pos="pron-pers" morph="M/F 3S/P ACC" extra="--"/>
			<t id="s29_3" word="de" lemma="de" pos="prp" morph="--" extra="sam-"/>
			<t id="s29_4" word="aquela" lemma="aquele" pos="pron-dem" morph="DET F S" extra="-sam dem"/>
			<t id="s29_5" word="que" lemma="que" pos="conj-s" morph="--" extra="clb clb-fs"/>
			<t id="s29_6" word="teve" lemma="ter" pos="v-fin" morph="PS 3S IND VFIN" extra="nosubj cjt-head cjt-head-Od mv"/>
			<t id="s29_7" word="relação" lemma="relação" pos="n" morph="F S" sem="ac sem-r" extra="--"/>
			<t id="s29_8" word="recente" lemma="recente" pos="adj" morph="F S" extra="nh np-close"/>
			<t id="s29_9" word="," lemma="--" pos="pu" morph="--" extra="--"/>
			<t id="s29_10" word="e" lemma="e" pos="conj-c" morph="--" extra="clb"/>
			<t id="s29_11" word="tem" lemma="ter" pos="v-fin" morph="PR 3S IND VFIN" extra="nosubj cjt-Od fmc mv"/>
			<t id="s29_12" word="outro" lemma="outro" pos="pron-indef" morph="DET M S" extra="diff KOMP"/>
			<t id="s29_13" word="parceiro" lemma="parceiro" pos="n" morph="M S" sem="H" extra="--"/>
			<t id="s29_14" word="logo" lemma="logo" pos="adv" morph="--" extra="kc"/>
			<t id="s29_15" word="em_seguida" lemma="em_seguida" pos="adv" morph="--" sem="pp" extra="--"/>
			<t id="s29_16" word="." lemma="--" pos="pu" morph="--" extra="--"/>
		</terminals>

		<nonterminals>
			<nt id="s29_500" cat="s">
				<edge label="STA" idref="s29_501"/>
			</nt>
			<nt id="s29_501" cat="fcl">
				<edge label="P" idref="s29_1"/>
				<edge label="S" idref="s29_2"/>
				<edge label="fA" idref="s29_502"/>
				<edge label="Od" idref="s29_503"/>
				<edge label="PU" idref="s29_16"/>
			</nt>
			<nt id="s29_502" cat="pp">
				<edge label="H" idref="s29_3"/>
				<edge label="DP" idref="s29_4"/>
			</nt>
			<nt id="s29_503" cat="par">
				<edge label="CJT" idref="s29_504"/>
				<edge label="PU" idref="s29_9"/>
				<edge label="CO" idref="s29_10"/>
				<edge label="CJT" idref="s29_506"/>
			</nt>
			<nt id="s29_504" cat="fcl">
				<edge label="SUB" idref="s29_5"/>
				<edge label="P" idref="s29_6"/>
				<edge label="Od" idref="s29_505"/>
			</nt>
			<nt id="s29_505" cat="np">
				<edge label="H" idref="s29_7"/>
				<edge label="DN" idref="s29_8"/>
			</nt>
			<nt id="s29_506" cat="x">
				<edge label="P" idref="s29_11"/>
				<edge label="Od" idref="s29_507"/>
				<edge label="fA" idref="s29_14"/>
				<edge label="fA" idref="s29_15"/>
			</nt>
			<nt id="s29_507" cat="np">
				<edge label="DN" idref="s29_12"/>
				<edge label="H" idref="s29_13"/>
			</nt>
		</nonterminals>
	</graph>
</s>

<s id="s30" ref="30" source="Running text" forest="1" text="Vou comer a Julieta.">
	<graph root="s30_500">
		<terminals>
			<t id="s30_1" word="Vou" lemma="ir" pos="v-fin" morph="PR 1S IND VFIN" extra="* fmc aux"/>
			<t id="s30_2" word="comer" lemma="comer" pos="v-inf" morph="--" extra="vH mv"/>
			<t id="s30_3" word="a" lemma="o" pos="art" morph="F S" extra="--"/>
			<t id="s30_4" word="Julieta" lemma="Julieta" pos="prop" morph="F S" extra="hum newlex *"/>
			<t id="s30_5" word="." lemma="--" pos="pu" morph="--" extra="--"/>
		</terminals>

		<nonterminals>
			<nt id="s30_500" cat="s">
				<edge label="STA" idref="s30_501"/>
			</nt>
			<nt id="s30_501" cat="fcl">
				<edge label="P" idref="s30_502"/>
				<edge label="Od" idref="s30_503"/>
				<edge label="PU" idref="s30_5"/>
			</nt>
			<nt id="s30_502" cat="vp">
				<edge label="Vaux" idref="s30_1"/>
				<edge label="Vm" idref="s30_2"/>
			</nt>
			<nt id="s30_503" cat="np">
				<edge label="DN" idref="s30_3"/>
				<edge label="H" idref="s30_4"/>
			</nt>
		</nonterminals>
	</graph>
</s>

<s id="s31" ref="31" source="Running text" forest="1" text="O que você acha? --">
	<graph root="s31_500">
		<terminals>
			<t id="s31_1" word="O" lemma="o" pos="art" morph="M S" extra="* "/>
			<t id="s31_2" word="que" lemma="que" pos="spec" morph="M S" extra="clb interr"/>
			<t id="s31_3" word="você" lemma="você" pos="pron-pers" morph="M/F 3S NOM" extra="--"/>
			<t id="s31_4" word="acha" lemma="achar" pos="v-fin" morph="PR 3S IND VFIN" extra="vH fmc mv"/>
			<t id="s31_5" word="?" lemma="--" pos="pu" morph="--" extra="--"/>
			<t id="s31_6" word="--" lemma="--" pos="pu" morph="--" extra="--"/>
		</terminals>

		<nonterminals>
			<nt id="s31_500" cat="s">
				<edge label="QUE" idref="s31_501"/>
			</nt>
			<nt id="s31_501" cat="fcl">
				<edge label="Od" idref="s31_502"/>
				<edge label="S" idref="s31_3"/>
				<edge label="P" idref="s31_4"/>
				<edge label="PU" idref="s31_5"/>
				<edge label="PU" idref="s31_6"/>
			</nt>
			<nt id="s31_502" cat="np">
				<edge label="DN" idref="s31_1"/>
				<edge label="H" idref="s31_2"/>
			</nt>
		</nonterminals>
	</graph>
</s>

<s id="s32" ref="32" source="Running text" forest="1" text="Vai pegar babado.">
	<graph root="s32_500">
		<terminals>
			<t id="s32_1" word="Vai" lemma="ir" pos="v-fin" morph="PR 3S IND VFIN" extra="* fmc aux"/>
			<t id="s32_2" word="pegar" lemma="pegar" pos="v-inf" morph="--" extra="mv"/>
			<t id="s32_3" word="babado" lemma="babado" pos="adj" morph="M S" extra="jh"/>
			<t id="s32_4" word="." lemma="--" pos="pu" morph="--" extra="--"/>
		</terminals>

		<nonterminals>
			<nt id="s32_500" cat="s">
				<edge label="STA" idref="s32_501"/>
			</nt>
			<nt id="s32_501" cat="fcl">
				<edge label="P" idref="s32_502"/>
				<edge label="fCs" idref="s32_3"/>
				<edge label="PU" idref="s32_4"/>
			</nt>
			<nt id="s32_502" cat="vp">
				<edge label="Vaux" idref="s32_1"/>
				<edge label="Vm" idref="s32_2"/>
			</nt>
		</nonterminals>
	</graph>
</s>

<s id="s33" ref="33" source="Running text" forest="1" text="Quem come ela é o Ricardo.">
	<graph root="s33_500">
		<terminals>
			<t id="s33_1" word="Quem" lemma="quem" pos="spec" morph="M S" extra="clb clb-fs * rel"/>
			<t id="s33_2" word="come" lemma="comer" pos="v-fin" morph="PR 3S IND VFIN" extra="vH mv"/>
			<t id="s33_3" word="ela" lemma="ela" pos="pron-pers" morph="F 3S NOM" extra="--"/>
			<t id="s33_4" word="é" lemma="ser" pos="v-fin" morph="PR 3S IND VFIN" extra="vK fmc mv"/>
			<t id="s33_5" word="o" lemma="o" pos="art" morph="M S" extra="--"/>
			<t id="s33_6" word="Ricardo" lemma="Ricardo" pos="prop" morph="M S" extra="hum newlex *"/>
			<t id="s33_7" word="." lemma="--" pos="pu" morph="--" extra="--"/>
		</terminals>

		<nonterminals>
			<nt id="s33_500" cat="s">
				<edge label="STA" idref="s33_501"/>
			</nt>
			<nt id="s33_501" cat="fcl">
				<edge label="S" idref="s33_502"/>
				<edge label="S" idref="s33_3"/>
				<edge label="P" idref="s33_4"/>
				<edge label="Cs" idref="s33_503"/>
				<edge label="PU" idref="s33_7"/>
			</nt>
			<nt id="s33_502" cat="fcl">
				<edge label="S" idref="s33_1"/>
				<edge label="P" idref="s33_2"/>
			</nt>
			<nt id="s33_503" cat="np">
				<edge label="DN" idref="s33_5"/>
				<edge label="H" idref="s33_6"/>
			</nt>
		</nonterminals>
	</graph>
</s>

<s id="s34" ref="34" source="Running text" forest="1" text="Compartilhar enviar nova definição enviar nova imagem denunciar abuso 5 sobe, 7 desce 5. Babado Por Paulo(SC) em 26-01-2010 Conversa mole, conversa reduntante desinteressante do ponto-de-vista do ouvinte Esses políticos falam, falam, falam.">
	<graph root="s34_500">
		<terminals>
			<t id="s34_1" word="Compartilhar" lemma="compartilhar" pos="v-inf" morph="--" extra="cjt-head cjt-head-S * vH mv"/>
			<t id="s34_2" word="enviar" lemma="enviar" pos="v-inf" morph="--" extra="vH mv"/>
			<t id="s34_3" word="nova" lemma="novo" pos="adj" morph="F S" extra="jh"/>
			<t id="s34_4" word="definição" lemma="definição" pos="n" morph="F S" sem="sem-c" extra="--"/>
			<t id="s34_5" word="enviar" lemma="enviar" pos="v-inf" morph="--" extra="vH mv"/>
			<t id="s34_6" word="nova" lemma="novo" pos="adj" morph="F S" extra="jh"/>
			<t id="s34_7" word="imagem" lemma="imagem" pos="n" morph="F S" sem="pict sem-c ac-cat" extra="--"/>
			<t id="s34_8" word="denunciar" lemma="denunciar" pos="v-inf" morph="--" extra="cjt-S vH mv"/>
			<t id="s34_9" word="abuso" lemma="abuso" pos="n" morph="M S" sem="activity" extra="--"/>
			<t id="s34_10" word="5" lemma="5" pos="num" morph="M/F P" extra="card"/>
			<t id="s34_11" word="sobe" lemma="subir" pos="v-fin" morph="PR 3S IND VFIN" extra="clb-fs mv quote"/>
			<t id="s34_12" word="," lemma="--" pos="pu" morph="--" extra="--"/>
			<t id="s34_13" word="7" lemma="7" pos="num" morph="M/F P" extra="card"/>
			<t id="s34_14" word="desce" lemma="descer" pos="v-fin" morph="PR 3S IND VFIN" extra="clb-fs mv quote"/>
			<t id="s34_15" word="5." lemma="5." pos="adj" morph="M/F S" extra="NUM-ord"/>
			<t id="s34_16" word="Babado_Por_Paulo" lemma="Babado_Por_Paulo" pos="prop" morph="M S" extra="hum * heur"/>
			<t id="s34_17" word="(" lemma="--" pos="pu" morph="--" extra="--"/>
			<t id="s34_18" word="SC" lemma="SC" pos="prop" morph="F S" extra="civ * np-close"/>
			<t id="s34_19" word=")" lemma="--" pos="pu" morph="--" extra="--"/>
			<t id="s34_20" word="em" lemma="em" pos="prp" morph="--" extra="--"/>
			<t id="s34_21" word="26-01-2010" lemma="26-01-2010" pos="num" morph="F P" extra="card"/>
			<t id="s34_22" word="Conversa_mole" lemma="conversa_mole" pos="n" morph="F P" sem="talk" extra="prop *"/>
			<t id="s34_23" word="," lemma="--" pos="pu" morph="--" extra="--"/>
			<t id="s34_24" word="conversa" lemma="conversa" pos="n" morph="F S" sem="talk" extra="np-close"/>
			<t id="s34_25" word="reduntante" lemma="reduntante" pos="adj" morph="F S" extra="DERS np-close"/>
			<t id="s34_26" word="desinteressante" lemma="desinteressante" pos="adj" morph="F S" extra="nh np-long"/>
			<t id="s34_27" word="de" lemma="de" pos="prp" morph="--" extra="sam- np-close"/>
			<t id="s34_28" word="o" lemma="o" pos="art" morph="M S" extra="-sam "/>
			<t id="s34_29" word="ponto-de-vista" lemma="ponto-de-vista" pos="n" morph="M S" sem="sem-c" extra="--"/>
			<t id="s34_30" word="de" lemma="de" pos="prp" morph="--" extra="sam- np-close"/>
			<t id="s34_31" word="o" lemma="o" pos="art" morph="M S" extra="-sam "/>
			<t id="s34_32" word="ouvinte" lemma="ouvinte" pos="n" morph="M S" sem="Hattr" extra="--"/>
			<t id="s34_33" word="Esses" lemma="Esses" pos="prop" morph="M S" extra="hum * np-close"/>
			<t id="s34_34" word="políticos" lemma="político" pos="n" morph="M P" sem="Hprof" extra="--"/>
			<t id="s34_35" word="falam" lemma="falar" pos="v-fin" morph="PR 3P IND VFIN" extra="clb-fs vH mv quote"/>
			<t id="s34_36" word="," lemma="--" pos="pu" morph="--" extra="--"/>
			<t id="s34_37" word="falam" lemma="falar" pos="v-fin" morph="PR 3P IND VFIN" extra="clb-fs vH mv v-quote quote"/>
			<t id="s34_38" word="," lemma="--" pos="pu" morph="--" extra="--"/>
			<t id="s34_39" word="falam" lemma="falar" pos="v-fin" morph="PR 3P IND VFIN" extra="vH fmc mv v-quote"/>
			<t id="s34_40" word="." lemma="--" pos="pu" morph="--" extra="--"/>
		</terminals>

		<nonterminals>
			<nt id="s34_500" cat="s">
				<edge label="STA" idref="s34_501"/>
			</nt>
			<nt id="s34_501" cat="fcl">
				<edge label="Od" idref="s34_502"/>
				<edge label="PU" idref="s34_38"/>
				<edge label="P" idref="s34_39"/>
				<edge label="PU" idref="s34_40"/>
			</nt>
			<nt id="s34_502" cat="fcl">
				<edge label="S" idref="s34_503"/>
				<edge label="Od" idref="s34_10"/>
				<edge label="P" idref="s34_11"/>
				<edge label="PU" idref="s34_12"/>
				<edge label="Od" idref="s34_510"/>
				<edge label="S" idref="s34_511"/>
			</nt>
			<nt id="s34_503" cat="par">
				<edge label="CJT" idref="s34_504"/>
				<edge label="CJT" idref="s34_507"/>
			</nt>
			<nt id="s34_504" cat="icl">
				<edge label="P" idref="s34_1"/>
				<edge label="Od" idref="s34_505"/>
			</nt>
			<nt id="s34_505" cat="icl">
				<edge label="P" idref="s34_2"/>
				<edge label="Od" idref="s34_506"/>
			</nt>
			<nt id="s34_506" cat="np">
				<edge label="DN" idref="s34_3"/>
				<edge label="H" idref="s34_4"/>
			</nt>
			<nt id="s34_507" cat="fcl">
				<edge label="S" idref="s34_508"/>
				<edge label="P" idref="s34_8"/>
				<edge label="Od" idref="s34_9"/>
			</nt>
			<nt id="s34_508" cat="icl">
				<edge label="P" idref="s34_5"/>
				<edge label="Od" idref="s34_509"/>
			</nt>
			<nt id="s34_509" cat="np">
				<edge label="DN" idref="s34_6"/>
				<edge label="H" idref="s34_7"/>
			</nt>
			<nt id="s34_510" cat="fcl">
				<edge label="Od" idref="s34_13"/>
				<edge label="P" idref="s34_14"/>
				<edge label="fCs" idref="s34_15"/>
			</nt>
			<nt id="s34_511" cat="np">
				<edge label="H" idref="s34_16"/>
				<edge label="PU" idref="s34_17"/>
				<edge label="DNc" idref="s34_18"/>
				<edge label="PU" idref="s34_19"/>
				<edge label="fA" idref="s34_512"/>
				<edge label="Od" idref="s34_519"/>
				<edge label="PU" idref="s34_36"/>
				<edge label="Od" idref="s34_37"/>
			</nt>
			<nt id="s34_512" cat="pp">
				<edge label="H" idref="s34_20"/>
				<edge label="DP" idref="s34_513"/>
			</nt>
			<nt id="s34_513" cat="np">
				<edge label="DN" idref="s34_21"/>
				<edge label="H" idref="s34_22"/>
				<edge label="PU" idref="s34_23"/>
				<edge label="DNc" idref="s34_514"/>
			</nt>
			<nt id="s34_514" cat="np">
				<edge label="H" idref="s34_24"/>
				<edge label="DN" idref="s34_25"/>
				<edge label="DN" idref="s34_26"/>
				<edge label="DN" idref="s34_515"/>
			</nt>
			<nt id="s34_515" cat="pp">
				<edge label="H" idref="s34_27"/>
				<edge label="DP" idref="s34_516"/>
			</nt>
			<nt id="s34_516" cat="np">
				<edge label="DN" idref="s34_28"/>
				<edge label="H" idref="s34_29"/>
				<edge label="DN" idref="s34_517"/>
			</nt>
			<nt id="s34_517" cat="pp">
				<edge label="H" idref="s34_30"/>
				<edge label="DP" idref="s34_518"/>
			</nt>
			<nt id="s34_518" cat="np">
				<edge label="DN" idref="s34_31"/>
				<edge label="H" idref="s34_32"/>
				<edge label="DN" idref="s34_33"/>
			</nt>
			<nt id="s34_519" cat="fcl">
				<edge label="S" idref="s34_34"/>
				<edge label="P" idref="s34_35"/>
			</nt>
		</nonterminals>
	</graph>
</s>

<s id="s35" ref="35" source="Running text" forest="1" text="É muito babado.">
	<graph root="s35_500">
		<terminals>
			<t id="s35_1" word="É" lemma="ser" pos="v-fin" morph="PR 3S IND VFIN" extra="* vK fmc mv"/>
			<t id="s35_2" word="muito" lemma="muito" pos="adv" morph="--" extra="quant"/>
			<t id="s35_3" word="babado" lemma="babar" pos="v-pcp" morph="M S" extra="jh vH"/>
			<t id="s35_4" word="." lemma="--" pos="pu" morph="--" extra="--"/>
		</terminals>

		<nonterminals>
			<nt id="s35_500" cat="s">
				<edge label="STA" idref="s35_501"/>
			</nt>
			<nt id="s35_501" cat="fcl">
				<edge label="P" idref="s35_1"/>
				<edge label="Cs" idref="s35_502"/>
				<edge label="PU" idref="s35_4"/>
			</nt>
			<nt id="s35_502" cat="adjp">
				<edge label="DA" idref="s35_2"/>
				<edge label="H" idref="s35_3"/>
			</nt>
		</nonterminals>
	</graph>
</s>

<s id="s36" ref="36" source="Running text" forest="1" text="Compartilhar enviar nova definição enviar nova imagem denunciar abuso Outras Informações:Palavras com 6 letras A palavra possui 3 vogais -- a ao A palavra possui 3 consoantes -- b b d 1 página -- 5 Definições gamela estreito de bósforo sarraceno quaieira zorba.">
	<graph root="s36_500">
		<terminals>
			<t id="s36_1" word="Compartilhar" lemma="compartilhar" pos="v-inf" morph="--" extra="* vH mv"/>
			<t id="s36_2" word="enviar" lemma="enviar" pos="v-inf" morph="--" extra="vH mv"/>
			<t id="s36_3" word="nova" lemma="novo" pos="adj" morph="F S" extra="jh"/>
			<t id="s36_4" word="definição" lemma="definição" pos="n" morph="F S" sem="sem-c" extra="--"/>
			<t id="s36_5" word="enviar" lemma="enviar" pos="v-inf" morph="--" extra="vH mv"/>
			<t id="s36_6" word="nova" lemma="novo" pos="adj" morph="F S" extra="jh"/>
			<t id="s36_7" word="imagem" lemma="imagem" pos="n" morph="F S" sem="pict sem-c ac-cat" extra="--"/>
			<t id="s36_8" word="denunciar" lemma="denunciar" pos="v-inf" morph="--" extra="vH mv"/>
			<t id="s36_9" word="abuso" lemma="abuso" pos="n" morph="M S" sem="activity" extra="--"/>
			<t id="s36_10" word="Outras_Informações" lemma="Outras_Informações" pos="prop" morph="M/F S" extra="hum * heur"/>
			<t id="s36_11" word=":Palavras" lemma=":Palavras" pos="n" morph="M S" extra="--"/>
			<t id="s36_12" word="com" lemma="com" pos="prp" morph="--" extra="--"/>
			<t id="s36_13" word="6" lemma="6" pos="num" morph="F P" extra="card"/>
			<t id="s36_14" word="letras" lemma="letra" pos="n" morph="F P" sem="ac-sign sem-r domain" extra="--"/>
			<t id="s36_15" word="A" lemma="o" pos="art" morph="F S" extra="* "/>
			<t id="s36_16" word="palavra" lemma="palavra" pos="n" morph="F S" sem="ac-cat act-s" extra="--"/>
			<t id="s36_17" word="possui" lemma="possuir" pos="v-fin" morph="PR 3S IND VFIN" extra="cjt-head cjt-head-STA vH fmc mv"/>
			<t id="s36_18" word="3" lemma="3" pos="num" morph="M P" extra="card"/>
			<t id="s36_19" word="vogais" lemma="vogal" pos="n" morph="M P" sem="ac-cat H" extra="--"/>
			<t id="s36_20" word="--" lemma="--" pos="pu" morph="--" extra="--"/>
			<t id="s36_21" word="a" lemma="o" pos="pron-dem" morph="DET F S" extra="dem"/>
			<t id="s36_22" word="a" lemma="a" pos="prp" morph="--" extra="np-close"/>
			<t id="s36_23" word="o" lemma="o" pos="art" morph="M S" extra="--"/>
			<t id="s36_24" word="A" lemma="o" pos="art" morph="F S" extra="* "/>
			<t id="s36_25" word="palavra" lemma="palavra" pos="n" morph="F S" sem="ac-cat act-s" extra="--"/>
			<t id="s36_26" word="possui" lemma="possuir" pos="v-fin" morph="PR 3S IND VFIN" extra="cjt-STA vH fmc mv"/>
			<t id="s36_27" word="3" lemma="3" pos="num" morph="F P" extra="card"/>
			<t id="s36_28" word="consoantes" lemma="consoante" pos="n" morph="F P" sem="ac-cat" extra="--"/>
			<t id="s36_29" word="--" lemma="--" pos="pu" morph="--" extra="--"/>
			<t id="s36_30" word="b" lemma="b" pos="n" morph="M S" sem="ac-sign" extra="--"/>
			<t id="s36_31" word="b" lemma="b" pos="n" morph="M S" sem="ac-sign" extra="--"/>
			<t id="s36_32" word="d" lemma="d" pos="n" morph="M S" sem="ac-sign" extra="--"/>
			<t id="s36_33" word="1" lemma="1" pos="num" morph="F S" extra="card"/>
			<t id="s36_34" word="página" lemma="página" pos="n" morph="F S" sem="cc-r" extra="--"/>
			<t id="s36_35" word="--" lemma="--" pos="pu" morph="--" extra="--"/>
			<t id="s36_36" word="5" lemma="5" pos="num" morph="F P" extra="card"/>
			<t id="s36_37" word="Definições" lemma="definição" pos="n" morph="F P" sem="sem-c" extra="prop *"/>
			<t id="s36_38" word="gamela" lemma="gamela" pos="n" morph="F S" sem="con sem-s an Adom" extra="--"/>
			<t id="s36_39" word="estreito" lemma="estreito" pos="adj" morph="M S" extra="nh np-close"/>
			<t id="s36_40" word="de" lemma="de" pos="prp" morph="--" extra="np-close"/>
			<t id="s36_41" word="bósforo" lemma="bósforar" pos="v-fin" morph="PR 1S IND VFIN" extra="nosubj cjt-STA DERS fmc mv"/>
			<t id="s36_42" word="sarraceno" lemma="sarraceno" pos="n" morph="M S" sem="Hnat" extra="--"/>
			<t id="s36_43" word="quaieira" lemma="quaieiro" pos="adj" morph="F S" extra="DERS jh"/>
			<t id="s36_44" word="zorba" lemma="zorbo" pos="adj" morph="F S" extra="heur jh"/>
			<t id="s36_45" word="." lemma="--" pos="pu" morph="--" extra="--"/>
		</terminals>

		<nonterminals>
			<nt id="s36_500" cat="s">
				<edge label="UTT" idref="s36_501"/>
			</nt>
			<nt id="s36_501" cat="icl">
				<edge label="P" idref="s36_1"/>
				<edge label="Od" idref="s36_502"/>
				<edge label="STA" idref="s36_507"/>
				<edge label="PU" idref="s36_45"/>
			</nt>
			<nt id="s36_502" cat="icl">
				<edge label="P" idref="s36_2"/>
				<edge label="Od" idref="s36_503"/>
				<edge label="UTT" idref="s36_504"/>
				<edge label="UTT" idref="s36_506"/>
			</nt>
			<nt id="s36_503" cat="np">
				<edge label="DN" idref="s36_3"/>
				<edge label="H" idref="s36_4"/>
			</nt>
			<nt id="s36_504" cat="icl">
				<edge label="P" idref="s36_5"/>
				<edge label="Od" idref="s36_505"/>
			</nt>
			<nt id="s36_505" cat="np">
				<edge label="DN" idref="s36_6"/>
				<edge label="H" idref="s36_7"/>
			</nt>
			<nt id="s36_506" cat="icl">
				<edge label="P" idref="s36_8"/>
				<edge label="Od" idref="s36_9"/>
			</nt>
			<nt id="s36_507" cat="par">
				<edge label="CJT" idref="s36_508"/>
			</nt>
			<nt id="s36_508" cat="fcl">
				<edge label="CJT" idref="s36_509"/>
				<edge label="fA" idref="s36_510"/>
				<edge label="CJT" idref="s36_519"/>
			</nt>
			<nt id="s36_509" cat="fcl">
				<edge label="S" idref="s36_10"/>
				<edge label="S" idref="s36_11"/>
				<edge label="Od" idref="s36_514"/>
				<edge label="P" idref="s36_26"/>
				<edge label="Od" idref="s36_517"/>
				<edge label="fCs" idref="s36_30"/>
				<edge label="fCs" idref="s36_31"/>
				<edge label="fCs" idref="s36_32"/>
				<edge label="fCs" idref="s36_518"/>
			</nt>
			<nt id="s36_510" cat="pp">
				<edge label="H" idref="s36_12"/>
				<edge label="DP" idref="s36_511"/>
				<edge label="S" idref="s36_512"/>
				<edge label="P" idref="s36_17"/>
				<edge label="Od" idref="s36_513"/>
			</nt>
			<nt id="s36_511" cat="np">
				<edge label="DN" idref="s36_13"/>
				<edge label="H" idref="s36_14"/>
			</nt>
			<nt id="s36_512" cat="np">
				<edge label="DN" idref="s36_15"/>
				<edge label="H" idref="s36_16"/>
			</nt>
			<nt id="s36_513" cat="np">
				<edge label="DN" idref="s36_18"/>
				<edge label="H" idref="s36_19"/>
				<edge label="PU" idref="s36_20"/>
			</nt>
			<nt id="s36_514" cat="np">
				<edge label="H" idref="s36_21"/>
				<edge label="DN" idref="s36_515"/>
			</nt>
			<nt id="s36_515" cat="pp">
				<edge label="H" idref="s36_22"/>
				<edge label="DP" idref="s36_516"/>
			</nt>
			<nt id="s36_516" cat="np">
				<edge label="DN" idref="s36_23"/>
				<edge label="DN" idref="s36_24"/>
				<edge label="H" idref="s36_25"/>
			</nt>
			<nt id="s36_517" cat="np">
				<edge label="DN" idref="s36_27"/>
				<edge label="H" idref="s36_28"/>
				<edge label="PU" idref="s36_29"/>
			</nt>
			<nt id="s36_518" cat="np">
				<edge label="DN" idref="s36_33"/>
				<edge label="H" idref="s36_34"/>
				<edge label="PU" idref="s36_35"/>
			</nt>
			<nt id="s36_519" cat="x">
				<edge label="fCs" idref="s36_520"/>
				<edge label="S" idref="s36_521"/>
				<edge label="P" idref="s36_41"/>
				<edge label="Od" idref="s36_42"/>
				<edge label="fCs" idref="s36_43"/>
				<edge label="fCs" idref="s36_44"/>
			</nt>
			<nt id="s36_520" cat="np">
				<edge label="DN" idref="s36_36"/>
				<edge label="H" idref="s36_37"/>
			</nt>
			<nt id="s36_521" cat="np">
				<edge label="H" idref="s36_38"/>
				<edge label="DN" idref="s36_39"/>
				<edge label="DN" idref="s36_40"/>
			</nt>
		</nonterminals>
	</graph>
</s>

	</body>
</corpus>
