<?xml version="1.0" encoding="UTF-8"?>
<corpus>

	<body>
<s id="s1" ref="1" source="Running text" forest="1" text="Cafetão 2 Definições encontradas.">
	<graph root="s1_500">
		<terminals>
			<t id="s1_1" word="Cafetão" lemma="Cafetão" pos="prop" morph="M/F S" extra="cjt-head cjt-head-X hum *"/>
			<t id="s1_2" word="2" lemma="2" pos="num" morph="F P" extra="card"/>
			<t id="s1_3" word="Definições" lemma="definição" pos="n" morph="F P" sem="sem-c" extra="cjt-X prop *"/>
			<t id="s1_4" word="encontradas" lemma="encontrado" pos="adj" morph="F P" extra="nh np-close"/>
			<t id="s1_5" word="." lemma="--" pos="pu" morph="--" extra="--"/>
		</terminals>

		<nonterminals>
			<nt id="s1_500" cat="s">
				<edge label="X" idref="s1_501"/>
			</nt>
			<nt id="s1_501" cat="par">
				<edge label="CJT" idref="s1_1"/>
				<edge label="CJT" idref="s1_502"/>
				<edge label="PU" idref="s1_5"/>
			</nt>
			<nt id="s1_502" cat="np">
				<edge label="DN" idref="s1_2"/>
				<edge label="H" idref="s1_3"/>
				<edge label="DN" idref="s1_4"/>
			</nt>
		</nonterminals>
	</graph>
</s>

<s id="s2" ref="2" source="Running text" forest="1" text="Tweet Classificação morfossintática:">
	<graph root="s2_500">
		<terminals>
			<t id="s2_1" word="Tweet_Classificação" lemma="Tweet_Classificação" pos="prop" morph="M S" extra="common * heur"/>
			<t id="s2_2" word="morfossintática" lemma="morfossintático" pos="adj" morph="F S" extra="DERS jh np-close"/>
			<t id="s2_3" word=":" lemma="--" pos="pu" morph="--" extra="--"/>
		</terminals>

		<nonterminals>
			<nt id="s2_500" cat="s">
				<edge label="X" idref="s2_501"/>
			</nt>
			<nt id="s2_501" cat="np">
				<edge label="H" idref="s2_1"/>
				<edge label="DN" idref="s2_2"/>
				<edge label="PU" idref="s2_3"/>
			</nt>
		</nonterminals>
	</graph>
</s>

<s id="s3" ref="3" source="Running text" forest="1" text="Substantivo, masculino singular Flexões da palavra Cafetão Imagens:">
	<graph root="s3_500">
		<terminals>
			<t id="s3_1" word="Substantivo" lemma="substantivar" pos="v-fin" morph="PR 1S IND VFIN" extra="* vH fmc mv"/>
			<t id="s3_2" word="," lemma="--" pos="pu" morph="--" extra="--"/>
			<t id="s3_3" word="masculino" lemma="masculino" pos="adj" morph="M S" extra="jh"/>
			<t id="s3_4" word="singular" lemma="singular" pos="adj" morph="F S" extra="jh"/>
			<t id="s3_5" word="Flexões" lemma="flexão" pos="n" morph="F P" sem="act" extra="prop *"/>
			<t id="s3_6" word="de" lemma="de" pos="prp" morph="--" extra="sam- np-close"/>
			<t id="s3_7" word="a" lemma="o" pos="art" morph="F S" extra="-sam "/>
			<t id="s3_8" word="palavra" lemma="palavra" pos="n" morph="F S" sem="ac-cat act-s" extra="--"/>
			<t id="s3_9" word="Cafetão_Imagens" lemma="Cafetão_Imagens" pos="prop" morph="F S" extra="org * heur np-close"/>
			<t id="s3_10" word=":" lemma="--" pos="pu" morph="--" extra="--"/>
		</terminals>

		<nonterminals>
			<nt id="s3_500" cat="s">
				<edge label="STA" idref="s3_501"/>
			</nt>
			<nt id="s3_501" cat="fcl">
				<edge label="P" idref="s3_1"/>
				<edge label="PU" idref="s3_2"/>
				<edge label="fCs" idref="s3_3"/>
				<edge label="fCs" idref="s3_502"/>
				<edge label="PU" idref="s3_10"/>
			</nt>
			<nt id="s3_502" cat="np">
				<edge label="DN" idref="s3_4"/>
				<edge label="H" idref="s3_5"/>
				<edge label="DN" idref="s3_503"/>
			</nt>
			<nt id="s3_503" cat="pp">
				<edge label="H" idref="s3_6"/>
				<edge label="DP" idref="s3_504"/>
			</nt>
			<nt id="s3_504" cat="np">
				<edge label="DN" idref="s3_7"/>
				<edge label="H" idref="s3_8"/>
				<edge label="DN" idref="s3_9"/>
			</nt>
		</nonterminals>
	</graph>
</s>

<s id="s4" ref="4" source="Running text" forest="1" text="Significados de Cafetão:">
	<graph root="s4_500">
		<terminals>
			<t id="s4_1" word="Significados" lemma="significado" pos="n" morph="M P" extra="* sem-c"/>
			<t id="s4_2" word="de" lemma="de" pos="prp" morph="--" extra="np-close"/>
			<t id="s4_3" word="Cafetão" lemma="Cafetão" pos="prop" morph="M/F S" extra="hum *"/>
			<t id="s4_4" word=":" lemma="--" pos="pu" morph="--" extra="--"/>
		</terminals>

		<nonterminals>
			<nt id="s4_500" cat="s">
				<edge label="X" idref="s4_501"/>
			</nt>
			<nt id="s4_501" cat="np">
				<edge label="H" idref="s4_1"/>
				<edge label="DN" idref="s4_502"/>
				<edge label="PU" idref="s4_4"/>
			</nt>
			<nt id="s4_502" cat="pp">
				<edge label="H" idref="s4_2"/>
				<edge label="DP" idref="s4_3"/>
			</nt>
		</nonterminals>
	</graph>
</s>

<s id="s5" ref="5" source="Running text" forest="1" text="49 sobe, 39 desce 1. Cafetão Por Felipe Herzog(ES) em 24-06-2008 Ato de cafetinar;">
	<graph root="s5_500">
		<terminals>
			<t id="s5_1" word="49" lemma="49" pos="num" morph="M/F S" extra="card"/>
			<t id="s5_2" word="sobe" lemma="subir" pos="v-fin" morph="PR 3S IND VFIN" extra="cjt-head cjt-head-STA fmc mv"/>
			<t id="s5_3" word="," lemma="--" pos="pu" morph="--" extra="--"/>
			<t id="s5_4" word="39" lemma="39" pos="num" morph="M/F P" extra="card"/>
			<t id="s5_5" word="desce" lemma="descer" pos="v-fin" morph="PR 3S IND VFIN" extra="cjt-STA fmc mv"/>
			<t id="s5_6" word="1." lemma="1." pos="adj" morph="M/F S" extra="NUM-ord"/>
			<t id="s5_7" word="Cafetão_Por_Felipe_Herzog" lemma="Cafetão_Por_Felipe_Herzog" pos="prop" morph="M/F S" extra="hum * heur"/>
			<t id="s5_8" word="(" lemma="--" pos="pu" morph="--" extra="--"/>
			<t id="s5_9" word="ES" lemma="ES" pos="prop" morph="M S" extra="civ * np-close"/>
			<t id="s5_10" word=")" lemma="--" pos="pu" morph="--" extra="--"/>
			<t id="s5_11" word="em" lemma="em" pos="prp" morph="--" extra="--"/>
			<t id="s5_12" word="24-06-2008" lemma="24-06-2008" pos="num" morph="M P" extra="card"/>
			<t id="s5_13" word="Ato" lemma="ato" pos="n" morph="M P" sem="act cc-r" extra="prop *"/>
			<t id="s5_14" word="de" lemma="de" pos="prp" morph="--" extra="np-close"/>
			<t id="s5_15" word="cafetinar" lemma="cafetinar" pos="v-inf" morph="--" extra="vH mv"/>
			<t id="s5_16" word=";" lemma="--" pos="pu" morph="--" extra="--"/>
		</terminals>

		<nonterminals>
			<nt id="s5_500" cat="s">
				<edge label="STA" idref="s5_501"/>
			</nt>
			<nt id="s5_501" cat="par">
				<edge label="CJT" idref="s5_502"/>
				<edge label="PU" idref="s5_3"/>
				<edge label="CJT" idref="s5_503"/>
				<edge label="PU" idref="s5_16"/>
			</nt>
			<nt id="s5_502" cat="fcl">
				<edge label="S" idref="s5_1"/>
				<edge label="P" idref="s5_2"/>
			</nt>
			<nt id="s5_503" cat="fcl">
				<edge label="Od" idref="s5_4"/>
				<edge label="P" idref="s5_5"/>
				<edge label="fCs" idref="s5_6"/>
				<edge label="S" idref="s5_504"/>
				<edge label="fA" idref="s5_505"/>
			</nt>
			<nt id="s5_504" cat="np">
				<edge label="H" idref="s5_7"/>
				<edge label="PU" idref="s5_8"/>
				<edge label="DNc" idref="s5_9"/>
				<edge label="PU" idref="s5_10"/>
			</nt>
			<nt id="s5_505" cat="pp">
				<edge label="H" idref="s5_11"/>
				<edge label="DP" idref="s5_506"/>
			</nt>
			<nt id="s5_506" cat="np">
				<edge label="DN" idref="s5_12"/>
				<edge label="H" idref="s5_13"/>
				<edge label="DN" idref="s5_507"/>
			</nt>
			<nt id="s5_507" cat="pp">
				<edge label="H" idref="s5_14"/>
				<edge label="DP" idref="s5_15"/>
			</nt>
		</nonterminals>
	</graph>
</s>

<s id="s6" ref="6" source="Running text" forest="1" text="tornar pública uma mulher privada;">
	<graph root="s6_500">
		<terminals>
			<t id="s6_1" word="tornar" lemma="tornar" pos="v-inf" morph="--" extra="mv"/>
			<t id="s6_2" word="pública" lemma="público" pos="adj" morph="F S" extra="jh"/>
			<t id="s6_3" word="uma" lemma="um" pos="art" morph="F S" extra="--"/>
			<t id="s6_4" word="mulher" lemma="mulher" pos="n" morph="F S" sem="Hbio Hfam Hattr" extra="--"/>
			<t id="s6_5" word="privada" lemma="privado" pos="adj" morph="F S" extra="jh np-close"/>
			<t id="s6_6" word=";" lemma="--" pos="pu" morph="--" extra="--"/>
		</terminals>

		<nonterminals>
			<nt id="s6_500" cat="s">
				<edge label="UTT" idref="s6_501"/>
			</nt>
			<nt id="s6_501" cat="icl">
				<edge label="P" idref="s6_1"/>
				<edge label="Od" idref="s6_502"/>
				<edge label="PU" idref="s6_6"/>
			</nt>
			<nt id="s6_502" cat="np">
				<edge label="DN" idref="s6_2"/>
				<edge label="DN" idref="s6_3"/>
				<edge label="H" idref="s6_4"/>
				<edge label="DN" idref="s6_5"/>
			</nt>
		</nonterminals>
	</graph>
</s>

<s id="s7" ref="7" source="Running text" forest="1" text="agênciar mulheres no ramo sexual;">
	<graph root="s7_500">
		<terminals>
			<t id="s7_1" word="agênciar" lemma="agênciar" pos="v-inf" morph="--" extra="DERS mv"/>
			<t id="s7_2" word="mulheres" lemma="mulher" pos="n" morph="F P" sem="Hbio Hfam Hattr" extra="--"/>
			<t id="s7_3" word="em" lemma="em" pos="prp" morph="--" extra="sam-"/>
			<t id="s7_4" word="o" lemma="o" pos="art" morph="M S" extra="-sam "/>
			<t id="s7_5" word="ramo" lemma="ramo" pos="n" morph="M S" sem="anbo cc-stick domain coll-B sick Lwater" extra="--"/>
			<t id="s7_6" word="sexual" lemma="sexual" pos="adj" morph="M S" extra="nh np-close"/>
			<t id="s7_7" word=";" lemma="--" pos="pu" morph="--" extra="--"/>
		</terminals>

		<nonterminals>
			<nt id="s7_500" cat="s">
				<edge label="UTT" idref="s7_501"/>
			</nt>
			<nt id="s7_501" cat="icl">
				<edge label="P" idref="s7_1"/>
				<edge label="Od" idref="s7_2"/>
				<edge label="fA" idref="s7_502"/>
				<edge label="PU" idref="s7_7"/>
			</nt>
			<nt id="s7_502" cat="pp">
				<edge label="H" idref="s7_3"/>
				<edge label="DP" idref="s7_503"/>
			</nt>
			<nt id="s7_503" cat="np">
				<edge label="DN" idref="s7_4"/>
				<edge label="H" idref="s7_5"/>
				<edge label="DN" idref="s7_6"/>
			</nt>
		</nonterminals>
	</graph>
</s>

<s id="s8" ref="8" source="Running text" forest="1" text="Esse cafetão esta ganhando a maior grana agenciando aquela puta.">
	<graph root="s8_500">
		<terminals>
			<t id="s8_1" word="Esse" lemma="esse" pos="pron-dem" morph="DET M S" extra="* dem"/>
			<t id="s8_2" word="cafetão" lemma="cafetão" pos="n" morph="M S" sem="Hprof" extra="cjt-head cjt-head-S"/>
			<t id="s8_3" word="esta" lemma="este" pos="pron-dem" morph="DET F S" extra="cjt-S dem"/>
			<t id="s8_4" word="ganhando" lemma="ganhar" pos="v-ger" morph="--" extra="clb vH mv"/>
			<t id="s8_5" word="a" lemma="o" pos="art" morph="F S" extra="--"/>
			<t id="s8_6" word="maior" lemma="grande" pos="adj" morph="F S" extra="KOMP"/>
			<t id="s8_7" word="grana" lemma="grana" pos="n" morph="F S" sem="mon" extra="--"/>
			<t id="s8_8" word="agenciando" lemma="agenciar" pos="v-ger" morph="--" extra="clb vH mv"/>
			<t id="s8_9" word="aquela" lemma="aquele" pos="pron-dem" morph="DET F S" extra="dem"/>
			<t id="s8_10" word="puta" lemma="puta" pos="n" morph="F S" sem="Hprof" extra="--"/>
			<t id="s8_11" word="." lemma="--" pos="pu" morph="--" extra="--"/>
		</terminals>

		<nonterminals>
			<nt id="s8_500" cat="s">
				<edge label="fA" idref="s8_501"/>
			</nt>
			<nt id="s8_501" cat="fcl">
				<edge label="S" idref="s8_502"/>
				<edge label="P" idref="s8_4"/>
				<edge label="Od" idref="s8_504"/>
				<edge label="fA" idref="s8_505"/>
				<edge label="PU" idref="s8_11"/>
			</nt>
			<nt id="s8_502" cat="par">
				<edge label="CJT" idref="s8_503"/>
				<edge label="CJT" idref="s8_3"/>
			</nt>
			<nt id="s8_503" cat="np">
				<edge label="DN" idref="s8_1"/>
				<edge label="H" idref="s8_2"/>
			</nt>
			<nt id="s8_504" cat="np">
				<edge label="DN" idref="s8_5"/>
				<edge label="DN" idref="s8_6"/>
				<edge label="H" idref="s8_7"/>
			</nt>
			<nt id="s8_505" cat="advp">
				<edge label="P" idref="s8_8"/>
				<edge label="Od" idref="s8_506"/>
			</nt>
			<nt id="s8_506" cat="np">
				<edge label="DN" idref="s8_9"/>
				<edge label="H" idref="s8_10"/>
			</nt>
		</nonterminals>
	</graph>
</s>

<s id="s9" ref="9" source="Running text" forest="1" text="Compartilhar enviar nova definição enviar nova imagem denunciar abuso Relacionadas:">
	<graph root="s9_500">
		<terminals>
			<t id="s9_1" word="Compartilhar" lemma="compartilhar" pos="v-inf" morph="--" extra="* vH mv"/>
			<t id="s9_2" word="enviar" lemma="enviar" pos="v-inf" morph="--" extra="vH mv"/>
			<t id="s9_3" word="nova" lemma="novo" pos="adj" morph="F S" extra="jh"/>
			<t id="s9_4" word="definição" lemma="definição" pos="n" morph="F S" sem="sem-c" extra="--"/>
			<t id="s9_5" word="enviar" lemma="enviar" pos="v-inf" morph="--" extra="vH mv"/>
			<t id="s9_6" word="nova" lemma="novo" pos="adj" morph="F S" extra="jh"/>
			<t id="s9_7" word="imagem" lemma="imagem" pos="n" morph="F S" sem="pict sem-c ac-cat" extra="--"/>
			<t id="s9_8" word="denunciar" lemma="denunciar" pos="v-inf" morph="--" extra="vH mv"/>
			<t id="s9_9" word="abuso" lemma="abuso" pos="n" morph="M S" sem="activity" extra="--"/>
			<t id="s9_10" word="Relacionadas" lemma="Relacionadas" pos="prop" morph="M S" extra="hum * np-close"/>
			<t id="s9_11" word=":" lemma="--" pos="pu" morph="--" extra="--"/>
		</terminals>

		<nonterminals>
			<nt id="s9_500" cat="s">
				<edge label="UTT" idref="s9_501"/>
			</nt>
			<nt id="s9_501" cat="icl">
				<edge label="P" idref="s9_1"/>
				<edge label="Od" idref="s9_502"/>
				<edge label="PU" idref="s9_11"/>
			</nt>
			<nt id="s9_502" cat="icl">
				<edge label="P" idref="s9_2"/>
				<edge label="Od" idref="s9_503"/>
				<edge label="UTT" idref="s9_504"/>
				<edge label="UTT" idref="s9_506"/>
			</nt>
			<nt id="s9_503" cat="np">
				<edge label="DN" idref="s9_3"/>
				<edge label="H" idref="s9_4"/>
			</nt>
			<nt id="s9_504" cat="icl">
				<edge label="P" idref="s9_5"/>
				<edge label="Od" idref="s9_505"/>
			</nt>
			<nt id="s9_505" cat="np">
				<edge label="DN" idref="s9_6"/>
				<edge label="H" idref="s9_7"/>
			</nt>
			<nt id="s9_506" cat="icl">
				<edge label="P" idref="s9_8"/>
				<edge label="Od" idref="s9_507"/>
			</nt>
			<nt id="s9_507" cat="np">
				<edge label="H" idref="s9_9"/>
				<edge label="DN" idref="s9_10"/>
			</nt>
		</nonterminals>
	</graph>
</s>

<s id="s10" ref="10" source="Running text" forest="1" text="cafetã cafetinar prostituição mais...">
	<graph root="s10_500">
		<terminals>
			<t id="s10_1" word="cafetã" lemma="cafetã" pos="n" morph="M S" sem="cloH" extra="--"/>
			<t id="s10_2" word="cafetinar" lemma="cafetinar" pos="v-inf" morph="3S" extra="vH mv"/>
			<t id="s10_3" word="prostituição" lemma="prostituição" pos="n" morph="F S" sem="act" extra="--"/>
			<t id="s10_4" word="mais" lemma="mais" pos="adv" morph="--" extra="--"/>
			<t id="s10_5" word="." lemma="--" pos="pu" morph="--" extra="--"/>
		</terminals>

		<nonterminals>
			<nt id="s10_500" cat="s">
				<edge label="S" idref="s10_501"/>
			</nt>
			<nt id="s10_501" cat="fcl">
				<edge label="S" idref="s10_1"/>
				<edge label="P" idref="s10_2"/>
				<edge label="Od" idref="s10_3"/>
				<edge label="fA" idref="s10_4"/>
				<edge label="PU" idref="s10_5"/>
			</nt>
		</nonterminals>
	</graph>
</s>

<s id="s11" ref="11" source="Running text" forest="1" text="3 sobe, 4 desce 2. Cafetão Por Dicionário inFormal(SP) em 26-09-2007 Uma espécie de Gerente de garotas e garotos de programa.">
	<graph root="s11_500">
		<terminals>
			<t id="s11_1" word="3" lemma="3" pos="num" morph="M/F P" extra="card"/>
			<t id="s11_2" word="sobe" lemma="subir" pos="v-fin" morph="PR 3S IND VFIN" extra="cjt-head cjt-head-STA fmc mv"/>
			<t id="s11_3" word="," lemma="--" pos="pu" morph="--" extra="--"/>
			<t id="s11_4" word="4" lemma="4" pos="num" morph="M/F P" extra="card"/>
			<t id="s11_5" word="desce" lemma="descer" pos="v-fin" morph="PR 3S IND VFIN" extra="cjt-STA fmc mv"/>
			<t id="s11_6" word="2." lemma="2." pos="adj" morph="M/F S" extra="NUM-ord"/>
			<t id="s11_7" word="Cafetão_Por_Dicionário" lemma="Cafetão_Por_Dicionário" pos="prop" morph="M S" extra="tit *"/>
			<t id="s11_8" word="inFormal" lemma="inFormal" pos="adj" morph="M S" extra="np-close"/>
			<t id="s11_9" word="(" lemma="--" pos="pu" morph="--" extra="--"/>
			<t id="s11_10" word="SP" lemma="SP" pos="prop" morph="M S" extra="civ * np-close"/>
			<t id="s11_11" word=")" lemma="--" pos="pu" morph="--" extra="--"/>
			<t id="s11_12" word="em" lemma="em" pos="prp" morph="--" extra="--"/>
			<t id="s11_13" word="26-09-2007" lemma="26-09-2007" pos="num" morph="M/F S" extra="cjt-head cjt-head-DP card"/>
			<t id="s11_14" word="Uma" lemma="uma" pos="num" morph="F S" extra="prop * card"/>
			<t id="s11_15" word="espécie" lemma="espécie" pos="n" morph="F S" sem="meta A" extra="cjt-DP"/>
			<t id="s11_16" word="de" lemma="de" pos="prp" morph="--" extra="np-close"/>
			<t id="s11_17" word="Gerente" lemma="Gerente" pos="prop" morph="M/F S" extra="hum *"/>
			<t id="s11_18" word="de" lemma="de" pos="prp" morph="--" extra="np-close"/>
			<t id="s11_19" word="garotas" lemma="garota" pos="n" morph="F P" sem="Hbio" extra="cjt-head cjt-head-DP"/>
			<t id="s11_20" word="e" lemma="e" pos="conj-c" morph="--" extra="--"/>
			<t id="s11_21" word="garotos" lemma="garoto" pos="n" morph="M P" sem="Hbio" extra="cjt-DP"/>
			<t id="s11_22" word="de" lemma="de" pos="prp" morph="--" extra="np-close"/>
			<t id="s11_23" word="programa" lemma="programa" pos="n" morph="M S" sem="sem-c sem-r" extra="--"/>
			<t id="s11_24" word="." lemma="--" pos="pu" morph="--" extra="--"/>
		</terminals>

		<nonterminals>
			<nt id="s11_500" cat="s">
				<edge label="STA" idref="s11_501"/>
			</nt>
			<nt id="s11_501" cat="par">
				<edge label="CJT" idref="s11_502"/>
				<edge label="PU" idref="s11_3"/>
				<edge label="CJT" idref="s11_503"/>
				<edge label="PU" idref="s11_24"/>
			</nt>
			<nt id="s11_502" cat="fcl">
				<edge label="Od" idref="s11_1"/>
				<edge label="P" idref="s11_2"/>
			</nt>
			<nt id="s11_503" cat="fcl">
				<edge label="Od" idref="s11_4"/>
				<edge label="P" idref="s11_5"/>
				<edge label="fCs" idref="s11_6"/>
				<edge label="S" idref="s11_504"/>
				<edge label="fA" idref="s11_505"/>
			</nt>
			<nt id="s11_504" cat="np">
				<edge label="H" idref="s11_7"/>
				<edge label="DN" idref="s11_8"/>
				<edge label="PU" idref="s11_9"/>
				<edge label="DNapp" idref="s11_10"/>
				<edge label="PU" idref="s11_11"/>
			</nt>
			<nt id="s11_505" cat="pp">
				<edge label="H" idref="s11_12"/>
				<edge label="DP" idref="s11_506"/>
			</nt>
			<nt id="s11_506" cat="par">
				<edge label="CJT" idref="s11_13"/>
				<edge label="CJT" idref="s11_507"/>
			</nt>
			<nt id="s11_507" cat="np">
				<edge label="DN" idref="s11_14"/>
				<edge label="H" idref="s11_15"/>
				<edge label="DN" idref="s11_508"/>
			</nt>
			<nt id="s11_508" cat="pp">
				<edge label="H" idref="s11_16"/>
				<edge label="DP" idref="s11_509"/>
			</nt>
			<nt id="s11_509" cat="np">
				<edge label="H" idref="s11_17"/>
				<edge label="DN" idref="s11_510"/>
			</nt>
			<nt id="s11_510" cat="pp">
				<edge label="H" idref="s11_18"/>
				<edge label="DP" idref="s11_511"/>
			</nt>
			<nt id="s11_511" cat="par">
				<edge label="CJT" idref="s11_19"/>
				<edge label="CO" idref="s11_20"/>
				<edge label="CJT" idref="s11_512"/>
			</nt>
			<nt id="s11_512" cat="np">
				<edge label="H" idref="s11_21"/>
				<edge label="DN" idref="s11_513"/>
			</nt>
			<nt id="s11_513" cat="pp">
				<edge label="H" idref="s11_22"/>
				<edge label="DP" idref="s11_23"/>
			</nt>
		</nonterminals>
	</graph>
</s>

<s id="s12" ref="12" source="Running text" forest="1" text="Joana teve medo de não pagar seu Cafetão.">
	<graph root="s12_500">
		<terminals>
			<t id="s12_1" word="Joana" lemma="Joana" pos="prop" morph="F S" extra="hum newlex *"/>
			<t id="s12_2" word="teve" lemma="ter" pos="v-fin" morph="PS 3S IND VFIN" extra="fmc mv"/>
			<t id="s12_3" word="medo" lemma="medo" pos="n" morph="M S" sem="am percep-f" extra="--"/>
			<t id="s12_4" word="de" lemma="de" pos="prp" morph="--" extra="np-close"/>
			<t id="s12_5" word="não" lemma="não" pos="adv" morph="--" extra="--"/>
			<t id="s12_6" word="pagar" lemma="pagar" pos="v-inf" morph="--" extra="vH mv"/>
			<t id="s12_7" word="seu" lemma="seu" pos="pron-poss" morph="DET M S" extra="si poss 3S"/>
			<t id="s12_8" word="Cafetão" lemma="cafetão" pos="n" morph="M S" sem="Hprof" extra="prop *"/>
			<t id="s12_9" word="." lemma="--" pos="pu" morph="--" extra="--"/>
		</terminals>

		<nonterminals>
			<nt id="s12_500" cat="s">
				<edge label="STA" idref="s12_501"/>
			</nt>
			<nt id="s12_501" cat="fcl">
				<edge label="S" idref="s12_1"/>
				<edge label="P" idref="s12_2"/>
				<edge label="Od" idref="s12_502"/>
				<edge label="PU" idref="s12_9"/>
			</nt>
			<nt id="s12_502" cat="np">
				<edge label="H" idref="s12_3"/>
				<edge label="DN" idref="s12_503"/>
			</nt>
			<nt id="s12_503" cat="pp">
				<edge label="H" idref="s12_4"/>
				<edge label="DP" idref="s12_504"/>
			</nt>
			<nt id="s12_504" cat="icl">
				<edge label="fA" idref="s12_5"/>
				<edge label="P" idref="s12_6"/>
				<edge label="Od" idref="s12_505"/>
			</nt>
			<nt id="s12_505" cat="np">
				<edge label="DN" idref="s12_7"/>
				<edge label="H" idref="s12_8"/>
			</nt>
		</nonterminals>
	</graph>
</s>

<s id="s13" ref="13" source="Running text" forest="1" text="Compartilhar enviar nova definição enviar nova imagem denunciar abuso Outras Informações:Palavras com 7 letras A palavra possui 4 vogais -- a e ao A palavra possui 3 consoantes -- c f t 1 página -- 2 Definições lichia huron madrugada gamela estreito de bósforo.">
	<graph root="s13_500">
		<terminals>
			<t id="s13_1" word="Compartilhar" lemma="compartilhar" pos="v-inf" morph="--" extra="* vH mv"/>
			<t id="s13_2" word="enviar" lemma="enviar" pos="v-inf" morph="--" extra="vH mv"/>
			<t id="s13_3" word="nova" lemma="novo" pos="adj" morph="F S" extra="jh"/>
			<t id="s13_4" word="definição" lemma="definição" pos="n" morph="F S" sem="sem-c" extra="--"/>
			<t id="s13_5" word="enviar" lemma="enviar" pos="v-inf" morph="--" extra="vH mv"/>
			<t id="s13_6" word="nova" lemma="novo" pos="adj" morph="F S" extra="jh"/>
			<t id="s13_7" word="imagem" lemma="imagem" pos="n" morph="F S" sem="pict sem-c ac-cat" extra="--"/>
			<t id="s13_8" word="denunciar" lemma="denunciar" pos="v-inf" morph="--" extra="vH mv"/>
			<t id="s13_9" word="abuso" lemma="abuso" pos="n" morph="M S" sem="activity" extra="--"/>
			<t id="s13_10" word="Outras_Informações" lemma="Outras_Informações" pos="prop" morph="M S" extra="hum * heur np-close"/>
			<t id="s13_11" word=":Palavras" lemma=":Palavras" pos="n" morph="M S" extra="cjt-head cjt-head-S"/>
			<t id="s13_12" word="com" lemma="com" pos="prp" morph="--" extra="--"/>
			<t id="s13_13" word="7" lemma="7" pos="num" morph="F P" extra="card"/>
			<t id="s13_14" word="letras" lemma="letra" pos="n" morph="F P" sem="ac-sign sem-r domain" extra="--"/>
			<t id="s13_15" word="A" lemma="o" pos="art" morph="F S" extra="* "/>
			<t id="s13_16" word="palavra" lemma="palavra" pos="n" morph="F S" sem="ac-cat act-s" extra="cjt-S"/>
			<t id="s13_17" word="possui" lemma="possuir" pos="v-fin" morph="PR 3S IND VFIN" extra="predco vH fmc mv"/>
			<t id="s13_18" word="4" lemma="4" pos="num" morph="M P" extra="card"/>
			<t id="s13_19" word="vogais" lemma="vogal" pos="n" morph="M P" sem="ac-cat H" extra="--"/>
			<t id="s13_20" word="--" lemma="--" pos="pu" morph="--" extra="--"/>
			<t id="s13_21" word="a" lemma="a" pos="prp" morph="--" extra="--"/>
			<t id="s13_22" word="e" lemma="e" pos="conj-c" morph="--" extra="--"/>
			<t id="s13_23" word="a" lemma="a" pos="prp" morph="--" extra="sam-"/>
			<t id="s13_24" word="o" lemma="o" pos="art" morph="M S" extra="-sam "/>
			<t id="s13_25" word="A" lemma="o" pos="art" morph="F S" extra="* "/>
			<t id="s13_26" word="palavra" lemma="palavra" pos="n" morph="F S" sem="ac-cat act-s" extra="--"/>
			<t id="s13_27" word="possui" lemma="possuir" pos="v-fin" morph="PR 3S IND VFIN" extra="cjt-STA vH fmc mv"/>
			<t id="s13_28" word="3" lemma="3" pos="num" morph="F P" extra="card"/>
			<t id="s13_29" word="consoantes" lemma="consoante" pos="n" morph="F P" sem="ac-cat" extra="--"/>
			<t id="s13_30" word="--" lemma="--" pos="pu" morph="--" extra="--"/>
			<t id="s13_31" word="c" lemma="c" pos="n" morph="M S" sem="ac-sign" extra="cjt-head cjt-head-S"/>
			<t id="s13_32" word="f" lemma="f" pos="n" morph="M S" sem="ac-sign" extra="cjt-S"/>
			<t id="s13_33" word="t" lemma="t" pos="n" morph="M S" sem="ac-sign" extra="cjt-S"/>
			<t id="s13_34" word="1" lemma="1" pos="num" morph="F S" extra="card"/>
			<t id="s13_35" word="página" lemma="página" pos="n" morph="F S" sem="cc-r" extra="cjt-S"/>
			<t id="s13_36" word="--" lemma="--" pos="pu" morph="--" extra="--"/>
			<t id="s13_37" word="2" lemma="2" pos="num" morph="F P" extra="card"/>
			<t id="s13_38" word="Definições" lemma="definição" pos="n" morph="F P" sem="sem-c" extra="prop *"/>
			<t id="s13_39" word="lichia" lemma="licher" pos="v-fin" morph="IMPF 3S IND VFIN" extra="cjt-STA heur fmc mv"/>
			<t id="s13_40" word="huron" lemma="huron" pos="n" morph="M S" extra="heur"/>
			<t id="s13_41" word="madrugada" lemma="madrugada" pos="n" morph="F S" sem="temp" extra="cjt-head cjt-head-Od"/>
			<t id="s13_42" word="gamela" lemma="gamela" pos="n" morph="F S" sem="con sem-s an Adom" extra="cjt-Od"/>
			<t id="s13_43" word="estreito" lemma="estreito" pos="adj" morph="M S" extra="nh np-close"/>
			<t id="s13_44" word="de" lemma="de" pos="prp" morph="--" extra="np-close"/>
			<t id="s13_45" word="bósforo" lemma="bósforar" pos="v-fin" morph="PR 1S IND VFIN" extra="nosubj cjt-STA DERS fmc mv"/>
			<t id="s13_46" word="." lemma="--" pos="pu" morph="--" extra="--"/>
		</terminals>

		<nonterminals>
			<nt id="s13_500" cat="s">
				<edge label="UTT" idref="s13_501"/>
			</nt>
			<nt id="s13_501" cat="x">
				<edge label="UTT" idref="s13_506"/>
				<edge label="P" idref="s13_5"/>
				<edge label="Od" idref="s13_507"/>
				<edge label="UTT" idref="s13_508"/>
				<edge label="PU" idref="s13_46"/>
			</nt>
			<nt id="s13_502" cat="fcl">
				<edge label="S" idref="s13_503"/>
			</nt>
			<nt id="s13_503" cat="icl">
				<edge label="P" idref="s13_1"/>
				<edge label="Od" idref="s13_504"/>
			</nt>
			<nt id="s13_504" cat="icl">
				<edge label="P" idref="s13_2"/>
				<edge label="Od" idref="s13_505"/>
			</nt>
			<nt id="s13_505" cat="np">
				<edge label="DN" idref="s13_3"/>
				<edge label="H" idref="s13_4"/>
			</nt>
			<nt id="s13_506" cat="icl">
			</nt>
			<nt id="s13_507" cat="np">
				<edge label="DN" idref="s13_6"/>
				<edge label="H" idref="s13_7"/>
			</nt>
			<nt id="s13_508" cat="fcl">
				<edge label="P" idref="s13_8"/>
				<edge label="Od" idref="s13_509"/>
				<edge label="S" idref="s13_510"/>
				<edge label="fA" idref="s13_511"/>
				<edge label="X" idref="s13_514"/>
			</nt>
			<nt id="s13_509" cat="np">
				<edge label="H" idref="s13_9"/>
				<edge label="DN" idref="s13_10"/>
			</nt>
			<nt id="s13_510" cat="par">
				<edge label="CJT" idref="s13_11"/>
			</nt>
			<nt id="s13_511" cat="pp">
				<edge label="H" idref="s13_12"/>
				<edge label="DP" idref="s13_512"/>
				<edge label="CJT" idref="s13_513"/>
			</nt>
			<nt id="s13_512" cat="np">
				<edge label="DN" idref="s13_13"/>
				<edge label="H" idref="s13_14"/>
			</nt>
			<nt id="s13_513" cat="np">
				<edge label="DN" idref="s13_15"/>
				<edge label="H" idref="s13_16"/>
			</nt>
			<nt id="s13_514" cat="par">
				<edge label="CJT" idref="s13_515"/>
				<edge label="CJT" idref="s13_517"/>
				<edge label="CJT" idref="s13_523"/>
				<edge label="CJT" idref="s13_45"/>
			</nt>
			<nt id="s13_515" cat="x">
				<edge label="P" idref="s13_17"/>
				<edge label="Od" idref="s13_516"/>
			</nt>
			<nt id="s13_516" cat="np">
				<edge label="DN" idref="s13_18"/>
				<edge label="H" idref="s13_19"/>
				<edge label="PU" idref="s13_20"/>
				<edge label="CO" idref="s13_22"/>
			</nt>
			<nt id="s13_517" cat="fcl">
				<edge label="fA" idref="s13_21"/>
				<edge label="fA" idref="s13_518"/>
				<edge label="P" idref="s13_27"/>
				<edge label="Od" idref="s13_520"/>
				<edge label="S" idref="s13_521"/>
			</nt>
			<nt id="s13_518" cat="pp">
				<edge label="H" idref="s13_23"/>
				<edge label="DP" idref="s13_519"/>
			</nt>
			<nt id="s13_519" cat="np">
				<edge label="DN" idref="s13_24"/>
				<edge label="DN" idref="s13_25"/>
				<edge label="H" idref="s13_26"/>
			</nt>
			<nt id="s13_520" cat="np">
				<edge label="DN" idref="s13_28"/>
				<edge label="H" idref="s13_29"/>
				<edge label="PU" idref="s13_30"/>
			</nt>
			<nt id="s13_521" cat="par">
				<edge label="CJT" idref="s13_31"/>
				<edge label="CJT" idref="s13_32"/>
				<edge label="CJT" idref="s13_33"/>
				<edge label="CJT" idref="s13_522"/>
			</nt>
			<nt id="s13_522" cat="np">
				<edge label="DN" idref="s13_34"/>
				<edge label="H" idref="s13_35"/>
				<edge label="PU" idref="s13_36"/>
			</nt>
			<nt id="s13_523" cat="fcl">
				<edge label="fCs" idref="s13_524"/>
				<edge label="P" idref="s13_39"/>
				<edge label="S" idref="s13_40"/>
				<edge label="Od" idref="s13_525"/>
			</nt>
			<nt id="s13_524" cat="np">
				<edge label="DN" idref="s13_37"/>
				<edge label="H" idref="s13_38"/>
			</nt>
			<nt id="s13_525" cat="par">
				<edge label="CJT" idref="s13_41"/>
				<edge label="CJT" idref="s13_526"/>
			</nt>
			<nt id="s13_526" cat="np">
				<edge label="H" idref="s13_42"/>
				<edge label="DN" idref="s13_43"/>
				<edge label="DN" idref="s13_44"/>
			</nt>
		</nonterminals>
	</graph>
</s>

	</body>
</corpus>
