<?xml version="1.0" encoding="UTF-8"?>
<corpus>

	<body>
<s id="s1" ref="1" source="Running text" forest="1" text="Capelão 2 Definições encontradas.">
	<graph root="s1_500">
		<terminals>
			<t id="s1_1" word="Capelão" lemma="Capelão" pos="prop" morph="M/F S" extra="cjt-head cjt-head-X hum *"/>
			<t id="s1_2" word="2" lemma="2" pos="num" morph="F P" extra="card"/>
			<t id="s1_3" word="Definições" lemma="definição" pos="n" morph="F P" sem="sem-c" extra="cjt-X prop *"/>
			<t id="s1_4" word="encontradas" lemma="encontrado" pos="adj" morph="F P" extra="nh np-close"/>
			<t id="s1_5" word="." lemma="--" pos="pu" morph="--" extra="--"/>
		</terminals>

		<nonterminals>
			<nt id="s1_500" cat="s">
				<edge label="X" idref="s1_501"/>
			</nt>
			<nt id="s1_501" cat="par">
				<edge label="CJT" idref="s1_1"/>
				<edge label="CJT" idref="s1_502"/>
				<edge label="PU" idref="s1_5"/>
			</nt>
			<nt id="s1_502" cat="np">
				<edge label="DN" idref="s1_2"/>
				<edge label="H" idref="s1_3"/>
				<edge label="DN" idref="s1_4"/>
			</nt>
		</nonterminals>
	</graph>
</s>

<s id="s2" ref="2" source="Running text" forest="1" text="Tweet Classificação morfossintática:">
	<graph root="s2_500">
		<terminals>
			<t id="s2_1" word="Tweet_Classificação" lemma="Tweet_Classificação" pos="prop" morph="M S" extra="common * heur"/>
			<t id="s2_2" word="morfossintática" lemma="morfossintático" pos="adj" morph="F S" extra="DERS jh np-close"/>
			<t id="s2_3" word=":" lemma="--" pos="pu" morph="--" extra="--"/>
		</terminals>

		<nonterminals>
			<nt id="s2_500" cat="s">
				<edge label="X" idref="s2_501"/>
			</nt>
			<nt id="s2_501" cat="np">
				<edge label="H" idref="s2_1"/>
				<edge label="DN" idref="s2_2"/>
				<edge label="PU" idref="s2_3"/>
			</nt>
		</nonterminals>
	</graph>
</s>

<s id="s3" ref="3" source="Running text" forest="1" text="Substantivo, masculino singular Flexões da palavra Capelão Significados de Capelão:">
	<graph root="s3_500">
		<terminals>
			<t id="s3_1" word="Substantivo" lemma="substantivar" pos="v-fin" morph="PR 1S IND VFIN" extra="* vH fmc mv"/>
			<t id="s3_2" word="," lemma="--" pos="pu" morph="--" extra="--"/>
			<t id="s3_3" word="masculino" lemma="masculino" pos="adj" morph="M S" extra="jh"/>
			<t id="s3_4" word="singular" lemma="singular" pos="adj" morph="F S" extra="jh"/>
			<t id="s3_5" word="Flexões" lemma="flexão" pos="n" morph="F P" sem="act" extra="prop *"/>
			<t id="s3_6" word="de" lemma="de" pos="prp" morph="--" extra="sam- np-close"/>
			<t id="s3_7" word="a" lemma="o" pos="art" morph="F S" extra="-sam "/>
			<t id="s3_8" word="palavra" lemma="palavra" pos="n" morph="F S" sem="ac-cat act-s" extra="--"/>
			<t id="s3_9" word="Capelão_Significados_de_Capelão" lemma="Capelão_Significados_de_Capelão" pos="prop" morph="F S" extra="org * heur np-close"/>
			<t id="s3_10" word=":" lemma="--" pos="pu" morph="--" extra="--"/>
		</terminals>

		<nonterminals>
			<nt id="s3_500" cat="s">
				<edge label="STA" idref="s3_501"/>
			</nt>
			<nt id="s3_501" cat="fcl">
				<edge label="P" idref="s3_1"/>
				<edge label="PU" idref="s3_2"/>
				<edge label="fCs" idref="s3_3"/>
				<edge label="fCs" idref="s3_502"/>
				<edge label="PU" idref="s3_10"/>
			</nt>
			<nt id="s3_502" cat="np">
				<edge label="DN" idref="s3_4"/>
				<edge label="H" idref="s3_5"/>
				<edge label="DN" idref="s3_503"/>
			</nt>
			<nt id="s3_503" cat="pp">
				<edge label="H" idref="s3_6"/>
				<edge label="DP" idref="s3_504"/>
			</nt>
			<nt id="s3_504" cat="np">
				<edge label="DN" idref="s3_7"/>
				<edge label="H" idref="s3_8"/>
				<edge label="DN" idref="s3_9"/>
			</nt>
		</nonterminals>
	</graph>
</s>

<s id="s4" ref="4" source="Running text" forest="1" text="39 sobe, 11 desce 1. Capelão Por Dicionário inFormal(SP) em 08-12-2007 Capelão é o sacerdote, pastor e ou padre, a quem se confia de modo estável o cuidado pastoral, ao menos parcial, de alguma comunidade ou grupo peculiar de fiéis,...">
	<graph root="s4_500">
		<terminals>
			<t id="s4_1" word="39" lemma="39" pos="num" morph="M S" extra="card"/>
			<t id="s4_2" word="sobe" lemma="subir" pos="v-fin" morph="PR 3S IND VFIN" extra="cjt-head cjt-head-STA fmc mv"/>
			<t id="s4_3" word="," lemma="--" pos="pu" morph="--" extra="--"/>
			<t id="s4_4" word="11" lemma="11" pos="num" morph="M/F P" extra="card"/>
			<t id="s4_5" word="desce" lemma="descer" pos="v-fin" morph="PR 3S IND VFIN" extra="cjt-STA fmc mv"/>
			<t id="s4_6" word="1." lemma="1." pos="adj" morph="M/F S" extra="NUM-ord"/>
			<t id="s4_7" word="Capelão_Por_Dicionário" lemma="Capelão_Por_Dicionário" pos="prop" morph="M S" extra="tit *"/>
			<t id="s4_8" word="inFormal" lemma="inFormal" pos="adj" morph="M S" extra="np-close"/>
			<t id="s4_9" word="(" lemma="--" pos="pu" morph="--" extra="--"/>
			<t id="s4_10" word="SP" lemma="SP" pos="prop" morph="M S" extra="civ * np-close"/>
			<t id="s4_11" word=")" lemma="--" pos="pu" morph="--" extra="--"/>
			<t id="s4_12" word="em" lemma="em" pos="prp" morph="--" extra="--"/>
			<t id="s4_13" word="08-12-2007" lemma="08-12-2007" pos="num" morph="M P" extra="card"/>
			<t id="s4_14" word="Capelão" lemma="capelão" pos="n" morph="M P" sem="Hprof" extra="prop *"/>
			<t id="s4_15" word="é" lemma="ser" pos="v-fin" morph="PR 3S IND VFIN" extra="nosubj cjt-STA vK fmc mv"/>
			<t id="s4_16" word="o" lemma="o" pos="art" morph="M S" extra="--"/>
			<t id="s4_17" word="sacerdote" lemma="sacerdote" pos="n" morph="M S" sem="Hprof" extra="cjt-head cjt-head-Cs"/>
			<t id="s4_18" word="," lemma="--" pos="pu" morph="--" extra="--"/>
			<t id="s4_19" word="pastor" lemma="pastor" pos="n" morph="M S" sem="Hprof" extra="cjt-Cs np-close"/>
			<t id="s4_20" word="e" lemma="e" pos="conj-c" morph="--" extra="--"/>
			<t id="s4_21" word="ou" lemma="ou" pos="conj-c" morph="--" extra="--"/>
			<t id="s4_22" word="padre" lemma="padre" pos="n" morph="M S" sem="Htit Hprof" extra="--"/>
			<t id="s4_23" word="," lemma="--" pos="pu" morph="--" extra="--"/>
			<t id="s4_24" word="a" lemma="a" pos="prp" morph="--" extra="clb"/>
			<t id="s4_25" word="quem" lemma="quem" pos="spec" morph="M/F S/P" extra="clb-fs rel"/>
			<t id="s4_26" word="se" lemma="se" pos="pron-pers" morph="M 3S/P ACC" extra="--"/>
			<t id="s4_27" word="confia" lemma="confiar" pos="v-fin" morph="PR 3S IND VFIN" extra="vH mv np-close"/>
			<t id="s4_28" word="de" lemma="de" pos="prp" morph="--" extra="--"/>
			<t id="s4_29" word="modo" lemma="modo" pos="n" morph="M S" sem="ac" extra="--"/>
			<t id="s4_30" word="estável" lemma="estável" pos="adj" morph="M S" extra="nh np-close"/>
			<t id="s4_31" word="o" lemma="o" pos="art" morph="M S" extra="--"/>
			<t id="s4_32" word="cuidado" lemma="cuidado" pos="n" morph="M S &lt;ac&gt;" sem="am act-d ac" extra="M S"/>
			<t id="s4_33" word="pastoral" lemma="pastoral" pos="adj" morph="M S" extra="nh np-close"/>
			<t id="s4_34" word="," lemma="--" pos="pu" morph="--" extra="--"/>
			<t id="s4_35" word="ao_menos" lemma="ao_menos" pos="adv" morph="--" extra="--"/>
			<t id="s4_36" word="parcial" lemma="parcial" pos="adj" morph="M S" extra="np-close"/>
			<t id="s4_37" word="," lemma="--" pos="pu" morph="--" extra="--"/>
			<t id="s4_38" word="de" lemma="de" pos="prp" morph="--" extra="np-close"/>
			<t id="s4_39" word="alguma" lemma="algum" pos="pron-indef" morph="DET F S" extra="quant"/>
			<t id="s4_40" word="comunidade" lemma="comunidade" pos="n" morph="F S" sem="HH am" extra="--"/>
			<t id="s4_41" word="ou" lemma="ou" pos="conj-c" morph="--" extra="--"/>
			<t id="s4_42" word="grupo" lemma="grupo" pos="n" morph="M S" sem="HH" extra="--"/>
			<t id="s4_43" word="peculiar" lemma="peculiar" pos="adj" morph="M S" extra="nh np-close"/>
			<t id="s4_44" word="de" lemma="de" pos="prp" morph="--" extra="np-close"/>
			<t id="s4_45" word="fiéis" lemma="fiel" pos="n" morph="M P" sem="H" extra="--"/>
			<t id="s4_46" word="," lemma="--" pos="pu" morph="--" extra="--"/>
			<t id="s4_47" word="." lemma="--" pos="pu" morph="--" extra="--"/>
		</terminals>

		<nonterminals>
			<nt id="s4_500" cat="s">
				<edge label="STA" idref="s4_501"/>
			</nt>
			<nt id="s4_501" cat="par">
				<edge label="CJT" idref="s4_502"/>
				<edge label="PU" idref="s4_3"/>
				<edge label="CJT" idref="s4_503"/>
				<edge label="CJT" idref="s4_507"/>
				<edge label="PU" idref="s4_47"/>
			</nt>
			<nt id="s4_502" cat="fcl">
				<edge label="S" idref="s4_1"/>
				<edge label="P" idref="s4_2"/>
			</nt>
			<nt id="s4_503" cat="fcl">
				<edge label="Od" idref="s4_4"/>
				<edge label="P" idref="s4_5"/>
				<edge label="fCs" idref="s4_6"/>
				<edge label="S" idref="s4_504"/>
				<edge label="fA" idref="s4_505"/>
			</nt>
			<nt id="s4_504" cat="np">
				<edge label="H" idref="s4_7"/>
				<edge label="DN" idref="s4_8"/>
				<edge label="PU" idref="s4_9"/>
				<edge label="DNapp" idref="s4_10"/>
				<edge label="PU" idref="s4_11"/>
			</nt>
			<nt id="s4_505" cat="pp">
				<edge label="H" idref="s4_12"/>
				<edge label="DP" idref="s4_506"/>
			</nt>
			<nt id="s4_506" cat="np">
				<edge label="DN" idref="s4_13"/>
				<edge label="H" idref="s4_14"/>
			</nt>
			<nt id="s4_507" cat="x">
				<edge label="P" idref="s4_15"/>
				<edge label="Cs" idref="s4_508"/>
				<edge label="fCs" idref="s4_510"/>
				<edge label="DP" idref="s4_519"/>
			</nt>
			<nt id="s4_508" cat="par">
				<edge label="CJT" idref="s4_509"/>
				<edge label="PU" idref="s4_18"/>
				<edge label="CJT" idref="s4_19"/>
			</nt>
			<nt id="s4_509" cat="np">
				<edge label="DN" idref="s4_16"/>
				<edge label="H" idref="s4_17"/>
			</nt>
			<nt id="s4_510" cat="np">
				<edge label="CO" idref="s4_20"/>
				<edge label="CO" idref="s4_21"/>
				<edge label="H" idref="s4_22"/>
				<edge label="PU" idref="s4_23"/>
				<edge label="DN" idref="s4_511"/>
			</nt>
			<nt id="s4_511" cat="fcl">
				<edge label="fA" idref="s4_512"/>
				<edge label="S" idref="s4_26"/>
				<edge label="P" idref="s4_27"/>
				<edge label="fA" idref="s4_513"/>
				<edge label="Od" idref="s4_515"/>
			</nt>
			<nt id="s4_512" cat="pp">
				<edge label="H" idref="s4_24"/>
				<edge label="DP" idref="s4_25"/>
			</nt>
			<nt id="s4_513" cat="pp">
				<edge label="H" idref="s4_28"/>
				<edge label="DP" idref="s4_514"/>
			</nt>
			<nt id="s4_514" cat="np">
				<edge label="H" idref="s4_29"/>
				<edge label="DN" idref="s4_30"/>
			</nt>
			<nt id="s4_515" cat="np">
				<edge label="DN" idref="s4_31"/>
				<edge label="H" idref="s4_32"/>
				<edge label="DN" idref="s4_33"/>
				<edge label="PU" idref="s4_34"/>
				<edge label="DNc" idref="s4_516"/>
			</nt>
			<nt id="s4_516" cat="np">
				<edge label="DA" idref="s4_35"/>
				<edge label="H" idref="s4_36"/>
				<edge label="PU" idref="s4_37"/>
				<edge label="DNc" idref="s4_517"/>
			</nt>
			<nt id="s4_517" cat="pp">
				<edge label="H" idref="s4_38"/>
				<edge label="DP" idref="s4_518"/>
			</nt>
			<nt id="s4_518" cat="np">
				<edge label="DN" idref="s4_39"/>
				<edge label="H" idref="s4_40"/>
				<edge label="CO" idref="s4_41"/>
			</nt>
			<nt id="s4_519" cat="np">
				<edge label="H" idref="s4_42"/>
				<edge label="DN" idref="s4_43"/>
				<edge label="DN" idref="s4_520"/>
			</nt>
			<nt id="s4_520" cat="pp">
				<edge label="H" idref="s4_44"/>
				<edge label="DP" idref="s4_45"/>
				<edge label="PU" idref="s4_46"/>
			</nt>
		</nonterminals>
	</graph>
</s>

<s id="s5" ref="5" source="Running text" forest="1" text="Capelão é o sacerdote, pastor e ou padre, a quem se confia de modo estável o cuidado pastoral, ao menos parcial, de alguma comunidade ou grupo peculiar de fiéis,...">
	<graph root="s5_500">
		<terminals>
			<t id="s5_1" word="Capelão" lemma="Capelão" pos="prop" morph="M S" extra="hum *"/>
			<t id="s5_2" word="é" lemma="ser" pos="v-fin" morph="PR 3S IND VFIN" extra="vK fmc mv"/>
			<t id="s5_3" word="o" lemma="o" pos="art" morph="M S" extra="--"/>
			<t id="s5_4" word="sacerdote" lemma="sacerdote" pos="n" morph="M S" sem="Hprof" extra="cjt-head cjt-head-Cs"/>
			<t id="s5_5" word="," lemma="--" pos="pu" morph="--" extra="--"/>
			<t id="s5_6" word="pastor" lemma="pastor" pos="n" morph="M S" sem="Hprof" extra="np-close"/>
			<t id="s5_7" word="e" lemma="e" pos="conj-c" morph="--" extra="--"/>
			<t id="s5_8" word="ou" lemma="ou" pos="conj-c" morph="--" extra="--"/>
			<t id="s5_9" word="padre" lemma="padre" pos="n" morph="M S" sem="Htit Hprof" extra="cjt-Cs"/>
			<t id="s5_10" word="," lemma="--" pos="pu" morph="--" extra="--"/>
			<t id="s5_11" word="a" lemma="a" pos="prp" morph="--" extra="clb"/>
			<t id="s5_12" word="quem" lemma="quem" pos="spec" morph="M/F S/P" extra="clb-fs rel"/>
			<t id="s5_13" word="se" lemma="se" pos="pron-pers" morph="M/F 3S/P ACC" extra="--"/>
			<t id="s5_14" word="confia" lemma="confiar" pos="v-fin" morph="PR 3S IND VFIN" extra="vH mv np-close"/>
			<t id="s5_15" word="de" lemma="de" pos="prp" morph="--" extra="--"/>
			<t id="s5_16" word="modo" lemma="modo" pos="n" morph="M S" sem="ac" extra="--"/>
			<t id="s5_17" word="estável" lemma="estável" pos="adj" morph="M S" extra="nh np-close"/>
			<t id="s5_18" word="o" lemma="o" pos="art" morph="M S" extra="--"/>
			<t id="s5_19" word="cuidado" lemma="cuidado" pos="n" morph="M S &lt;ac&gt;" sem="am act-d ac" extra="M S"/>
			<t id="s5_20" word="pastoral" lemma="pastoral" pos="adj" morph="M S" extra="nh np-close"/>
			<t id="s5_21" word="," lemma="--" pos="pu" morph="--" extra="--"/>
			<t id="s5_22" word="ao_menos" lemma="ao_menos" pos="adv" morph="--" extra="--"/>
			<t id="s5_23" word="parcial" lemma="parcial" pos="adj" morph="M S" extra="np-close"/>
			<t id="s5_24" word="," lemma="--" pos="pu" morph="--" extra="--"/>
			<t id="s5_25" word="de" lemma="de" pos="prp" morph="--" extra="np-close"/>
			<t id="s5_26" word="alguma" lemma="algum" pos="pron-indef" morph="DET F S" extra="quant"/>
			<t id="s5_27" word="comunidade" lemma="comunidade" pos="n" morph="F S" sem="HH am" extra="--"/>
			<t id="s5_28" word="ou" lemma="ou" pos="conj-c" morph="--" extra="--"/>
			<t id="s5_29" word="grupo" lemma="grupo" pos="n" morph="M S" sem="HH" extra="--"/>
			<t id="s5_30" word="peculiar" lemma="peculiar" pos="adj" morph="M S" extra="nh np-close"/>
			<t id="s5_31" word="de" lemma="de" pos="prp" morph="--" extra="np-close"/>
			<t id="s5_32" word="fiéis" lemma="fiel" pos="n" morph="M P" sem="H" extra="--"/>
			<t id="s5_33" word="," lemma="--" pos="pu" morph="--" extra="--"/>
			<t id="s5_34" word="." lemma="--" pos="pu" morph="--" extra="--"/>
		</terminals>

		<nonterminals>
			<nt id="s5_500" cat="s">
				<edge label="STA" idref="s5_501"/>
			</nt>
			<nt id="s5_501" cat="fcl">
				<edge label="S" idref="s5_1"/>
				<edge label="P" idref="s5_2"/>
				<edge label="Cs" idref="s5_502"/>
				<edge label="DP" idref="s5_513"/>
				<edge label="PU" idref="s5_34"/>
			</nt>
			<nt id="s5_502" cat="par">
				<edge label="CJT" idref="s5_503"/>
				<edge label="CO" idref="s5_7"/>
				<edge label="CO" idref="s5_8"/>
				<edge label="CJT" idref="s5_504"/>
			</nt>
			<nt id="s5_503" cat="np">
				<edge label="DN" idref="s5_3"/>
				<edge label="H" idref="s5_4"/>
				<edge label="PU" idref="s5_5"/>
				<edge label="DNc" idref="s5_6"/>
			</nt>
			<nt id="s5_504" cat="np">
				<edge label="H" idref="s5_9"/>
				<edge label="PU" idref="s5_10"/>
				<edge label="DN" idref="s5_505"/>
			</nt>
			<nt id="s5_505" cat="fcl">
				<edge label="fA" idref="s5_506"/>
				<edge label="S" idref="s5_13"/>
				<edge label="P" idref="s5_14"/>
				<edge label="fA" idref="s5_507"/>
				<edge label="Od" idref="s5_509"/>
			</nt>
			<nt id="s5_506" cat="pp">
				<edge label="H" idref="s5_11"/>
				<edge label="DP" idref="s5_12"/>
			</nt>
			<nt id="s5_507" cat="pp">
				<edge label="H" idref="s5_15"/>
				<edge label="DP" idref="s5_508"/>
			</nt>
			<nt id="s5_508" cat="np">
				<edge label="H" idref="s5_16"/>
				<edge label="DN" idref="s5_17"/>
			</nt>
			<nt id="s5_509" cat="np">
				<edge label="DN" idref="s5_18"/>
				<edge label="H" idref="s5_19"/>
				<edge label="DN" idref="s5_20"/>
				<edge label="PU" idref="s5_21"/>
				<edge label="DNc" idref="s5_510"/>
			</nt>
			<nt id="s5_510" cat="np">
				<edge label="DA" idref="s5_22"/>
				<edge label="H" idref="s5_23"/>
				<edge label="PU" idref="s5_24"/>
				<edge label="DNc" idref="s5_511"/>
			</nt>
			<nt id="s5_511" cat="pp">
				<edge label="H" idref="s5_25"/>
				<edge label="DP" idref="s5_512"/>
			</nt>
			<nt id="s5_512" cat="np">
				<edge label="DN" idref="s5_26"/>
				<edge label="H" idref="s5_27"/>
				<edge label="CO" idref="s5_28"/>
			</nt>
			<nt id="s5_513" cat="np">
				<edge label="H" idref="s5_29"/>
				<edge label="DN" idref="s5_30"/>
				<edge label="DN" idref="s5_514"/>
			</nt>
			<nt id="s5_514" cat="pp">
				<edge label="H" idref="s5_31"/>
				<edge label="DP" idref="s5_32"/>
				<edge label="PU" idref="s5_33"/>
			</nt>
		</nonterminals>
	</graph>
</s>

<s id="s6" ref="6" source="Running text" forest="1" text="Compartilhar enviar nova definição enviar nova imagem denunciar abuso Sinônimos:">
	<graph root="s6_500">
		<terminals>
			<t id="s6_1" word="Compartilhar" lemma="compartilhar" pos="v-inf" morph="--" extra="* vH mv"/>
			<t id="s6_2" word="enviar" lemma="enviar" pos="v-inf" morph="--" extra="vH mv"/>
			<t id="s6_3" word="nova" lemma="novo" pos="adj" morph="F S" extra="jh"/>
			<t id="s6_4" word="definição" lemma="definição" pos="n" morph="F S" sem="sem-c" extra="--"/>
			<t id="s6_5" word="enviar" lemma="enviar" pos="v-inf" morph="--" extra="vH mv"/>
			<t id="s6_6" word="nova" lemma="novo" pos="adj" morph="F S" extra="jh"/>
			<t id="s6_7" word="imagem" lemma="imagem" pos="n" morph="F S" sem="pict sem-c ac-cat" extra="--"/>
			<t id="s6_8" word="denunciar" lemma="denunciar" pos="v-inf" morph="--" extra="vH mv"/>
			<t id="s6_9" word="abuso" lemma="abuso" pos="n" morph="M S" sem="activity" extra="--"/>
			<t id="s6_10" word="Sinônimos" lemma="Sinônimos" pos="prop" morph="M S" extra="hum * np-close"/>
			<t id="s6_11" word=":" lemma="--" pos="pu" morph="--" extra="--"/>
		</terminals>

		<nonterminals>
			<nt id="s6_500" cat="s">
				<edge label="UTT" idref="s6_501"/>
			</nt>
			<nt id="s6_501" cat="icl">
				<edge label="P" idref="s6_1"/>
				<edge label="Od" idref="s6_502"/>
				<edge label="PU" idref="s6_11"/>
			</nt>
			<nt id="s6_502" cat="icl">
				<edge label="P" idref="s6_2"/>
				<edge label="Od" idref="s6_503"/>
				<edge label="UTT" idref="s6_504"/>
				<edge label="UTT" idref="s6_506"/>
			</nt>
			<nt id="s6_503" cat="np">
				<edge label="DN" idref="s6_3"/>
				<edge label="H" idref="s6_4"/>
			</nt>
			<nt id="s6_504" cat="icl">
				<edge label="P" idref="s6_5"/>
				<edge label="Od" idref="s6_505"/>
			</nt>
			<nt id="s6_505" cat="np">
				<edge label="DN" idref="s6_6"/>
				<edge label="H" idref="s6_7"/>
			</nt>
			<nt id="s6_506" cat="icl">
				<edge label="P" idref="s6_8"/>
				<edge label="Od" idref="s6_507"/>
			</nt>
			<nt id="s6_507" cat="np">
				<edge label="H" idref="s6_9"/>
				<edge label="DN" idref="s6_10"/>
			</nt>
		</nonterminals>
	</graph>
</s>

<s id="s7" ref="7" source="Running text" forest="1" text="pastor padre mais...">
	<graph root="s7_500">
		<terminals>
			<t id="s7_1" word="pastor" lemma="pastor" pos="n" morph="M S" sem="Hprof" extra="--"/>
			<t id="s7_2" word="padre" lemma="padre" pos="n" morph="M S" sem="Htit Hprof" extra="np-close"/>
			<t id="s7_3" word="mais" lemma="mais" pos="adv" morph="--" extra="--"/>
			<t id="s7_4" word="." lemma="--" pos="pu" morph="--" extra="--"/>
		</terminals>

		<nonterminals>
			<nt id="s7_500" cat="s">
				<edge label="X" idref="s7_501"/>
			</nt>
			<nt id="s7_501" cat="np">
				<edge label="H" idref="s7_1"/>
				<edge label="DN" idref="s7_2"/>
				<edge label="fA" idref="s7_3"/>
				<edge label="PU" idref="s7_4"/>
			</nt>
		</nonterminals>
	</graph>
</s>

<s id="s8" ref="8" source="Running text" forest="1" text="Antônimos:">
	<graph root="s8_500">
		<terminals>
			<t id="s8_1" word="Antônimos" lemma="antônimo" pos="adj" morph="M P" extra="* nh"/>
			<t id="s8_2" word=":" lemma="--" pos="pu" morph="--" extra="--"/>
		</terminals>

		<nonterminals>
			<nt id="s8_500" cat="s">
				<edge label="UTT" idref="s8_501"/>
			</nt>
			<nt id="s8_501" cat="x">
				<edge label="X" idref="s8_1"/>
				<edge label="PU" idref="s8_2"/>
			</nt>
		</nonterminals>
	</graph>
</s>

<s id="s9" ref="9" source="Running text" forest="1" text="padre pastor mais...">
	<graph root="s9_500">
		<terminals>
			<t id="s9_1" word="padre" lemma="padre" pos="n" morph="M S" sem="Htit Hprof" extra="--"/>
			<t id="s9_2" word="pastor" lemma="pastor" pos="n" morph="M S" sem="Hprof" extra="np-close"/>
			<t id="s9_3" word="mais" lemma="mais" pos="adv" morph="--" extra="--"/>
			<t id="s9_4" word="." lemma="--" pos="pu" morph="--" extra="--"/>
		</terminals>

		<nonterminals>
			<nt id="s9_500" cat="s">
				<edge label="X" idref="s9_501"/>
			</nt>
			<nt id="s9_501" cat="np">
				<edge label="H" idref="s9_1"/>
				<edge label="DN" idref="s9_2"/>
				<edge label="fA" idref="s9_3"/>
				<edge label="PU" idref="s9_4"/>
			</nt>
		</nonterminals>
	</graph>
</s>

<s id="s10" ref="10" source="Running text" forest="1" text="Relacionadas:">
	<graph root="s10_500">
		<terminals>
			<t id="s10_1" word="Relacionadas" lemma="relacionado" pos="adj" morph="F P" extra="* nh"/>
			<t id="s10_2" word=":" lemma="--" pos="pu" morph="--" extra="--"/>
		</terminals>

		<nonterminals>
			<nt id="s10_500" cat="s">
				<edge label="UTT" idref="s10_501"/>
			</nt>
			<nt id="s10_501" cat="x">
				<edge label="X" idref="s10_1"/>
				<edge label="PU" idref="s10_2"/>
			</nt>
		</nonterminals>
	</graph>
</s>

<s id="s11" ref="11" source="Running text" forest="1" text="pastor padre mais...">
	<graph root="s11_500">
		<terminals>
			<t id="s11_1" word="pastor" lemma="pastor" pos="n" morph="M S" sem="Hprof" extra="--"/>
			<t id="s11_2" word="padre" lemma="padre" pos="n" morph="M S" sem="Htit Hprof" extra="np-close"/>
			<t id="s11_3" word="mais" lemma="mais" pos="adv" morph="--" extra="--"/>
			<t id="s11_4" word="." lemma="--" pos="pu" morph="--" extra="--"/>
		</terminals>

		<nonterminals>
			<nt id="s11_500" cat="s">
				<edge label="S" idref="s11_501"/>
			</nt>
			<nt id="s11_501" cat="np">
				<edge label="H" idref="s11_1"/>
				<edge label="DN" idref="s11_2"/>
				<edge label="fA" idref="s11_3"/>
				<edge label="PU" idref="s11_4"/>
			</nt>
		</nonterminals>
	</graph>
</s>

<s id="s12" ref="12" source="Running text" forest="1" text="1 sobe, 1 desce 2. Capelão Por Dicionário inFormal(SP) em 03-01-2013 Capelão é o padre, a quem se confia de modo estável o cuidado pastoral, ao menos parcial, de alguma comunidade ou grupo peculiar de fiéis.">
	<graph root="s12_500">
		<terminals>
			<t id="s12_1" word="1" lemma="1" pos="num" morph="M S" extra="card"/>
			<t id="s12_2" word="sobe" lemma="subir" pos="v-fin" morph="PR 3S IND VFIN" extra="nosubj cjt-head cjt-head-STA fmc mv"/>
			<t id="s12_3" word="," lemma="--" pos="pu" morph="--" extra="--"/>
			<t id="s12_4" word="1" lemma="1" pos="num" morph="M S" extra="card"/>
			<t id="s12_5" word="desce" lemma="descer" pos="v-fin" morph="PR 3S IND VFIN" extra="cjt-STA fmc mv"/>
			<t id="s12_6" word="2." lemma="2." pos="adj" morph="M/F S" extra="NUM-ord"/>
			<t id="s12_7" word="Capelão_Por_Dicionário" lemma="Capelão_Por_Dicionário" pos="prop" morph="M S" extra="tit *"/>
			<t id="s12_8" word="inFormal" lemma="inFormal" pos="adj" morph="M S" extra="np-close"/>
			<t id="s12_9" word="(" lemma="--" pos="pu" morph="--" extra="--"/>
			<t id="s12_10" word="SP" lemma="SP" pos="prop" morph="M S" extra="civ * np-close"/>
			<t id="s12_11" word=")" lemma="--" pos="pu" morph="--" extra="--"/>
			<t id="s12_12" word="em" lemma="em" pos="prp" morph="--" extra="--"/>
			<t id="s12_13" word="03-01-2013" lemma="03-01-2013" pos="num" morph="M P" extra="card"/>
			<t id="s12_14" word="Capelão" lemma="capelão" pos="n" morph="M P" sem="Hprof" extra="prop *"/>
			<t id="s12_15" word="é" lemma="ser" pos="v-fin" morph="PR 3S IND VFIN" extra="nosubj cjt-STA vK fmc mv"/>
			<t id="s12_16" word="o" lemma="o" pos="art" morph="M S" extra="--"/>
			<t id="s12_17" word="padre" lemma="padre" pos="n" morph="M S" sem="Htit Hprof" extra="--"/>
			<t id="s12_18" word="," lemma="--" pos="pu" morph="--" extra="--"/>
			<t id="s12_19" word="a" lemma="a" pos="prp" morph="--" extra="clb"/>
			<t id="s12_20" word="quem" lemma="quem" pos="spec" morph="M/F S/P" extra="clb-fs rel"/>
			<t id="s12_21" word="se" lemma="se" pos="pron-pers" morph="M/F 3S/P ACC" extra="--"/>
			<t id="s12_22" word="confia" lemma="confiar" pos="v-fin" morph="PR 3S IND VFIN" extra="vH mv np-close"/>
			<t id="s12_23" word="de" lemma="de" pos="prp" morph="--" extra="--"/>
			<t id="s12_24" word="modo" lemma="modo" pos="n" morph="M S" sem="ac" extra="--"/>
			<t id="s12_25" word="estável" lemma="estável" pos="adj" morph="M S" extra="nh np-close"/>
			<t id="s12_26" word="o" lemma="o" pos="art" morph="M S" extra="--"/>
			<t id="s12_27" word="cuidado" lemma="cuidado" pos="n" morph="M S &lt;ac&gt;" sem="am act-d ac" extra="M S"/>
			<t id="s12_28" word="pastoral" lemma="pastoral" pos="adj" morph="M S" extra="nh np-close"/>
			<t id="s12_29" word="," lemma="--" pos="pu" morph="--" extra="--"/>
			<t id="s12_30" word="ao_menos" lemma="ao_menos" pos="adv" morph="--" extra="--"/>
			<t id="s12_31" word="parcial" lemma="parcial" pos="adj" morph="M S" extra="np-close"/>
			<t id="s12_32" word="," lemma="--" pos="pu" morph="--" extra="--"/>
			<t id="s12_33" word="de" lemma="de" pos="prp" morph="--" extra="np-close"/>
			<t id="s12_34" word="alguma" lemma="algum" pos="pron-indef" morph="DET F S" extra="quant"/>
			<t id="s12_35" word="comunidade" lemma="comunidade" pos="n" morph="F S" sem="HH am" extra="--"/>
			<t id="s12_36" word="ou" lemma="ou" pos="conj-c" morph="--" extra="--"/>
			<t id="s12_37" word="grupo" lemma="grupo" pos="n" morph="M S" sem="HH" extra="--"/>
			<t id="s12_38" word="peculiar" lemma="peculiar" pos="adj" morph="M S" extra="nh np-close"/>
			<t id="s12_39" word="de" lemma="de" pos="prp" morph="--" extra="np-close"/>
			<t id="s12_40" word="fiéis" lemma="fiel" pos="n" morph="M P" sem="H" extra="--"/>
			<t id="s12_41" word="." lemma="--" pos="pu" morph="--" extra="--"/>
		</terminals>

		<nonterminals>
			<nt id="s12_500" cat="s">
				<edge label="STA" idref="s12_501"/>
			</nt>
			<nt id="s12_501" cat="par">
				<edge label="CJT" idref="s12_502"/>
				<edge label="PU" idref="s12_3"/>
				<edge label="CJT" idref="s12_503"/>
				<edge label="CJT" idref="s12_507"/>
				<edge label="PU" idref="s12_41"/>
			</nt>
			<nt id="s12_502" cat="fcl">
				<edge label="S" idref="s12_1"/>
				<edge label="P" idref="s12_2"/>
			</nt>
			<nt id="s12_503" cat="fcl">
				<edge label="S" idref="s12_4"/>
				<edge label="P" idref="s12_5"/>
				<edge label="fCs" idref="s12_6"/>
				<edge label="Od" idref="s12_504"/>
				<edge label="fA" idref="s12_505"/>
			</nt>
			<nt id="s12_504" cat="np">
				<edge label="H" idref="s12_7"/>
				<edge label="DN" idref="s12_8"/>
				<edge label="PU" idref="s12_9"/>
				<edge label="DNapp" idref="s12_10"/>
				<edge label="PU" idref="s12_11"/>
			</nt>
			<nt id="s12_505" cat="pp">
				<edge label="H" idref="s12_12"/>
				<edge label="DP" idref="s12_506"/>
			</nt>
			<nt id="s12_506" cat="np">
				<edge label="DN" idref="s12_13"/>
				<edge label="H" idref="s12_14"/>
			</nt>
			<nt id="s12_507" cat="x">
				<edge label="P" idref="s12_15"/>
				<edge label="Cs" idref="s12_508"/>
				<edge label="DP" idref="s12_517"/>
			</nt>
			<nt id="s12_508" cat="np">
				<edge label="DN" idref="s12_16"/>
				<edge label="H" idref="s12_17"/>
				<edge label="PU" idref="s12_18"/>
				<edge label="DN" idref="s12_509"/>
			</nt>
			<nt id="s12_509" cat="fcl">
				<edge label="fA" idref="s12_510"/>
				<edge label="S" idref="s12_21"/>
				<edge label="P" idref="s12_22"/>
				<edge label="fA" idref="s12_511"/>
				<edge label="Od" idref="s12_513"/>
			</nt>
			<nt id="s12_510" cat="pp">
				<edge label="H" idref="s12_19"/>
				<edge label="DP" idref="s12_20"/>
			</nt>
			<nt id="s12_511" cat="pp">
				<edge label="H" idref="s12_23"/>
				<edge label="DP" idref="s12_512"/>
			</nt>
			<nt id="s12_512" cat="np">
				<edge label="H" idref="s12_24"/>
				<edge label="DN" idref="s12_25"/>
			</nt>
			<nt id="s12_513" cat="np">
				<edge label="DN" idref="s12_26"/>
				<edge label="H" idref="s12_27"/>
				<edge label="DN" idref="s12_28"/>
				<edge label="PU" idref="s12_29"/>
				<edge label="DNc" idref="s12_514"/>
			</nt>
			<nt id="s12_514" cat="np">
				<edge label="DA" idref="s12_30"/>
				<edge label="H" idref="s12_31"/>
				<edge label="PU" idref="s12_32"/>
				<edge label="DNc" idref="s12_515"/>
			</nt>
			<nt id="s12_515" cat="pp">
				<edge label="H" idref="s12_33"/>
				<edge label="DP" idref="s12_516"/>
			</nt>
			<nt id="s12_516" cat="np">
				<edge label="DN" idref="s12_34"/>
				<edge label="H" idref="s12_35"/>
				<edge label="CO" idref="s12_36"/>
			</nt>
			<nt id="s12_517" cat="np">
				<edge label="H" idref="s12_37"/>
				<edge label="DN" idref="s12_38"/>
				<edge label="DN" idref="s12_518"/>
			</nt>
			<nt id="s12_518" cat="pp">
				<edge label="H" idref="s12_39"/>
				<edge label="DP" idref="s12_40"/>
			</nt>
		</nonterminals>
	</graph>
</s>

<s id="s13" ref="13" source="Running text" forest="1" text="Capelão é o padre Compartilhar enviar nova definição enviar nova imagem denunciar abuso Outras Informações:Palavras com 7 letras A palavra possui 4 vogais -- a e ao A palavra possui 3 consoantes -- c p l 1 página -- 2 Definições sarraceno crocodilo-da-américa quaieira hominídeo lichia.">
	<graph root="s13_500">
		<terminals>
			<t id="s13_1" word="Capelão" lemma="Capelão" pos="prop" morph="M/F S" extra="hum *"/>
			<t id="s13_2" word="é" lemma="ser" pos="v-fin" morph="PR 3S IND VFIN" extra="nosubj cjt-head cjt-head-STA vK fmc mv"/>
			<t id="s13_3" word="o" lemma="o" pos="art" morph="M S" extra="--"/>
			<t id="s13_4" word="padre" lemma="padre" pos="n" morph="M S" sem="Htit Hprof" extra="--"/>
			<t id="s13_5" word="Compartilhar" lemma="Compartilhar" pos="prop" morph="M S" extra="hum * np-close"/>
			<t id="s13_6" word="enviar" lemma="enviar" pos="v-inf" morph="3S" extra="vH mv"/>
			<t id="s13_7" word="nova" lemma="novo" pos="adj" morph="F S" extra="jh"/>
			<t id="s13_8" word="definição" lemma="definição" pos="n" morph="F S" sem="sem-c" extra="--"/>
			<t id="s13_9" word="enviar" lemma="enviar" pos="v-inf" morph="--" extra="vH mv"/>
			<t id="s13_10" word="nova" lemma="novo" pos="adj" morph="F S" extra="jh"/>
			<t id="s13_11" word="imagem" lemma="imagem" pos="n" morph="F S" sem="pict sem-c ac-cat" extra="--"/>
			<t id="s13_12" word="denunciar" lemma="denunciar" pos="v-inf" morph="--" extra="vH mv"/>
			<t id="s13_13" word="abuso" lemma="abuso" pos="n" morph="M S" sem="activity" extra="--"/>
			<t id="s13_14" word="Outras_Informações" lemma="Outras_Informações" pos="prop" morph="M S" extra="hum * heur np-close"/>
			<t id="s13_15" word=":Palavras" lemma=":Palavras" pos="n" morph="M S" extra="cjt-head cjt-head-S"/>
			<t id="s13_16" word="com" lemma="com" pos="prp" morph="--" extra="--"/>
			<t id="s13_17" word="7" lemma="7" pos="num" morph="F P" extra="card"/>
			<t id="s13_18" word="letras" lemma="letra" pos="n" morph="F P" sem="ac-sign sem-r domain" extra="--"/>
			<t id="s13_19" word="A" lemma="o" pos="art" morph="F S" extra="* "/>
			<t id="s13_20" word="palavra" lemma="palavra" pos="n" morph="F S" sem="ac-cat act-s" extra="cjt-S"/>
			<t id="s13_21" word="possui" lemma="possuir" pos="v-fin" morph="PR 3S IND VFIN" extra="cjt-STA vH fmc mv"/>
			<t id="s13_22" word="4" lemma="4" pos="num" morph="M P" extra="card"/>
			<t id="s13_23" word="vogais" lemma="vogal" pos="n" morph="M P" sem="ac-cat H" extra="--"/>
			<t id="s13_24" word="--" lemma="--" pos="pu" morph="--" extra="--"/>
			<t id="s13_25" word="a" lemma="a" pos="prp" morph="--" extra="--"/>
			<t id="s13_26" word="e" lemma="e" pos="conj-c" morph="--" extra="--"/>
			<t id="s13_27" word="a" lemma="a" pos="prp" morph="--" extra="sam-"/>
			<t id="s13_28" word="o" lemma="o" pos="art" morph="M S" extra="-sam "/>
			<t id="s13_29" word="A" lemma="o" pos="art" morph="F S" extra="* "/>
			<t id="s13_30" word="palavra" lemma="palavra" pos="n" morph="F S" sem="ac-cat act-s" extra="--"/>
			<t id="s13_31" word="possui" lemma="possuir" pos="v-fin" morph="PR 3S IND VFIN" extra="cjt-STA vH fmc mv"/>
			<t id="s13_32" word="3" lemma="3" pos="num" morph="F P" extra="card"/>
			<t id="s13_33" word="consoantes" lemma="consoante" pos="n" morph="F P" sem="ac-cat" extra="--"/>
			<t id="s13_34" word="--" lemma="--" pos="pu" morph="--" extra="--"/>
			<t id="s13_35" word="c" lemma="c" pos="n" morph="M S" sem="ac-sign" extra="--"/>
			<t id="s13_36" word="p" lemma="p" pos="n" morph="M/F S" extra="cjt-head cjt-head-Cs foreign"/>
			<t id="s13_37" word="l" lemma="l" pos="n" morph="M S" sem="ac-sign" extra="cjt-Cs"/>
			<t id="s13_38" word="1" lemma="1" pos="num" morph="F S" extra="card"/>
			<t id="s13_39" word="página" lemma="página" pos="n" morph="F S" sem="cc-r" extra="cjt-Cs"/>
			<t id="s13_40" word="--" lemma="--" pos="pu" morph="--" extra="--"/>
			<t id="s13_41" word="2" lemma="2" pos="num" morph="F P" extra="card"/>
			<t id="s13_42" word="Definições" lemma="definição" pos="n" morph="F P" sem="sem-c" extra="prop *"/>
			<t id="s13_43" word="sarraceno" lemma="sarraceno" pos="adj" morph="M S" extra="nat"/>
			<t id="s13_44" word="crocodilo-da-américa" lemma="crocodilo-da-américa" pos="n" morph="M S" sem="Azo Aich" extra="--"/>
			<t id="s13_45" word="quaieira" lemma="quaieiro" pos="adj" morph="F S" extra="DERS np-close"/>
			<t id="s13_46" word="hominídeo" lemma="hominídeo" pos="n" morph="M S" sem="H" extra="--"/>
			<t id="s13_47" word="lichia" lemma="licher" pos="v-fin" morph="IMPF 3S IND VFIN" extra="cjt-STA heur fmc mv"/>
			<t id="s13_48" word="." lemma="--" pos="pu" morph="--" extra="--"/>
		</terminals>

		<nonterminals>
			<nt id="s13_500" cat="s">
				<edge label="STA" idref="s13_501"/>
			</nt>
			<nt id="s13_501" cat="par">
				<edge label="CJT" idref="s13_502"/>
				<edge label="CJT" idref="s13_503"/>
				<edge label="CJT" idref="s13_516"/>
				<edge label="CJT" idref="s13_522"/>
				<edge label="PU" idref="s13_48"/>
			</nt>
			<nt id="s13_502" cat="fcl">
				<edge label="S" idref="s13_1"/>
				<edge label="P" idref="s13_2"/>
			</nt>
			<nt id="s13_503" cat="fcl">
				<edge label="S" idref="s13_504"/>
				<edge label="Cs" idref="s13_505"/>
				<edge label="P" idref="s13_21"/>
				<edge label="Od" idref="s13_515"/>
			</nt>
			<nt id="s13_504" cat="np">
				<edge label="DN" idref="s13_3"/>
				<edge label="H" idref="s13_4"/>
				<edge label="DN" idref="s13_5"/>
			</nt>
			<nt id="s13_505" cat="icl">
				<edge label="P" idref="s13_6"/>
				<edge label="Od" idref="s13_506"/>
				<edge label="UTT" idref="s13_507"/>
				<edge label="UTT" idref="s13_509"/>
			</nt>
			<nt id="s13_506" cat="np">
				<edge label="DN" idref="s13_7"/>
				<edge label="H" idref="s13_8"/>
			</nt>
			<nt id="s13_507" cat="icl">
				<edge label="P" idref="s13_9"/>
				<edge label="Od" idref="s13_508"/>
			</nt>
			<nt id="s13_508" cat="np">
				<edge label="DN" idref="s13_10"/>
				<edge label="H" idref="s13_11"/>
			</nt>
			<nt id="s13_509" cat="fcl">
				<edge label="P" idref="s13_12"/>
				<edge label="Od" idref="s13_510"/>
				<edge label="S" idref="s13_511"/>
				<edge label="fA" idref="s13_512"/>
			</nt>
			<nt id="s13_510" cat="np">
				<edge label="H" idref="s13_13"/>
				<edge label="DN" idref="s13_14"/>
			</nt>
			<nt id="s13_511" cat="par">
				<edge label="CJT" idref="s13_15"/>
			</nt>
			<nt id="s13_512" cat="pp">
				<edge label="H" idref="s13_16"/>
				<edge label="DP" idref="s13_513"/>
				<edge label="CJT" idref="s13_514"/>
			</nt>
			<nt id="s13_513" cat="np">
				<edge label="DN" idref="s13_17"/>
				<edge label="H" idref="s13_18"/>
			</nt>
			<nt id="s13_514" cat="np">
				<edge label="DN" idref="s13_19"/>
				<edge label="H" idref="s13_20"/>
			</nt>
			<nt id="s13_515" cat="np">
				<edge label="DN" idref="s13_22"/>
				<edge label="H" idref="s13_23"/>
				<edge label="PU" idref="s13_24"/>
				<edge label="CO" idref="s13_26"/>
			</nt>
			<nt id="s13_516" cat="fcl">
				<edge label="fA" idref="s13_25"/>
				<edge label="fA" idref="s13_517"/>
				<edge label="P" idref="s13_31"/>
				<edge label="Od" idref="s13_519"/>
				<edge label="S" idref="s13_35"/>
				<edge label="Cs" idref="s13_520"/>
			</nt>
			<nt id="s13_517" cat="pp">
				<edge label="H" idref="s13_27"/>
				<edge label="DP" idref="s13_518"/>
			</nt>
			<nt id="s13_518" cat="np">
				<edge label="DN" idref="s13_28"/>
				<edge label="DN" idref="s13_29"/>
				<edge label="H" idref="s13_30"/>
			</nt>
			<nt id="s13_519" cat="np">
				<edge label="DN" idref="s13_32"/>
				<edge label="H" idref="s13_33"/>
				<edge label="PU" idref="s13_34"/>
			</nt>
			<nt id="s13_520" cat="par">
				<edge label="CJT" idref="s13_36"/>
				<edge label="CJT" idref="s13_37"/>
				<edge label="CJT" idref="s13_521"/>
			</nt>
			<nt id="s13_521" cat="np">
				<edge label="DN" idref="s13_38"/>
				<edge label="H" idref="s13_39"/>
				<edge label="PU" idref="s13_40"/>
			</nt>
			<nt id="s13_522" cat="fcl">
				<edge label="fCs" idref="s13_523"/>
				<edge label="fCs" idref="s13_43"/>
				<edge label="S" idref="s13_524"/>
				<edge label="S" idref="s13_46"/>
				<edge label="P" idref="s13_47"/>
			</nt>
			<nt id="s13_523" cat="np">
				<edge label="DN" idref="s13_41"/>
				<edge label="H" idref="s13_42"/>
			</nt>
			<nt id="s13_524" cat="np">
				<edge label="H" idref="s13_44"/>
				<edge label="DN" idref="s13_45"/>
			</nt>
		</nonterminals>
	</graph>
</s>

	</body>
</corpus>
