<?xml version="1.0" encoding="UTF-8"?>
<corpus>

	<body>
<s id="s1" ref="1" source="Running text" forest="1" text="Coercitivo 5 Definições encontradas.">
	<graph root="s1_500">
		<terminals>
			<t id="s1_1" word="Coercitivo" lemma="coercitivo" pos="adj" morph="M S" extra="cjt-head cjt-head-X * nh"/>
			<t id="s1_2" word="5" lemma="5" pos="num" morph="F P" extra="card"/>
			<t id="s1_3" word="Definições" lemma="definição" pos="n" morph="F P" sem="sem-c" extra="cjt-X prop *"/>
			<t id="s1_4" word="encontradas" lemma="encontrado" pos="adj" morph="F P" extra="nh np-close"/>
			<t id="s1_5" word="." lemma="--" pos="pu" morph="--" extra="--"/>
		</terminals>

		<nonterminals>
			<nt id="s1_500" cat="s">
				<edge label="X" idref="s1_501"/>
			</nt>
			<nt id="s1_501" cat="par">
				<edge label="CJT" idref="s1_1"/>
				<edge label="CJT" idref="s1_502"/>
				<edge label="PU" idref="s1_5"/>
			</nt>
			<nt id="s1_502" cat="np">
				<edge label="DN" idref="s1_2"/>
				<edge label="H" idref="s1_3"/>
				<edge label="DN" idref="s1_4"/>
			</nt>
		</nonterminals>
	</graph>
</s>

<s id="s2" ref="2" source="Running text" forest="1" text="Tweet Classificação morfossintática:">
	<graph root="s2_500">
		<terminals>
			<t id="s2_1" word="Tweet_Classificação" lemma="Tweet_Classificação" pos="prop" morph="M S" extra="common * heur"/>
			<t id="s2_2" word="morfossintática" lemma="morfossintático" pos="adj" morph="F S" extra="DERS jh np-close"/>
			<t id="s2_3" word=":" lemma="--" pos="pu" morph="--" extra="--"/>
		</terminals>

		<nonterminals>
			<nt id="s2_500" cat="s">
				<edge label="X" idref="s2_501"/>
			</nt>
			<nt id="s2_501" cat="np">
				<edge label="H" idref="s2_1"/>
				<edge label="DN" idref="s2_2"/>
				<edge label="PU" idref="s2_3"/>
			</nt>
		</nonterminals>
	</graph>
</s>

<s id="s3" ref="3" source="Running text" forest="1" text="Adjetivo, masculino singular Flexões da palavra Coercitivo Significados de Coercitivo:">
	<graph root="s3_500">
		<terminals>
			<t id="s3_1" word="Adjetivo" lemma="adjetivar" pos="v-fin" morph="PR 1S IND VFIN" extra="* vH fmc mv"/>
			<t id="s3_2" word="," lemma="--" pos="pu" morph="--" extra="--"/>
			<t id="s3_3" word="masculino" lemma="masculino" pos="n" morph="M S" sem="ac-cat" extra="--"/>
			<t id="s3_4" word="singular" lemma="singular" pos="adj" morph="M/F S" extra="jh"/>
			<t id="s3_5" word="Flexões" lemma="flexão" pos="n" morph="F P" sem="act" extra="prop *"/>
			<t id="s3_6" word="de" lemma="de" pos="prp" morph="--" extra="sam- np-close"/>
			<t id="s3_7" word="a" lemma="o" pos="art" morph="F S" extra="-sam "/>
			<t id="s3_8" word="palavra" lemma="palavra" pos="n" morph="F S" sem="ac-cat act-s" extra="--"/>
			<t id="s3_9" word="Coercitivo_Significados_de_Coercitivo" lemma="Coercitivo_Significados_de_Coercitivo" pos="prop" morph="F S" extra="org * heur np-close"/>
			<t id="s3_10" word=":" lemma="--" pos="pu" morph="--" extra="--"/>
		</terminals>

		<nonterminals>
			<nt id="s3_500" cat="s">
				<edge label="STA" idref="s3_501"/>
			</nt>
			<nt id="s3_501" cat="fcl">
				<edge label="P" idref="s3_1"/>
				<edge label="PU" idref="s3_2"/>
				<edge label="fCs" idref="s3_3"/>
				<edge label="fCs" idref="s3_4"/>
				<edge label="fCs" idref="s3_502"/>
				<edge label="PU" idref="s3_10"/>
			</nt>
			<nt id="s3_502" cat="np">
				<edge label="H" idref="s3_5"/>
				<edge label="DN" idref="s3_503"/>
			</nt>
			<nt id="s3_503" cat="pp">
				<edge label="H" idref="s3_6"/>
				<edge label="DP" idref="s3_504"/>
			</nt>
			<nt id="s3_504" cat="np">
				<edge label="DN" idref="s3_7"/>
				<edge label="H" idref="s3_8"/>
				<edge label="DN" idref="s3_9"/>
			</nt>
		</nonterminals>
	</graph>
</s>

<s id="s4" ref="4" source="Running text" forest="1" text="231 sobe, 124 desce 1. Coercitivo Por Ana Calzetta(PR) em 18-10-2007 O mesmo que coagidos, obrigados.">
	<graph root="s4_500">
		<terminals>
			<t id="s4_1" word="231" lemma="231" pos="num" morph="M/F S" extra="card"/>
			<t id="s4_2" word="sobe" lemma="subir" pos="v-fin" morph="PR 3S IND VFIN" extra="cjt-head cjt-head-STA fmc mv"/>
			<t id="s4_3" word="," lemma="--" pos="pu" morph="--" extra="--"/>
			<t id="s4_4" word="124" lemma="124" pos="num" morph="M/F P" extra="card"/>
			<t id="s4_5" word="desce" lemma="descer" pos="v-fin" morph="PR 3S IND VFIN" extra="cjt-STA fmc mv"/>
			<t id="s4_6" word="1." lemma="1." pos="adj" morph="M/F S" extra="NUM-ord"/>
			<t id="s4_7" word="Coercitivo_Por_Ana_Calzetta" lemma="Coercitivo_Por_Ana_Calzetta" pos="prop" morph="M S" extra="hum * heur"/>
			<t id="s4_8" word="(" lemma="--" pos="pu" morph="--" extra="--"/>
			<t id="s4_9" word="PR" lemma="PR" pos="prop" morph="M S" extra="civ * np-close"/>
			<t id="s4_10" word=")" lemma="--" pos="pu" morph="--" extra="--"/>
			<t id="s4_11" word="em" lemma="em" pos="prp" morph="--" extra="--"/>
			<t id="s4_12" word="18-10-2007" lemma="18-10-2007" pos="num" morph="M/F S" extra="card"/>
			<t id="s4_13" word="O" lemma="o" pos="art" morph="M S" extra="* "/>
			<t id="s4_14" word="mesmo" lemma="mesmo" pos="pron-indef" morph="DET M S" extra="--"/>
			<t id="s4_15" word="que" lemma="que" pos="spec" morph="M S" extra="rel"/>
			<t id="s4_16" word="coagidos" lemma="coagir" pos="v-pcp" morph="M P" extra="vH"/>
			<t id="s4_17" word="," lemma="--" pos="pu" morph="--" extra="--"/>
			<t id="s4_18" word="obrigados" lemma="obrigado" pos="adj" morph="M P" extra="jh np-close"/>
			<t id="s4_19" word="." lemma="--" pos="pu" morph="--" extra="--"/>
		</terminals>

		<nonterminals>
			<nt id="s4_500" cat="s">
				<edge label="STA" idref="s4_501"/>
			</nt>
			<nt id="s4_501" cat="par">
				<edge label="CJT" idref="s4_502"/>
				<edge label="PU" idref="s4_3"/>
				<edge label="CJT" idref="s4_503"/>
				<edge label="fCs" idref="s4_16"/>
				<edge label="PU" idref="s4_19"/>
			</nt>
			<nt id="s4_502" cat="fcl">
				<edge label="S" idref="s4_1"/>
				<edge label="P" idref="s4_2"/>
			</nt>
			<nt id="s4_503" cat="fcl">
				<edge label="Od" idref="s4_4"/>
				<edge label="P" idref="s4_5"/>
				<edge label="fCs" idref="s4_6"/>
				<edge label="S" idref="s4_504"/>
				<edge label="fA" idref="s4_505"/>
				<edge label="Od" idref="s4_506"/>
				<edge label="X" idref="s4_15"/>
			</nt>
			<nt id="s4_504" cat="np">
				<edge label="H" idref="s4_7"/>
				<edge label="PU" idref="s4_8"/>
				<edge label="DNc" idref="s4_9"/>
				<edge label="PU" idref="s4_10"/>
			</nt>
			<nt id="s4_505" cat="pp">
				<edge label="H" idref="s4_11"/>
				<edge label="DP" idref="s4_12"/>
			</nt>
			<nt id="s4_506" cat="np">
				<edge label="DN" idref="s4_13"/>
				<edge label="H" idref="s4_14"/>
				<edge label="PU" idref="s4_17"/>
				<edge label="DNc" idref="s4_18"/>
			</nt>
		</nonterminals>
	</graph>
</s>

<s id="s5" ref="5" source="Running text" forest="1" text="O índividuos são obrigados a seguirem os padrões determinados por a sociedade...">
	<graph root="s5_500">
		<terminals>
			<t id="s5_1" word="O" lemma="o" pos="art" morph="M S" extra="* "/>
			<t id="s5_2" word="índividuos" lemma="índividuo" pos="adj" morph="M P" extra="n heur jh"/>
			<t id="s5_3" word="são" lemma="ser" pos="v-fin" morph="PR 3P IND VFIN" extra="fmc aux"/>
			<t id="s5_4" word="obrigados" lemma="obrigar" pos="v-pcp" morph="M P" extra="mv"/>
			<t id="s5_5" word="a" lemma="a" pos="prp" morph="--" extra="--"/>
			<t id="s5_6" word="seguirem" lemma="seguir" pos="v-inf" morph="3P" extra="mv"/>
			<t id="s5_7" word="os" lemma="o" pos="art" morph="M P" extra="--"/>
			<t id="s5_8" word="padrões" lemma="padrão" pos="n" morph="M P" sem="ac" extra="--"/>
			<t id="s5_9" word="determinados" lemma="determinar" pos="v-pcp" morph="M P" extra="vH mv np-close"/>
			<t id="s5_10" word="por" lemma="por" pos="prp" morph="--" extra="sam-"/>
			<t id="s5_11" word="a" lemma="o" pos="art" morph="F S" extra="-sam "/>
			<t id="s5_12" word="sociedade" lemma="sociedade" pos="n" morph="F S" sem="HH" extra="--"/>
			<t id="s5_13" word="." lemma="--" pos="pu" morph="--" extra="--"/>
		</terminals>

		<nonterminals>
			<nt id="s5_500" cat="s">
				<edge label="STA" idref="s5_501"/>
			</nt>
			<nt id="s5_501" cat="fcl">
				<edge label="Cs" idref="s5_502"/>
				<edge label="P" idref="s5_503"/>
				<edge label="Op" idref="s5_504"/>
				<edge label="PU" idref="s5_13"/>
			</nt>
			<nt id="s5_502" cat="np">
				<edge label="DN" idref="s5_1"/>
				<edge label="H" idref="s5_2"/>
			</nt>
			<nt id="s5_503" cat="vp">
				<edge label="Vaux" idref="s5_3"/>
				<edge label="Vm" idref="s5_4"/>
			</nt>
			<nt id="s5_504" cat="pp">
				<edge label="H" idref="s5_5"/>
				<edge label="DP" idref="s5_505"/>
			</nt>
			<nt id="s5_505" cat="icl">
				<edge label="P" idref="s5_6"/>
				<edge label="Od" idref="s5_506"/>
			</nt>
			<nt id="s5_506" cat="np">
				<edge label="DN" idref="s5_7"/>
				<edge label="H" idref="s5_8"/>
				<edge label="DN" idref="s5_507"/>
			</nt>
			<nt id="s5_507" cat="icl">
				<edge label="P" idref="s5_9"/>
				<edge label="fApass" idref="s5_508"/>
			</nt>
			<nt id="s5_508" cat="pp">
				<edge label="H" idref="s5_10"/>
				<edge label="DP" idref="s5_509"/>
			</nt>
			<nt id="s5_509" cat="np">
				<edge label="DN" idref="s5_11"/>
				<edge label="H" idref="s5_12"/>
			</nt>
		</nonterminals>
	</graph>
</s>

<s id="s6" ref="6" source="Running text" forest="1" text="Compartilhar enviar nova definição enviar nova imagem denunciar abuso Sinônimos:">
	<graph root="s6_500">
		<terminals>
			<t id="s6_1" word="Compartilhar" lemma="compartilhar" pos="v-inf" morph="--" extra="* vH mv"/>
			<t id="s6_2" word="enviar" lemma="enviar" pos="v-inf" morph="--" extra="vH mv"/>
			<t id="s6_3" word="nova" lemma="novo" pos="adj" morph="F S" extra="jh"/>
			<t id="s6_4" word="definição" lemma="definição" pos="n" morph="F S" sem="sem-c" extra="--"/>
			<t id="s6_5" word="enviar" lemma="enviar" pos="v-inf" morph="--" extra="vH mv"/>
			<t id="s6_6" word="nova" lemma="novo" pos="adj" morph="F S" extra="jh"/>
			<t id="s6_7" word="imagem" lemma="imagem" pos="n" morph="F S" sem="pict sem-c ac-cat" extra="--"/>
			<t id="s6_8" word="denunciar" lemma="denunciar" pos="v-inf" morph="--" extra="vH mv"/>
			<t id="s6_9" word="abuso" lemma="abuso" pos="n" morph="M S" sem="activity" extra="--"/>
			<t id="s6_10" word="Sinônimos" lemma="Sinônimos" pos="prop" morph="M S" extra="hum * np-close"/>
			<t id="s6_11" word=":" lemma="--" pos="pu" morph="--" extra="--"/>
		</terminals>

		<nonterminals>
			<nt id="s6_500" cat="s">
				<edge label="UTT" idref="s6_501"/>
			</nt>
			<nt id="s6_501" cat="icl">
				<edge label="P" idref="s6_1"/>
				<edge label="Od" idref="s6_502"/>
				<edge label="PU" idref="s6_11"/>
			</nt>
			<nt id="s6_502" cat="icl">
				<edge label="P" idref="s6_2"/>
				<edge label="Od" idref="s6_503"/>
				<edge label="UTT" idref="s6_504"/>
				<edge label="UTT" idref="s6_506"/>
			</nt>
			<nt id="s6_503" cat="np">
				<edge label="DN" idref="s6_3"/>
				<edge label="H" idref="s6_4"/>
			</nt>
			<nt id="s6_504" cat="icl">
				<edge label="P" idref="s6_5"/>
				<edge label="Od" idref="s6_505"/>
			</nt>
			<nt id="s6_505" cat="np">
				<edge label="DN" idref="s6_6"/>
				<edge label="H" idref="s6_7"/>
			</nt>
			<nt id="s6_506" cat="icl">
				<edge label="P" idref="s6_8"/>
				<edge label="Od" idref="s6_507"/>
			</nt>
			<nt id="s6_507" cat="np">
				<edge label="H" idref="s6_9"/>
				<edge label="DN" idref="s6_10"/>
			</nt>
		</nonterminals>
	</graph>
</s>

<s id="s7" ref="7" source="Running text" forest="1" text="obrigado repressão mandão coercivo mais...">
	<graph root="s7_500">
		<terminals>
			<t id="s7_1" word="obrigado" lemma="obrigar" pos="v-pcp" morph="M S" extra="--"/>
			<t id="s7_2" word="repressão" lemma="repressão" pos="n" morph="F S" sem="am activity" extra="cjt-head cjt-head-X"/>
			<t id="s7_3" word="mandão" lemma="mandão" pos="adj" morph="M S" extra="jh"/>
			<t id="s7_4" word="coercivo" lemma="coercivo" pos="adj" morph="M S" extra="cjt-X nh"/>
			<t id="s7_5" word="mais" lemma="mais" pos="adv" morph="--" extra="quant KOMP"/>
			<t id="s7_6" word="." lemma="--" pos="pu" morph="--" extra="--"/>
		</terminals>

		<nonterminals>
			<nt id="s7_500" cat="s">
				<edge label="X" idref="s7_501"/>
			</nt>
			<nt id="s7_501" cat="par">
				<edge label="CJT" idref="s7_502"/>
				<edge label="fCs" idref="s7_3"/>
				<edge label="CJT" idref="s7_503"/>
				<edge label="PU" idref="s7_6"/>
			</nt>
			<nt id="s7_502" cat="np">
				<edge label="DN" idref="s7_1"/>
				<edge label="H" idref="s7_2"/>
			</nt>
			<nt id="s7_503" cat="adjp">
				<edge label="H" idref="s7_4"/>
				<edge label="fA" idref="s7_5"/>
			</nt>
		</nonterminals>
	</graph>
</s>

<s id="s8" ref="8" source="Running text" forest="1" text="Relacionadas:">
	<graph root="s8_500">
		<terminals>
			<t id="s8_1" word="Relacionadas" lemma="relacionado" pos="adj" morph="F P" extra="* nh"/>
			<t id="s8_2" word=":" lemma="--" pos="pu" morph="--" extra="--"/>
		</terminals>

		<nonterminals>
			<nt id="s8_500" cat="s">
				<edge label="UTT" idref="s8_501"/>
			</nt>
			<nt id="s8_501" cat="x">
				<edge label="X" idref="s8_1"/>
				<edge label="PU" idref="s8_2"/>
			</nt>
		</nonterminals>
	</graph>
</s>

<s id="s9" ref="9" source="Running text" forest="1" text="coerção coercivo coercitividade coercibilidade mais...">
	<graph root="s9_500">
		<terminals>
			<t id="s9_1" word="coerção" lemma="coerção" pos="n" morph="F S" sem="am" extra="--"/>
			<t id="s9_2" word="coercivo" lemma="coercivo" pos="adj" morph="M S" extra="nh np-close"/>
			<t id="s9_3" word="coercitividade" lemma="coercitividade" pos="n" morph="F S" extra="DERS"/>
			<t id="s9_4" word="coercibilidade" lemma="coercibilidade" pos="n" morph="F S" extra="DERS"/>
			<t id="s9_5" word="mais" lemma="mais" pos="adv" morph="--" extra="--"/>
			<t id="s9_6" word="." lemma="--" pos="pu" morph="--" extra="--"/>
		</terminals>

		<nonterminals>
			<nt id="s9_500" cat="s">
				<edge label="S" idref="s9_501"/>
			</nt>
			<nt id="s9_501" cat="np">
				<edge label="H" idref="s9_1"/>
				<edge label="DN" idref="s9_2"/>
				<edge label="fCs" idref="s9_3"/>
				<edge label="S" idref="s9_4"/>
				<edge label="fA" idref="s9_5"/>
				<edge label="PU" idref="s9_6"/>
			</nt>
		</nonterminals>
	</graph>
</s>

<s id="s10" ref="10" source="Running text" forest="1" text="128 sobe, 39 desce 2. Coercitivo Por Helder Veloso(MG) em 30-05-2009 Forçado a, Obrigado a fazer, Iposição de algo ou alguem.. Se você não usar esta roupa, está fora de a moda Compartilhar enviar nova definição enviar nova imagem denunciar abuso 24 sobe, 8 desce 3. Coercitivo Por Dicionário inFormal(SP) em 04-12-2007 Aquele ou aquilo que age legitimamente com o uso da força para a aplicação do ordenamento jurídico.">
	<graph root="s10_500">
		<terminals>
			<t id="s10_1" word="128" lemma="128" pos="num" morph="M/F P" extra="card"/>
			<t id="s10_2" word="sobe" lemma="subir" pos="v-fin" morph="PR 3S IND VFIN" extra="nosubj nosubj cjt-head cjt-head-STA fmc mv"/>
			<t id="s10_3" word="," lemma="--" pos="pu" morph="--" extra="--"/>
			<t id="s10_4" word="39" lemma="39" pos="num" morph="M/F P" extra="card"/>
			<t id="s10_5" word="desce" lemma="descer" pos="v-fin" morph="PR 3S IND VFIN" extra="cjt-STA fmc mv"/>
			<t id="s10_6" word="2." lemma="2." pos="adj" morph="M/F S" extra="NUM-ord"/>
			<t id="s10_7" word="Coercitivo_Por_Helder_Veloso" lemma="Coercitivo_Por_Helder_Veloso" pos="prop" morph="M S" extra="hum * heur"/>
			<t id="s10_8" word="(" lemma="--" pos="pu" morph="--" extra="--"/>
			<t id="s10_9" word="MG" lemma="mG" pos="n" morph="M S" extra="* np-close"/>
			<t id="s10_10" word=")" lemma="--" pos="pu" morph="--" extra="--"/>
			<t id="s10_11" word="em" lemma="em" pos="prp" morph="--" extra="--"/>
			<t id="s10_12" word="30-05-2009" lemma="30-05-2009" pos="num" morph="M/F P" extra="card"/>
			<t id="s10_13" word="Forçado" lemma="forçar" pos="v-pcp" morph="M S" extra="prop n * vH jh"/>
			<t id="s10_14" word="a" lemma="a" pos="prp" morph="--" extra="--"/>
			<t id="s10_15" word="," lemma="--" pos="pu" morph="--" extra="--"/>
			<t id="s10_16" word="Obrigado" lemma="obrigar" pos="v-pcp" morph="M S" extra="* mv"/>
			<t id="s10_17" word="a" lemma="a" pos="prp" morph="--" extra="--"/>
			<t id="s10_18" word="fazer" lemma="fazer" pos="v-inf" morph="--" extra="mv"/>
			<t id="s10_19" word="," lemma="--" pos="pu" morph="--" extra="--"/>
			<t id="s10_20" word="Iposição" lemma="Iposição" pos="prop" morph="M/F S" extra="top * heur"/>
			<t id="s10_21" word="de" lemma="de" pos="prp" morph="--" extra="np-close"/>
			<t id="s10_22" word="algo" lemma="algo" pos="spec" morph="M S" extra="cjt-head cjt-head-DP quant"/>
			<t id="s10_23" word="ou" lemma="ou" pos="conj-c" morph="--" extra="--"/>
			<t id="s10_24" word="alguem.." lemma="alguem.." pos="n" morph="M S" extra="heur"/>
			<t id="s10_25" word="Se" lemma="Se" pos="prop" morph="F S" extra="cjt-DP hum newlex *"/>
			<t id="s10_26" word="você" lemma="você" pos="pron-pers" morph="M/F 3S NOM" extra="clb"/>
			<t id="s10_27" word="não" lemma="não" pos="adv" morph="--" extra="--"/>
			<t id="s10_28" word="usar" lemma="usar" pos="v-inf" morph="3S" extra="vH mv"/>
			<t id="s10_29" word="esta" lemma="este" pos="pron-dem" morph="DET F S" extra="dem"/>
			<t id="s10_30" word="roupa" lemma="roupa" pos="n" morph="F S" sem="cloH cm mat-cloth" extra="--"/>
			<t id="s10_31" word="," lemma="--" pos="pu" morph="--" extra="--"/>
			<t id="s10_32" word="está" lemma="estar" pos="v-fin" morph="PR 3S IND VFIN" extra="cjt-STA vK fmc mv"/>
			<t id="s10_33" word="fora_de" lemma="fora_de" pos="prp" morph="--" extra="sam-"/>
			<t id="s10_34" word="a" lemma="o" pos="art" morph="F S" extra=" -sam"/>
			<t id="s10_35" word="moda" lemma="moda" pos="n" morph="F S" sem="ism" extra="--"/>
			<t id="s10_36" word="Compartilhar" lemma="Compartilhar" pos="prop" morph="F S" sem="genre" extra="* np-close"/>
			<t id="s10_37" word="enviar" lemma="enviar" pos="v-inf" morph="--" extra="vH mv"/>
			<t id="s10_38" word="nova" lemma="novo" pos="adj" morph="F S" extra="jh"/>
			<t id="s10_39" word="definição" lemma="definição" pos="n" morph="F S" sem="sem-c" extra="--"/>
			<t id="s10_40" word="enviar" lemma="enviar" pos="v-inf" morph="--" extra="vH mv"/>
			<t id="s10_41" word="nova" lemma="novo" pos="adj" morph="F S" extra="jh"/>
			<t id="s10_42" word="imagem" lemma="imagem" pos="n" morph="F S" sem="pict sem-c ac-cat" extra="--"/>
			<t id="s10_43" word="denunciar" lemma="denunciar" pos="v-inf" morph="--" extra="vH mv"/>
			<t id="s10_44" word="abuso" lemma="abuso" pos="n" morph="M S" sem="activity" extra="--"/>
			<t id="s10_45" word="24" lemma="24" pos="num" morph="M/F P" extra="card"/>
			<t id="s10_46" word="sobe" lemma="subir" pos="v-fin" morph="PR 3S IND VFIN" extra="cjt-STA fmc mv"/>
			<t id="s10_47" word="," lemma="--" pos="pu" morph="--" extra="--"/>
			<t id="s10_48" word="8" lemma="8" pos="num" morph="M/F P" extra="card"/>
			<t id="s10_49" word="desce" lemma="descer" pos="v-fin" morph="PR 3S IND VFIN" extra="nosubj cjt-STA fmc mv"/>
			<t id="s10_50" word="3." lemma="3." pos="adj" morph="M/F S" extra="NUM-ord"/>
			<t id="s10_51" word="Coercitivo_Por_Dicionário" lemma="Coercitivo_Por_Dicionário" pos="prop" morph="M S" extra="cjt-head cjt-head-Cs tit *"/>
			<t id="s10_52" word="inFormal" lemma="inFormal" pos="adj" morph="M S" extra="np-close"/>
			<t id="s10_53" word="(" lemma="--" pos="pu" morph="--" extra="--"/>
			<t id="s10_54" word="SP" lemma="SP" pos="prop" morph="M S" extra="civ * np-close"/>
			<t id="s10_55" word=")" lemma="--" pos="pu" morph="--" extra="--"/>
			<t id="s10_56" word="em" lemma="em" pos="prp" morph="--" extra="--"/>
			<t id="s10_57" word="04-12-2007" lemma="04-12-2007" pos="num" morph="M/F S" extra="card"/>
			<t id="s10_58" word="Aquele" lemma="aquele" pos="pron-dem" morph="DET M S" extra="cjt-Cs * dem"/>
			<t id="s10_59" word="ou" lemma="ou" pos="conj-c" morph="--" extra="--"/>
			<t id="s10_60" word="aquilo" lemma="aquilo" pos="spec" morph="M S" extra="cjt-Cs dem"/>
			<t id="s10_61" word="que" lemma="que" pos="spec" morph="M S" extra="clb clb-fs rel"/>
			<t id="s10_62" word="age" lemma="agir" pos="v-fin" morph="PR 3S IND VFIN" extra="vH mv np-close"/>
			<t id="s10_63" word="legitimamente" lemma="legítimo" pos="adv" morph="--" extra="--"/>
			<t id="s10_64" word="com" lemma="com" pos="prp" morph="--" extra="--"/>
			<t id="s10_65" word="o" lemma="o" pos="art" morph="M S" extra="--"/>
			<t id="s10_66" word="uso" lemma="uso" pos="n" morph="M S" sem="act ac" extra="--"/>
			<t id="s10_67" word="de" lemma="de" pos="prp" morph="--" extra="sam- np-close"/>
			<t id="s10_68" word="a" lemma="o" pos="art" morph="F S" extra="-sam "/>
			<t id="s10_69" word="força" lemma="força" pos="n" morph="F S" sem="am HH" extra="--"/>
			<t id="s10_70" word="para" lemma="para" pos="prp" morph="--" extra="--"/>
			<t id="s10_71" word="a" lemma="o" pos="art" morph="F S" extra="--"/>
			<t id="s10_72" word="aplicação" lemma="aplicação" pos="n" morph="F S" sem="act sem-r" extra="--"/>
			<t id="s10_73" word="de" lemma="de" pos="prp" morph="--" extra="sam- np-close"/>
			<t id="s10_74" word="o" lemma="o" pos="art" morph="M S" extra="-sam "/>
			<t id="s10_75" word="ordenamento" lemma="ordenamento" pos="n" morph="M S" sem="conv activity act" extra="--"/>
			<t id="s10_76" word="jurídico" lemma="jurídico" pos="adj" morph="M S" extra="nh np-close"/>
			<t id="s10_77" word="." lemma="--" pos="pu" morph="--" extra="--"/>
		</terminals>

		<nonterminals>
			<nt id="s10_500" cat="s">
				<edge label="STA" idref="s10_501"/>
			</nt>
			<nt id="s10_501" cat="par">
				<edge label="CJT" idref="s10_502"/>
				<edge label="PU" idref="s10_3"/>
				<edge label="CJT" idref="s10_503"/>
				<edge label="CJT" idref="s10_515"/>
				<edge label="CJT" idref="s10_520"/>
				<edge label="CJT" idref="s10_526"/>
				<edge label="PU" idref="s10_77"/>
			</nt>
			<nt id="s10_502" cat="fcl">
				<edge label="Od" idref="s10_1"/>
				<edge label="P" idref="s10_2"/>
			</nt>
			<nt id="s10_503" cat="fcl">
				<edge label="Od" idref="s10_4"/>
				<edge label="P" idref="s10_5"/>
				<edge label="fCs" idref="s10_6"/>
				<edge label="S" idref="s10_504"/>
				<edge label="fA" idref="s10_506"/>
				<edge label="fA" idref="s10_508"/>
			</nt>
			<nt id="s10_504" cat="np">
				<edge label="H" idref="s10_7"/>
				<edge label="PU" idref="s10_8"/>
				<edge label="DNc" idref="s10_505"/>
				<edge label="PU" idref="s10_10"/>
			</nt>
			<nt id="s10_505" cat="np">
				<edge label="H" idref="s10_9"/>
			</nt>
			<nt id="s10_506" cat="pp">
				<edge label="H" idref="s10_11"/>
				<edge label="DP" idref="s10_507"/>
			</nt>
			<nt id="s10_507" cat="np">
				<edge label="DN" idref="s10_12"/>
				<edge label="H" idref="s10_13"/>
				<edge label="PU" idref="s10_15"/>
				<edge label="DNc" idref="s10_509"/>
			</nt>
			<nt id="s10_508" cat="pp">
				<edge label="H" idref="s10_14"/>
				<edge label="PU" idref="s10_19"/>
				<edge label="DP" idref="s10_512"/>
			</nt>
			<nt id="s10_509" cat="icl">
				<edge label="P" idref="s10_16"/>
				<edge label="Op" idref="s10_510"/>
			</nt>
			<nt id="s10_510" cat="pp">
				<edge label="H" idref="s10_17"/>
				<edge label="DP" idref="s10_511"/>
			</nt>
			<nt id="s10_511" cat="icl">
				<edge label="P" idref="s10_18"/>
				<edge label="Od" idref="s10_516"/>
			</nt>
			<nt id="s10_512" cat="np">
				<edge label="H" idref="s10_20"/>
				<edge label="DN" idref="s10_513"/>
			</nt>
			<nt id="s10_513" cat="pp">
				<edge label="H" idref="s10_21"/>
				<edge label="DP" idref="s10_514"/>
				<edge label="DP" idref="s10_24"/>
			</nt>
			<nt id="s10_514" cat="par">
				<edge label="CJT" idref="s10_22"/>
				<edge label="CO" idref="s10_23"/>
				<edge label="CJT" idref="s10_25"/>
			</nt>
			<nt id="s10_515" cat="fcl">
				<edge label="S" idref="s10_26"/>
				<edge label="PU" idref="s10_31"/>
				<edge label="P" idref="s10_32"/>
				<edge label="As" idref="s10_518"/>
			</nt>
			<nt id="s10_516" cat="icl">
				<edge label="fA" idref="s10_27"/>
				<edge label="P" idref="s10_28"/>
				<edge label="Od" idref="s10_517"/>
			</nt>
			<nt id="s10_517" cat="np">
				<edge label="DN" idref="s10_29"/>
				<edge label="H" idref="s10_30"/>
			</nt>
			<nt id="s10_518" cat="pp">
				<edge label="H" idref="s10_33"/>
				<edge label="DP" idref="s10_519"/>
			</nt>
			<nt id="s10_519" cat="np">
				<edge label="DN" idref="s10_34"/>
				<edge label="H" idref="s10_35"/>
				<edge label="DN" idref="s10_36"/>
			</nt>
			<nt id="s10_520" cat="fcl">
				<edge label="S" idref="s10_521"/>
				<edge label="Od" idref="s10_45"/>
				<edge label="P" idref="s10_46"/>
				<edge label="PU" idref="s10_47"/>
				<edge label="Cs" idref="s10_48"/>
			</nt>
			<nt id="s10_521" cat="fcl">
				<edge label="S" idref="s10_522"/>
				<edge label="P" idref="s10_43"/>
				<edge label="Od" idref="s10_44"/>
			</nt>
			<nt id="s10_522" cat="fcl">
				<edge label="S" idref="s10_523"/>
				<edge label="P" idref="s10_40"/>
				<edge label="Od" idref="s10_525"/>
			</nt>
			<nt id="s10_523" cat="icl">
				<edge label="P" idref="s10_37"/>
				<edge label="Od" idref="s10_524"/>
			</nt>
			<nt id="s10_524" cat="np">
				<edge label="DN" idref="s10_38"/>
				<edge label="H" idref="s10_39"/>
			</nt>
			<nt id="s10_525" cat="np">
				<edge label="DN" idref="s10_41"/>
				<edge label="H" idref="s10_42"/>
			</nt>
			<nt id="s10_526" cat="x">
				<edge label="P" idref="s10_49"/>
				<edge label="fCs" idref="s10_50"/>
				<edge label="Cs" idref="s10_527"/>
				<edge label="fA" idref="s10_529"/>
			</nt>
			<nt id="s10_527" cat="par">
				<edge label="CJT" idref="s10_528"/>
			</nt>
			<nt id="s10_528" cat="np">
				<edge label="H" idref="s10_51"/>
				<edge label="DN" idref="s10_52"/>
				<edge label="PU" idref="s10_53"/>
				<edge label="DNapp" idref="s10_54"/>
				<edge label="PU" idref="s10_55"/>
			</nt>
			<nt id="s10_529" cat="pp">
				<edge label="H" idref="s10_56"/>
				<edge label="DP" idref="s10_57"/>
				<edge label="CJT" idref="s10_58"/>
				<edge label="CO" idref="s10_59"/>
				<edge label="CJT" idref="s10_530"/>
			</nt>
			<nt id="s10_530" cat="np">
				<edge label="H" idref="s10_60"/>
				<edge label="DN" idref="s10_531"/>
			</nt>
			<nt id="s10_531" cat="fcl">
				<edge label="S" idref="s10_61"/>
				<edge label="P" idref="s10_62"/>
				<edge label="fA" idref="s10_63"/>
				<edge label="fA" idref="s10_532"/>
				<edge label="fA" idref="s10_536"/>
			</nt>
			<nt id="s10_532" cat="pp">
				<edge label="H" idref="s10_64"/>
				<edge label="DP" idref="s10_533"/>
			</nt>
			<nt id="s10_533" cat="np">
				<edge label="DN" idref="s10_65"/>
				<edge label="H" idref="s10_66"/>
				<edge label="DN" idref="s10_534"/>
			</nt>
			<nt id="s10_534" cat="pp">
				<edge label="H" idref="s10_67"/>
				<edge label="DP" idref="s10_535"/>
			</nt>
			<nt id="s10_535" cat="np">
				<edge label="DN" idref="s10_68"/>
				<edge label="H" idref="s10_69"/>
			</nt>
			<nt id="s10_536" cat="pp">
				<edge label="H" idref="s10_70"/>
				<edge label="DP" idref="s10_537"/>
			</nt>
			<nt id="s10_537" cat="np">
				<edge label="DN" idref="s10_71"/>
				<edge label="H" idref="s10_72"/>
				<edge label="DN" idref="s10_538"/>
			</nt>
			<nt id="s10_538" cat="pp">
				<edge label="H" idref="s10_73"/>
				<edge label="DP" idref="s10_539"/>
			</nt>
			<nt id="s10_539" cat="np">
				<edge label="DN" idref="s10_74"/>
				<edge label="H" idref="s10_75"/>
				<edge label="DN" idref="s10_76"/>
			</nt>
		</nonterminals>
	</graph>
</s>

<s id="s11" ref="11" source="Running text" forest="1" text="O Estado é coercitivo.">
	<graph root="s11_500">
		<terminals>
			<t id="s11_1" word="O" lemma="o" pos="art" morph="M S" extra="* "/>
			<t id="s11_2" word="Estado" lemma="Estado" pos="prop" morph="M S" sem="inst" extra="* newlex"/>
			<t id="s11_3" word="é" lemma="ser" pos="v-fin" morph="PR 3S IND VFIN" extra="vK fmc mv"/>
			<t id="s11_4" word="coercitivo" lemma="coercitivo" pos="adj" morph="M S" extra="nh"/>
			<t id="s11_5" word="." lemma="--" pos="pu" morph="--" extra="--"/>
		</terminals>

		<nonterminals>
			<nt id="s11_500" cat="s">
				<edge label="STA" idref="s11_501"/>
			</nt>
			<nt id="s11_501" cat="fcl">
				<edge label="S" idref="s11_502"/>
				<edge label="P" idref="s11_3"/>
				<edge label="Cs" idref="s11_4"/>
				<edge label="PU" idref="s11_5"/>
			</nt>
			<nt id="s11_502" cat="np">
				<edge label="DN" idref="s11_1"/>
				<edge label="H" idref="s11_2"/>
			</nt>
		</nonterminals>
	</graph>
</s>

<s id="s12" ref="12" source="Running text" forest="1" text="Compartilhar enviar nova definição enviar nova imagem denunciar abuso 1 sobe, 0 desce 4. Coercitivo Por Dicionário inFormal(SP) em 04-06-2014 Os fatos sociais têm existência própria e são capazes de obrigar(&quot;influência coercitiva&quot;) as pessoas a se comportarem dessa ou daquela maneira.">
	<graph root="s12_500">
		<terminals>
			<t id="s12_1" word="Compartilhar" lemma="compartilhar" pos="v-inf" morph="--" extra="* vH mv"/>
			<t id="s12_2" word="enviar" lemma="enviar" pos="v-inf" morph="--" extra="vH mv"/>
			<t id="s12_3" word="nova" lemma="novo" pos="adj" morph="F S" extra="jh"/>
			<t id="s12_4" word="definição" lemma="definição" pos="n" morph="F S" sem="sem-c" extra="--"/>
			<t id="s12_5" word="enviar" lemma="enviar" pos="v-inf" morph="--" extra="vH mv"/>
			<t id="s12_6" word="nova" lemma="novo" pos="adj" morph="F S" extra="jh"/>
			<t id="s12_7" word="imagem" lemma="imagem" pos="n" morph="F S" sem="pict sem-c ac-cat" extra="--"/>
			<t id="s12_8" word="denunciar" lemma="denunciar" pos="v-inf" morph="--" extra="vH mv"/>
			<t id="s12_9" word="abuso" lemma="abuso" pos="n" morph="M S" sem="activity" extra="--"/>
			<t id="s12_10" word="1" lemma="1" pos="num" morph="M/F S" extra="card"/>
			<t id="s12_11" word="sobe" lemma="subir" pos="v-fin" morph="PR 3S IND VFIN" extra="nosubj cjt-head cjt-head-STA fmc mv"/>
			<t id="s12_12" word="," lemma="--" pos="pu" morph="--" extra="--"/>
			<t id="s12_13" word="0" lemma="xx" pos="num" morph="M/F P" extra="card"/>
			<t id="s12_14" word="desce" lemma="descer" pos="v-fin" morph="PR 3S IND VFIN" extra="cjt-STA fmc mv"/>
			<t id="s12_15" word="4." lemma="4." pos="adj" morph="M/F S" extra="NUM-ord"/>
			<t id="s12_16" word="Coercitivo_Por_Dicionário" lemma="Coercitivo_Por_Dicionário" pos="prop" morph="M S" extra="tit *"/>
			<t id="s12_17" word="inFormal" lemma="inFormal" pos="adj" morph="M S" extra="np-close"/>
			<t id="s12_18" word="(" lemma="--" pos="pu" morph="--" extra="--"/>
			<t id="s12_19" word="SP" lemma="SP" pos="prop" morph="M S" extra="civ * np-close"/>
			<t id="s12_20" word=")" lemma="--" pos="pu" morph="--" extra="--"/>
			<t id="s12_21" word="em" lemma="em" pos="prp" morph="--" extra="--"/>
			<t id="s12_22" word="04-06-2014" lemma="04-06-2014" pos="num" morph="M/F S" extra="card"/>
			<t id="s12_23" word="Os" lemma="o" pos="art" morph="M P" extra="* "/>
			<t id="s12_24" word="fatos" lemma="fato" pos="n" morph="M P" sem="ac cloH AAdom" extra="--"/>
			<t id="s12_25" word="sociais" lemma="social" pos="adj" morph="M P" extra="np-close"/>
			<t id="s12_26" word="têm" lemma="ter" pos="v-fin" morph="PR 3P IND VFIN" extra="nosubj cjt-STA fmc mv"/>
			<t id="s12_27" word="existência" lemma="existência" pos="n" morph="F S" sem="percep-f" extra="--"/>
			<t id="s12_28" word="própria" lemma="próprio" pos="adj" morph="F S" extra="np-close"/>
			<t id="s12_29" word="e" lemma="e" pos="conj-c" morph="--" extra="--"/>
			<t id="s12_30" word="são" lemma="ser" pos="v-fin" morph="PR 3P IND VFIN" extra="nosubj cjt-STA vK fmc mv"/>
			<t id="s12_31" word="capazes" lemma="capaz" pos="adj" morph="M/F P" extra="jh"/>
			<t id="s12_32" word="de" lemma="de" pos="prp" morph="--" extra="--"/>
			<t id="s12_33" word="obrigar" lemma="obrigar" pos="v-inf" morph="--" extra="mv"/>
			<t id="s12_34" word="(" lemma="--" pos="pu" morph="--" extra="--"/>
			<t id="s12_35" word="&quot;" lemma="--" pos="pu" morph="--" extra="--"/>
			<t id="s12_36" word="influência" lemma="influência" pos="n" morph="F S" extra="*1 am"/>
			<t id="s12_37" word="coercitiva" lemma="coercitivo" pos="adj" morph="F S" extra="*2 nh np-close"/>
			<t id="s12_38" word="&quot;" lemma="--" pos="pu" morph="--" extra="--"/>
			<t id="s12_39" word=")" lemma="--" pos="pu" morph="--" extra="--"/>
			<t id="s12_40" word="as" lemma="o" pos="art" morph="F P" extra="--"/>
			<t id="s12_41" word="pessoas" lemma="pessoa" pos="n" morph="F P" sem="H" extra="--"/>
			<t id="s12_42" word="a" lemma="a" pos="prp" morph="--" extra="--"/>
			<t id="s12_43" word="se" lemma="se" pos="pron-pers" morph="M/F 3P ACC" extra="refl"/>
			<t id="s12_44" word="comportarem" lemma="comportar" pos="v-inf" morph="3P" extra="mv v-pron"/>
			<t id="s12_45" word="de" lemma="de" pos="prp" morph="--" extra="sam-"/>
			<t id="s12_46" word="essa" lemma="esse" pos="pron-dem" morph="DET F S" extra="-sam dem"/>
			<t id="s12_47" word="ou" lemma="ou" pos="conj-c" morph="--" extra="--"/>
			<t id="s12_48" word="de" lemma="de" pos="prp" morph="--" extra="sam-"/>
			<t id="s12_49" word="aquela" lemma="aquele" pos="pron-dem" morph="DET F S" extra="-sam dem"/>
			<t id="s12_50" word="maneira" lemma="maneira" pos="n" morph="F S" sem="ac" extra="--"/>
			<t id="s12_51" word="." lemma="--" pos="pu" morph="--" extra="--"/>
		</terminals>

		<nonterminals>
			<nt id="s12_500" cat="s">
				<edge label="UTT" idref="s12_501"/>
			</nt>
			<nt id="s12_501" cat="icl">
				<edge label="P" idref="s12_1"/>
				<edge label="Od" idref="s12_502"/>
				<edge label="PU" idref="s12_34"/>
				<edge label="PU" idref="s12_51"/>
			</nt>
			<nt id="s12_502" cat="icl">
				<edge label="P" idref="s12_2"/>
				<edge label="Od" idref="s12_503"/>
				<edge label="UTT" idref="s12_504"/>
				<edge label="UTT" idref="s12_506"/>
				<edge label="STA" idref="s12_507"/>
			</nt>
			<nt id="s12_503" cat="np">
				<edge label="DN" idref="s12_3"/>
				<edge label="H" idref="s12_4"/>
			</nt>
			<nt id="s12_504" cat="icl">
				<edge label="P" idref="s12_5"/>
				<edge label="Od" idref="s12_505"/>
			</nt>
			<nt id="s12_505" cat="np">
				<edge label="DN" idref="s12_6"/>
				<edge label="H" idref="s12_7"/>
			</nt>
			<nt id="s12_506" cat="icl">
				<edge label="P" idref="s12_8"/>
				<edge label="Od" idref="s12_9"/>
			</nt>
			<nt id="s12_507" cat="par">
				<edge label="CJT" idref="s12_508"/>
				<edge label="PU" idref="s12_12"/>
				<edge label="CJT" idref="s12_509"/>
				<edge label="CJT" idref="s12_513"/>
				<edge label="CJT" idref="s12_515"/>
			</nt>
			<nt id="s12_508" cat="fcl">
				<edge label="S" idref="s12_10"/>
				<edge label="P" idref="s12_11"/>
			</nt>
			<nt id="s12_509" cat="fcl">
				<edge label="Od" idref="s12_13"/>
				<edge label="P" idref="s12_14"/>
				<edge label="fCs" idref="s12_15"/>
				<edge label="S" idref="s12_510"/>
				<edge label="fA" idref="s12_511"/>
				<edge label="Od" idref="s12_512"/>
			</nt>
			<nt id="s12_510" cat="np">
				<edge label="H" idref="s12_16"/>
				<edge label="DN" idref="s12_17"/>
				<edge label="PU" idref="s12_18"/>
				<edge label="DNapp" idref="s12_19"/>
				<edge label="PU" idref="s12_20"/>
			</nt>
			<nt id="s12_511" cat="pp">
				<edge label="H" idref="s12_21"/>
				<edge label="DP" idref="s12_22"/>
			</nt>
			<nt id="s12_512" cat="np">
				<edge label="DN" idref="s12_23"/>
				<edge label="H" idref="s12_24"/>
				<edge label="DN" idref="s12_25"/>
			</nt>
			<nt id="s12_513" cat="x">
				<edge label="P" idref="s12_26"/>
				<edge label="Od" idref="s12_514"/>
			</nt>
			<nt id="s12_514" cat="np">
				<edge label="H" idref="s12_27"/>
				<edge label="DN" idref="s12_28"/>
				<edge label="CO" idref="s12_29"/>
			</nt>
			<nt id="s12_515" cat="x">
				<edge label="P" idref="s12_30"/>
				<edge label="Cs" idref="s12_516"/>
			</nt>
			<nt id="s12_516" cat="adjp">
				<edge label="H" idref="s12_31"/>
				<edge label="DA" idref="s12_517"/>
			</nt>
			<nt id="s12_517" cat="pp">
				<edge label="H" idref="s12_32"/>
				<edge label="DP" idref="s12_518"/>
			</nt>
			<nt id="s12_518" cat="icl">
				<edge label="P" idref="s12_33"/>
				<edge label="PU" idref="s12_35"/>
				<edge label="fCs" idref="s12_519"/>
				<edge label="PU" idref="s12_39"/>
				<edge label="Od" idref="s12_520"/>
				<edge label="Op" idref="s12_521"/>
			</nt>
			<nt id="s12_519" cat="np">
				<edge label="H" idref="s12_36"/>
				<edge label="DN" idref="s12_37"/>
				<edge label="PU" idref="s12_38"/>
			</nt>
			<nt id="s12_520" cat="np">
				<edge label="DN" idref="s12_40"/>
				<edge label="H" idref="s12_41"/>
			</nt>
			<nt id="s12_521" cat="pp">
				<edge label="H" idref="s12_42"/>
				<edge label="DP" idref="s12_522"/>
			</nt>
			<nt id="s12_522" cat="icl">
				<edge label="Od" idref="s12_43"/>
				<edge label="P" idref="s12_44"/>
				<edge label="fA" idref="s12_523"/>
			</nt>
			<nt id="s12_523" cat="pp">
				<edge label="H" idref="s12_45"/>
				<edge label="DP" idref="s12_46"/>
				<edge label="H" idref="s12_48"/>
				<edge label="DP" idref="s12_525"/>
			</nt>
			<nt id="s12_524" cat="pp">
			</nt>
			<nt id="s12_525" cat="np">
				<edge label="DN" idref="s12_49"/>
				<edge label="H" idref="s12_50"/>
			</nt>
		</nonterminals>
	</graph>
</s>

<s id="s13" ref="13" source="Running text" forest="1" text="A sociedade se modifica a todo momento, pois cria uma influência coercitiva nos indivíduos.">
	<graph root="s13_500">
		<terminals>
			<t id="s13_1" word="A" lemma="o" pos="art" morph="F S" extra="* "/>
			<t id="s13_2" word="sociedade" lemma="sociedade" pos="n" morph="F S" sem="HH" extra="--"/>
			<t id="s13_3" word="se" lemma="se" pos="pron-pers" morph="M/F 3S ACC" extra="refl pass"/>
			<t id="s13_4" word="modifica" lemma="modificar" pos="v-fin" morph="PR 3S IND VFIN" extra="cjt-head cjt-head-STA fmc mv v-pron"/>
			<t id="s13_5" word="a_todo_momento" lemma="a_todo_momento" pos="adv" morph="--" sem="pp" extra="--"/>
			<t id="s13_6" word="," lemma="--" pos="pu" morph="--" extra="--"/>
			<t id="s13_7" word="pois" lemma="pois" pos="conj-s" morph="--" extra="clb"/>
			<t id="s13_8" word="cria" lemma="criar" pos="v-fin" morph="PR 3S IND VFIN" extra="nosubj cjt-STA fmc mv"/>
			<t id="s13_9" word="uma" lemma="um" pos="art" morph="F S" extra="--"/>
			<t id="s13_10" word="influência" lemma="influência" pos="n" morph="F S" sem="am" extra="--"/>
			<t id="s13_11" word="coercitiva" lemma="coercitivo" pos="adj" morph="F S" extra="nh np-close"/>
			<t id="s13_12" word="em" lemma="em" pos="prp" morph="--" extra="sam-"/>
			<t id="s13_13" word="os" lemma="o" pos="art" morph="M P" extra=" -sam"/>
			<t id="s13_14" word="indivíduos" lemma="indivíduo" pos="n" morph="M P" sem="H" extra="--"/>
			<t id="s13_15" word="." lemma="--" pos="pu" morph="--" extra="--"/>
		</terminals>

		<nonterminals>
			<nt id="s13_500" cat="s">
				<edge label="STA" idref="s13_501"/>
			</nt>
			<nt id="s13_501" cat="par">
				<edge label="CJT" idref="s13_502"/>
				<edge label="PU" idref="s13_6"/>
				<edge label="CJT" idref="s13_504"/>
				<edge label="PU" idref="s13_15"/>
			</nt>
			<nt id="s13_502" cat="fcl">
				<edge label="S" idref="s13_503"/>
				<edge label="Od" idref="s13_3"/>
				<edge label="P" idref="s13_4"/>
				<edge label="fA" idref="s13_5"/>
			</nt>
			<nt id="s13_503" cat="np">
				<edge label="DN" idref="s13_1"/>
				<edge label="H" idref="s13_2"/>
			</nt>
			<nt id="s13_504" cat="x">
				<edge label="fA" idref="s13_7"/>
				<edge label="P" idref="s13_8"/>
				<edge label="Od" idref="s13_505"/>
				<edge label="Op" idref="s13_506"/>
			</nt>
			<nt id="s13_505" cat="np">
				<edge label="DN" idref="s13_9"/>
				<edge label="H" idref="s13_10"/>
				<edge label="DN" idref="s13_11"/>
			</nt>
			<nt id="s13_506" cat="pp">
				<edge label="H" idref="s13_12"/>
				<edge label="DP" idref="s13_507"/>
			</nt>
			<nt id="s13_507" cat="np">
				<edge label="DN" idref="s13_13"/>
				<edge label="H" idref="s13_14"/>
			</nt>
		</nonterminals>
	</graph>
</s>

<s id="s14" ref="14" source="Running text" forest="1" text="Compartilhar enviar nova definição enviar nova imagem denunciar abuso 7 sobe, 9 desce 5. Coercitivo Por cheber(CE) em 08-06-2011 Que pode exercer coerção.">
	<graph root="s14_500">
		<terminals>
			<t id="s14_1" word="Compartilhar" lemma="compartilhar" pos="v-inf" morph="--" extra="cjt-head cjt-head-S * vH mv"/>
			<t id="s14_2" word="enviar" lemma="enviar" pos="v-inf" morph="--" extra="vH mv"/>
			<t id="s14_3" word="nova" lemma="novo" pos="adj" morph="F S" extra="jh"/>
			<t id="s14_4" word="definição" lemma="definição" pos="n" morph="F S" sem="sem-c" extra="--"/>
			<t id="s14_5" word="enviar" lemma="enviar" pos="v-inf" morph="--" extra="vH mv"/>
			<t id="s14_6" word="nova" lemma="novo" pos="adj" morph="F S" extra="jh"/>
			<t id="s14_7" word="imagem" lemma="imagem" pos="n" morph="F S" sem="pict sem-c ac-cat" extra="--"/>
			<t id="s14_8" word="denunciar" lemma="denunciar" pos="v-inf" morph="--" extra="cjt-S vH mv"/>
			<t id="s14_9" word="abuso" lemma="abuso" pos="n" morph="M S" sem="activity" extra="--"/>
			<t id="s14_10" word="7" lemma="7" pos="num" morph="M/F P" extra="card"/>
			<t id="s14_11" word="sobe" lemma="subir" pos="v-fin" morph="PR 3S IND VFIN" extra="cjt-head cjt-head-STA fmc mv"/>
			<t id="s14_12" word="," lemma="--" pos="pu" morph="--" extra="--"/>
			<t id="s14_13" word="9" lemma="9" pos="num" morph="M/F P" extra="card"/>
			<t id="s14_14" word="desce" lemma="descer" pos="v-fin" morph="PR 3S IND VFIN" extra="cjt-STA fmc mv"/>
			<t id="s14_15" word="5." lemma="5." pos="adj" morph="M/F S" extra="NUM-ord"/>
			<t id="s14_16" word="Coercitivo_Por" lemma="Coercitivo_Por" pos="prop" morph="M S" extra="hum * heur"/>
			<t id="s14_17" word="cheber" lemma="cheber" pos="v-inf" morph="3S" extra="heur mv"/>
			<t id="s14_18" word="(" lemma="--" pos="pu" morph="--" extra="--"/>
			<t id="s14_19" word="CE" lemma="CE" pos="prop" morph="M S" extra="civ * np-close"/>
			<t id="s14_20" word=")" lemma="--" pos="pu" morph="--" extra="--"/>
			<t id="s14_21" word="em" lemma="em" pos="prp" morph="--" extra="--"/>
			<t id="s14_22" word="08-06-2011" lemma="08-06-2011" pos="num" morph="M/F S" extra="card"/>
			<t id="s14_23" word="Que" lemma="que" pos="spec" morph="M S" extra="clb clb-fs * rel"/>
			<t id="s14_24" word="pode" lemma="poder" pos="v-fin" morph="PR 3S IND VFIN" extra="aux np-close"/>
			<t id="s14_25" word="exercer" lemma="exercer" pos="v-inf" morph="--" extra="vH mv"/>
			<t id="s14_26" word="coerção" lemma="coerção" pos="n" morph="F S" sem="am" extra="--"/>
			<t id="s14_27" word="." lemma="--" pos="pu" morph="--" extra="--"/>
		</terminals>

		<nonterminals>
			<nt id="s14_500" cat="s">
				<edge label="STA" idref="s14_501"/>
			</nt>
			<nt id="s14_501" cat="par">
				<edge label="CJT" idref="s14_502"/>
				<edge label="PU" idref="s14_12"/>
				<edge label="CJT" idref="s14_510"/>
				<edge label="PU" idref="s14_27"/>
			</nt>
			<nt id="s14_502" cat="fcl">
				<edge label="S" idref="s14_503"/>
				<edge label="Od" idref="s14_10"/>
				<edge label="P" idref="s14_11"/>
			</nt>
			<nt id="s14_503" cat="par">
				<edge label="CJT" idref="s14_504"/>
				<edge label="CJT" idref="s14_507"/>
			</nt>
			<nt id="s14_504" cat="icl">
				<edge label="P" idref="s14_1"/>
				<edge label="Od" idref="s14_505"/>
			</nt>
			<nt id="s14_505" cat="icl">
				<edge label="P" idref="s14_2"/>
				<edge label="Od" idref="s14_506"/>
			</nt>
			<nt id="s14_506" cat="np">
				<edge label="DN" idref="s14_3"/>
				<edge label="H" idref="s14_4"/>
			</nt>
			<nt id="s14_507" cat="fcl">
				<edge label="S" idref="s14_508"/>
				<edge label="P" idref="s14_8"/>
				<edge label="Od" idref="s14_9"/>
			</nt>
			<nt id="s14_508" cat="icl">
				<edge label="P" idref="s14_5"/>
				<edge label="Od" idref="s14_509"/>
			</nt>
			<nt id="s14_509" cat="np">
				<edge label="DN" idref="s14_6"/>
				<edge label="H" idref="s14_7"/>
			</nt>
			<nt id="s14_510" cat="fcl">
				<edge label="Od" idref="s14_13"/>
				<edge label="P" idref="s14_14"/>
				<edge label="fCs" idref="s14_15"/>
				<edge label="S" idref="s14_511"/>
			</nt>
			<nt id="s14_511" cat="fcl">
				<edge label="S" idref="s14_512"/>
				<edge label="P" idref="s14_17"/>
				<edge label="PU" idref="s14_18"/>
				<edge label="PU" idref="s14_20"/>
				<edge label="fA" idref="s14_513"/>
			</nt>
			<nt id="s14_512" cat="np">
				<edge label="H" idref="s14_16"/>
				<edge label="DNapp" idref="s14_19"/>
			</nt>
			<nt id="s14_513" cat="pp">
				<edge label="H" idref="s14_21"/>
				<edge label="DP" idref="s14_514"/>
			</nt>
			<nt id="s14_514" cat="np">
				<edge label="H" idref="s14_22"/>
				<edge label="DN" idref="s14_515"/>
			</nt>
			<nt id="s14_515" cat="fcl">
				<edge label="S" idref="s14_23"/>
				<edge label="P" idref="s14_516"/>
				<edge label="Od" idref="s14_26"/>
			</nt>
			<nt id="s14_516" cat="vp">
				<edge label="Vaux" idref="s14_24"/>
				<edge label="Vm" idref="s14_25"/>
			</nt>
		</nonterminals>
	</graph>
</s>

<s id="s15" ref="15" source="Running text" forest="1" text="Ele veio falar com mim com um ar coercitivo.">
	<graph root="s15_500">
		<terminals>
			<t id="s15_1" word="Ele" lemma="ele" pos="pron-pers" morph="M 3S NOM" extra="*"/>
			<t id="s15_2" word="veio" lemma="vir" pos="v-fin" morph="PS 3S IND VFIN" extra="fmc aux"/>
			<t id="s15_3" word="falar" lemma="falar" pos="v-inf" morph="--" extra="vH mv"/>
			<t id="s15_4" word="com" lemma="com" pos="prp" morph="--" extra="sam-"/>
			<t id="s15_5" word="mim" lemma="eu" pos="pron-pers" morph="M/F 1S PIV" extra="-sam"/>
			<t id="s15_6" word="com" lemma="com" pos="prp" morph="--" extra="--"/>
			<t id="s15_7" word="um" lemma="um" pos="art" morph="M S" extra="--"/>
			<t id="s15_8" word="ar" lemma="ar" pos="n" morph="M S" sem="cm-gas f-an ac" extra="--"/>
			<t id="s15_9" word="coercitivo" lemma="coercitivo" pos="adj" morph="M S" extra="nh np-close"/>
			<t id="s15_10" word="." lemma="--" pos="pu" morph="--" extra="--"/>
		</terminals>

		<nonterminals>
			<nt id="s15_500" cat="s">
				<edge label="STA" idref="s15_501"/>
			</nt>
			<nt id="s15_501" cat="fcl">
				<edge label="S" idref="s15_1"/>
				<edge label="P" idref="s15_502"/>
				<edge label="Op" idref="s15_503"/>
				<edge label="fA" idref="s15_504"/>
				<edge label="PU" idref="s15_10"/>
			</nt>
			<nt id="s15_502" cat="vp">
				<edge label="Vaux" idref="s15_2"/>
				<edge label="Vm" idref="s15_3"/>
			</nt>
			<nt id="s15_503" cat="pp">
				<edge label="H" idref="s15_4"/>
				<edge label="DP" idref="s15_5"/>
			</nt>
			<nt id="s15_504" cat="pp">
				<edge label="H" idref="s15_6"/>
				<edge label="DP" idref="s15_505"/>
			</nt>
			<nt id="s15_505" cat="np">
				<edge label="DN" idref="s15_7"/>
				<edge label="H" idref="s15_8"/>
				<edge label="DN" idref="s15_9"/>
			</nt>
		</nonterminals>
	</graph>
</s>

<s id="s16" ref="16" source="Running text" forest="1" text="Compartilhar enviar nova definição enviar nova imagem denunciar abuso Outras Informações:Palavras com 10 letras A palavra possui 5 vogais -- oe i i o A palavra possui 5 consoantes -- c rc t v 1 página -- 5 Definições okhotsk taruíra ajuru zumbi yin yang.">
	<graph root="s16_500">
		<terminals>
			<t id="s16_1" word="Compartilhar" lemma="compartilhar" pos="v-inf" morph="--" extra="* vH mv"/>
			<t id="s16_2" word="enviar" lemma="enviar" pos="v-inf" morph="--" extra="vH mv"/>
			<t id="s16_3" word="nova" lemma="novo" pos="adj" morph="F S" extra="jh"/>
			<t id="s16_4" word="definição" lemma="definição" pos="n" morph="F S" sem="sem-c" extra="--"/>
			<t id="s16_5" word="enviar" lemma="enviar" pos="v-inf" morph="--" extra="vH mv"/>
			<t id="s16_6" word="nova" lemma="novo" pos="adj" morph="F S" extra="jh"/>
			<t id="s16_7" word="imagem" lemma="imagem" pos="n" morph="F S" sem="pict sem-c ac-cat" extra="--"/>
			<t id="s16_8" word="denunciar" lemma="denunciar" pos="v-inf" morph="--" extra="vH mv"/>
			<t id="s16_9" word="abuso" lemma="abuso" pos="n" morph="M S" sem="activity" extra="--"/>
			<t id="s16_10" word="Outras_Informações" lemma="Outras_Informações" pos="prop" morph="M S" extra="hum * heur np-close"/>
			<t id="s16_11" word=":Palavras" lemma=":Palavras" pos="n" morph="M S" extra="cjt-head cjt-head-S"/>
			<t id="s16_12" word="com" lemma="com" pos="prp" morph="--" extra="--"/>
			<t id="s16_13" word="10" lemma="10" pos="num" morph="F P" extra="card"/>
			<t id="s16_14" word="letras" lemma="letra" pos="n" morph="F P" sem="ac-sign sem-r domain" extra="--"/>
			<t id="s16_15" word="A" lemma="o" pos="art" morph="F S" extra="* "/>
			<t id="s16_16" word="palavra" lemma="palavra" pos="n" morph="F S" sem="ac-cat act-s" extra="cjt-S"/>
			<t id="s16_17" word="possui" lemma="possuir" pos="v-fin" morph="PR 3S IND VFIN" extra="predco vH fmc mv"/>
			<t id="s16_18" word="5" lemma="5" pos="num" morph="M P" extra="card"/>
			<t id="s16_19" word="vogais" lemma="vogal" pos="n" morph="M P" sem="ac-cat H" extra="--"/>
			<t id="s16_20" word="--" lemma="--" pos="pu" morph="--" extra="--"/>
			<t id="s16_21" word="oe" lemma="OE" pos="prop" morph="M/F S" extra="tit"/>
			<t id="s16_22" word="i" lemma="i" pos="n" morph="M S" sem="ac-sign" extra="--"/>
			<t id="s16_23" word="i" lemma="i" pos="n" morph="M S" sem="ac-sign" extra="--"/>
			<t id="s16_24" word="o" lemma="o" pos="art" morph="M S" extra="--"/>
			<t id="s16_25" word="A" lemma="o" pos="art" morph="F S" extra="* "/>
			<t id="s16_26" word="palavra" lemma="palavra" pos="n" morph="F S" sem="ac-cat act-s" extra="--"/>
			<t id="s16_27" word="possui" lemma="possuir" pos="v-fin" morph="PR 3S IND VFIN" extra="cjt-STA vH fmc mv"/>
			<t id="s16_28" word="5" lemma="5" pos="num" morph="F P" extra="card"/>
			<t id="s16_29" word="consoantes" lemma="consoante" pos="n" morph="F P" sem="ac-cat" extra="--"/>
			<t id="s16_30" word="--" lemma="--" pos="pu" morph="--" extra="--"/>
			<t id="s16_31" word="c" lemma="c" pos="n" morph="M S" sem="ac-sign" extra="cjt-head cjt-head-S"/>
			<t id="s16_32" word="rc" lemma="rc" pos="n" morph="M/F S" extra="cjt-S foreign"/>
			<t id="s16_33" word="t" lemma="t" pos="n" morph="M S" sem="ac-sign" extra="cjt-S"/>
			<t id="s16_34" word="v" lemma="v" pos="n" morph="M S" sem="ac-sign" extra="cjt-S"/>
			<t id="s16_35" word="1" lemma="1" pos="num" morph="F S" extra="card"/>
			<t id="s16_36" word="página" lemma="página" pos="n" morph="F S" sem="cc-r" extra="cjt-S"/>
			<t id="s16_37" word="--" lemma="--" pos="pu" morph="--" extra="--"/>
			<t id="s16_38" word="5" lemma="5" pos="num" morph="F P" extra="card"/>
			<t id="s16_39" word="Definições" lemma="definição" pos="n" morph="F P" sem="sem-c" extra="prop *"/>
			<t id="s16_40" word="okhotsk" lemma="okhotsk" pos="n" morph="F S" extra="foreign heur"/>
			<t id="s16_41" word="taruíra" lemma="taruíro" pos="adj" morph="F S" extra="heur np-close"/>
			<t id="s16_42" word="ajuru" lemma="ajuru" pos="n" morph="F S" extra="heur"/>
			<t id="s16_43" word="zumbi" lemma="zumbir" pos="v-fin" morph="PS 1S IND VFIN" extra="cjt-STA fmc mv"/>
			<t id="s16_44" word="yin" lemma="yin" pos="n" morph="M S" sem="am percep-f" extra="--"/>
			<t id="s16_45" word="yang" lemma="yang" pos="n" morph="M S" sem="am percep-f" extra="--"/>
			<t id="s16_46" word="." lemma="--" pos="pu" morph="--" extra="--"/>
		</terminals>

		<nonterminals>
			<nt id="s16_500" cat="s">
				<edge label="UTT" idref="s16_501"/>
			</nt>
			<nt id="s16_501" cat="x">
				<edge label="UTT" idref="s16_506"/>
				<edge label="P" idref="s16_5"/>
				<edge label="Od" idref="s16_507"/>
				<edge label="UTT" idref="s16_508"/>
				<edge label="fCs" idref="s16_44"/>
				<edge label="fCs" idref="s16_45"/>
				<edge label="PU" idref="s16_46"/>
			</nt>
			<nt id="s16_502" cat="fcl">
				<edge label="S" idref="s16_503"/>
			</nt>
			<nt id="s16_503" cat="icl">
				<edge label="P" idref="s16_1"/>
				<edge label="Od" idref="s16_504"/>
			</nt>
			<nt id="s16_504" cat="icl">
				<edge label="P" idref="s16_2"/>
				<edge label="Od" idref="s16_505"/>
			</nt>
			<nt id="s16_505" cat="np">
				<edge label="DN" idref="s16_3"/>
				<edge label="H" idref="s16_4"/>
			</nt>
			<nt id="s16_506" cat="icl">
			</nt>
			<nt id="s16_507" cat="np">
				<edge label="DN" idref="s16_6"/>
				<edge label="H" idref="s16_7"/>
			</nt>
			<nt id="s16_508" cat="fcl">
				<edge label="P" idref="s16_8"/>
				<edge label="Od" idref="s16_509"/>
				<edge label="S" idref="s16_510"/>
				<edge label="fA" idref="s16_511"/>
				<edge label="X" idref="s16_514"/>
			</nt>
			<nt id="s16_509" cat="np">
				<edge label="H" idref="s16_9"/>
				<edge label="DN" idref="s16_10"/>
			</nt>
			<nt id="s16_510" cat="par">
				<edge label="CJT" idref="s16_11"/>
			</nt>
			<nt id="s16_511" cat="pp">
				<edge label="H" idref="s16_12"/>
				<edge label="DP" idref="s16_512"/>
				<edge label="CJT" idref="s16_513"/>
			</nt>
			<nt id="s16_512" cat="np">
				<edge label="DN" idref="s16_13"/>
				<edge label="H" idref="s16_14"/>
			</nt>
			<nt id="s16_513" cat="np">
				<edge label="DN" idref="s16_15"/>
				<edge label="H" idref="s16_16"/>
			</nt>
			<nt id="s16_514" cat="par">
				<edge label="CJT" idref="s16_515"/>
				<edge label="CJT" idref="s16_517"/>
				<edge label="CJT" idref="s16_518"/>
			</nt>
			<nt id="s16_515" cat="x">
				<edge label="P" idref="s16_17"/>
				<edge label="Od" idref="s16_516"/>
			</nt>
			<nt id="s16_516" cat="np">
				<edge label="DN" idref="s16_18"/>
				<edge label="H" idref="s16_19"/>
				<edge label="PU" idref="s16_20"/>
			</nt>
			<nt id="s16_517" cat="fcl">
				<edge label="S" idref="s16_21"/>
			</nt>
			<nt id="s16_518" cat="fcl">
				<edge label="S" idref="s16_22"/>
				<edge label="S" idref="s16_23"/>
				<edge label="S" idref="s16_519"/>
				<edge label="P" idref="s16_27"/>
				<edge label="Od" idref="s16_520"/>
				<edge label="S" idref="s16_521"/>
				<edge label="fCs" idref="s16_523"/>
				<edge label="fCs" idref="s16_524"/>
				<edge label="S" idref="s16_42"/>
				<edge label="P" idref="s16_43"/>
			</nt>
			<nt id="s16_519" cat="np">
				<edge label="DN" idref="s16_24"/>
				<edge label="DN" idref="s16_25"/>
				<edge label="H" idref="s16_26"/>
			</nt>
			<nt id="s16_520" cat="np">
				<edge label="DN" idref="s16_28"/>
				<edge label="H" idref="s16_29"/>
				<edge label="PU" idref="s16_30"/>
			</nt>
			<nt id="s16_521" cat="par">
				<edge label="CJT" idref="s16_31"/>
				<edge label="CJT" idref="s16_32"/>
				<edge label="CJT" idref="s16_33"/>
				<edge label="CJT" idref="s16_34"/>
				<edge label="CJT" idref="s16_522"/>
			</nt>
			<nt id="s16_522" cat="np">
				<edge label="DN" idref="s16_35"/>
				<edge label="H" idref="s16_36"/>
				<edge label="PU" idref="s16_37"/>
			</nt>
			<nt id="s16_523" cat="np">
				<edge label="DN" idref="s16_38"/>
				<edge label="H" idref="s16_39"/>
			</nt>
			<nt id="s16_524" cat="np">
				<edge label="H" idref="s16_40"/>
				<edge label="DN" idref="s16_41"/>
			</nt>
		</nonterminals>
	</graph>
</s>

	</body>
</corpus>
