<?xml version="1.0" encoding="UTF-8"?>
<corpus>

	<body>
<s id="s1" ref="1" source="Running text" forest="1" text="Conceber 2 Definições encontradas.">
	<graph root="s1_500">
		<terminals>
			<t id="s1_1" word="Conceber" lemma="conceber" pos="v-inf" morph="--" extra="* vH mv"/>
			<t id="s1_2" word="2" lemma="2" pos="num" morph="F P" extra="card"/>
			<t id="s1_3" word="Definições" lemma="definição" pos="n" morph="F P" sem="sem-c" extra="prop *"/>
			<t id="s1_4" word="encontradas" lemma="encontrado" pos="adj" morph="F P" extra="nh np-close"/>
			<t id="s1_5" word="." lemma="--" pos="pu" morph="--" extra="--"/>
		</terminals>

		<nonterminals>
			<nt id="s1_500" cat="s">
				<edge label="UTT" idref="s1_501"/>
			</nt>
			<nt id="s1_501" cat="icl">
				<edge label="P" idref="s1_1"/>
				<edge label="Od" idref="s1_502"/>
				<edge label="PU" idref="s1_5"/>
			</nt>
			<nt id="s1_502" cat="np">
				<edge label="DN" idref="s1_2"/>
				<edge label="H" idref="s1_3"/>
				<edge label="DN" idref="s1_4"/>
			</nt>
		</nonterminals>
	</graph>
</s>

<s id="s2" ref="2" source="Running text" forest="1" text="Tweet Classificação morfossintática:">
	<graph root="s2_500">
		<terminals>
			<t id="s2_1" word="Tweet_Classificação" lemma="Tweet_Classificação" pos="prop" morph="M S" extra="common * heur"/>
			<t id="s2_2" word="morfossintática" lemma="morfossintático" pos="adj" morph="F S" extra="DERS jh np-close"/>
			<t id="s2_3" word=":" lemma="--" pos="pu" morph="--" extra="--"/>
		</terminals>

		<nonterminals>
			<nt id="s2_500" cat="s">
				<edge label="X" idref="s2_501"/>
			</nt>
			<nt id="s2_501" cat="np">
				<edge label="H" idref="s2_1"/>
				<edge label="DN" idref="s2_2"/>
				<edge label="PU" idref="s2_3"/>
			</nt>
		</nonterminals>
	</graph>
</s>

<s id="s3" ref="3" source="Running text" forest="1" text="Verbo, infinitivo 1a pessoa singular de conceber Verbo, infinitivo 3a pessoa singular de conceber Verbo, futuro do subjuntivo 1a pessoa singular de conceber Verbo, futuro do subjuntivo 3a pessoa singular de conceber Flexões da palavra Conceber Significados de Conceber:">
	<graph root="s3_500">
		<terminals>
			<t id="s3_1" word="Verbo" lemma="verbo" pos="n" morph="M S" sem="ac-cat" extra="cjt-head cjt-head-X *"/>
			<t id="s3_2" word="," lemma="--" pos="pu" morph="--" extra="--"/>
			<t id="s3_3" word="infinitivo" lemma="infinitivo" pos="adj" morph="M S" extra="jh"/>
			<t id="s3_4" word="1a" lemma="1a" pos="num" morph="F P" extra="card"/>
			<t id="s3_5" word="pessoa" lemma="pessoa" pos="n" morph="F P" sem="H" extra="cjt-X"/>
			<t id="s3_6" word="singular" lemma="singular" pos="adj" morph="F S" extra="jh np-close"/>
			<t id="s3_7" word="de" lemma="de" pos="prp" morph="--" extra="np-close"/>
			<t id="s3_8" word="conceber" lemma="conceber" pos="v-inf" morph="--" extra="vH mv"/>
			<t id="s3_9" word="Verbo" lemma="Verbo" pos="prop" morph="M S" extra="cjt-head cjt-head-Od hum *"/>
			<t id="s3_10" word="," lemma="--" pos="pu" morph="--" extra="--"/>
			<t id="s3_11" word="infinitivo" lemma="infinitivo" pos="adj" morph="M S" extra="np-close"/>
			<t id="s3_12" word="3a" lemma="3a" pos="num" morph="F P" extra="card"/>
			<t id="s3_13" word="pessoa" lemma="pessoa" pos="n" morph="F P" sem="H" extra="cjt-Od"/>
			<t id="s3_14" word="singular" lemma="singular" pos="adj" morph="F S" extra="jh np-close"/>
			<t id="s3_15" word="de" lemma="de" pos="prp" morph="--" extra="np-close"/>
			<t id="s3_16" word="conceber" lemma="conceber" pos="v-inf" morph="--" extra="vH mv"/>
			<t id="s3_17" word="Verbo" lemma="Verbo" pos="prop" morph="M S" extra="cjt-head cjt-head-Od hum *"/>
			<t id="s3_18" word="," lemma="--" pos="pu" morph="--" extra="--"/>
			<t id="s3_19" word="futuro" lemma="futuro" pos="n" morph="M S" sem="per" extra="np-close"/>
			<t id="s3_20" word="de" lemma="de" pos="prp" morph="--" extra="sam- np-close"/>
			<t id="s3_21" word="o" lemma="o" pos="art" morph="M S" extra="-sam "/>
			<t id="s3_22" word="subjuntivo" lemma="subjuntivo" pos="n" morph="M S" sem="ac-cat" extra="--"/>
			<t id="s3_23" word="1a" lemma="1a" pos="num" morph="F P" extra="card"/>
			<t id="s3_24" word="pessoa" lemma="pessoa" pos="n" morph="F P" sem="H" extra="cjt-Od"/>
			<t id="s3_25" word="singular" lemma="singular" pos="adj" morph="F S" extra="jh np-close"/>
			<t id="s3_26" word="de" lemma="de" pos="prp" morph="--" extra="np-close"/>
			<t id="s3_27" word="conceber" lemma="conceber" pos="v-inf" morph="--" extra="vH mv"/>
			<t id="s3_28" word="Verbo" lemma="Verbo" pos="prop" morph="M S" extra="cjt-head cjt-head-Od hum *"/>
			<t id="s3_29" word="," lemma="--" pos="pu" morph="--" extra="--"/>
			<t id="s3_30" word="futuro" lemma="futuro" pos="n" morph="M S" sem="per" extra="np-close"/>
			<t id="s3_31" word="de" lemma="de" pos="prp" morph="--" extra="sam- np-close"/>
			<t id="s3_32" word="o" lemma="o" pos="art" morph="M S" extra="-sam "/>
			<t id="s3_33" word="subjuntivo" lemma="subjuntivo" pos="n" morph="M S" sem="ac-cat" extra="--"/>
			<t id="s3_34" word="3a" lemma="3a" pos="num" morph="F P" extra="card"/>
			<t id="s3_35" word="pessoa" lemma="pessoa" pos="n" morph="F P" sem="H" extra="cjt-Od"/>
			<t id="s3_36" word="singular" lemma="singular" pos="adj" morph="F S" extra="jh np-close"/>
			<t id="s3_37" word="de" lemma="de" pos="prp" morph="--" extra="np-close"/>
			<t id="s3_38" word="conceber" lemma="conceber" pos="v-inf" morph="--" extra="vH mv"/>
			<t id="s3_39" word="Flexões" lemma="Flexões" pos="prop" morph="M/F S" extra="hum *"/>
			<t id="s3_40" word="de" lemma="de" pos="prp" morph="--" extra="sam- np-close"/>
			<t id="s3_41" word="a" lemma="o" pos="art" morph="F S" extra="-sam "/>
			<t id="s3_42" word="palavra" lemma="palavra" pos="n" morph="F S" sem="ac-cat act-s" extra="--"/>
			<t id="s3_43" word="Conceber_Significados_de_Conceber" lemma="Conceber_Significados_de_Conceber" pos="prop" morph="F S" extra="org * heur np-close"/>
			<t id="s3_44" word=":" lemma="--" pos="pu" morph="--" extra="--"/>
		</terminals>

		<nonterminals>
			<nt id="s3_500" cat="s">
				<edge label="X" idref="s3_501"/>
			</nt>
			<nt id="s3_501" cat="par">
				<edge label="CJT" idref="s3_1"/>
				<edge label="PU" idref="s3_2"/>
				<edge label="CJT" idref="s3_502"/>
				<edge label="PU" idref="s3_44"/>
			</nt>
			<nt id="s3_502" cat="np">
				<edge label="DN" idref="s3_503"/>
				<edge label="DN" idref="s3_4"/>
				<edge label="H" idref="s3_5"/>
				<edge label="DN" idref="s3_6"/>
			</nt>
			<nt id="s3_503" cat="pp">
				<edge label="DP" idref="s3_504"/>
				<edge label="H" idref="s3_7"/>
			</nt>
			<nt id="s3_504" cat="icl">
				<edge label="fCs" idref="s3_3"/>
				<edge label="P" idref="s3_8"/>
				<edge label="Od" idref="s3_505"/>
			</nt>
			<nt id="s3_505" cat="par">
				<edge label="CJT" idref="s3_506"/>
				<edge label="CJT" idref="s3_507"/>
			</nt>
			<nt id="s3_506" cat="np">
				<edge label="H" idref="s3_9"/>
				<edge label="PU" idref="s3_10"/>
				<edge label="DNc" idref="s3_11"/>
			</nt>
			<nt id="s3_507" cat="np">
				<edge label="DN" idref="s3_12"/>
				<edge label="H" idref="s3_13"/>
				<edge label="DN" idref="s3_14"/>
				<edge label="DN" idref="s3_508"/>
			</nt>
			<nt id="s3_508" cat="pp">
				<edge label="H" idref="s3_15"/>
				<edge label="DP" idref="s3_509"/>
			</nt>
			<nt id="s3_509" cat="icl">
				<edge label="P" idref="s3_16"/>
				<edge label="Od" idref="s3_510"/>
			</nt>
			<nt id="s3_510" cat="par">
				<edge label="CJT" idref="s3_511"/>
				<edge label="CJT" idref="s3_515"/>
			</nt>
			<nt id="s3_511" cat="np">
				<edge label="H" idref="s3_17"/>
				<edge label="PU" idref="s3_18"/>
				<edge label="DNc" idref="s3_512"/>
			</nt>
			<nt id="s3_512" cat="np">
				<edge label="H" idref="s3_19"/>
				<edge label="DN" idref="s3_513"/>
			</nt>
			<nt id="s3_513" cat="pp">
				<edge label="H" idref="s3_20"/>
				<edge label="DP" idref="s3_514"/>
			</nt>
			<nt id="s3_514" cat="np">
				<edge label="DN" idref="s3_21"/>
				<edge label="H" idref="s3_22"/>
			</nt>
			<nt id="s3_515" cat="np">
				<edge label="DN" idref="s3_23"/>
				<edge label="H" idref="s3_24"/>
				<edge label="DN" idref="s3_25"/>
				<edge label="DN" idref="s3_516"/>
			</nt>
			<nt id="s3_516" cat="pp">
				<edge label="H" idref="s3_26"/>
				<edge label="DP" idref="s3_517"/>
			</nt>
			<nt id="s3_517" cat="icl">
				<edge label="P" idref="s3_27"/>
				<edge label="Od" idref="s3_518"/>
			</nt>
			<nt id="s3_518" cat="par">
				<edge label="CJT" idref="s3_519"/>
				<edge label="CJT" idref="s3_523"/>
			</nt>
			<nt id="s3_519" cat="np">
				<edge label="H" idref="s3_28"/>
				<edge label="PU" idref="s3_29"/>
				<edge label="DNc" idref="s3_520"/>
			</nt>
			<nt id="s3_520" cat="np">
				<edge label="H" idref="s3_30"/>
				<edge label="DN" idref="s3_521"/>
			</nt>
			<nt id="s3_521" cat="pp">
				<edge label="H" idref="s3_31"/>
				<edge label="DP" idref="s3_522"/>
			</nt>
			<nt id="s3_522" cat="np">
				<edge label="DN" idref="s3_32"/>
				<edge label="H" idref="s3_33"/>
			</nt>
			<nt id="s3_523" cat="np">
				<edge label="DN" idref="s3_34"/>
				<edge label="H" idref="s3_35"/>
				<edge label="DN" idref="s3_36"/>
				<edge label="DN" idref="s3_524"/>
			</nt>
			<nt id="s3_524" cat="pp">
				<edge label="H" idref="s3_37"/>
				<edge label="DP" idref="s3_525"/>
			</nt>
			<nt id="s3_525" cat="icl">
				<edge label="P" idref="s3_38"/>
				<edge label="Od" idref="s3_526"/>
			</nt>
			<nt id="s3_526" cat="np">
				<edge label="H" idref="s3_39"/>
				<edge label="DN" idref="s3_527"/>
			</nt>
			<nt id="s3_527" cat="pp">
				<edge label="H" idref="s3_40"/>
				<edge label="DP" idref="s3_528"/>
			</nt>
			<nt id="s3_528" cat="np">
				<edge label="DN" idref="s3_41"/>
				<edge label="H" idref="s3_42"/>
				<edge label="DN" idref="s3_43"/>
			</nt>
		</nonterminals>
	</graph>
</s>

<s id="s4" ref="4" source="Running text" forest="1" text="52 sobe, 32 desce 1. Conceber Por Benedito Domingos da Silva(SP) em 11-07-2008 Gerar, formar.">
	<graph root="s4_500">
		<terminals>
			<t id="s4_1" word="52" lemma="52" pos="num" morph="M/F S" extra="card"/>
			<t id="s4_2" word="sobe" lemma="subir" pos="v-fin" morph="PR 3S IND VFIN" extra="cjt-head cjt-head-STA fmc mv"/>
			<t id="s4_3" word="," lemma="--" pos="pu" morph="--" extra="--"/>
			<t id="s4_4" word="32" lemma="32" pos="num" morph="M/F P" extra="card"/>
			<t id="s4_5" word="desce" lemma="descer" pos="v-fin" morph="PR 3S IND VFIN" extra="cjt-STA fmc mv"/>
			<t id="s4_6" word="1." lemma="1." pos="adj" morph="M/F S" extra="NUM-ord"/>
			<t id="s4_7" word="Conceber" lemma="conceber" pos="v-inf" morph="--" extra="* vH mv"/>
			<t id="s4_8" word="Por_Benedito_Domingos_da_Silva" lemma="Por_Benedito_Domingos_da_Silva" pos="prop" morph="M S" extra="hum *"/>
			<t id="s4_9" word="(" lemma="--" pos="pu" morph="--" extra="--"/>
			<t id="s4_10" word="SP" lemma="SP" pos="prop" morph="M S" extra="civ * np-close"/>
			<t id="s4_11" word=")" lemma="--" pos="pu" morph="--" extra="--"/>
			<t id="s4_12" word="em" lemma="em" pos="prp" morph="--" extra="--"/>
			<t id="s4_13" word="11-07-2008" lemma="11-07-2008" pos="num" morph="M/F S" extra="card"/>
			<t id="s4_14" word="Gerar" lemma="gerar" pos="v-inf" morph="--" extra="* mv"/>
			<t id="s4_15" word="," lemma="--" pos="pu" morph="--" extra="--"/>
			<t id="s4_16" word="formar" lemma="formar" pos="v-inf" morph="--" extra="vH mv"/>
			<t id="s4_17" word="." lemma="--" pos="pu" morph="--" extra="--"/>
		</terminals>

		<nonterminals>
			<nt id="s4_500" cat="s">
				<edge label="STA" idref="s4_501"/>
			</nt>
			<nt id="s4_501" cat="par">
				<edge label="CJT" idref="s4_502"/>
				<edge label="PU" idref="s4_3"/>
				<edge label="CJT" idref="s4_503"/>
				<edge label="PU" idref="s4_17"/>
			</nt>
			<nt id="s4_502" cat="fcl">
				<edge label="S" idref="s4_1"/>
				<edge label="P" idref="s4_2"/>
			</nt>
			<nt id="s4_503" cat="fcl">
				<edge label="Od" idref="s4_4"/>
				<edge label="P" idref="s4_5"/>
				<edge label="fCs" idref="s4_6"/>
				<edge label="S" idref="s4_504"/>
			</nt>
			<nt id="s4_504" cat="icl">
				<edge label="P" idref="s4_7"/>
				<edge label="Od" idref="s4_505"/>
				<edge label="fA" idref="s4_506"/>
				<edge label="UTT" idref="s4_14"/>
				<edge label="PU" idref="s4_15"/>
				<edge label="UTT" idref="s4_16"/>
			</nt>
			<nt id="s4_505" cat="np">
				<edge label="H" idref="s4_8"/>
				<edge label="PU" idref="s4_9"/>
				<edge label="DNc" idref="s4_10"/>
				<edge label="PU" idref="s4_11"/>
			</nt>
			<nt id="s4_506" cat="pp">
				<edge label="H" idref="s4_12"/>
				<edge label="DP" idref="s4_13"/>
			</nt>
		</nonterminals>
	</graph>
</s>

<s id="s5" ref="5" source="Running text" forest="1" text="Criar, fecundar.">
	<graph root="s5_500">
		<terminals>
			<t id="s5_1" word="Criar" lemma="criar" pos="v-inf" morph="--" extra="* mv"/>
			<t id="s5_2" word="," lemma="--" pos="pu" morph="--" extra="--"/>
			<t id="s5_3" word="fecundar" lemma="fecundar" pos="v-inf" morph="--" extra="vH mv"/>
			<t id="s5_4" word="." lemma="--" pos="pu" morph="--" extra="--"/>
		</terminals>

		<nonterminals>
			<nt id="s5_500" cat="s">
				<edge label="UTT" idref="s5_501"/>
			</nt>
			<nt id="s5_501" cat="x">
				<edge label="UTT" idref="s5_1"/>
				<edge label="PU" idref="s5_2"/>
				<edge label="UTT" idref="s5_3"/>
				<edge label="PU" idref="s5_4"/>
			</nt>
		</nonterminals>
	</graph>
</s>

<s id="s6" ref="6" source="Running text" forest="1" text="Projetar, planejar.">
	<graph root="s6_500">
		<terminals>
			<t id="s6_1" word="Projetar" lemma="projetar" pos="v-inf" morph="--" extra="* vH mv"/>
			<t id="s6_2" word="," lemma="--" pos="pu" morph="--" extra="--"/>
			<t id="s6_3" word="planejar" lemma="planejar" pos="v-inf" morph="--" extra="vH mv"/>
			<t id="s6_4" word="." lemma="--" pos="pu" morph="--" extra="--"/>
		</terminals>

		<nonterminals>
			<nt id="s6_500" cat="s">
				<edge label="UTT" idref="s6_501"/>
			</nt>
			<nt id="s6_501" cat="x">
				<edge label="UTT" idref="s6_1"/>
				<edge label="PU" idref="s6_2"/>
				<edge label="UTT" idref="s6_3"/>
				<edge label="PU" idref="s6_4"/>
			</nt>
		</nonterminals>
	</graph>
</s>

<s id="s7" ref="7" source="Running text" forest="1" text="Ele foi concebido numa tarde chuvosa.">
	<graph root="s7_500">
		<terminals>
			<t id="s7_1" word="Ele" lemma="ele" pos="pron-pers" morph="M 3S NOM" extra="*"/>
			<t id="s7_2" word="foi" lemma="ser" pos="v-fin" morph="PS 3S IND VFIN" extra="fmc aux"/>
			<t id="s7_3" word="concebido" lemma="conceber" pos="v-pcp" morph="M S" extra="vH mv"/>
			<t id="s7_4" word="em" lemma="em" pos="prp" morph="--" extra="sam-"/>
			<t id="s7_5" word="uma" lemma="um" pos="art" morph="F S" extra="-sam "/>
			<t id="s7_6" word="tarde" lemma="tarde" pos="n" morph="F S" sem="per" extra="--"/>
			<t id="s7_7" word="chuvosa" lemma="chuvoso" pos="adj" morph="F S" extra="nh np-close"/>
			<t id="s7_8" word="." lemma="--" pos="pu" morph="--" extra="--"/>
		</terminals>

		<nonterminals>
			<nt id="s7_500" cat="s">
				<edge label="STA" idref="s7_501"/>
			</nt>
			<nt id="s7_501" cat="fcl">
				<edge label="S" idref="s7_1"/>
				<edge label="P" idref="s7_502"/>
				<edge label="fA" idref="s7_503"/>
				<edge label="PU" idref="s7_8"/>
			</nt>
			<nt id="s7_502" cat="vp">
				<edge label="Vaux" idref="s7_2"/>
				<edge label="Vm" idref="s7_3"/>
			</nt>
			<nt id="s7_503" cat="pp">
				<edge label="H" idref="s7_4"/>
				<edge label="DP" idref="s7_504"/>
			</nt>
			<nt id="s7_504" cat="np">
				<edge label="DN" idref="s7_5"/>
				<edge label="H" idref="s7_6"/>
				<edge label="DN" idref="s7_7"/>
			</nt>
		</nonterminals>
	</graph>
</s>

<s id="s8" ref="8" source="Running text" forest="1" text="Compartilhar enviar nova definição enviar nova imagem denunciar abuso Sinônimos:">
	<graph root="s8_500">
		<terminals>
			<t id="s8_1" word="Compartilhar" lemma="compartilhar" pos="v-inf" morph="--" extra="* vH mv"/>
			<t id="s8_2" word="enviar" lemma="enviar" pos="v-inf" morph="--" extra="vH mv"/>
			<t id="s8_3" word="nova" lemma="novo" pos="adj" morph="F S" extra="jh"/>
			<t id="s8_4" word="definição" lemma="definição" pos="n" morph="F S" sem="sem-c" extra="--"/>
			<t id="s8_5" word="enviar" lemma="enviar" pos="v-inf" morph="--" extra="vH mv"/>
			<t id="s8_6" word="nova" lemma="novo" pos="adj" morph="F S" extra="jh"/>
			<t id="s8_7" word="imagem" lemma="imagem" pos="n" morph="F S" sem="pict sem-c ac-cat" extra="--"/>
			<t id="s8_8" word="denunciar" lemma="denunciar" pos="v-inf" morph="--" extra="vH mv"/>
			<t id="s8_9" word="abuso" lemma="abuso" pos="n" morph="M S" sem="activity" extra="--"/>
			<t id="s8_10" word="Sinônimos" lemma="Sinônimos" pos="prop" morph="M S" extra="hum * np-close"/>
			<t id="s8_11" word=":" lemma="--" pos="pu" morph="--" extra="--"/>
		</terminals>

		<nonterminals>
			<nt id="s8_500" cat="s">
				<edge label="UTT" idref="s8_501"/>
			</nt>
			<nt id="s8_501" cat="icl">
				<edge label="P" idref="s8_1"/>
				<edge label="Od" idref="s8_502"/>
				<edge label="PU" idref="s8_11"/>
			</nt>
			<nt id="s8_502" cat="icl">
				<edge label="P" idref="s8_2"/>
				<edge label="Od" idref="s8_503"/>
				<edge label="UTT" idref="s8_504"/>
				<edge label="UTT" idref="s8_506"/>
			</nt>
			<nt id="s8_503" cat="np">
				<edge label="DN" idref="s8_3"/>
				<edge label="H" idref="s8_4"/>
			</nt>
			<nt id="s8_504" cat="icl">
				<edge label="P" idref="s8_5"/>
				<edge label="Od" idref="s8_505"/>
			</nt>
			<nt id="s8_505" cat="np">
				<edge label="DN" idref="s8_6"/>
				<edge label="H" idref="s8_7"/>
			</nt>
			<nt id="s8_506" cat="icl">
				<edge label="P" idref="s8_8"/>
				<edge label="Od" idref="s8_507"/>
			</nt>
			<nt id="s8_507" cat="np">
				<edge label="H" idref="s8_9"/>
				<edge label="DN" idref="s8_10"/>
			</nt>
		</nonterminals>
	</graph>
</s>

<s id="s9" ref="9" source="Running text" forest="1" text="compreender abarcar abraçar abranger apreender assimilar atinar capacitar conceber conter discernir englobar entender envolver incluir meter perceber pescar saber sentir considerar advertir ajuizar animadvertir apreciar assuntar atentar catalogar conceituado encarar mais...">
	<graph root="s9_500">
		<terminals>
			<t id="s9_1" word="compreender" lemma="compreender" pos="v-inf" morph="--" extra="vH mv"/>
			<t id="s9_2" word="abarcar" lemma="abarcar" pos="v-inf" morph="--" extra="vH mv"/>
			<t id="s9_3" word="abraçar" lemma="abraçar" pos="v-inf" morph="--" extra="vH mv"/>
			<t id="s9_4" word="abranger" lemma="abranger" pos="v-inf" morph="--" extra="vH mv"/>
			<t id="s9_5" word="apreender" lemma="apreender" pos="v-inf" morph="--" extra="vH mv"/>
			<t id="s9_6" word="assimilar" lemma="assimilar" pos="v-inf" morph="--" extra="vH mv"/>
			<t id="s9_7" word="atinar" lemma="atinar" pos="v-inf" morph="--" extra="vH mv"/>
			<t id="s9_8" word="capacitar" lemma="capacitar" pos="v-inf" morph="--" extra="vH mv"/>
			<t id="s9_9" word="conceber" lemma="conceber" pos="v-inf" morph="--" extra="vH mv"/>
			<t id="s9_10" word="conter" lemma="conter" pos="v-inf" morph="--" extra="mv"/>
			<t id="s9_11" word="discernir" lemma="discernir" pos="v-inf" morph="--" extra="vH mv"/>
			<t id="s9_12" word="englobar" lemma="englobar" pos="v-inf" morph="--" extra="mv"/>
			<t id="s9_13" word="entender" lemma="entender" pos="v-inf" morph="--" extra="vH mv"/>
			<t id="s9_14" word="envolver" lemma="envolver" pos="v-inf" morph="--" extra="mv"/>
			<t id="s9_15" word="incluir" lemma="incluir" pos="v-inf" morph="--" extra="mv"/>
			<t id="s9_16" word="meter" lemma="meter" pos="v-inf" morph="--" extra="vH mv"/>
			<t id="s9_17" word="perceber" lemma="perceber" pos="v-inf" morph="--" extra="vH mv"/>
			<t id="s9_18" word="pescar" lemma="pescar" pos="v-inf" morph="--" extra="vH mv"/>
			<t id="s9_19" word="saber" lemma="saber" pos="v-inf" morph="--" extra="mv"/>
			<t id="s9_20" word="sentir" lemma="sentir" pos="v-inf" morph="--" extra="vH mv"/>
			<t id="s9_21" word="considerar" lemma="considerar" pos="v-inf" morph="--" extra="vH mv"/>
			<t id="s9_22" word="advertir" lemma="advertir" pos="v-inf" morph="--" extra="vH mv"/>
			<t id="s9_23" word="ajuizar" lemma="ajuizar" pos="v-inf" morph="--" extra="vH mv"/>
			<t id="s9_24" word="animadvertir" lemma="animadvertir" pos="v-inf" morph="--" extra="heur mv"/>
			<t id="s9_25" word="apreciar" lemma="apreciar" pos="v-inf" morph="--" extra="vH mv"/>
			<t id="s9_26" word="assuntar" lemma="assuntar" pos="v-inf" morph="--" extra="vH mv"/>
			<t id="s9_27" word="atentar" lemma="atentar" pos="v-inf" morph="--" extra="vH mv"/>
			<t id="s9_28" word="catalogar" lemma="catalogar" pos="v-inf" morph="--" extra="vH mv"/>
			<t id="s9_29" word="conceituado" lemma="conceituar" pos="v-pcp" morph="M S" extra="vH jh"/>
			<t id="s9_30" word="encarar" lemma="encarar" pos="v-inf" morph="3S" extra="vH mv"/>
			<t id="s9_31" word="mais" lemma="mais" pos="adv" morph="--" extra="--"/>
			<t id="s9_32" word="." lemma="--" pos="pu" morph="--" extra="--"/>
		</terminals>

		<nonterminals>
			<nt id="s9_500" cat="s">
				<edge label="UTT" idref="s9_501"/>
			</nt>
			<nt id="s9_501" cat="icl">
				<edge label="P" idref="s9_1"/>
				<edge label="Od" idref="s9_502"/>
				<edge label="PU" idref="s9_32"/>
			</nt>
			<nt id="s9_502" cat="icl">
				<edge label="P" idref="s9_2"/>
				<edge label="Od" idref="s9_503"/>
			</nt>
			<nt id="s9_503" cat="icl">
				<edge label="P" idref="s9_3"/>
				<edge label="Od" idref="s9_504"/>
			</nt>
			<nt id="s9_504" cat="icl">
				<edge label="P" idref="s9_4"/>
				<edge label="Od" idref="s9_505"/>
			</nt>
			<nt id="s9_505" cat="icl">
				<edge label="P" idref="s9_5"/>
				<edge label="Od" idref="s9_506"/>
			</nt>
			<nt id="s9_506" cat="icl">
				<edge label="P" idref="s9_6"/>
				<edge label="Od" idref="s9_507"/>
			</nt>
			<nt id="s9_507" cat="icl">
				<edge label="P" idref="s9_7"/>
				<edge label="Od" idref="s9_508"/>
			</nt>
			<nt id="s9_508" cat="icl">
				<edge label="P" idref="s9_8"/>
				<edge label="Od" idref="s9_509"/>
			</nt>
			<nt id="s9_509" cat="icl">
				<edge label="P" idref="s9_9"/>
				<edge label="Od" idref="s9_510"/>
			</nt>
			<nt id="s9_510" cat="icl">
				<edge label="P" idref="s9_10"/>
				<edge label="Od" idref="s9_511"/>
			</nt>
			<nt id="s9_511" cat="icl">
				<edge label="P" idref="s9_11"/>
				<edge label="Od" idref="s9_512"/>
			</nt>
			<nt id="s9_512" cat="icl">
				<edge label="P" idref="s9_12"/>
				<edge label="Od" idref="s9_513"/>
			</nt>
			<nt id="s9_513" cat="icl">
				<edge label="P" idref="s9_13"/>
				<edge label="Od" idref="s9_514"/>
			</nt>
			<nt id="s9_514" cat="icl">
				<edge label="P" idref="s9_14"/>
				<edge label="Od" idref="s9_515"/>
			</nt>
			<nt id="s9_515" cat="icl">
				<edge label="P" idref="s9_15"/>
				<edge label="Od" idref="s9_516"/>
			</nt>
			<nt id="s9_516" cat="icl">
				<edge label="P" idref="s9_16"/>
				<edge label="Od" idref="s9_517"/>
			</nt>
			<nt id="s9_517" cat="icl">
				<edge label="P" idref="s9_17"/>
				<edge label="Od" idref="s9_518"/>
			</nt>
			<nt id="s9_518" cat="icl">
				<edge label="P" idref="s9_18"/>
				<edge label="Od" idref="s9_519"/>
			</nt>
			<nt id="s9_519" cat="icl">
				<edge label="P" idref="s9_19"/>
				<edge label="Od" idref="s9_520"/>
			</nt>
			<nt id="s9_520" cat="icl">
				<edge label="P" idref="s9_20"/>
				<edge label="Od" idref="s9_521"/>
			</nt>
			<nt id="s9_521" cat="icl">
				<edge label="P" idref="s9_21"/>
				<edge label="Od" idref="s9_522"/>
			</nt>
			<nt id="s9_522" cat="icl">
				<edge label="P" idref="s9_22"/>
				<edge label="Od" idref="s9_523"/>
			</nt>
			<nt id="s9_523" cat="icl">
				<edge label="P" idref="s9_23"/>
				<edge label="Od" idref="s9_524"/>
			</nt>
			<nt id="s9_524" cat="icl">
				<edge label="P" idref="s9_24"/>
				<edge label="Od" idref="s9_525"/>
			</nt>
			<nt id="s9_525" cat="icl">
				<edge label="P" idref="s9_25"/>
				<edge label="Od" idref="s9_526"/>
			</nt>
			<nt id="s9_526" cat="icl">
				<edge label="P" idref="s9_26"/>
				<edge label="Od" idref="s9_527"/>
			</nt>
			<nt id="s9_527" cat="icl">
				<edge label="P" idref="s9_27"/>
				<edge label="Od" idref="s9_528"/>
			</nt>
			<nt id="s9_528" cat="icl">
				<edge label="P" idref="s9_28"/>
				<edge label="Od" idref="s9_529"/>
			</nt>
			<nt id="s9_529" cat="fcl">
				<edge label="S" idref="s9_29"/>
				<edge label="P" idref="s9_30"/>
				<edge label="fA" idref="s9_31"/>
			</nt>
		</nonterminals>
	</graph>
</s>

<s id="s10" ref="10" source="Running text" forest="1" text="Antônimos:">
	<graph root="s10_500">
		<terminals>
			<t id="s10_1" word="Antônimos" lemma="antônimo" pos="adj" morph="M P" extra="* nh"/>
			<t id="s10_2" word=":" lemma="--" pos="pu" morph="--" extra="--"/>
		</terminals>

		<nonterminals>
			<nt id="s10_500" cat="s">
				<edge label="UTT" idref="s10_501"/>
			</nt>
			<nt id="s10_501" cat="x">
				<edge label="X" idref="s10_1"/>
				<edge label="PU" idref="s10_2"/>
			</nt>
		</nonterminals>
	</graph>
</s>

<s id="s11" ref="11" source="Running text" forest="1" text="desentender mais...">
	<graph root="s11_500">
		<terminals>
			<t id="s11_1" word="desentender" lemma="desentender" pos="v-inf" morph="--" extra="vH mv"/>
			<t id="s11_2" word="mais" lemma="mais" pos="adv" morph="--" extra="--"/>
			<t id="s11_3" word="." lemma="--" pos="pu" morph="--" extra="--"/>
		</terminals>

		<nonterminals>
			<nt id="s11_500" cat="s">
				<edge label="UTT" idref="s11_501"/>
			</nt>
			<nt id="s11_501" cat="icl">
				<edge label="P" idref="s11_1"/>
				<edge label="fA" idref="s11_2"/>
				<edge label="PU" idref="s11_3"/>
			</nt>
		</nonterminals>
	</graph>
</s>

<s id="s12" ref="12" source="Running text" forest="1" text="Relacionadas:">
	<graph root="s12_500">
		<terminals>
			<t id="s12_1" word="Relacionadas" lemma="relacionado" pos="adj" morph="F P" extra="* nh"/>
			<t id="s12_2" word=":" lemma="--" pos="pu" morph="--" extra="--"/>
		</terminals>

		<nonterminals>
			<nt id="s12_500" cat="s">
				<edge label="UTT" idref="s12_501"/>
			</nt>
			<nt id="s12_501" cat="x">
				<edge label="X" idref="s12_1"/>
				<edge label="PU" idref="s12_2"/>
			</nt>
		</nonterminals>
	</graph>
</s>

<s id="s13" ref="13" source="Running text" forest="1" text="parto dar a luz mais...">
	<graph root="s13_500">
		<terminals>
			<t id="s13_1" word="parto" lemma="partir" pos="v-fin" morph="PR 1S IND VFIN" extra="vH fmc mv"/>
			<t id="s13_2" word="dar" lemma="dar" pos="v-inf" morph="--" extra="mv"/>
			<t id="s13_3" word="a" lemma="o" pos="art" morph="F S" extra="--"/>
			<t id="s13_4" word="luz" lemma="luz" pos="n" morph="F S" sem="am cc-light" extra="--"/>
			<t id="s13_5" word="mais" lemma="mais" pos="adv" morph="--" extra="--"/>
			<t id="s13_6" word="." lemma="--" pos="pu" morph="--" extra="--"/>
		</terminals>

		<nonterminals>
			<nt id="s13_500" cat="s">
				<edge label="STA" idref="s13_501"/>
			</nt>
			<nt id="s13_501" cat="fcl">
				<edge label="P" idref="s13_1"/>
				<edge label="Od" idref="s13_502"/>
				<edge label="PU" idref="s13_6"/>
			</nt>
			<nt id="s13_502" cat="icl">
				<edge label="P" idref="s13_2"/>
				<edge label="Od" idref="s13_503"/>
				<edge label="fA" idref="s13_5"/>
			</nt>
			<nt id="s13_503" cat="np">
				<edge label="DN" idref="s13_3"/>
				<edge label="H" idref="s13_4"/>
			</nt>
		</nonterminals>
	</graph>
</s>

<s id="s14" ref="14" source="Running text" forest="1" text="7 sobe, 0 desce 2. Conceber Por Relogion(SC) em 21-04-2013 Gerar um filho/ filha(mulher).">
	<graph root="s14_500">
		<terminals>
			<t id="s14_1" word="7" lemma="7" pos="num" morph="M/F P" extra="card"/>
			<t id="s14_2" word="sobe" lemma="subir" pos="v-fin" morph="PR 3S IND VFIN" extra="cjt-head cjt-head-STA fmc mv"/>
			<t id="s14_3" word="," lemma="--" pos="pu" morph="--" extra="--"/>
			<t id="s14_4" word="0" lemma="xx" pos="num" morph="M/F P" extra="card"/>
			<t id="s14_5" word="desce" lemma="descer" pos="v-fin" morph="PR 3S IND VFIN" extra="cjt-STA fmc mv"/>
			<t id="s14_6" word="2." lemma="2." pos="adj" morph="M/F S" extra="NUM-ord"/>
			<t id="s14_7" word="Conceber_Por_Relogion" lemma="Conceber_Por_Relogion" pos="prop" morph="M/F S" extra="hum * heur"/>
			<t id="s14_8" word="(" lemma="--" pos="pu" morph="--" extra="--"/>
			<t id="s14_9" word="SC" lemma="SC" pos="prop" morph="F S" extra="civ * np-close"/>
			<t id="s14_10" word=")" lemma="--" pos="pu" morph="--" extra="--"/>
			<t id="s14_11" word="em" lemma="em" pos="prp" morph="--" extra="--"/>
			<t id="s14_12" word="21-04-2013" lemma="21-04-2013" pos="num" morph="M/F S" extra="card"/>
			<t id="s14_13" word="Gerar" lemma="gerar" pos="v-inf" morph="--" extra="* mv"/>
			<t id="s14_14" word="um" lemma="um" pos="art" morph="M S" extra="--"/>
			<t id="s14_15" word="filho" lemma="filho" pos="n" morph="M S" sem="Hfam" extra="cjt-head cjt-head-Od"/>
			<t id="s14_16" word="/" lemma="$/" pos="conj-c" morph="--" extra="co-acc"/>
			<t id="s14_17" word="filha" lemma="filha" pos="n" morph="F S" sem="Hfam" extra="cjt-Od"/>
			<t id="s14_18" word="(" lemma="--" pos="pu" morph="--" extra="--"/>
			<t id="s14_19" word="mulher" lemma="mulher" pos="n" morph="F S" sem="Hbio Hfam Hattr" extra="np-close"/>
			<t id="s14_20" word=")" lemma="--" pos="pu" morph="--" extra="--"/>
			<t id="s14_21" word="." lemma="--" pos="pu" morph="--" extra="--"/>
		</terminals>

		<nonterminals>
			<nt id="s14_500" cat="s">
				<edge label="STA" idref="s14_501"/>
			</nt>
			<nt id="s14_501" cat="par">
				<edge label="CJT" idref="s14_502"/>
				<edge label="PU" idref="s14_3"/>
				<edge label="CJT" idref="s14_503"/>
				<edge label="PU" idref="s14_21"/>
			</nt>
			<nt id="s14_502" cat="fcl">
				<edge label="Od" idref="s14_1"/>
				<edge label="P" idref="s14_2"/>
			</nt>
			<nt id="s14_503" cat="fcl">
				<edge label="Od" idref="s14_4"/>
				<edge label="P" idref="s14_5"/>
				<edge label="fCs" idref="s14_6"/>
				<edge label="S" idref="s14_504"/>
				<edge label="fA" idref="s14_505"/>
				<edge label="Od" idref="s14_506"/>
			</nt>
			<nt id="s14_504" cat="np">
				<edge label="H" idref="s14_7"/>
				<edge label="PU" idref="s14_8"/>
				<edge label="DNc" idref="s14_9"/>
				<edge label="PU" idref="s14_10"/>
			</nt>
			<nt id="s14_505" cat="pp">
				<edge label="H" idref="s14_11"/>
				<edge label="DP" idref="s14_12"/>
			</nt>
			<nt id="s14_506" cat="icl">
				<edge label="P" idref="s14_13"/>
				<edge label="Od" idref="s14_507"/>
			</nt>
			<nt id="s14_507" cat="par">
				<edge label="CJT" idref="s14_508"/>
				<edge label="CO" idref="s14_16"/>
				<edge label="CJT" idref="s14_509"/>
			</nt>
			<nt id="s14_508" cat="np">
				<edge label="DN" idref="s14_14"/>
				<edge label="H" idref="s14_15"/>
			</nt>
			<nt id="s14_509" cat="np">
				<edge label="H" idref="s14_17"/>
				<edge label="PU" idref="s14_18"/>
				<edge label="DNc" idref="s14_19"/>
				<edge label="PU" idref="s14_20"/>
			</nt>
		</nonterminals>
	</graph>
</s>

<s id="s15" ref="15" source="Running text" forest="1" text="Criar, inventar.">
	<graph root="s15_500">
		<terminals>
			<t id="s15_1" word="Criar" lemma="criar" pos="v-inf" morph="--" extra="* mv"/>
			<t id="s15_2" word="," lemma="--" pos="pu" morph="--" extra="--"/>
			<t id="s15_3" word="inventar" lemma="inventar" pos="v-inf" morph="--" extra="vH mv"/>
			<t id="s15_4" word="." lemma="--" pos="pu" morph="--" extra="--"/>
		</terminals>

		<nonterminals>
			<nt id="s15_500" cat="s">
				<edge label="UTT" idref="s15_501"/>
			</nt>
			<nt id="s15_501" cat="x">
				<edge label="UTT" idref="s15_1"/>
				<edge label="PU" idref="s15_2"/>
				<edge label="UTT" idref="s15_3"/>
				<edge label="PU" idref="s15_4"/>
			</nt>
		</nonterminals>
	</graph>
</s>

<s id="s16" ref="16" source="Running text" forest="1" text="Representar por o pensamento.">
	<graph root="s16_500">
		<terminals>
			<t id="s16_1" word="Representar" lemma="representar" pos="v-inf" morph="--" extra="* mv"/>
			<t id="s16_2" word="por" lemma="por" pos="prp" morph="--" extra="sam-"/>
			<t id="s16_3" word="o" lemma="o" pos="art" morph="M S" extra="-sam "/>
			<t id="s16_4" word="pensamento" lemma="pensamento" pos="n" morph="M S" sem="sem-c activity" extra="--"/>
			<t id="s16_5" word="." lemma="--" pos="pu" morph="--" extra="--"/>
		</terminals>

		<nonterminals>
			<nt id="s16_500" cat="s">
				<edge label="UTT" idref="s16_501"/>
			</nt>
			<nt id="s16_501" cat="icl">
				<edge label="P" idref="s16_1"/>
				<edge label="fA" idref="s16_502"/>
				<edge label="PU" idref="s16_5"/>
			</nt>
			<nt id="s16_502" cat="pp">
				<edge label="H" idref="s16_2"/>
				<edge label="DP" idref="s16_503"/>
			</nt>
			<nt id="s16_503" cat="np">
				<edge label="DN" idref="s16_3"/>
				<edge label="H" idref="s16_4"/>
			</nt>
		</nonterminals>
	</graph>
</s>

<s id="s17" ref="17" source="Running text" forest="1" text="Um apocalipse zumbi não é tão concebível.">
	<graph root="s17_500">
		<terminals>
			<t id="s17_1" word="Um" lemma="um" pos="art" morph="M S" extra="* "/>
			<t id="s17_2" word="apocalipse" lemma="apocalipse" pos="n" morph="M S" sem="occ" extra="--"/>
			<t id="s17_3" word="zumbi" lemma="zumbi" pos="n" morph="M S" sem="Hmyth" extra="np-close"/>
			<t id="s17_4" word="não" lemma="não" pos="adv" morph="--" extra="--"/>
			<t id="s17_5" word="é" lemma="ser" pos="v-fin" morph="PR 3S IND VFIN" extra="vK fmc mv"/>
			<t id="s17_6" word="tão" lemma="tão" pos="adv" morph="--" extra="dem quant"/>
			<t id="s17_7" word="concebível" lemma="concebível" pos="adj" morph="M S" extra="nh"/>
			<t id="s17_8" word="." lemma="--" pos="pu" morph="--" extra="--"/>
		</terminals>

		<nonterminals>
			<nt id="s17_500" cat="s">
				<edge label="STA" idref="s17_501"/>
			</nt>
			<nt id="s17_501" cat="fcl">
				<edge label="S" idref="s17_502"/>
				<edge label="fA" idref="s17_4"/>
				<edge label="P" idref="s17_5"/>
				<edge label="Cs" idref="s17_503"/>
				<edge label="PU" idref="s17_8"/>
			</nt>
			<nt id="s17_502" cat="np">
				<edge label="DN" idref="s17_1"/>
				<edge label="H" idref="s17_2"/>
				<edge label="DN" idref="s17_3"/>
			</nt>
			<nt id="s17_503" cat="adjp">
				<edge label="DA" idref="s17_6"/>
				<edge label="H" idref="s17_7"/>
			</nt>
		</nonterminals>
	</graph>
</s>

<s id="s18" ref="18" source="Running text" forest="1" text="Compartilhar enviar nova definição enviar nova imagem denunciar abuso Outras Informações:Palavras com 8 letras A palavra possui 3 vogais -- o e e A palavra possui 5 consoantes -- c nc b r 1 página -- 2 Definições uricuriba nicosia langite imagem huron.">
	<graph root="s18_500">
		<terminals>
			<t id="s18_1" word="Compartilhar" lemma="compartilhar" pos="v-inf" morph="--" extra="* vH mv"/>
			<t id="s18_2" word="enviar" lemma="enviar" pos="v-inf" morph="--" extra="vH mv"/>
			<t id="s18_3" word="nova" lemma="novo" pos="adj" morph="F S" extra="jh"/>
			<t id="s18_4" word="definição" lemma="definição" pos="n" morph="F S" sem="sem-c" extra="--"/>
			<t id="s18_5" word="enviar" lemma="enviar" pos="v-inf" morph="--" extra="vH mv"/>
			<t id="s18_6" word="nova" lemma="novo" pos="adj" morph="F S" extra="jh"/>
			<t id="s18_7" word="imagem" lemma="imagem" pos="n" morph="F S" sem="pict sem-c ac-cat" extra="--"/>
			<t id="s18_8" word="denunciar" lemma="denunciar" pos="v-inf" morph="--" extra="vH mv"/>
			<t id="s18_9" word="abuso" lemma="abuso" pos="n" morph="M S" sem="activity" extra="--"/>
			<t id="s18_10" word="Outras_Informações" lemma="Outras_Informações" pos="prop" morph="M S" extra="hum * heur np-close"/>
			<t id="s18_11" word=":Palavras" lemma=":Palavras" pos="n" morph="M S" extra="cjt-head cjt-head-S"/>
			<t id="s18_12" word="com" lemma="com" pos="prp" morph="--" extra="--"/>
			<t id="s18_13" word="8" lemma="8" pos="num" morph="F P" extra="card"/>
			<t id="s18_14" word="letras" lemma="letra" pos="n" morph="F P" sem="ac-sign sem-r domain" extra="--"/>
			<t id="s18_15" word="A" lemma="o" pos="art" morph="F S" extra="* "/>
			<t id="s18_16" word="palavra" lemma="palavra" pos="n" morph="F S" sem="ac-cat act-s" extra="cjt-S"/>
			<t id="s18_17" word="possui" lemma="possuir" pos="v-fin" morph="PR 3S IND VFIN" extra="predco vH fmc mv"/>
			<t id="s18_18" word="3" lemma="3" pos="num" morph="M P" extra="card"/>
			<t id="s18_19" word="vogais" lemma="vogal" pos="n" morph="M P" sem="ac-cat H" extra="--"/>
			<t id="s18_20" word="--" lemma="--" pos="pu" morph="--" extra="--"/>
			<t id="s18_21" word="o" lemma="o" pos="art" morph="M S" extra="--"/>
			<t id="s18_22" word="e" lemma="e" pos="conj-c" morph="--" extra="--"/>
			<t id="s18_23" word="e" lemma="e" pos="conj-c" morph="--" extra="--"/>
			<t id="s18_24" word="A" lemma="o" pos="art" morph="F S" extra="* "/>
			<t id="s18_25" word="palavra" lemma="palavra" pos="n" morph="F S" sem="ac-cat act-s" extra="--"/>
			<t id="s18_26" word="possui" lemma="possuir" pos="v-fin" morph="PR 3S IND VFIN" extra="cjt-STA vH fmc mv"/>
			<t id="s18_27" word="5" lemma="5" pos="num" morph="F P" extra="card"/>
			<t id="s18_28" word="consoantes" lemma="consoante" pos="n" morph="F P" sem="ac-cat" extra="--"/>
			<t id="s18_29" word="--" lemma="--" pos="pu" morph="--" extra="--"/>
			<t id="s18_30" word="c" lemma="c" pos="n" morph="M S" sem="ac-sign" extra="cjt-head cjt-head-S"/>
			<t id="s18_31" word="nc" lemma="nc" pos="n" morph="M/F S" extra="cjt-S foreign"/>
			<t id="s18_32" word="b" lemma="b" pos="n" morph="M S" sem="ac-sign" extra="cjt-S"/>
			<t id="s18_33" word="r" lemma="r" pos="n" morph="M S" sem="ac-sign" extra="cjt-S"/>
			<t id="s18_34" word="1" lemma="1" pos="num" morph="F S" extra="card"/>
			<t id="s18_35" word="página" lemma="página" pos="n" morph="F S" sem="cc-r" extra="cjt-S"/>
			<t id="s18_36" word="--" lemma="--" pos="pu" morph="--" extra="--"/>
			<t id="s18_37" word="2" lemma="2" pos="num" morph="F P" extra="card"/>
			<t id="s18_38" word="Definições" lemma="definição" pos="n" morph="F P" sem="sem-c" extra="prop *"/>
			<t id="s18_39" word="uricuriba" lemma="uricuribar" pos="v-fin" morph="PR 3S IND VFIN" extra="cjt-STA heur fmc mv"/>
			<t id="s18_40" word="nicosia" lemma="nicosia" pos="n" morph="F S" extra="DERS DERS"/>
			<t id="s18_41" word="langite" lemma="langite" pos="n" morph="F S" extra="DERS"/>
			<t id="s18_42" word="imagem" lemma="imagem" pos="n" morph="F S" sem="pict sem-c ac-cat" extra="--"/>
			<t id="s18_43" word="huron" lemma="huron" pos="n" morph="F S" extra="heur"/>
			<t id="s18_44" word="." lemma="--" pos="pu" morph="--" extra="--"/>
		</terminals>

		<nonterminals>
			<nt id="s18_500" cat="s">
				<edge label="UTT" idref="s18_501"/>
			</nt>
			<nt id="s18_501" cat="x">
				<edge label="STA" idref="s18_502"/>
				<edge label="UTT" idref="s18_506"/>
				<edge label="P" idref="s18_5"/>
				<edge label="Od" idref="s18_507"/>
				<edge label="UTT" idref="s18_508"/>
				<edge label="fCs" idref="s18_40"/>
				<edge label="fCs" idref="s18_41"/>
				<edge label="fCs" idref="s18_42"/>
				<edge label="fCs" idref="s18_43"/>
				<edge label="PU" idref="s18_44"/>
			</nt>
			<nt id="s18_502" cat="fcl">
				<edge label="S" idref="s18_503"/>
			</nt>
			<nt id="s18_503" cat="icl">
				<edge label="P" idref="s18_1"/>
				<edge label="Od" idref="s18_504"/>
			</nt>
			<nt id="s18_504" cat="icl">
				<edge label="P" idref="s18_2"/>
				<edge label="Od" idref="s18_505"/>
			</nt>
			<nt id="s18_505" cat="np">
				<edge label="DN" idref="s18_3"/>
				<edge label="H" idref="s18_4"/>
			</nt>
			<nt id="s18_506" cat="icl">
			</nt>
			<nt id="s18_507" cat="np">
				<edge label="DN" idref="s18_6"/>
				<edge label="H" idref="s18_7"/>
			</nt>
			<nt id="s18_508" cat="fcl">
				<edge label="P" idref="s18_8"/>
				<edge label="Od" idref="s18_509"/>
				<edge label="S" idref="s18_510"/>
				<edge label="fA" idref="s18_511"/>
				<edge label="X" idref="s18_514"/>
			</nt>
			<nt id="s18_509" cat="np">
				<edge label="H" idref="s18_9"/>
				<edge label="DN" idref="s18_10"/>
			</nt>
			<nt id="s18_510" cat="par">
				<edge label="CJT" idref="s18_11"/>
			</nt>
			<nt id="s18_511" cat="pp">
				<edge label="H" idref="s18_12"/>
				<edge label="DP" idref="s18_512"/>
				<edge label="CJT" idref="s18_513"/>
			</nt>
			<nt id="s18_512" cat="np">
				<edge label="DN" idref="s18_13"/>
				<edge label="H" idref="s18_14"/>
			</nt>
			<nt id="s18_513" cat="np">
				<edge label="DN" idref="s18_15"/>
				<edge label="H" idref="s18_16"/>
			</nt>
			<nt id="s18_514" cat="par">
				<edge label="CJT" idref="s18_515"/>
				<edge label="CJT" idref="s18_517"/>
				<edge label="CJT" idref="s18_522"/>
			</nt>
			<nt id="s18_515" cat="x">
				<edge label="P" idref="s18_17"/>
				<edge label="Od" idref="s18_516"/>
			</nt>
			<nt id="s18_516" cat="np">
				<edge label="DN" idref="s18_18"/>
				<edge label="H" idref="s18_19"/>
				<edge label="PU" idref="s18_20"/>
			</nt>
			<nt id="s18_517" cat="fcl">
				<edge label="S" idref="s18_518"/>
				<edge label="P" idref="s18_26"/>
				<edge label="Od" idref="s18_519"/>
				<edge label="S" idref="s18_520"/>
			</nt>
			<nt id="s18_518" cat="np">
				<edge label="DN" idref="s18_21"/>
				<edge label="CO" idref="s18_22"/>
				<edge label="CO" idref="s18_23"/>
				<edge label="DN" idref="s18_24"/>
				<edge label="H" idref="s18_25"/>
			</nt>
			<nt id="s18_519" cat="np">
				<edge label="DN" idref="s18_27"/>
				<edge label="H" idref="s18_28"/>
				<edge label="PU" idref="s18_29"/>
			</nt>
			<nt id="s18_520" cat="par">
				<edge label="CJT" idref="s18_30"/>
				<edge label="CJT" idref="s18_31"/>
				<edge label="CJT" idref="s18_32"/>
				<edge label="CJT" idref="s18_33"/>
				<edge label="CJT" idref="s18_521"/>
			</nt>
			<nt id="s18_521" cat="np">
				<edge label="DN" idref="s18_34"/>
				<edge label="H" idref="s18_35"/>
				<edge label="PU" idref="s18_36"/>
			</nt>
			<nt id="s18_522" cat="fcl">
				<edge label="S" idref="s18_523"/>
				<edge label="P" idref="s18_39"/>
			</nt>
			<nt id="s18_523" cat="np">
				<edge label="DN" idref="s18_37"/>
				<edge label="H" idref="s18_38"/>
			</nt>
		</nonterminals>
	</graph>
</s>

	</body>
</corpus>
