<?xml version="1.0" encoding="UTF-8"?>
<corpus>

	<body>
<s id="s1" ref="1" source="Running text" forest="1" text="Contestação 2 Definições encontradas.">
	<graph root="s1_500">
		<terminals>
			<t id="s1_1" word="Contestação" lemma="contestação" pos="n" morph="F S" sem="act" extra="cjt-head cjt-head-X *"/>
			<t id="s1_2" word="2" lemma="2" pos="num" morph="F P" extra="card"/>
			<t id="s1_3" word="Definições" lemma="definição" pos="n" morph="F P" sem="sem-c" extra="cjt-X prop *"/>
			<t id="s1_4" word="encontradas" lemma="encontrado" pos="adj" morph="F P" extra="nh np-close"/>
			<t id="s1_5" word="." lemma="--" pos="pu" morph="--" extra="--"/>
		</terminals>

		<nonterminals>
			<nt id="s1_500" cat="s">
				<edge label="X" idref="s1_501"/>
			</nt>
			<nt id="s1_501" cat="par">
				<edge label="CJT" idref="s1_1"/>
				<edge label="CJT" idref="s1_502"/>
				<edge label="PU" idref="s1_5"/>
			</nt>
			<nt id="s1_502" cat="np">
				<edge label="DN" idref="s1_2"/>
				<edge label="H" idref="s1_3"/>
				<edge label="DN" idref="s1_4"/>
			</nt>
		</nonterminals>
	</graph>
</s>

<s id="s2" ref="2" source="Running text" forest="1" text="Tweet Classificação morfossintática:">
	<graph root="s2_500">
		<terminals>
			<t id="s2_1" word="Tweet_Classificação" lemma="Tweet_Classificação" pos="prop" morph="M S" extra="common * heur"/>
			<t id="s2_2" word="morfossintática" lemma="morfossintático" pos="adj" morph="F S" extra="DERS jh np-close"/>
			<t id="s2_3" word=":" lemma="--" pos="pu" morph="--" extra="--"/>
		</terminals>

		<nonterminals>
			<nt id="s2_500" cat="s">
				<edge label="X" idref="s2_501"/>
			</nt>
			<nt id="s2_501" cat="np">
				<edge label="H" idref="s2_1"/>
				<edge label="DN" idref="s2_2"/>
				<edge label="PU" idref="s2_3"/>
			</nt>
		</nonterminals>
	</graph>
</s>

<s id="s3" ref="3" source="Running text" forest="1" text="Substantivo, feminino singular Flexões da palavra Contestação Significados de Contestação:">
	<graph root="s3_500">
		<terminals>
			<t id="s3_1" word="Substantivo" lemma="substantivar" pos="v-fin" morph="PR 1S IND VFIN" extra="* vH fmc mv"/>
			<t id="s3_2" word="," lemma="--" pos="pu" morph="--" extra="--"/>
			<t id="s3_3" word="feminino" lemma="feminino" pos="adj" morph="M S" extra="jh"/>
			<t id="s3_4" word="singular" lemma="singular" pos="adj" morph="F S" extra="jh"/>
			<t id="s3_5" word="Flexões" lemma="flexão" pos="n" morph="F P" sem="act" extra="prop *"/>
			<t id="s3_6" word="de" lemma="de" pos="prp" morph="--" extra="sam- np-close"/>
			<t id="s3_7" word="a" lemma="o" pos="art" morph="F S" extra="-sam "/>
			<t id="s3_8" word="palavra" lemma="palavra" pos="n" morph="F S" sem="ac-cat act-s" extra="--"/>
			<t id="s3_9" word="Contestação_Significados_de_Contestação" lemma="Contestação_Significados_de_Contestação" pos="prop" morph="F S" extra="org * heur np-close"/>
			<t id="s3_10" word=":" lemma="--" pos="pu" morph="--" extra="--"/>
		</terminals>

		<nonterminals>
			<nt id="s3_500" cat="s">
				<edge label="STA" idref="s3_501"/>
			</nt>
			<nt id="s3_501" cat="fcl">
				<edge label="P" idref="s3_1"/>
				<edge label="PU" idref="s3_2"/>
				<edge label="fCs" idref="s3_3"/>
				<edge label="fCs" idref="s3_502"/>
				<edge label="PU" idref="s3_10"/>
			</nt>
			<nt id="s3_502" cat="np">
				<edge label="DN" idref="s3_4"/>
				<edge label="H" idref="s3_5"/>
				<edge label="DN" idref="s3_503"/>
			</nt>
			<nt id="s3_503" cat="pp">
				<edge label="H" idref="s3_6"/>
				<edge label="DP" idref="s3_504"/>
			</nt>
			<nt id="s3_504" cat="np">
				<edge label="DN" idref="s3_7"/>
				<edge label="H" idref="s3_8"/>
				<edge label="DN" idref="s3_9"/>
			</nt>
		</nonterminals>
	</graph>
</s>

<s id="s4" ref="4" source="Running text" forest="1" text="28 sobe, 12 desce 1. Contestação Por Luan(RJ) em 01-12-2009 Debate, objeção.">
	<graph root="s4_500">
		<terminals>
			<t id="s4_1" word="28" lemma="28" pos="num" morph="M/F S" extra="card"/>
			<t id="s4_2" word="sobe" lemma="subir" pos="v-fin" morph="PR 3S IND VFIN" extra="cjt-head cjt-head-STA fmc mv"/>
			<t id="s4_3" word="," lemma="--" pos="pu" morph="--" extra="--"/>
			<t id="s4_4" word="12" lemma="12" pos="num" morph="M/F P" extra="card"/>
			<t id="s4_5" word="desce" lemma="descer" pos="v-fin" morph="PR 3S IND VFIN" extra="cjt-STA fmc mv"/>
			<t id="s4_6" word="1." lemma="1." pos="adj" morph="M/F S" extra="NUM-ord"/>
			<t id="s4_7" word="Contestação_Por_Luan" lemma="Contestação_Por_Luan" pos="prop" morph="F S" extra="top * heur"/>
			<t id="s4_8" word="(" lemma="--" pos="pu" morph="--" extra="--"/>
			<t id="s4_9" word="RJ" lemma="RJ" pos="prop" morph="M S" extra="civ * np-close"/>
			<t id="s4_10" word=")" lemma="--" pos="pu" morph="--" extra="--"/>
			<t id="s4_11" word="em" lemma="em" pos="prp" morph="--" extra="--"/>
			<t id="s4_12" word="01-12-2009" lemma="01-12-2009" pos="num" morph="M P" extra="card"/>
			<t id="s4_13" word="Debate" lemma="debate" pos="n" morph="M P" sem="talk occ" extra="prop *"/>
			<t id="s4_14" word="," lemma="--" pos="pu" morph="--" extra="--"/>
			<t id="s4_15" word="objeção" lemma="objeção" pos="n" morph="F S" sem="act-s" extra="np-close"/>
			<t id="s4_16" word="." lemma="--" pos="pu" morph="--" extra="--"/>
		</terminals>

		<nonterminals>
			<nt id="s4_500" cat="s">
				<edge label="STA" idref="s4_501"/>
			</nt>
			<nt id="s4_501" cat="par">
				<edge label="CJT" idref="s4_502"/>
				<edge label="PU" idref="s4_3"/>
				<edge label="CJT" idref="s4_503"/>
				<edge label="PU" idref="s4_16"/>
			</nt>
			<nt id="s4_502" cat="fcl">
				<edge label="S" idref="s4_1"/>
				<edge label="P" idref="s4_2"/>
			</nt>
			<nt id="s4_503" cat="fcl">
				<edge label="Od" idref="s4_4"/>
				<edge label="P" idref="s4_5"/>
				<edge label="fCs" idref="s4_6"/>
				<edge label="S" idref="s4_504"/>
				<edge label="fA" idref="s4_505"/>
			</nt>
			<nt id="s4_504" cat="np">
				<edge label="H" idref="s4_7"/>
				<edge label="PU" idref="s4_8"/>
				<edge label="DNc" idref="s4_9"/>
				<edge label="PU" idref="s4_10"/>
			</nt>
			<nt id="s4_505" cat="pp">
				<edge label="H" idref="s4_11"/>
				<edge label="DP" idref="s4_506"/>
			</nt>
			<nt id="s4_506" cat="np">
				<edge label="DN" idref="s4_12"/>
				<edge label="H" idref="s4_13"/>
				<edge label="PU" idref="s4_14"/>
				<edge label="DNc" idref="s4_15"/>
			</nt>
		</nonterminals>
	</graph>
</s>

<s id="s5" ref="5" source="Running text" forest="1" text="Resposta a ataque, a libelo;">
	<graph root="s5_500">
		<terminals>
			<t id="s5_1" word="Resposta" lemma="resposta" pos="n" morph="F S" extra="* act-s"/>
			<t id="s5_2" word="a" lemma="ela" pos="pron-pers" morph="F 3S ACC" extra="--"/>
			<t id="s5_3" word="ataque" lemma="atacar" pos="v-fin" morph="PR 3S SUBJ VFIN" extra="vH fmc mv"/>
			<t id="s5_4" word="," lemma="--" pos="pu" morph="--" extra="--"/>
			<t id="s5_5" word="a" lemma="a" pos="prp" morph="--" extra="--"/>
			<t id="s5_6" word="libelo" lemma="libelo" pos="n" morph="M S" sem="sem-r" extra="--"/>
			<t id="s5_7" word=";" lemma="--" pos="pu" morph="--" extra="--"/>
		</terminals>

		<nonterminals>
			<nt id="s5_500" cat="s">
				<edge label="STA" idref="s5_501"/>
			</nt>
			<nt id="s5_501" cat="fcl">
				<edge label="S" idref="s5_1"/>
				<edge label="Od" idref="s5_2"/>
				<edge label="P" idref="s5_3"/>
				<edge label="PU" idref="s5_4"/>
				<edge label="fA" idref="s5_502"/>
				<edge label="PU" idref="s5_7"/>
			</nt>
			<nt id="s5_502" cat="pp">
				<edge label="H" idref="s5_5"/>
				<edge label="DP" idref="s5_6"/>
			</nt>
		</nonterminals>
	</graph>
</s>

<s id="s6" ref="6" source="Running text" forest="1" text="desmentido.">
	<graph root="s6_500">
		<terminals>
			<t id="s6_1" word="desmentido" lemma="desmentir" pos="v-pcp" morph="M S" extra="vH"/>
			<t id="s6_2" word="." lemma="--" pos="pu" morph="--" extra="--"/>
		</terminals>

		<nonterminals>
			<nt id="s6_500" cat="s">
				<edge label="UTT" idref="s6_501"/>
			</nt>
			<nt id="s6_501" cat="x">
				<edge label="X" idref="s6_1"/>
				<edge label="PU" idref="s6_2"/>
			</nt>
		</nonterminals>
	</graph>
</s>

<s id="s7" ref="7" source="Running text" forest="1" text="Conflito, oposição.">
	<graph root="s7_500">
		<terminals>
			<t id="s7_1" word="Conflito" lemma="conflito" pos="n" morph="M S" sem="fight event" extra="cjt-head cjt-head-X *"/>
			<t id="s7_2" word="," lemma="--" pos="pu" morph="--" extra="--"/>
			<t id="s7_3" word="oposição" lemma="oposição" pos="n" morph="F S" sem="am Labs HH act-s" extra="cjt-X"/>
			<t id="s7_4" word="." lemma="--" pos="pu" morph="--" extra="--"/>
		</terminals>

		<nonterminals>
			<nt id="s7_500" cat="s">
				<edge label="X" idref="s7_501"/>
			</nt>
			<nt id="s7_501" cat="par">
				<edge label="CJT" idref="s7_1"/>
				<edge label="PU" idref="s7_2"/>
				<edge label="CJT" idref="s7_3"/>
				<edge label="PU" idref="s7_4"/>
			</nt>
		</nonterminals>
	</graph>
</s>

<s id="s8" ref="8" source="Running text" forest="1" text="Recusa global e sistemática das estruturas sociais em que se vive.">
	<graph root="s8_500">
		<terminals>
			<t id="s8_1" word="Recusa" lemma="recusa" pos="n" morph="F S" extra="* act-s"/>
			<t id="s8_2" word="global" lemma="global" pos="adj" morph="F S" extra="nh np-close"/>
			<t id="s8_3" word="e" lemma="e" pos="conj-c" morph="--" extra="--"/>
			<t id="s8_4" word="sistemática" lemma="sistemático" pos="adj" morph="F S" extra="np-close"/>
			<t id="s8_5" word="de" lemma="de" pos="prp" morph="--" extra="sam- np-close"/>
			<t id="s8_6" word="as" lemma="o" pos="art" morph="F P" extra="-sam "/>
			<t id="s8_7" word="estruturas" lemma="estrutura" pos="n" morph="F P" sem="percep-f HH" extra="--"/>
			<t id="s8_8" word="sociais" lemma="social" pos="adj" morph="F P" extra="jh np-close"/>
			<t id="s8_9" word="em" lemma="em" pos="prp" morph="--" extra="--"/>
			<t id="s8_10" word="que" lemma="que" pos="spec" morph="M S" extra="clb-fs rel"/>
			<t id="s8_11" word="se" lemma="se" pos="pron-pers" morph="M/F 3S ACC" extra="pass"/>
			<t id="s8_12" word="vive" lemma="viver" pos="v-fin" morph="PR 3S IND VFIN" extra="vH mv np-close"/>
			<t id="s8_13" word="." lemma="--" pos="pu" morph="--" extra="--"/>
		</terminals>

		<nonterminals>
			<nt id="s8_500" cat="s">
				<edge label="X" idref="s8_501"/>
			</nt>
			<nt id="s8_501" cat="np">
				<edge label="H" idref="s8_1"/>
				<edge label="DN" idref="s8_2"/>
				<edge label="DN" idref="s8_502"/>
				<edge label="fA" idref="s8_503"/>
				<edge label="PU" idref="s8_13"/>
			</nt>
			<nt id="s8_502" cat="adjp">
				<edge label="CO" idref="s8_3"/>
				<edge label="H" idref="s8_4"/>
			</nt>
			<nt id="s8_503" cat="pp">
				<edge label="H" idref="s8_5"/>
				<edge label="DP" idref="s8_504"/>
			</nt>
			<nt id="s8_504" cat="np">
				<edge label="DN" idref="s8_6"/>
				<edge label="H" idref="s8_7"/>
				<edge label="DN" idref="s8_8"/>
				<edge label="DN" idref="s8_505"/>
			</nt>
			<nt id="s8_505" cat="fcl">
				<edge label="As" idref="s8_506"/>
				<edge label="Od" idref="s8_11"/>
				<edge label="P" idref="s8_12"/>
			</nt>
			<nt id="s8_506" cat="pp">
				<edge label="H" idref="s8_9"/>
				<edge label="DP" idref="s8_10"/>
			</nt>
		</nonterminals>
	</graph>
</s>

<s id="s9" ref="9" source="Running text" forest="1" text="Sua contestação é inválida.">
	<graph root="s9_500">
		<terminals>
			<t id="s9_1" word="Sua" lemma="seu" pos="pron-poss" morph="DET F S" extra="* poss 3S"/>
			<t id="s9_2" word="contestação" lemma="contestação" pos="n" morph="F S" sem="act" extra="--"/>
			<t id="s9_3" word="é" lemma="ser" pos="v-fin" morph="PR 3S IND VFIN" extra="vK fmc mv"/>
			<t id="s9_4" word="inválida" lemma="inválido" pos="adj" morph="F S" extra="jh"/>
			<t id="s9_5" word="." lemma="--" pos="pu" morph="--" extra="--"/>
		</terminals>

		<nonterminals>
			<nt id="s9_500" cat="s">
				<edge label="STA" idref="s9_501"/>
			</nt>
			<nt id="s9_501" cat="fcl">
				<edge label="S" idref="s9_502"/>
				<edge label="P" idref="s9_3"/>
				<edge label="Cs" idref="s9_4"/>
				<edge label="PU" idref="s9_5"/>
			</nt>
			<nt id="s9_502" cat="np">
				<edge label="DN" idref="s9_1"/>
				<edge label="H" idref="s9_2"/>
			</nt>
		</nonterminals>
	</graph>
</s>

<s id="s10" ref="10" source="Running text" forest="1" text="Compartilhar enviar nova definição enviar nova imagem denunciar abuso Sinônimos:">
	<graph root="s10_500">
		<terminals>
			<t id="s10_1" word="Compartilhar" lemma="compartilhar" pos="v-inf" morph="--" extra="* vH mv"/>
			<t id="s10_2" word="enviar" lemma="enviar" pos="v-inf" morph="--" extra="vH mv"/>
			<t id="s10_3" word="nova" lemma="novo" pos="adj" morph="F S" extra="jh"/>
			<t id="s10_4" word="definição" lemma="definição" pos="n" morph="F S" sem="sem-c" extra="--"/>
			<t id="s10_5" word="enviar" lemma="enviar" pos="v-inf" morph="--" extra="vH mv"/>
			<t id="s10_6" word="nova" lemma="novo" pos="adj" morph="F S" extra="jh"/>
			<t id="s10_7" word="imagem" lemma="imagem" pos="n" morph="F S" sem="pict sem-c ac-cat" extra="--"/>
			<t id="s10_8" word="denunciar" lemma="denunciar" pos="v-inf" morph="--" extra="vH mv"/>
			<t id="s10_9" word="abuso" lemma="abuso" pos="n" morph="M S" sem="activity" extra="--"/>
			<t id="s10_10" word="Sinônimos" lemma="Sinônimos" pos="prop" morph="M S" extra="hum * np-close"/>
			<t id="s10_11" word=":" lemma="--" pos="pu" morph="--" extra="--"/>
		</terminals>

		<nonterminals>
			<nt id="s10_500" cat="s">
				<edge label="UTT" idref="s10_501"/>
			</nt>
			<nt id="s10_501" cat="icl">
				<edge label="P" idref="s10_1"/>
				<edge label="Od" idref="s10_502"/>
				<edge label="PU" idref="s10_11"/>
			</nt>
			<nt id="s10_502" cat="icl">
				<edge label="P" idref="s10_2"/>
				<edge label="Od" idref="s10_503"/>
				<edge label="UTT" idref="s10_504"/>
				<edge label="UTT" idref="s10_506"/>
			</nt>
			<nt id="s10_503" cat="np">
				<edge label="DN" idref="s10_3"/>
				<edge label="H" idref="s10_4"/>
			</nt>
			<nt id="s10_504" cat="icl">
				<edge label="P" idref="s10_5"/>
				<edge label="Od" idref="s10_505"/>
			</nt>
			<nt id="s10_505" cat="np">
				<edge label="DN" idref="s10_6"/>
				<edge label="H" idref="s10_7"/>
			</nt>
			<nt id="s10_506" cat="icl">
				<edge label="P" idref="s10_8"/>
				<edge label="Od" idref="s10_507"/>
			</nt>
			<nt id="s10_507" cat="np">
				<edge label="H" idref="s10_9"/>
				<edge label="DN" idref="s10_10"/>
			</nt>
		</nonterminals>
	</graph>
</s>

<s id="s11" ref="11" source="Running text" forest="1" text="resposta contradita contestação impugnação objeção objecão réplica controvérsia argumentação contenda debate discussão disputa dúvida objeção polémica questão alteração certame querela defesa amparo antegozar anteparo apologia arranjo arrazoado baluarte broquel cavação mais...">
	<graph root="s11_500">
		<terminals>
			<t id="s11_1" word="resposta" lemma="resposta" pos="n" morph="F S" sem="act-s" extra="--"/>
			<t id="s11_2" word="contradita" lemma="contraditar" pos="v-fin" morph="PR 3S IND VFIN" extra="nosubj nosubj nosubj cjt-head cjt-head-STA vH fmc mv"/>
			<t id="s11_3" word="contestação" lemma="contestação" pos="n" morph="F S" sem="act" extra="--"/>
			<t id="s11_4" word="impugnação" lemma="impugnação" pos="n" morph="F S" sem="act" extra="--"/>
			<t id="s11_5" word="objeção" lemma="objeção" pos="n" morph="F S" sem="act-s" extra="--"/>
			<t id="s11_6" word="objecão" lemma="objecão" pos="n" morph="F S" sem="act-s" extra="--"/>
			<t id="s11_7" word="réplica" lemma="réplica" pos="n" morph="F S" sem="sem-s" extra="--"/>
			<t id="s11_8" word="controvérsia" lemma="controvérsia" pos="n" morph="F S" sem="sit talk" extra="--"/>
			<t id="s11_9" word="argumentação" lemma="argumentação" pos="n" morph="F S" sem="act" extra="--"/>
			<t id="s11_10" word="contenda" lemma="contenda" pos="n" morph="F S" sem="activity" extra="--"/>
			<t id="s11_11" word="debate" lemma="debater" pos="v-fin" morph="PR 3S IND VFIN" extra="nosubj cjt-STA vH fmc mv"/>
			<t id="s11_12" word="discussão" lemma="discussão" pos="n" morph="F S" sem="talk" extra="--"/>
			<t id="s11_13" word="disputa" lemma="disputar" pos="v-fin" morph="PR 3S IND VFIN" extra="nosubj cjt-STA vH fmc mv"/>
			<t id="s11_14" word="dúvida" lemma="dúvida" pos="n" morph="F S" sem="sem-c state-h" extra="--"/>
			<t id="s11_15" word="objeção" lemma="objeção" pos="n" morph="F S" sem="act-s" extra="--"/>
			<t id="s11_16" word="polémica" lemma="polêmico" pos="adj" morph="F S" extra="jh"/>
			<t id="s11_17" word="questão" lemma="questão" pos="n" morph="F S" sem="act-s ac" extra="--"/>
			<t id="s11_18" word="alteração" lemma="alteração" pos="n" morph="F S" sem="act-d f-psych" extra="--"/>
			<t id="s11_19" word="certame" lemma="certame" pos="n" morph="M S" sem="activity occ" extra="--"/>
			<t id="s11_20" word="querela" lemma="querelar" pos="v-fin" morph="PR 3S IND VFIN" extra="nosubj cjt-STA vH fmc mv"/>
			<t id="s11_21" word="defesa" lemma="defesa" pos="n" morph="M S" sem="Hprof" extra="--"/>
			<t id="s11_22" word="amparo" lemma="amparar" pos="v-fin" morph="PR 1S IND VFIN" extra="nosubj cjt-STA vH fmc mv"/>
			<t id="s11_23" word="antegozar" lemma="antegozar" pos="v-inf" morph="--" extra="vH mv"/>
			<t id="s11_24" word="anteparo" lemma="anteparo" pos="n" morph="M S" sem="part-build Lcover" extra="--"/>
			<t id="s11_25" word="apologia" lemma="apologia" pos="n" morph="F S" sem="act-s" extra="--"/>
			<t id="s11_26" word="arranjo" lemma="arranjo" pos="n" morph="M S" sem="sem-c act" extra="--"/>
			<t id="s11_27" word="arrazoado" lemma="arrazoado" pos="adj" morph="M S" extra="nh"/>
			<t id="s11_28" word="baluarte" lemma="baluarte" pos="n" morph="M S" sem="Lh" extra="--"/>
			<t id="s11_29" word="broquel" lemma="broquel" pos="n" morph="M S" sem="tool" extra="--"/>
			<t id="s11_30" word="cavação" lemma="cavação" pos="n" morph="F S" sem="act act-trick" extra="--"/>
			<t id="s11_31" word="mais" lemma="mais" pos="adv" morph="--" extra="--"/>
			<t id="s11_32" word="." lemma="--" pos="pu" morph="--" extra="--"/>
		</terminals>

		<nonterminals>
			<nt id="s11_500" cat="s">
				<edge label="STA" idref="s11_501"/>
			</nt>
			<nt id="s11_501" cat="par">
				<edge label="CJT" idref="s11_502"/>
				<edge label="CJT" idref="s11_503"/>
				<edge label="CJT" idref="s11_504"/>
				<edge label="CJT" idref="s11_505"/>
				<edge label="CJT" idref="s11_506"/>
				<edge label="PU" idref="s11_32"/>
			</nt>
			<nt id="s11_502" cat="fcl">
				<edge label="S" idref="s11_1"/>
				<edge label="P" idref="s11_2"/>
				<edge label="Od" idref="s11_3"/>
			</nt>
			<nt id="s11_503" cat="x">
				<edge label="fCs" idref="s11_4"/>
				<edge label="fCs" idref="s11_5"/>
				<edge label="fCs" idref="s11_6"/>
				<edge label="fCs" idref="s11_7"/>
				<edge label="fCs" idref="s11_8"/>
				<edge label="fCs" idref="s11_9"/>
				<edge label="fCs" idref="s11_10"/>
				<edge label="P" idref="s11_11"/>
				<edge label="Od" idref="s11_12"/>
			</nt>
			<nt id="s11_504" cat="x">
				<edge label="P" idref="s11_13"/>
				<edge label="Od" idref="s11_14"/>
			</nt>
			<nt id="s11_505" cat="x">
				<edge label="fCs" idref="s11_15"/>
				<edge label="fCs" idref="s11_16"/>
				<edge label="fCs" idref="s11_17"/>
				<edge label="fCs" idref="s11_18"/>
				<edge label="fCs" idref="s11_19"/>
				<edge label="P" idref="s11_20"/>
			</nt>
			<nt id="s11_506" cat="x">
				<edge label="fCs" idref="s11_21"/>
				<edge label="P" idref="s11_22"/>
				<edge label="Od" idref="s11_507"/>
				<edge label="fCs" idref="s11_25"/>
				<edge label="fCs" idref="s11_26"/>
				<edge label="fCs" idref="s11_28"/>
				<edge label="fCs" idref="s11_29"/>
				<edge label="fCs" idref="s11_30"/>
			</nt>
			<nt id="s11_507" cat="icl">
				<edge label="P" idref="s11_23"/>
				<edge label="Od" idref="s11_24"/>
				<edge label="fCs" idref="s11_27"/>
				<edge label="fA" idref="s11_31"/>
			</nt>
		</nonterminals>
	</graph>
</s>

<s id="s12" ref="12" source="Running text" forest="1" text="Relacionadas:">
	<graph root="s12_500">
		<terminals>
			<t id="s12_1" word="Relacionadas" lemma="relacionado" pos="adj" morph="F P" extra="* nh"/>
			<t id="s12_2" word=":" lemma="--" pos="pu" morph="--" extra="--"/>
		</terminals>

		<nonterminals>
			<nt id="s12_500" cat="s">
				<edge label="UTT" idref="s12_501"/>
			</nt>
			<nt id="s12_501" cat="x">
				<edge label="X" idref="s12_1"/>
				<edge label="PU" idref="s12_2"/>
			</nt>
		</nonterminals>
	</graph>
</s>

<s id="s13" ref="13" source="Running text" forest="1" text="contestar mais...">
	<graph root="s13_500">
		<terminals>
			<t id="s13_1" word="contestar" lemma="contestar" pos="v-inf" morph="--" extra="vH mv"/>
			<t id="s13_2" word="mais" lemma="mais" pos="adv" morph="--" extra="--"/>
			<t id="s13_3" word="." lemma="--" pos="pu" morph="--" extra="--"/>
		</terminals>

		<nonterminals>
			<nt id="s13_500" cat="s">
				<edge label="S" idref="s13_501"/>
			</nt>
			<nt id="s13_501" cat="icl">
				<edge label="P" idref="s13_1"/>
				<edge label="fA" idref="s13_2"/>
				<edge label="PU" idref="s13_3"/>
			</nt>
		</nonterminals>
	</graph>
</s>

<s id="s14" ref="14" source="Running text" forest="1" text="5 sobe, 1 desce 2. Contestação Por Dicionário inFormal(SP) em 04-12-2008 É a resposta concedidada do réu.">
	<graph root="s14_500">
		<terminals>
			<t id="s14_1" word="5" lemma="5" pos="num" morph="M/F P" extra="card"/>
			<t id="s14_2" word="sobe" lemma="subir" pos="v-fin" morph="PR 3S IND VFIN" extra="nosubj nosubj cjt-head cjt-head-STA fmc mv"/>
			<t id="s14_3" word="," lemma="--" pos="pu" morph="--" extra="--"/>
			<t id="s14_4" word="1" lemma="1" pos="num" morph="F S" extra="card"/>
			<t id="s14_5" word="desce" lemma="descer" pos="v-fin" morph="PR 3S IND VFIN" extra="cjt-STA fmc mv"/>
			<t id="s14_6" word="2." lemma="2." pos="adj" morph="M/F S" extra="NUM-ord"/>
			<t id="s14_7" word="Contestação_Por_Dicionário" lemma="Contestação_Por_Dicionário" pos="prop" morph="M S" extra="tit *"/>
			<t id="s14_8" word="inFormal" lemma="inFormal" pos="adj" morph="M S" extra="np-close"/>
			<t id="s14_9" word="(" lemma="--" pos="pu" morph="--" extra="--"/>
			<t id="s14_10" word="SP" lemma="SP" pos="prop" morph="M S" extra="civ * np-close"/>
			<t id="s14_11" word=")" lemma="--" pos="pu" morph="--" extra="--"/>
			<t id="s14_12" word="em" lemma="em" pos="prp" morph="--" extra="--"/>
			<t id="s14_13" word="04-12-2008" lemma="04-12-2008" pos="num" morph="M/F S" extra="card"/>
			<t id="s14_14" word="É" lemma="ser" pos="v-fin" morph="PR 3S IND VFIN" extra="nosubj cjt-STA * vK fmc mv"/>
			<t id="s14_15" word="a" lemma="o" pos="art" morph="F S" extra="--"/>
			<t id="s14_16" word="resposta" lemma="resposta" pos="n" morph="F S" sem="act-s" extra="--"/>
			<t id="s14_17" word="concedidada" lemma="concedidar" pos="v-pcp" morph="F S" extra="DERS DERS np-close"/>
			<t id="s14_18" word="de" lemma="de" pos="prp" morph="--" extra="sam- np-close"/>
			<t id="s14_19" word="o" lemma="o" pos="art" morph="M S" extra="-sam "/>
			<t id="s14_20" word="réu" lemma="réu" pos="n" morph="M S" sem="H" extra="--"/>
			<t id="s14_21" word="." lemma="--" pos="pu" morph="--" extra="--"/>
		</terminals>

		<nonterminals>
			<nt id="s14_500" cat="s">
				<edge label="UTT" idref="s14_501"/>
			</nt>
			<nt id="s14_501" cat="x">
				<edge label="Od" idref="s14_1"/>
				<edge label="STA" idref="s14_502"/>
				<edge label="CJT" idref="s14_2"/>
				<edge label="PU" idref="s14_3"/>
				<edge label="CJT" idref="s14_503"/>
				<edge label="CJT" idref="s14_506"/>
				<edge label="PU" idref="s14_21"/>
			</nt>
			<nt id="s14_502" cat="par">
			</nt>
			<nt id="s14_503" cat="fcl">
				<edge label="S" idref="s14_4"/>
				<edge label="P" idref="s14_5"/>
				<edge label="fCs" idref="s14_6"/>
				<edge label="Od" idref="s14_504"/>
				<edge label="fA" idref="s14_505"/>
			</nt>
			<nt id="s14_504" cat="np">
				<edge label="H" idref="s14_7"/>
				<edge label="DN" idref="s14_8"/>
				<edge label="PU" idref="s14_9"/>
				<edge label="DNapp" idref="s14_10"/>
				<edge label="PU" idref="s14_11"/>
			</nt>
			<nt id="s14_505" cat="pp">
				<edge label="H" idref="s14_12"/>
				<edge label="DP" idref="s14_13"/>
			</nt>
			<nt id="s14_506" cat="x">
				<edge label="P" idref="s14_14"/>
				<edge label="Cs" idref="s14_507"/>
			</nt>
			<nt id="s14_507" cat="np">
				<edge label="DN" idref="s14_15"/>
				<edge label="H" idref="s14_16"/>
				<edge label="DN" idref="s14_17"/>
				<edge label="DN" idref="s14_508"/>
			</nt>
			<nt id="s14_508" cat="pp">
				<edge label="H" idref="s14_18"/>
				<edge label="DP" idref="s14_509"/>
			</nt>
			<nt id="s14_509" cat="np">
				<edge label="DN" idref="s14_19"/>
				<edge label="H" idref="s14_20"/>
			</nt>
		</nonterminals>
	</graph>
</s>

<s id="s15" ref="15" source="Running text" forest="1" text="O réu tem direito � contestação.">
	<graph root="s15_500">
		<terminals>
			<t id="s15_1" word="O" lemma="o" pos="art" morph="M S" extra="* "/>
			<t id="s15_2" word="réu" lemma="réu" pos="n" morph="M S" sem="H" extra="--"/>
			<t id="s15_3" word="tem" lemma="ter" pos="v-fin" morph="PR 3S IND VFIN" extra="fmc mv"/>
			<t id="s15_4" word="direito" lemma="direito" pos="n" morph="M S" sem="domain f-right mon" extra="--"/>
			<t id="s15_5" word="a" lemma="a" pos="prp" morph="--" extra="sam- np-close"/>
			<t id="s15_6" word="a" lemma="o" pos="art" morph="F S" extra="-sam "/>
			<t id="s15_7" word="contestação" lemma="contestação" pos="n" morph="F S" sem="act" extra="--"/>
			<t id="s15_8" word="." lemma="--" pos="pu" morph="--" extra="--"/>
		</terminals>

		<nonterminals>
			<nt id="s15_500" cat="s">
				<edge label="STA" idref="s15_501"/>
			</nt>
			<nt id="s15_501" cat="fcl">
				<edge label="S" idref="s15_502"/>
				<edge label="P" idref="s15_3"/>
				<edge label="Od" idref="s15_503"/>
				<edge label="PU" idref="s15_8"/>
			</nt>
			<nt id="s15_502" cat="np">
				<edge label="DN" idref="s15_1"/>
				<edge label="H" idref="s15_2"/>
			</nt>
			<nt id="s15_503" cat="np">
				<edge label="H" idref="s15_4"/>
				<edge label="DN" idref="s15_504"/>
			</nt>
			<nt id="s15_504" cat="pp">
				<edge label="H" idref="s15_5"/>
				<edge label="DP" idref="s15_505"/>
			</nt>
			<nt id="s15_505" cat="np">
				<edge label="DN" idref="s15_6"/>
				<edge label="H" idref="s15_7"/>
			</nt>
		</nonterminals>
	</graph>
</s>

<s id="s16" ref="16" source="Running text" forest="1" text="Compartilhar enviar nova definição enviar nova imagem denunciar abuso Outras Informações:Palavras com 11 letras A palavra possui 5 vogais -- o e a ao A palavra possui 6 consoantes -- c nt st c 1 página -- 2 Definições crocodilo-da-américa lichia wildiano kohoutek dar a cria.">
	<graph root="s16_500">
		<terminals>
			<t id="s16_1" word="Compartilhar" lemma="compartilhar" pos="v-inf" morph="--" extra="* vH mv"/>
			<t id="s16_2" word="enviar" lemma="enviar" pos="v-inf" morph="--" extra="vH mv"/>
			<t id="s16_3" word="nova" lemma="novo" pos="adj" morph="F S" extra="jh"/>
			<t id="s16_4" word="definição" lemma="definição" pos="n" morph="F S" sem="sem-c" extra="--"/>
			<t id="s16_5" word="enviar" lemma="enviar" pos="v-inf" morph="--" extra="vH mv"/>
			<t id="s16_6" word="nova" lemma="novo" pos="adj" morph="F S" extra="jh"/>
			<t id="s16_7" word="imagem" lemma="imagem" pos="n" morph="F S" sem="pict sem-c ac-cat" extra="--"/>
			<t id="s16_8" word="denunciar" lemma="denunciar" pos="v-inf" morph="--" extra="vH mv"/>
			<t id="s16_9" word="abuso" lemma="abuso" pos="n" morph="M S" sem="activity" extra="--"/>
			<t id="s16_10" word="Outras_Informações" lemma="Outras_Informações" pos="prop" morph="M S" extra="hum * heur np-close"/>
			<t id="s16_11" word=":Palavras" lemma=":Palavras" pos="n" morph="M S" extra="cjt-head cjt-head-S"/>
			<t id="s16_12" word="com" lemma="com" pos="prp" morph="--" extra="--"/>
			<t id="s16_13" word="11" lemma="11" pos="num" morph="F P" extra="card"/>
			<t id="s16_14" word="letras" lemma="letra" pos="n" morph="F P" sem="ac-sign sem-r domain" extra="--"/>
			<t id="s16_15" word="A" lemma="o" pos="art" morph="F S" extra="* "/>
			<t id="s16_16" word="palavra" lemma="palavra" pos="n" morph="F S" sem="ac-cat act-s" extra="cjt-S"/>
			<t id="s16_17" word="possui" lemma="possuir" pos="v-fin" morph="PR 3S IND VFIN" extra="predco vH fmc mv"/>
			<t id="s16_18" word="5" lemma="5" pos="num" morph="M P" extra="card"/>
			<t id="s16_19" word="vogais" lemma="vogal" pos="n" morph="M P" sem="ac-cat H" extra="--"/>
			<t id="s16_20" word="--" lemma="--" pos="pu" morph="--" extra="--"/>
			<t id="s16_21" word="o" lemma="o" pos="art" morph="M S" extra="--"/>
			<t id="s16_22" word="e" lemma="e" pos="conj-c" morph="--" extra="--"/>
			<t id="s16_23" word="a" lemma="o" pos="pron-dem" morph="DET F S" extra="dem"/>
			<t id="s16_24" word="a" lemma="a" pos="prp" morph="--" extra="sam- np-close"/>
			<t id="s16_25" word="o" lemma="o" pos="art" morph="M S" extra="-sam "/>
			<t id="s16_26" word="A" lemma="o" pos="art" morph="F S" extra="* "/>
			<t id="s16_27" word="palavra" lemma="palavra" pos="n" morph="F S" sem="ac-cat act-s" extra="--"/>
			<t id="s16_28" word="possui" lemma="possuir" pos="v-fin" morph="PR 3S IND VFIN" extra="cjt-STA vH fmc mv"/>
			<t id="s16_29" word="6" lemma="6" pos="num" morph="F P" extra="card"/>
			<t id="s16_30" word="consoantes" lemma="consoante" pos="n" morph="F P" sem="ac-cat" extra="--"/>
			<t id="s16_31" word="--" lemma="--" pos="pu" morph="--" extra="--"/>
			<t id="s16_32" word="c" lemma="c" pos="n" morph="M S" sem="ac-sign" extra="cjt-head cjt-head-S"/>
			<t id="s16_33" word="nt" lemma="nt" pos="n" morph="M/F S" extra="cjt-S foreign"/>
			<t id="s16_34" word="st" lemma="st" pos="n" morph="M/F S" extra="cjt-S foreign"/>
			<t id="s16_35" word="c" lemma="c" pos="n" morph="M S" sem="ac-sign" extra="cjt-S"/>
			<t id="s16_36" word="1" lemma="1" pos="num" morph="F S" extra="card"/>
			<t id="s16_37" word="página" lemma="página" pos="n" morph="F S" sem="cc-r" extra="cjt-S"/>
			<t id="s16_38" word="--" lemma="--" pos="pu" morph="--" extra="--"/>
			<t id="s16_39" word="2" lemma="2" pos="num" morph="F P" extra="card"/>
			<t id="s16_40" word="Definições" lemma="definição" pos="n" morph="F P" sem="sem-c" extra="prop *"/>
			<t id="s16_41" word="crocodilo-da-américa" lemma="crocodilo-da-américa" pos="n" morph="M S" sem="Azo Aich" extra="--"/>
			<t id="s16_42" word="lichia" lemma="licher" pos="v-fin" morph="IMPF 3S IND VFIN" extra="cjt-STA heur fmc mv"/>
			<t id="s16_43" word="wildiano" lemma="wildiano" pos="adj" morph="M S" extra="DERS foreign"/>
			<t id="s16_44" word="kohoutek" lemma="kohoutek" pos="n" morph="M S" extra="foreign heur"/>
			<t id="s16_45" word="dar" lemma="dar" pos="v-inf" morph="--" extra="mv"/>
			<t id="s16_46" word="a" lemma="o" pos="art" morph="F S" extra="--"/>
			<t id="s16_47" word="cria" lemma="cria" pos="n" morph="F S" sem="Adom" extra="--"/>
			<t id="s16_48" word="." lemma="--" pos="pu" morph="--" extra="--"/>
		</terminals>

		<nonterminals>
			<nt id="s16_500" cat="s">
				<edge label="UTT" idref="s16_501"/>
			</nt>
			<nt id="s16_501" cat="x">
				<edge label="UTT" idref="s16_506"/>
				<edge label="P" idref="s16_5"/>
				<edge label="Od" idref="s16_507"/>
				<edge label="UTT" idref="s16_508"/>
				<edge label="UTT" idref="s16_527"/>
				<edge label="PU" idref="s16_48"/>
			</nt>
			<nt id="s16_502" cat="fcl">
				<edge label="S" idref="s16_503"/>
			</nt>
			<nt id="s16_503" cat="icl">
				<edge label="P" idref="s16_1"/>
				<edge label="Od" idref="s16_504"/>
			</nt>
			<nt id="s16_504" cat="icl">
				<edge label="P" idref="s16_2"/>
				<edge label="Od" idref="s16_505"/>
			</nt>
			<nt id="s16_505" cat="np">
				<edge label="DN" idref="s16_3"/>
				<edge label="H" idref="s16_4"/>
			</nt>
			<nt id="s16_506" cat="icl">
			</nt>
			<nt id="s16_507" cat="np">
				<edge label="DN" idref="s16_6"/>
				<edge label="H" idref="s16_7"/>
			</nt>
			<nt id="s16_508" cat="fcl">
				<edge label="P" idref="s16_8"/>
				<edge label="Od" idref="s16_509"/>
				<edge label="S" idref="s16_510"/>
				<edge label="fA" idref="s16_511"/>
				<edge label="X" idref="s16_514"/>
			</nt>
			<nt id="s16_509" cat="np">
				<edge label="H" idref="s16_9"/>
				<edge label="DN" idref="s16_10"/>
			</nt>
			<nt id="s16_510" cat="par">
				<edge label="CJT" idref="s16_11"/>
			</nt>
			<nt id="s16_511" cat="pp">
				<edge label="H" idref="s16_12"/>
				<edge label="DP" idref="s16_512"/>
				<edge label="CJT" idref="s16_513"/>
			</nt>
			<nt id="s16_512" cat="np">
				<edge label="DN" idref="s16_13"/>
				<edge label="H" idref="s16_14"/>
			</nt>
			<nt id="s16_513" cat="np">
				<edge label="DN" idref="s16_15"/>
				<edge label="H" idref="s16_16"/>
			</nt>
			<nt id="s16_514" cat="par">
				<edge label="CJT" idref="s16_515"/>
				<edge label="CJT" idref="s16_517"/>
				<edge label="CJT" idref="s16_524"/>
			</nt>
			<nt id="s16_515" cat="x">
				<edge label="P" idref="s16_17"/>
				<edge label="Od" idref="s16_516"/>
			</nt>
			<nt id="s16_516" cat="np">
				<edge label="DN" idref="s16_18"/>
				<edge label="H" idref="s16_19"/>
				<edge label="PU" idref="s16_20"/>
			</nt>
			<nt id="s16_517" cat="fcl">
				<edge label="Od" idref="s16_518"/>
				<edge label="P" idref="s16_28"/>
				<edge label="Od" idref="s16_521"/>
				<edge label="S" idref="s16_522"/>
			</nt>
			<nt id="s16_518" cat="np">
				<edge label="DN" idref="s16_21"/>
				<edge label="CO" idref="s16_22"/>
				<edge label="H" idref="s16_23"/>
				<edge label="DN" idref="s16_519"/>
			</nt>
			<nt id="s16_519" cat="pp">
				<edge label="H" idref="s16_24"/>
				<edge label="DP" idref="s16_520"/>
			</nt>
			<nt id="s16_520" cat="np">
				<edge label="DN" idref="s16_25"/>
				<edge label="DN" idref="s16_26"/>
				<edge label="H" idref="s16_27"/>
			</nt>
			<nt id="s16_521" cat="np">
				<edge label="DN" idref="s16_29"/>
				<edge label="H" idref="s16_30"/>
				<edge label="PU" idref="s16_31"/>
			</nt>
			<nt id="s16_522" cat="par">
				<edge label="CJT" idref="s16_32"/>
				<edge label="CJT" idref="s16_33"/>
				<edge label="CJT" idref="s16_34"/>
				<edge label="CJT" idref="s16_35"/>
				<edge label="CJT" idref="s16_523"/>
			</nt>
			<nt id="s16_523" cat="np">
				<edge label="DN" idref="s16_36"/>
				<edge label="H" idref="s16_37"/>
				<edge label="PU" idref="s16_38"/>
			</nt>
			<nt id="s16_524" cat="fcl">
				<edge label="fCs" idref="s16_525"/>
				<edge label="S" idref="s16_41"/>
				<edge label="P" idref="s16_42"/>
				<edge label="Od" idref="s16_526"/>
			</nt>
			<nt id="s16_525" cat="np">
				<edge label="DN" idref="s16_39"/>
				<edge label="H" idref="s16_40"/>
			</nt>
			<nt id="s16_526" cat="np">
				<edge label="DN" idref="s16_43"/>
				<edge label="H" idref="s16_44"/>
			</nt>
			<nt id="s16_527" cat="icl">
				<edge label="P" idref="s16_45"/>
				<edge label="Od" idref="s16_528"/>
			</nt>
			<nt id="s16_528" cat="np">
				<edge label="DN" idref="s16_46"/>
				<edge label="H" idref="s16_47"/>
			</nt>
		</nonterminals>
	</graph>
</s>

	</body>
</corpus>
