<?xml version="1.0" encoding="UTF-8"?>
<corpus>

	<body>
<s id="s1" ref="1" source="Running text" forest="1" text="Cooperação 3 Definições encontradas.">
	<graph root="s1_500">
		<terminals>
			<t id="s1_1" word="Cooperação" lemma="cooperação" pos="n" morph="F S" sem="activity" extra="cjt-head cjt-head-X *"/>
			<t id="s1_2" word="3" lemma="3" pos="num" morph="F P" extra="card"/>
			<t id="s1_3" word="Definições" lemma="definição" pos="n" morph="F P" sem="sem-c" extra="cjt-X prop *"/>
			<t id="s1_4" word="encontradas" lemma="encontrado" pos="adj" morph="F P" extra="nh np-close"/>
			<t id="s1_5" word="." lemma="--" pos="pu" morph="--" extra="--"/>
		</terminals>

		<nonterminals>
			<nt id="s1_500" cat="s">
				<edge label="X" idref="s1_501"/>
			</nt>
			<nt id="s1_501" cat="par">
				<edge label="CJT" idref="s1_1"/>
				<edge label="CJT" idref="s1_502"/>
				<edge label="PU" idref="s1_5"/>
			</nt>
			<nt id="s1_502" cat="np">
				<edge label="DN" idref="s1_2"/>
				<edge label="H" idref="s1_3"/>
				<edge label="DN" idref="s1_4"/>
			</nt>
		</nonterminals>
	</graph>
</s>

<s id="s2" ref="2" source="Running text" forest="1" text="Tweet Classificação morfossintática:">
	<graph root="s2_500">
		<terminals>
			<t id="s2_1" word="Tweet_Classificação" lemma="Tweet_Classificação" pos="prop" morph="M S" extra="common * heur"/>
			<t id="s2_2" word="morfossintática" lemma="morfossintático" pos="adj" morph="F S" extra="DERS jh np-close"/>
			<t id="s2_3" word=":" lemma="--" pos="pu" morph="--" extra="--"/>
		</terminals>

		<nonterminals>
			<nt id="s2_500" cat="s">
				<edge label="X" idref="s2_501"/>
			</nt>
			<nt id="s2_501" cat="np">
				<edge label="H" idref="s2_1"/>
				<edge label="DN" idref="s2_2"/>
				<edge label="PU" idref="s2_3"/>
			</nt>
		</nonterminals>
	</graph>
</s>

<s id="s3" ref="3" source="Running text" forest="1" text="Substantivo, feminino singular Flexões da palavra Cooperação Imagens:">
	<graph root="s3_500">
		<terminals>
			<t id="s3_1" word="Substantivo" lemma="substantivar" pos="v-fin" morph="PR 1S IND VFIN" extra="* vH fmc mv"/>
			<t id="s3_2" word="," lemma="--" pos="pu" morph="--" extra="--"/>
			<t id="s3_3" word="feminino" lemma="feminino" pos="adj" morph="M S" extra="jh"/>
			<t id="s3_4" word="singular" lemma="singular" pos="adj" morph="F S" extra="jh"/>
			<t id="s3_5" word="Flexões" lemma="flexão" pos="n" morph="F P" sem="act" extra="prop *"/>
			<t id="s3_6" word="de" lemma="de" pos="prp" morph="--" extra="sam- np-close"/>
			<t id="s3_7" word="a" lemma="o" pos="art" morph="F S" extra="-sam "/>
			<t id="s3_8" word="palavra" lemma="palavra" pos="n" morph="F S" sem="ac-cat act-s" extra="--"/>
			<t id="s3_9" word="Cooperação_Imagens" lemma="Cooperação_Imagens" pos="prop" morph="F S" extra="org * np-close"/>
			<t id="s3_10" word=":" lemma="--" pos="pu" morph="--" extra="--"/>
		</terminals>

		<nonterminals>
			<nt id="s3_500" cat="s">
				<edge label="STA" idref="s3_501"/>
			</nt>
			<nt id="s3_501" cat="fcl">
				<edge label="P" idref="s3_1"/>
				<edge label="PU" idref="s3_2"/>
				<edge label="fCs" idref="s3_3"/>
				<edge label="fCs" idref="s3_502"/>
				<edge label="PU" idref="s3_10"/>
			</nt>
			<nt id="s3_502" cat="np">
				<edge label="DN" idref="s3_4"/>
				<edge label="H" idref="s3_5"/>
				<edge label="DN" idref="s3_503"/>
			</nt>
			<nt id="s3_503" cat="pp">
				<edge label="H" idref="s3_6"/>
				<edge label="DP" idref="s3_504"/>
			</nt>
			<nt id="s3_504" cat="np">
				<edge label="DN" idref="s3_7"/>
				<edge label="H" idref="s3_8"/>
				<edge label="DN" idref="s3_9"/>
			</nt>
		</nonterminals>
	</graph>
</s>

<s id="s4" ref="4" source="Running text" forest="1" text="Significados de Cooperação:">
	<graph root="s4_500">
		<terminals>
			<t id="s4_1" word="Significados" lemma="significado" pos="n" morph="M P" extra="* sem-c"/>
			<t id="s4_2" word="de" lemma="de" pos="prp" morph="--" extra="np-close"/>
			<t id="s4_3" word="Cooperação" lemma="cooperação" pos="n" morph="F S" sem="activity" extra="prop *"/>
			<t id="s4_4" word=":" lemma="--" pos="pu" morph="--" extra="--"/>
		</terminals>

		<nonterminals>
			<nt id="s4_500" cat="s">
				<edge label="X" idref="s4_501"/>
			</nt>
			<nt id="s4_501" cat="np">
				<edge label="H" idref="s4_1"/>
				<edge label="DN" idref="s4_502"/>
				<edge label="PU" idref="s4_4"/>
			</nt>
			<nt id="s4_502" cat="pp">
				<edge label="H" idref="s4_2"/>
				<edge label="DP" idref="s4_3"/>
			</nt>
		</nonterminals>
	</graph>
</s>

<s id="s5" ref="5" source="Running text" forest="1" text="311 sobe, 67 desce 1. Cooperação Por Ketyllen Kariany Silva Almeida(CE) em 18-09-2007 Ato ou efeito de cooperar;">
	<graph root="s5_500">
		<terminals>
			<t id="s5_1" word="311" lemma="311" pos="num" morph="M/F S" extra="card"/>
			<t id="s5_2" word="sobe" lemma="subir" pos="v-fin" morph="PR 3S IND VFIN" extra="cjt-head cjt-head-STA fmc mv"/>
			<t id="s5_3" word="," lemma="--" pos="pu" morph="--" extra="--"/>
			<t id="s5_4" word="67" lemma="67" pos="num" morph="M/F P" extra="card"/>
			<t id="s5_5" word="desce" lemma="descer" pos="v-fin" morph="PR 3S IND VFIN" extra="cjt-STA fmc mv"/>
			<t id="s5_6" word="1." lemma="1." pos="adj" morph="M/F S" extra="NUM-ord"/>
			<t id="s5_7" word="Cooperação_Por_Ketyllen_Kariany_Silva_Almeida" lemma="Cooperação_Por_Ketyllen_Kariany_Silva_Almeida" pos="prop" morph="F S" extra="org *"/>
			<t id="s5_8" word="(" lemma="--" pos="pu" morph="--" extra="--"/>
			<t id="s5_9" word="CE" lemma="CE" pos="prop" morph="M S" extra="civ * np-close"/>
			<t id="s5_10" word=")" lemma="--" pos="pu" morph="--" extra="--"/>
			<t id="s5_11" word="em" lemma="em" pos="prp" morph="--" extra="--"/>
			<t id="s5_12" word="18-09-2007" lemma="18-09-2007" pos="num" morph="M P" extra="card"/>
			<t id="s5_13" word="Ato" lemma="ato" pos="n" morph="M P" sem="act cc-r" extra="prop *"/>
			<t id="s5_14" word="ou" lemma="ou" pos="conj-c" morph="--" extra="--"/>
			<t id="s5_15" word="efeito" lemma="efeito" pos="n" morph="M S" sem="ac cc-r" extra="--"/>
			<t id="s5_16" word="de" lemma="de" pos="prp" morph="--" extra="np-close"/>
			<t id="s5_17" word="cooperar" lemma="cooperar" pos="v-inf" morph="--" extra="vH mv"/>
			<t id="s5_18" word=";" lemma="--" pos="pu" morph="--" extra="--"/>
		</terminals>

		<nonterminals>
			<nt id="s5_500" cat="s">
				<edge label="STA" idref="s5_501"/>
			</nt>
			<nt id="s5_501" cat="par">
				<edge label="CJT" idref="s5_502"/>
				<edge label="PU" idref="s5_3"/>
				<edge label="CJT" idref="s5_503"/>
				<edge label="PU" idref="s5_18"/>
			</nt>
			<nt id="s5_502" cat="fcl">
				<edge label="S" idref="s5_1"/>
				<edge label="P" idref="s5_2"/>
			</nt>
			<nt id="s5_503" cat="fcl">
				<edge label="Od" idref="s5_4"/>
				<edge label="P" idref="s5_5"/>
				<edge label="fCs" idref="s5_6"/>
				<edge label="S" idref="s5_504"/>
				<edge label="fA" idref="s5_505"/>
				<edge label="fCs" idref="s5_507"/>
			</nt>
			<nt id="s5_504" cat="np">
				<edge label="H" idref="s5_7"/>
				<edge label="PU" idref="s5_8"/>
				<edge label="DNc" idref="s5_9"/>
				<edge label="PU" idref="s5_10"/>
			</nt>
			<nt id="s5_505" cat="pp">
				<edge label="H" idref="s5_11"/>
				<edge label="DP" idref="s5_506"/>
			</nt>
			<nt id="s5_506" cat="np">
				<edge label="DN" idref="s5_12"/>
				<edge label="H" idref="s5_13"/>
			</nt>
			<nt id="s5_507" cat="np">
				<edge label="CO" idref="s5_14"/>
				<edge label="H" idref="s5_15"/>
				<edge label="DN" idref="s5_508"/>
			</nt>
			<nt id="s5_508" cat="pp">
				<edge label="H" idref="s5_16"/>
				<edge label="DP" idref="s5_17"/>
			</nt>
		</nonterminals>
	</graph>
</s>

<s id="s6" ref="6" source="Running text" forest="1" text="Forma de ajudar as pessoas a atingir um objetivo;">
	<graph root="s6_500">
		<terminals>
			<t id="s6_1" word="Forma" lemma="forma" pos="n" morph="F S" extra="* percep-f con"/>
			<t id="s6_2" word="de" lemma="de" pos="prp" morph="--" extra="np-close"/>
			<t id="s6_3" word="ajudar" lemma="ajudar" pos="v-inf" morph="--" extra="vH mv"/>
			<t id="s6_4" word="as" lemma="o" pos="art" morph="F P" extra="--"/>
			<t id="s6_5" word="pessoas" lemma="pessoa" pos="n" morph="F P" sem="H" extra="--"/>
			<t id="s6_6" word="a" lemma="a" pos="prp" morph="--" extra="--"/>
			<t id="s6_7" word="atingir" lemma="atingir" pos="v-inf" morph="--" extra="mv"/>
			<t id="s6_8" word="um" lemma="um" pos="art" morph="M S" extra="--"/>
			<t id="s6_9" word="objetivo" lemma="objetivo" pos="n" morph="M S" sem="sem-c" extra="--"/>
			<t id="s6_10" word=";" lemma="--" pos="pu" morph="--" extra="--"/>
		</terminals>

		<nonterminals>
			<nt id="s6_500" cat="s">
				<edge label="X" idref="s6_501"/>
			</nt>
			<nt id="s6_501" cat="np">
				<edge label="H" idref="s6_1"/>
				<edge label="DN" idref="s6_502"/>
				<edge label="PU" idref="s6_10"/>
			</nt>
			<nt id="s6_502" cat="pp">
				<edge label="H" idref="s6_2"/>
				<edge label="DP" idref="s6_503"/>
			</nt>
			<nt id="s6_503" cat="icl">
				<edge label="P" idref="s6_3"/>
				<edge label="Od" idref="s6_504"/>
				<edge label="Op" idref="s6_505"/>
			</nt>
			<nt id="s6_504" cat="np">
				<edge label="DN" idref="s6_4"/>
				<edge label="H" idref="s6_5"/>
			</nt>
			<nt id="s6_505" cat="pp">
				<edge label="H" idref="s6_6"/>
				<edge label="DP" idref="s6_506"/>
			</nt>
			<nt id="s6_506" cat="icl">
				<edge label="P" idref="s6_7"/>
				<edge label="Od" idref="s6_507"/>
			</nt>
			<nt id="s6_507" cat="np">
				<edge label="DN" idref="s6_8"/>
				<edge label="H" idref="s6_9"/>
			</nt>
		</nonterminals>
	</graph>
</s>

<s id="s7" ref="7" source="Running text" forest="1" text="onde duas ou mais pessoas trabalham em função de um bem.">
	<graph root="s7_500">
		<terminals>
			<t id="s7_1" word="onde" lemma="onde" pos="adv" morph="--" extra="clb clb-fs rel ks"/>
			<t id="s7_2" word="duas" lemma="dois" pos="num" morph="F P" extra="card"/>
			<t id="s7_3" word="ou" lemma="ou" pos="conj-c" morph="--" extra="--"/>
			<t id="s7_4" word="mais" lemma="muito" pos="pron-indef" morph="DET F P" extra="quant KOMP"/>
			<t id="s7_5" word="pessoas" lemma="pessoa" pos="n" morph="F P" sem="H" extra="--"/>
			<t id="s7_6" word="trabalham" lemma="trabalhar" pos="v-fin" morph="PR 3P IND VFIN" extra="vH mv np-close"/>
			<t id="s7_7" word="em_função_de" lemma="em_função_de" pos="prp" morph="--" extra="--"/>
			<t id="s7_8" word="um" lemma="um" pos="pron-indef" morph="DET M S" extra="quant"/>
			<t id="s7_9" word="bem" lemma="bem" pos="adv" morph="--" extra="quant"/>
			<t id="s7_10" word="." lemma="--" pos="pu" morph="--" extra="--"/>
		</terminals>

		<nonterminals>
			<nt id="s7_500" cat="s">
				<edge label="fA" idref="s7_501"/>
			</nt>
			<nt id="s7_501" cat="fcl">
				<edge label="fA" idref="s7_1"/>
				<edge label="S" idref="s7_502"/>
				<edge label="P" idref="s7_6"/>
				<edge label="fA" idref="s7_503"/>
				<edge label="fA" idref="s7_9"/>
				<edge label="PU" idref="s7_10"/>
			</nt>
			<nt id="s7_502" cat="np">
				<edge label="DN" idref="s7_2"/>
				<edge label="CO" idref="s7_3"/>
				<edge label="DN" idref="s7_4"/>
				<edge label="H" idref="s7_5"/>
			</nt>
			<nt id="s7_503" cat="pp">
				<edge label="H" idref="s7_7"/>
				<edge label="DP" idref="s7_8"/>
			</nt>
		</nonterminals>
	</graph>
</s>

<s id="s8" ref="8" source="Running text" forest="1" text="Precisamos da cooperação de todos para conseguirmos assinaturas suficientes para expulsar o político corrupto!">
	<graph root="s8_500">
		<terminals>
			<t id="s8_1" word="Precisamos" lemma="precisar" pos="v-fin" morph="PR 1P IND VFIN" extra="* fmc mv"/>
			<t id="s8_2" word="de" lemma="de" pos="prp" morph="--" extra="sam-"/>
			<t id="s8_3" word="a" lemma="o" pos="art" morph="F S" extra="-sam "/>
			<t id="s8_4" word="cooperação" lemma="cooperação" pos="n" morph="F S" sem="activity" extra="--"/>
			<t id="s8_5" word="de" lemma="de" pos="prp" morph="--" extra="np-close"/>
			<t id="s8_6" word="todos" lemma="todo" pos="pron-indef" morph="DET M P" extra="quant"/>
			<t id="s8_7" word="para" lemma="para" pos="prp" morph="--" extra="--"/>
			<t id="s8_8" word="conseguirmos" lemma="conseguir" pos="v-inf" morph="1P" extra="vH mv"/>
			<t id="s8_9" word="assinaturas" lemma="assinatura" pos="n" morph="F P" sem="act ac-sign ac" extra="--"/>
			<t id="s8_10" word="suficientes" lemma="suficiente" pos="adj" morph="F P" extra="quant jh np-close"/>
			<t id="s8_11" word="para" lemma="para" pos="prp" morph="--" extra="--"/>
			<t id="s8_12" word="expulsar" lemma="expulsar" pos="v-inf" morph="--" extra="vH mv"/>
			<t id="s8_13" word="o" lemma="o" pos="art" morph="M S" extra="--"/>
			<t id="s8_14" word="político" lemma="político" pos="n" morph="M S" sem="Hprof" extra="--"/>
			<t id="s8_15" word="corrupto" lemma="corrupto" pos="adj" morph="M S" extra="jh np-close"/>
			<t id="s8_16" word="!" lemma="--" pos="pu" morph="--" extra="--"/>
		</terminals>

		<nonterminals>
			<nt id="s8_500" cat="s">
				<edge label="STA" idref="s8_501"/>
			</nt>
			<nt id="s8_501" cat="fcl">
				<edge label="P" idref="s8_1"/>
				<edge label="Op" idref="s8_502"/>
				<edge label="fA" idref="s8_505"/>
				<edge label="PU" idref="s8_16"/>
			</nt>
			<nt id="s8_502" cat="pp">
				<edge label="H" idref="s8_2"/>
				<edge label="DP" idref="s8_503"/>
			</nt>
			<nt id="s8_503" cat="np">
				<edge label="DN" idref="s8_3"/>
				<edge label="H" idref="s8_4"/>
				<edge label="DN" idref="s8_504"/>
			</nt>
			<nt id="s8_504" cat="pp">
				<edge label="H" idref="s8_5"/>
				<edge label="DP" idref="s8_6"/>
			</nt>
			<nt id="s8_505" cat="pp">
				<edge label="H" idref="s8_7"/>
				<edge label="DP" idref="s8_506"/>
			</nt>
			<nt id="s8_506" cat="icl">
				<edge label="P" idref="s8_8"/>
				<edge label="Od" idref="s8_507"/>
			</nt>
			<nt id="s8_507" cat="np">
				<edge label="H" idref="s8_9"/>
				<edge label="DN" idref="s8_508"/>
			</nt>
			<nt id="s8_508" cat="adjp">
				<edge label="H" idref="s8_10"/>
				<edge label="DA" idref="s8_509"/>
			</nt>
			<nt id="s8_509" cat="pp">
				<edge label="H" idref="s8_11"/>
				<edge label="DP" idref="s8_510"/>
			</nt>
			<nt id="s8_510" cat="icl">
				<edge label="P" idref="s8_12"/>
				<edge label="Od" idref="s8_511"/>
			</nt>
			<nt id="s8_511" cat="np">
				<edge label="DN" idref="s8_13"/>
				<edge label="H" idref="s8_14"/>
				<edge label="DN" idref="s8_15"/>
			</nt>
		</nonterminals>
	</graph>
</s>

<s id="s9" ref="9" source="Running text" forest="1" text="Agradecemos a cooperação.">
	<graph root="s9_500">
		<terminals>
			<t id="s9_1" word="Agradecemos" lemma="agradecer" pos="v-fin" morph="PR 1P IND VFIN" extra="* vH fmc mv"/>
			<t id="s9_2" word="a" lemma="o" pos="art" morph="F S" extra="--"/>
			<t id="s9_3" word="cooperação" lemma="cooperação" pos="n" morph="F S" sem="activity" extra="--"/>
			<t id="s9_4" word="." lemma="--" pos="pu" morph="--" extra="--"/>
		</terminals>

		<nonterminals>
			<nt id="s9_500" cat="s">
				<edge label="STA" idref="s9_501"/>
			</nt>
			<nt id="s9_501" cat="fcl">
				<edge label="P" idref="s9_1"/>
				<edge label="Od" idref="s9_502"/>
				<edge label="PU" idref="s9_4"/>
			</nt>
			<nt id="s9_502" cat="np">
				<edge label="DN" idref="s9_2"/>
				<edge label="H" idref="s9_3"/>
			</nt>
		</nonterminals>
	</graph>
</s>

<s id="s10" ref="10" source="Running text" forest="1" text="Ajudar amigos ou pessoas a fazer algo.">
	<graph root="s10_500">
		<terminals>
			<t id="s10_1" word="Ajudar" lemma="ajudar" pos="v-inf" morph="--" extra="* vH mv"/>
			<t id="s10_2" word="amigos" lemma="amigo" pos="n" morph="M P" sem="Hfam" extra="cjt-head cjt-head-Od"/>
			<t id="s10_3" word="ou" lemma="ou" pos="conj-c" morph="--" extra="--"/>
			<t id="s10_4" word="pessoas" lemma="pessoa" pos="n" morph="F P" sem="H" extra="cjt-Od"/>
			<t id="s10_5" word="a" lemma="a" pos="prp" morph="--" extra="--"/>
			<t id="s10_6" word="fazer" lemma="fazer" pos="v-inf" morph="--" extra="mv"/>
			<t id="s10_7" word="algo" lemma="algo" pos="spec" morph="M S" extra="quant"/>
			<t id="s10_8" word="." lemma="--" pos="pu" morph="--" extra="--"/>
		</terminals>

		<nonterminals>
			<nt id="s10_500" cat="s">
				<edge label="UTT" idref="s10_501"/>
			</nt>
			<nt id="s10_501" cat="icl">
				<edge label="P" idref="s10_1"/>
				<edge label="Od" idref="s10_502"/>
				<edge label="Op" idref="s10_503"/>
				<edge label="PU" idref="s10_8"/>
			</nt>
			<nt id="s10_502" cat="par">
				<edge label="CJT" idref="s10_2"/>
				<edge label="CO" idref="s10_3"/>
				<edge label="CJT" idref="s10_4"/>
			</nt>
			<nt id="s10_503" cat="pp">
				<edge label="H" idref="s10_5"/>
				<edge label="DP" idref="s10_504"/>
			</nt>
			<nt id="s10_504" cat="icl">
				<edge label="P" idref="s10_6"/>
				<edge label="Od" idref="s10_7"/>
			</nt>
		</nonterminals>
	</graph>
</s>

<s id="s11" ref="11" source="Running text" forest="1" text="Compartilhar enviar nova definição enviar nova imagem denunciar abuso Sinônimos:">
	<graph root="s11_500">
		<terminals>
			<t id="s11_1" word="Compartilhar" lemma="compartilhar" pos="v-inf" morph="--" extra="* vH mv"/>
			<t id="s11_2" word="enviar" lemma="enviar" pos="v-inf" morph="--" extra="vH mv"/>
			<t id="s11_3" word="nova" lemma="novo" pos="adj" morph="F S" extra="jh"/>
			<t id="s11_4" word="definição" lemma="definição" pos="n" morph="F S" sem="sem-c" extra="--"/>
			<t id="s11_5" word="enviar" lemma="enviar" pos="v-inf" morph="--" extra="vH mv"/>
			<t id="s11_6" word="nova" lemma="novo" pos="adj" morph="F S" extra="jh"/>
			<t id="s11_7" word="imagem" lemma="imagem" pos="n" morph="F S" sem="pict sem-c ac-cat" extra="--"/>
			<t id="s11_8" word="denunciar" lemma="denunciar" pos="v-inf" morph="--" extra="vH mv"/>
			<t id="s11_9" word="abuso" lemma="abuso" pos="n" morph="M S" sem="activity" extra="--"/>
			<t id="s11_10" word="Sinônimos" lemma="Sinônimos" pos="prop" morph="M S" extra="hum * np-close"/>
			<t id="s11_11" word=":" lemma="--" pos="pu" morph="--" extra="--"/>
		</terminals>

		<nonterminals>
			<nt id="s11_500" cat="s">
				<edge label="UTT" idref="s11_501"/>
			</nt>
			<nt id="s11_501" cat="icl">
				<edge label="P" idref="s11_1"/>
				<edge label="Od" idref="s11_502"/>
				<edge label="PU" idref="s11_11"/>
			</nt>
			<nt id="s11_502" cat="icl">
				<edge label="P" idref="s11_2"/>
				<edge label="Od" idref="s11_503"/>
				<edge label="UTT" idref="s11_504"/>
				<edge label="UTT" idref="s11_506"/>
			</nt>
			<nt id="s11_503" cat="np">
				<edge label="DN" idref="s11_3"/>
				<edge label="H" idref="s11_4"/>
			</nt>
			<nt id="s11_504" cat="icl">
				<edge label="P" idref="s11_5"/>
				<edge label="Od" idref="s11_505"/>
			</nt>
			<nt id="s11_505" cat="np">
				<edge label="DN" idref="s11_6"/>
				<edge label="H" idref="s11_7"/>
			</nt>
			<nt id="s11_506" cat="icl">
				<edge label="P" idref="s11_8"/>
				<edge label="Od" idref="s11_507"/>
			</nt>
			<nt id="s11_507" cat="np">
				<edge label="H" idref="s11_9"/>
				<edge label="DN" idref="s11_10"/>
			</nt>
		</nonterminals>
	</graph>
</s>

<s id="s12" ref="12" source="Running text" forest="1" text="colaborar ajudar ajuda achega adjutório adminículo amparo arrimo assistência auxíjlio auxílio concurso cooperação demão fautoria favor mão patrocínio proteção recurso reforço socorro ambulância auditório presença aviamento bafejo conforto fomento préstimo mais...">
	<graph root="s12_500">
		<terminals>
			<t id="s12_1" word="colaborar" lemma="colaborar" pos="v-inf" morph="--" extra="vH mv"/>
			<t id="s12_2" word="ajudar" lemma="ajudar" pos="v-inf" morph="--" extra="vH mv"/>
			<t id="s12_3" word="ajuda" lemma="ajuda" pos="n" morph="F S" sem="am" extra="cjt-head cjt-head-Od"/>
			<t id="s12_4" word="achega" lemma="achega" pos="n" morph="F S" sem="am mon cm" extra="cjt-Od"/>
			<t id="s12_5" word="adjutório" lemma="adjutório" pos="n" morph="M S" sem="act-d" extra="cjt-Od"/>
			<t id="s12_6" word="adminículo" lemma="adminículo" pos="n" morph="M S" sem="act-d" extra="cjt-Od"/>
			<t id="s12_7" word="amparo" lemma="amparar" pos="v-fin" morph="PR 1S IND VFIN" extra="cjt-head cjt-head-STA vH fmc mv"/>
			<t id="s12_8" word="arrimo" lemma="arrimo" pos="n" morph="M S" sem="furn ac" extra="--"/>
			<t id="s12_9" word="assistência" lemma="assistência" pos="n" morph="F S" sem="am" extra="cjt-head cjt-head-S"/>
			<t id="s12_10" word="auxíjlio" lemma="auxíjlio" pos="adj" morph="M S" extra="heur np-close"/>
			<t id="s12_11" word="auxílio" lemma="auxílio" pos="n" morph="M S" sem="act" extra="cjt-S"/>
			<t id="s12_12" word="concurso" lemma="concurso" pos="n" morph="M S" sem="occ" extra="cjt-S"/>
			<t id="s12_13" word="cooperação" lemma="cooperação" pos="n" morph="F S" sem="activity" extra="cjt-S"/>
			<t id="s12_14" word="demão" lemma="demão" pos="n" morph="F S" sem="Lcover" extra="cjt-S"/>
			<t id="s12_15" word="fautoria" lemma="fautoria" pos="n" morph="F S" extra="cjt-S DERS"/>
			<t id="s12_16" word="favor" lemma="favor" pos="n" morph="M S" sem="act-d am" extra="cjt-S"/>
			<t id="s12_17" word="mão" lemma="mão" pos="n" morph="F S" sem="anmov" extra="cjt-S"/>
			<t id="s12_18" word="patrocínio" lemma="patrocínio" pos="n" morph="M S" sem="ac" extra="cjt-S"/>
			<t id="s12_19" word="proteção" lemma="proteção" pos="n" morph="F S" sem="am sit" extra="cjt-S"/>
			<t id="s12_20" word="recurso" lemma="recurso" pos="n" morph="M S &lt;mon&gt;" sem="ac act-d sem-s mon" extra="cjt-S M S"/>
			<t id="s12_21" word="reforço" lemma="reforçar" pos="v-fin" morph="PR 1S IND VFIN" extra="cjt-STA fmc mv"/>
			<t id="s12_22" word="socorro" lemma="socorro" pos="n" morph="M S" sem="act-d mon" extra="--"/>
			<t id="s12_23" word="ambulância" lemma="ambul�=ncia" pos="n" morph="F S" sem="Lh Vground" extra="cjt-head cjt-head-S"/>
			<t id="s12_24" word="auditório" lemma="auditório" pos="n" morph="M S" sem="Lh" extra="cjt-S"/>
			<t id="s12_25" word="presença" lemma="presença" pos="n" morph="F S" sem="state per" extra="cjt-S"/>
			<t id="s12_26" word="aviamento" lemma="aviamento" pos="n" morph="M S" sem="act" extra="cjt-S"/>
			<t id="s12_27" word="bafejo" lemma="bafejar" pos="v-fin" morph="PR 1S IND VFIN" extra="cjt-STA vH fmc mv"/>
			<t id="s12_28" word="conforto" lemma="conforto" pos="n" morph="M S" sem="am" extra="--"/>
			<t id="s12_29" word="fomento" lemma="fomento" pos="n" morph="M S" sem="cm act-d cm-rem act" extra="cjt-head cjt-head-S"/>
			<t id="s12_30" word="préstimo" lemma="préstimo" pos="n" morph="M S" sem="am act-d" extra="cjt-S"/>
			<t id="s12_31" word="mais" lemma="mais" pos="adv" morph="--" extra="--"/>
			<t id="s12_32" word="." lemma="--" pos="pu" morph="--" extra="--"/>
		</terminals>

		<nonterminals>
			<nt id="s12_500" cat="s">
				<edge label="UTT" idref="s12_501"/>
			</nt>
			<nt id="s12_501" cat="x">
				<edge label="UTT" idref="s12_1"/>
				<edge label="UTT" idref="s12_502"/>
				<edge label="P" idref="s12_2"/>
				<edge label="Od" idref="s12_503"/>
				<edge label="STA" idref="s12_504"/>
				<edge label="CJT" idref="s12_505"/>
				<edge label="CJT" idref="s12_508"/>
				<edge label="S" idref="s12_509"/>
				<edge label="CJT" idref="s12_23"/>
				<edge label="CJT" idref="s12_510"/>
				<edge label="PU" idref="s12_32"/>
			</nt>
			<nt id="s12_502" cat="icl">
			</nt>
			<nt id="s12_503" cat="par">
				<edge label="CJT" idref="s12_3"/>
				<edge label="CJT" idref="s12_4"/>
				<edge label="CJT" idref="s12_5"/>
				<edge label="CJT" idref="s12_6"/>
			</nt>
			<nt id="s12_504" cat="par">
			</nt>
			<nt id="s12_505" cat="fcl">
				<edge label="P" idref="s12_7"/>
				<edge label="Od" idref="s12_8"/>
				<edge label="S" idref="s12_506"/>
			</nt>
			<nt id="s12_506" cat="par">
				<edge label="CJT" idref="s12_507"/>
				<edge label="CJT" idref="s12_11"/>
				<edge label="CJT" idref="s12_12"/>
				<edge label="CJT" idref="s12_13"/>
				<edge label="CJT" idref="s12_14"/>
				<edge label="CJT" idref="s12_15"/>
				<edge label="CJT" idref="s12_16"/>
				<edge label="CJT" idref="s12_17"/>
				<edge label="CJT" idref="s12_18"/>
				<edge label="CJT" idref="s12_19"/>
				<edge label="CJT" idref="s12_20"/>
				<edge label="CJT" idref="s12_24"/>
				<edge label="CJT" idref="s12_25"/>
				<edge label="CJT" idref="s12_26"/>
			</nt>
			<nt id="s12_507" cat="np">
				<edge label="H" idref="s12_9"/>
				<edge label="DN" idref="s12_10"/>
			</nt>
			<nt id="s12_508" cat="fcl">
				<edge label="P" idref="s12_21"/>
				<edge label="Od" idref="s12_22"/>
			</nt>
			<nt id="s12_509" cat="par">
			</nt>
			<nt id="s12_510" cat="fcl">
				<edge label="P" idref="s12_27"/>
				<edge label="Od" idref="s12_28"/>
				<edge label="S" idref="s12_511"/>
				<edge label="fA" idref="s12_31"/>
			</nt>
			<nt id="s12_511" cat="par">
				<edge label="CJT" idref="s12_29"/>
				<edge label="CJT" idref="s12_30"/>
			</nt>
		</nonterminals>
	</graph>
</s>

<s id="s13" ref="13" source="Running text" forest="1" text="Antônimos:">
	<graph root="s13_500">
		<terminals>
			<t id="s13_1" word="Antônimos" lemma="antônimo" pos="adj" morph="M P" extra="* nh"/>
			<t id="s13_2" word=":" lemma="--" pos="pu" morph="--" extra="--"/>
		</terminals>

		<nonterminals>
			<nt id="s13_500" cat="s">
				<edge label="UTT" idref="s13_501"/>
			</nt>
			<nt id="s13_501" cat="x">
				<edge label="X" idref="s13_1"/>
				<edge label="PU" idref="s13_2"/>
			</nt>
		</nonterminals>
	</graph>
</s>

<s id="s14" ref="14" source="Running text" forest="1" text="atrapalhar insolidariedade mais...">
	<graph root="s14_500">
		<terminals>
			<t id="s14_1" word="atrapalhar" lemma="atrapalhar" pos="v-inf" morph="--" extra="mv"/>
			<t id="s14_2" word="insolidariedade" lemma="insolidariedade" pos="n" morph="F S" sem="f-psych" extra="--"/>
			<t id="s14_3" word="mais" lemma="mais" pos="adv" morph="--" extra="--"/>
			<t id="s14_4" word="." lemma="--" pos="pu" morph="--" extra="--"/>
		</terminals>

		<nonterminals>
			<nt id="s14_500" cat="s">
				<edge label="UTT" idref="s14_501"/>
			</nt>
			<nt id="s14_501" cat="icl">
				<edge label="P" idref="s14_1"/>
				<edge label="Od" idref="s14_2"/>
				<edge label="fA" idref="s14_3"/>
				<edge label="PU" idref="s14_4"/>
			</nt>
		</nonterminals>
	</graph>
</s>

<s id="s15" ref="15" source="Running text" forest="1" text="Relacionadas:">
	<graph root="s15_500">
		<terminals>
			<t id="s15_1" word="Relacionadas" lemma="relacionado" pos="adj" morph="F P" extra="* nh"/>
			<t id="s15_2" word=":" lemma="--" pos="pu" morph="--" extra="--"/>
		</terminals>

		<nonterminals>
			<nt id="s15_500" cat="s">
				<edge label="UTT" idref="s15_501"/>
			</nt>
			<nt id="s15_501" cat="x">
				<edge label="X" idref="s15_1"/>
				<edge label="PU" idref="s15_2"/>
			</nt>
		</nonterminals>
	</graph>
</s>

<s id="s16" ref="16" source="Running text" forest="1" text="cooperar coopera cooperativismo cooperação mais...">
	<graph root="s16_500">
		<terminals>
			<t id="s16_1" word="cooperar" lemma="cooperar" pos="v-inf" morph="--" extra="vH mv"/>
			<t id="s16_2" word="coopera" lemma="cooperar" pos="v-fin" morph="PR 3S IND VFIN" extra="vH fmc mv"/>
			<t id="s16_3" word="cooperativismo" lemma="cooperativismo" pos="n" morph="M S" sem="ism" extra="cjt-head cjt-head-S"/>
			<t id="s16_4" word="cooperação" lemma="cooperação" pos="n" morph="F S" sem="activity" extra="cjt-S"/>
			<t id="s16_5" word="mais" lemma="mais" pos="adv" morph="--" extra="--"/>
			<t id="s16_6" word="." lemma="--" pos="pu" morph="--" extra="--"/>
		</terminals>

		<nonterminals>
			<nt id="s16_500" cat="s">
				<edge label="STA" idref="s16_501"/>
			</nt>
			<nt id="s16_501" cat="fcl">
				<edge label="S" idref="s16_1"/>
				<edge label="P" idref="s16_2"/>
				<edge label="S" idref="s16_502"/>
				<edge label="fA" idref="s16_5"/>
				<edge label="PU" idref="s16_6"/>
			</nt>
			<nt id="s16_502" cat="par">
				<edge label="CJT" idref="s16_3"/>
				<edge label="CJT" idref="s16_4"/>
			</nt>
		</nonterminals>
	</graph>
</s>

<s id="s17" ref="17" source="Running text" forest="1" text="31 sobe, 11 desce 2. Cooperação Por Dicionário inFormal(SP) em 23-08-2008 É a mesma coisa que ajudar alguém a conquistar um sonho, a costruir alguma coisa que ela quer muito realizar.">
	<graph root="s17_500">
		<terminals>
			<t id="s17_1" word="31" lemma="31" pos="num" morph="M/F P" extra="card"/>
			<t id="s17_2" word="sobe" lemma="subir" pos="v-fin" morph="PR 3S IND VFIN" extra="nosubj cjt-head cjt-head-STA fmc mv"/>
			<t id="s17_3" word="," lemma="--" pos="pu" morph="--" extra="--"/>
			<t id="s17_4" word="11" lemma="11" pos="num" morph="M/F P" extra="card"/>
			<t id="s17_5" word="desce" lemma="descer" pos="v-fin" morph="PR 3S IND VFIN" extra="cjt-STA fmc mv"/>
			<t id="s17_6" word="2." lemma="2." pos="adj" morph="M/F S" extra="NUM-ord"/>
			<t id="s17_7" word="Cooperação_Por_Dicionário" lemma="Cooperação_Por_Dicionário" pos="prop" morph="M S" extra="org *"/>
			<t id="s17_8" word="inFormal" lemma="inFormal" pos="adj" morph="M S" extra="np-close"/>
			<t id="s17_9" word="(" lemma="--" pos="pu" morph="--" extra="--"/>
			<t id="s17_10" word="SP" lemma="SP" pos="prop" morph="M S" extra="civ * np-close"/>
			<t id="s17_11" word=")" lemma="--" pos="pu" morph="--" extra="--"/>
			<t id="s17_12" word="em" lemma="em" pos="prp" morph="--" extra="--"/>
			<t id="s17_13" word="23-08-2008" lemma="23-08-2008" pos="num" morph="M/F S" extra="card"/>
			<t id="s17_14" word="É" lemma="ser" pos="v-fin" morph="PR 3S IND VFIN" extra="nosubj cjt-STA * vK fmc mv"/>
			<t id="s17_15" word="a" lemma="o" pos="art" morph="F S" extra="--"/>
			<t id="s17_16" word="mesma" lemma="mesmo" pos="pron-indef" morph="DET F S" extra="cjt-head cjt-head-Cs diff KOMP"/>
			<t id="s17_17" word="coisa" lemma="coisa" pos="n" morph="F S" sem="cc ac" extra="cjt-Cs"/>
			<t id="s17_18" word="que" lemma="que" pos="spec" morph="M S" extra="clb clb-fs rel"/>
			<t id="s17_19" word="ajudar" lemma="ajudar" pos="v-fin" morph="FUT 3S SUBJ VFIN" extra="vH mv np-close"/>
			<t id="s17_20" word="alguém" lemma="alguém" pos="spec" morph="M S" extra="--"/>
			<t id="s17_21" word="a" lemma="a" pos="prp" morph="--" extra="--"/>
			<t id="s17_22" word="conquistar" lemma="conquistar" pos="v-inf" morph="--" extra="vH mv"/>
			<t id="s17_23" word="um" lemma="um" pos="art" morph="M S" extra="--"/>
			<t id="s17_24" word="sonho" lemma="sonho" pos="n" morph="M S" sem="sem-w" extra="cjt-head cjt-head-Od"/>
			<t id="s17_25" word="," lemma="--" pos="pu" morph="--" extra="--"/>
			<t id="s17_26" word="a" lemma="a" pos="prp" morph="--" extra="--"/>
			<t id="s17_27" word="costruir" lemma="costruir" pos="v-inf" morph="--" extra="heur foreign mv"/>
			<t id="s17_28" word="alguma" lemma="algum" pos="pron-indef" morph="DET F S" extra="quant"/>
			<t id="s17_29" word="coisa" lemma="coisa" pos="n" morph="F S" sem="cc ac" extra="cjt-Od"/>
			<t id="s17_30" word="que" lemma="que" pos="spec" morph="M S" extra="clb clb-fs rel"/>
			<t id="s17_31" word="ela" lemma="ela" pos="pron-pers" morph="F 3S NOM" extra="--"/>
			<t id="s17_32" word="quer" lemma="querer" pos="v-fin" morph="PR 3S IND VFIN" extra="vH mv np-close"/>
			<t id="s17_33" word="muito" lemma="muito" pos="pron-indef" morph="DET M S" extra="quant"/>
			<t id="s17_34" word="realizar" lemma="realizar" pos="v-inf" morph="--" extra="vH mv"/>
			<t id="s17_35" word="." lemma="--" pos="pu" morph="--" extra="--"/>
		</terminals>

		<nonterminals>
			<nt id="s17_500" cat="s">
				<edge label="STA" idref="s17_501"/>
			</nt>
			<nt id="s17_501" cat="par">
				<edge label="CJT" idref="s17_502"/>
				<edge label="PU" idref="s17_3"/>
				<edge label="CJT" idref="s17_503"/>
				<edge label="CJT" idref="s17_506"/>
				<edge label="PU" idref="s17_35"/>
			</nt>
			<nt id="s17_502" cat="fcl">
				<edge label="Od" idref="s17_1"/>
				<edge label="P" idref="s17_2"/>
			</nt>
			<nt id="s17_503" cat="fcl">
				<edge label="Od" idref="s17_4"/>
				<edge label="P" idref="s17_5"/>
				<edge label="fCs" idref="s17_6"/>
				<edge label="S" idref="s17_504"/>
				<edge label="fA" idref="s17_505"/>
			</nt>
			<nt id="s17_504" cat="np">
				<edge label="H" idref="s17_7"/>
				<edge label="DN" idref="s17_8"/>
				<edge label="PU" idref="s17_9"/>
				<edge label="DNapp" idref="s17_10"/>
				<edge label="PU" idref="s17_11"/>
			</nt>
			<nt id="s17_505" cat="pp">
				<edge label="H" idref="s17_12"/>
				<edge label="DP" idref="s17_13"/>
			</nt>
			<nt id="s17_506" cat="x">
				<edge label="P" idref="s17_14"/>
				<edge label="Cs" idref="s17_507"/>
			</nt>
			<nt id="s17_507" cat="par">
				<edge label="CJT" idref="s17_508"/>
				<edge label="CJT" idref="s17_509"/>
			</nt>
			<nt id="s17_508" cat="np">
				<edge label="DN" idref="s17_15"/>
				<edge label="H" idref="s17_16"/>
			</nt>
			<nt id="s17_509" cat="np">
				<edge label="H" idref="s17_17"/>
				<edge label="DN" idref="s17_510"/>
			</nt>
			<nt id="s17_510" cat="fcl">
				<edge label="Od" idref="s17_18"/>
				<edge label="P" idref="s17_19"/>
				<edge label="S" idref="s17_20"/>
				<edge label="fA" idref="s17_511"/>
			</nt>
			<nt id="s17_511" cat="pp">
				<edge label="H" idref="s17_21"/>
				<edge label="DP" idref="s17_512"/>
			</nt>
			<nt id="s17_512" cat="icl">
				<edge label="P" idref="s17_22"/>
				<edge label="Od" idref="s17_513"/>
				<edge label="PU" idref="s17_25"/>
				<edge label="fA" idref="s17_515"/>
			</nt>
			<nt id="s17_513" cat="par">
				<edge label="CJT" idref="s17_514"/>
			</nt>
			<nt id="s17_514" cat="np">
				<edge label="DN" idref="s17_23"/>
				<edge label="H" idref="s17_24"/>
			</nt>
			<nt id="s17_515" cat="pp">
				<edge label="H" idref="s17_26"/>
				<edge label="DP" idref="s17_516"/>
				<edge label="CJT" idref="s17_517"/>
			</nt>
			<nt id="s17_516" cat="icl">
				<edge label="P" idref="s17_27"/>
			</nt>
			<nt id="s17_517" cat="np">
				<edge label="DN" idref="s17_28"/>
				<edge label="H" idref="s17_29"/>
				<edge label="DN" idref="s17_518"/>
				<edge label="Od" idref="s17_34"/>
			</nt>
			<nt id="s17_518" cat="fcl">
				<edge label="Od" idref="s17_30"/>
				<edge label="S" idref="s17_31"/>
				<edge label="P" idref="s17_32"/>
				<edge label="Co" idref="s17_33"/>
			</nt>
		</nonterminals>
	</graph>
</s>

<s id="s18" ref="18" source="Running text" forest="1" text="Cooperação é ajudar.">
	<graph root="s18_500">
		<terminals>
			<t id="s18_1" word="Cooperação" lemma="cooperação" pos="n" morph="F S" extra="* activity"/>
			<t id="s18_2" word="é" lemma="ser" pos="v-fin" morph="PR 3S IND VFIN" extra="fmc mv"/>
			<t id="s18_3" word="ajudar" lemma="ajudar" pos="v-inf" morph="--" extra="vH mv"/>
			<t id="s18_4" word="." lemma="--" pos="pu" morph="--" extra="--"/>
		</terminals>

		<nonterminals>
			<nt id="s18_500" cat="s">
				<edge label="STA" idref="s18_501"/>
			</nt>
			<nt id="s18_501" cat="fcl">
				<edge label="S" idref="s18_1"/>
				<edge label="P" idref="s18_2"/>
				<edge label="Cs" idref="s18_3"/>
				<edge label="PU" idref="s18_4"/>
			</nt>
		</nonterminals>
	</graph>
</s>

<s id="s19" ref="19" source="Running text" forest="1" text="Compartilhar enviar nova definição enviar nova imagem denunciar abuso 9 sobe, 3 desce 3. Cooperação Por V. Ludwig(DF) em 26-07-2012 Cooperar $= operação em conjunto.">
	<graph root="s19_500">
		<terminals>
			<t id="s19_1" word="Compartilhar" lemma="compartilhar" pos="v-inf" morph="--" extra="cjt-head cjt-head-S * vH mv"/>
			<t id="s19_2" word="enviar" lemma="enviar" pos="v-inf" morph="--" extra="vH mv"/>
			<t id="s19_3" word="nova" lemma="novo" pos="adj" morph="F S" extra="jh"/>
			<t id="s19_4" word="definição" lemma="definição" pos="n" morph="F S" sem="sem-c" extra="--"/>
			<t id="s19_5" word="enviar" lemma="enviar" pos="v-inf" morph="--" extra="vH mv"/>
			<t id="s19_6" word="nova" lemma="novo" pos="adj" morph="F S" extra="jh"/>
			<t id="s19_7" word="imagem" lemma="imagem" pos="n" morph="F S" sem="pict sem-c ac-cat" extra="--"/>
			<t id="s19_8" word="denunciar" lemma="denunciar" pos="v-inf" morph="--" extra="cjt-S vH mv"/>
			<t id="s19_9" word="abuso" lemma="abuso" pos="n" morph="M S" sem="activity" extra="--"/>
			<t id="s19_10" word="9" lemma="9" pos="num" morph="M/F P" extra="card"/>
			<t id="s19_11" word="sobe" lemma="subir" pos="v-fin" morph="PR 3S IND VFIN" extra="cjt-head cjt-head-STA fmc mv"/>
			<t id="s19_12" word="," lemma="--" pos="pu" morph="--" extra="--"/>
			<t id="s19_13" word="3" lemma="3" pos="num" morph="M/F P" extra="card"/>
			<t id="s19_14" word="desce" lemma="descer" pos="v-fin" morph="PR 3S IND VFIN" extra="cjt-STA fmc mv"/>
			<t id="s19_15" word="3." lemma="3." pos="adj" morph="M/F S" extra="NUM-ord"/>
			<t id="s19_16" word="Cooperação_Por_V._Ludwig" lemma="Cooperação_Por_V._Ludwig" pos="prop" morph="F S" extra="org *"/>
			<t id="s19_17" word="(" lemma="--" pos="pu" morph="--" extra="--"/>
			<t id="s19_18" word="DF" lemma="DF" pos="prop" morph="M S" extra="civ * np-close"/>
			<t id="s19_19" word=")" lemma="--" pos="pu" morph="--" extra="--"/>
			<t id="s19_20" word="em" lemma="em" pos="prp" morph="--" extra="--"/>
			<t id="s19_21" word="26-07-2012" lemma="26-07-2012" pos="num" morph="M/F S" extra="card"/>
			<t id="s19_22" word="Cooperar" lemma="cooperar" pos="v-inf" morph="--" extra="* vH mv"/>
			<t id="s19_23" word="operação" lemma="operação" pos="n" morph="F S" sem="act-d" extra="--"/>
			<t id="s19_24" word="em_conjunto" lemma="em_conjunto" pos="adv" morph="--" sem="pp" extra="--"/>
			<t id="s19_25" word="." lemma="--" pos="pu" morph="--" extra="--"/>
		</terminals>

		<nonterminals>
			<nt id="s19_500" cat="s">
				<edge label="STA" idref="s19_501"/>
			</nt>
			<nt id="s19_501" cat="par">
				<edge label="CJT" idref="s19_502"/>
				<edge label="PU" idref="s19_12"/>
				<edge label="CJT" idref="s19_510"/>
				<edge label="PU" idref="s19_25"/>
			</nt>
			<nt id="s19_502" cat="fcl">
				<edge label="S" idref="s19_503"/>
				<edge label="Od" idref="s19_10"/>
				<edge label="P" idref="s19_11"/>
			</nt>
			<nt id="s19_503" cat="par">
				<edge label="CJT" idref="s19_504"/>
				<edge label="CJT" idref="s19_507"/>
			</nt>
			<nt id="s19_504" cat="icl">
				<edge label="P" idref="s19_1"/>
				<edge label="Od" idref="s19_505"/>
			</nt>
			<nt id="s19_505" cat="icl">
				<edge label="P" idref="s19_2"/>
				<edge label="Od" idref="s19_506"/>
			</nt>
			<nt id="s19_506" cat="np">
				<edge label="DN" idref="s19_3"/>
				<edge label="H" idref="s19_4"/>
			</nt>
			<nt id="s19_507" cat="fcl">
				<edge label="S" idref="s19_508"/>
				<edge label="P" idref="s19_8"/>
				<edge label="Od" idref="s19_9"/>
			</nt>
			<nt id="s19_508" cat="icl">
				<edge label="P" idref="s19_5"/>
				<edge label="Od" idref="s19_509"/>
			</nt>
			<nt id="s19_509" cat="np">
				<edge label="DN" idref="s19_6"/>
				<edge label="H" idref="s19_7"/>
			</nt>
			<nt id="s19_510" cat="fcl">
				<edge label="Od" idref="s19_13"/>
				<edge label="P" idref="s19_14"/>
				<edge label="fCs" idref="s19_15"/>
				<edge label="S" idref="s19_511"/>
				<edge label="fA" idref="s19_512"/>
				<edge label="Od" idref="s19_513"/>
			</nt>
			<nt id="s19_511" cat="np">
				<edge label="H" idref="s19_16"/>
				<edge label="PU" idref="s19_17"/>
				<edge label="DNc" idref="s19_18"/>
				<edge label="PU" idref="s19_19"/>
			</nt>
			<nt id="s19_512" cat="pp">
				<edge label="H" idref="s19_20"/>
				<edge label="DP" idref="s19_21"/>
			</nt>
			<nt id="s19_513" cat="icl">
				<edge label="P" idref="s19_22"/>
				<edge label="fCs" idref="s19_23"/>
				<edge label="fA" idref="s19_24"/>
			</nt>
		</nonterminals>
	</graph>
</s>

<s id="s20" ref="20" source="Running text" forest="1" text="1) Trabalhar ou operar simultaneamente.">
	<graph root="s20_500">
		<terminals>
			<t id="s20_1" word="1" lemma="1" pos="num" morph="M/F S" extra="card"/>
			<t id="s20_2" word=")" lemma="--" pos="pu" morph="--" extra="--"/>
			<t id="s20_3" word="Trabalhar" lemma="trabalhar" pos="v-inf" morph="--" extra="vpheadcjt * vH mv"/>
			<t id="s20_4" word="ou" lemma="ou" pos="conj-c" morph="--" extra="co-vp co-inf"/>
			<t id="s20_5" word="operar" lemma="operar" pos="v-inf" morph="--" extra="vpcjt mv"/>
			<t id="s20_6" word="simultaneamente" lemma="simult�=neo" pos="adv" morph="--" extra="--"/>
			<t id="s20_7" word="." lemma="--" pos="pu" morph="--" extra="--"/>
		</terminals>

		<nonterminals>
			<nt id="s20_500" cat="s">
				<edge label="UTT" idref="s20_501"/>
			</nt>
			<nt id="s20_501" cat="x">
				<edge label="X" idref="s20_1"/>
				<edge label="PU" idref="s20_2"/>
				<edge label="UTT" idref="s20_3"/>
				<edge label="fA" idref="s20_6"/>
				<edge label="PU" idref="s20_7"/>
			</nt>
		</nonterminals>
	</graph>
</s>

<s id="s21" ref="21" source="Running text" forest="1" text="2) Ajudar Cachoeira disse que vai cooperar na investigacão.">
	<graph root="s21_500">
		<terminals>
			<t id="s21_1" word="2" lemma="2" pos="num" morph="M P" extra="card"/>
			<t id="s21_2" word=")" lemma="--" pos="pu" morph="--" extra="--"/>
			<t id="s21_3" word="Ajudar_Cachoeira" lemma="Ajudar_Cachoeira" pos="prop" morph="M S" extra="hum * heur"/>
			<t id="s21_4" word="disse" lemma="dizer" pos="v-fin" morph="PS 3S IND VFIN" extra="vH fmc mv"/>
			<t id="s21_5" word="que" lemma="que" pos="conj-s" morph="--" extra="clb clb-fs"/>
			<t id="s21_6" word="vai" lemma="ir" pos="v-fin" morph="PR 3S IND VFIN" extra="aux"/>
			<t id="s21_7" word="cooperar" lemma="cooperar" pos="v-inf" morph="--" extra="vH mv"/>
			<t id="s21_8" word="em" lemma="em" pos="prp" morph="--" extra="sam-"/>
			<t id="s21_9" word="a" lemma="o" pos="art" morph="F S" extra="-sam "/>
			<t id="s21_10" word="investigacão" lemma="investigacão" pos="n" morph="F S" sem="act" extra="--"/>
			<t id="s21_11" word="." lemma="--" pos="pu" morph="--" extra="--"/>
		</terminals>

		<nonterminals>
			<nt id="s21_500" cat="s">
				<edge label="STA" idref="s21_501"/>
			</nt>
			<nt id="s21_501" cat="fcl">
				<edge label="S" idref="s21_502"/>
				<edge label="P" idref="s21_4"/>
				<edge label="Od" idref="s21_503"/>
				<edge label="PU" idref="s21_11"/>
			</nt>
			<nt id="s21_502" cat="np">
				<edge label="DN" idref="s21_1"/>
				<edge label="PU" idref="s21_2"/>
				<edge label="H" idref="s21_3"/>
			</nt>
			<nt id="s21_503" cat="fcl">
				<edge label="SUB" idref="s21_5"/>
				<edge label="P" idref="s21_504"/>
				<edge label="Op" idref="s21_505"/>
			</nt>
			<nt id="s21_504" cat="vp">
				<edge label="Vaux" idref="s21_6"/>
				<edge label="Vm" idref="s21_7"/>
			</nt>
			<nt id="s21_505" cat="pp">
				<edge label="H" idref="s21_8"/>
				<edge label="DP" idref="s21_506"/>
			</nt>
			<nt id="s21_506" cat="np">
				<edge label="DN" idref="s21_9"/>
				<edge label="H" idref="s21_10"/>
			</nt>
		</nonterminals>
	</graph>
</s>

<s id="s22" ref="22" source="Running text" forest="1" text="Ou seja, ele vai ajudar na investigacão.">
	<graph root="s22_500">
		<terminals>
			<t id="s22_1" word="Ou_seja" lemma="ou_seja" pos="adv" morph="--" extra="kc *"/>
			<t id="s22_2" word="," lemma="--" pos="pu" morph="--" extra="--"/>
			<t id="s22_3" word="ele" lemma="ele" pos="pron-pers" morph="M 3S NOM" extra="--"/>
			<t id="s22_4" word="vai" lemma="ir" pos="v-fin" morph="PR 3S IND VFIN" extra="fmc aux"/>
			<t id="s22_5" word="ajudar" lemma="ajudar" pos="v-inf" morph="--" extra="vH mv"/>
			<t id="s22_6" word="em" lemma="em" pos="prp" morph="--" extra="sam-"/>
			<t id="s22_7" word="a" lemma="o" pos="art" morph="F S" extra="-sam "/>
			<t id="s22_8" word="investigacão" lemma="investigacão" pos="n" morph="F S" sem="act" extra="--"/>
			<t id="s22_9" word="." lemma="--" pos="pu" morph="--" extra="--"/>
		</terminals>

		<nonterminals>
			<nt id="s22_500" cat="s">
				<edge label="STA" idref="s22_501"/>
			</nt>
			<nt id="s22_501" cat="fcl">
				<edge label="fA" idref="s22_1"/>
				<edge label="PU" idref="s22_2"/>
				<edge label="S" idref="s22_3"/>
				<edge label="P" idref="s22_502"/>
				<edge label="fA" idref="s22_503"/>
				<edge label="PU" idref="s22_9"/>
			</nt>
			<nt id="s22_502" cat="vp">
				<edge label="Vaux" idref="s22_4"/>
				<edge label="Vm" idref="s22_5"/>
			</nt>
			<nt id="s22_503" cat="pp">
				<edge label="H" idref="s22_6"/>
				<edge label="DP" idref="s22_504"/>
			</nt>
			<nt id="s22_504" cat="np">
				<edge label="DN" idref="s22_7"/>
				<edge label="H" idref="s22_8"/>
			</nt>
		</nonterminals>
	</graph>
</s>

<s id="s23" ref="23" source="Running text" forest="1" text="Compartilhar enviar nova definição enviar nova imagem denunciar abuso Outras Informações:Palavras com 10 letras A palavra possui 6 vogais -- oo e a ao A palavra possui 4 consoantes -- c p r c 1 página -- 3 Definições herói sinuca kohoutek afogar o ganso taj mahal.">
	<graph root="s23_500">
		<terminals>
			<t id="s23_1" word="Compartilhar" lemma="compartilhar" pos="v-inf" morph="--" extra="* vH mv"/>
			<t id="s23_2" word="enviar" lemma="enviar" pos="v-inf" morph="--" extra="vH mv"/>
			<t id="s23_3" word="nova" lemma="novo" pos="adj" morph="F S" extra="jh"/>
			<t id="s23_4" word="definição" lemma="definição" pos="n" morph="F S" sem="sem-c" extra="--"/>
			<t id="s23_5" word="enviar" lemma="enviar" pos="v-inf" morph="--" extra="vH mv"/>
			<t id="s23_6" word="nova" lemma="novo" pos="adj" morph="F S" extra="jh"/>
			<t id="s23_7" word="imagem" lemma="imagem" pos="n" morph="F S" sem="pict sem-c ac-cat" extra="--"/>
			<t id="s23_8" word="denunciar" lemma="denunciar" pos="v-inf" morph="--" extra="vH mv"/>
			<t id="s23_9" word="abuso" lemma="abuso" pos="n" morph="M S" sem="activity" extra="--"/>
			<t id="s23_10" word="Outras_Informações" lemma="Outras_Informações" pos="prop" morph="M S" extra="hum * heur np-close"/>
			<t id="s23_11" word=":Palavras" lemma=":Palavras" pos="n" morph="M S" extra="cjt-head cjt-head-S"/>
			<t id="s23_12" word="com" lemma="com" pos="prp" morph="--" extra="--"/>
			<t id="s23_13" word="10" lemma="10" pos="num" morph="F P" extra="card"/>
			<t id="s23_14" word="letras" lemma="letra" pos="n" morph="F P" sem="ac-sign sem-r domain" extra="--"/>
			<t id="s23_15" word="A" lemma="o" pos="art" morph="F S" extra="* "/>
			<t id="s23_16" word="palavra" lemma="palavra" pos="n" morph="F S" sem="ac-cat act-s" extra="cjt-S"/>
			<t id="s23_17" word="possui" lemma="possuir" pos="v-fin" morph="PR 3S IND VFIN" extra="cjt-head cjt-head-STA vH fmc mv"/>
			<t id="s23_18" word="6" lemma="6" pos="num" morph="M P" extra="card"/>
			<t id="s23_19" word="vogais" lemma="vogal" pos="n" morph="M P" sem="ac-cat H" extra="cjt-head cjt-head-Od"/>
			<t id="s23_20" word="--" lemma="--" pos="pu" morph="--" extra="--"/>
			<t id="s23_21" word="oo" lemma="OO" pos="prop" morph="M/F S" extra="org"/>
			<t id="s23_22" word="e" lemma="e" pos="conj-c" morph="--" extra="--"/>
			<t id="s23_23" word="a" lemma="o" pos="pron-dem" morph="DET F S" extra="dem"/>
			<t id="s23_24" word="a" lemma="a" pos="prp" morph="--" extra="sam- np-close"/>
			<t id="s23_25" word="o" lemma="o" pos="art" morph="M S" extra="-sam "/>
			<t id="s23_26" word="A" lemma="o" pos="art" morph="F S" extra="* "/>
			<t id="s23_27" word="palavra" lemma="palavra" pos="n" morph="F S" sem="ac-cat act-s" extra="--"/>
			<t id="s23_28" word="possui" lemma="possuir" pos="v-fin" morph="PR 3S IND VFIN" extra="cjt-STA vH fmc mv"/>
			<t id="s23_29" word="4" lemma="4" pos="num" morph="F P" extra="card"/>
			<t id="s23_30" word="consoantes" lemma="consoante" pos="n" morph="F P" sem="ac-cat" extra="cjt-Od"/>
			<t id="s23_31" word="--" lemma="--" pos="pu" morph="--" extra="--"/>
			<t id="s23_32" word="c" lemma="c" pos="n" morph="M S" sem="ac-sign" extra="cjt-head cjt-head-S"/>
			<t id="s23_33" word="p" lemma="p" pos="n" morph="M/F S" extra="cjt-S foreign"/>
			<t id="s23_34" word="r" lemma="r" pos="n" morph="M S" sem="ac-sign" extra="cjt-S"/>
			<t id="s23_35" word="c" lemma="c" pos="n" morph="M S" sem="ac-sign" extra="cjt-S"/>
			<t id="s23_36" word="1" lemma="1" pos="num" morph="F S" extra="card"/>
			<t id="s23_37" word="página" lemma="página" pos="n" morph="F S" sem="cc-r" extra="cjt-S"/>
			<t id="s23_38" word="--" lemma="--" pos="pu" morph="--" extra="--"/>
			<t id="s23_39" word="3" lemma="3" pos="num" morph="F P" extra="card"/>
			<t id="s23_40" word="Definições" lemma="definição" pos="n" morph="F P" sem="sem-c" extra="prop *"/>
			<t id="s23_41" word="herói" lemma="herói" pos="n" morph="M S" sem="H" extra="cjt-head cjt-head-S"/>
			<t id="s23_42" word="sinuca" lemma="sinuca" pos="n" morph="F S" sem="game" extra="--"/>
			<t id="s23_43" word="kohoutek" lemma="kohoutek" pos="n" morph="M S" extra="cjt-S foreign heur"/>
			<t id="s23_44" word="afogar" lemma="afogar" pos="v-inf" morph="3S" extra="mv"/>
			<t id="s23_45" word="o" lemma="o" pos="art" morph="M S" extra="--"/>
			<t id="s23_46" word="ganso" lemma="ganso" pos="n" morph="M S" sem="Aorn H" extra="cjt-head cjt-head-Od"/>
			<t id="s23_47" word="taj" lemma="taj" pos="n" morph="M S" extra="cjt-Od heur"/>
			<t id="s23_48" word="mahal" lemma="mahal" pos="adj" morph="M S" extra="np-close"/>
			<t id="s23_49" word="." lemma="--" pos="pu" morph="--" extra="--"/>
		</terminals>

		<nonterminals>
			<nt id="s23_500" cat="s">
				<edge label="UTT" idref="s23_501"/>
			</nt>
			<nt id="s23_501" cat="x">
				<edge label="UTT" idref="s23_507"/>
				<edge label="P" idref="s23_5"/>
				<edge label="Od" idref="s23_508"/>
				<edge label="UTT" idref="s23_509"/>
				<edge label="PU" idref="s23_49"/>
			</nt>
			<nt id="s23_502" cat="par">
				<edge label="CJT" idref="s23_503"/>
			</nt>
			<nt id="s23_503" cat="fcl">
				<edge label="S" idref="s23_504"/>
			</nt>
			<nt id="s23_504" cat="icl">
				<edge label="P" idref="s23_1"/>
				<edge label="Od" idref="s23_505"/>
			</nt>
			<nt id="s23_505" cat="icl">
				<edge label="P" idref="s23_2"/>
				<edge label="Od" idref="s23_506"/>
			</nt>
			<nt id="s23_506" cat="np">
				<edge label="DN" idref="s23_3"/>
				<edge label="H" idref="s23_4"/>
			</nt>
			<nt id="s23_507" cat="icl">
			</nt>
			<nt id="s23_508" cat="np">
				<edge label="DN" idref="s23_6"/>
				<edge label="H" idref="s23_7"/>
			</nt>
			<nt id="s23_509" cat="fcl">
				<edge label="P" idref="s23_8"/>
				<edge label="Od" idref="s23_510"/>
				<edge label="S" idref="s23_511"/>
				<edge label="fA" idref="s23_512"/>
				<edge label="CJT" idref="s23_517"/>
			</nt>
			<nt id="s23_510" cat="np">
				<edge label="H" idref="s23_9"/>
				<edge label="DN" idref="s23_10"/>
			</nt>
			<nt id="s23_511" cat="par">
				<edge label="CJT" idref="s23_11"/>
			</nt>
			<nt id="s23_512" cat="pp">
				<edge label="H" idref="s23_12"/>
				<edge label="DP" idref="s23_513"/>
				<edge label="CJT" idref="s23_514"/>
				<edge label="P" idref="s23_17"/>
				<edge label="Od" idref="s23_515"/>
			</nt>
			<nt id="s23_513" cat="np">
				<edge label="DN" idref="s23_13"/>
				<edge label="H" idref="s23_14"/>
			</nt>
			<nt id="s23_514" cat="np">
				<edge label="DN" idref="s23_15"/>
				<edge label="H" idref="s23_16"/>
			</nt>
			<nt id="s23_515" cat="par">
				<edge label="CJT" idref="s23_516"/>
				<edge label="CO" idref="s23_22"/>
			</nt>
			<nt id="s23_516" cat="np">
				<edge label="DN" idref="s23_18"/>
				<edge label="H" idref="s23_19"/>
				<edge label="PU" idref="s23_20"/>
			</nt>
			<nt id="s23_517" cat="fcl">
				<edge label="S" idref="s23_21"/>
				<edge label="S" idref="s23_518"/>
				<edge label="P" idref="s23_28"/>
				<edge label="S" idref="s23_522"/>
				<edge label="fCsta" idref="s23_524"/>
				<edge label="Od" idref="s23_525"/>
				<edge label="fCs" idref="s23_42"/>
			</nt>
			<nt id="s23_518" cat="np">
				<edge label="H" idref="s23_23"/>
				<edge label="DN" idref="s23_519"/>
				<edge label="CJT" idref="s23_521"/>
			</nt>
			<nt id="s23_519" cat="pp">
				<edge label="H" idref="s23_24"/>
				<edge label="DP" idref="s23_520"/>
			</nt>
			<nt id="s23_520" cat="np">
				<edge label="DN" idref="s23_25"/>
				<edge label="DN" idref="s23_26"/>
				<edge label="H" idref="s23_27"/>
			</nt>
			<nt id="s23_521" cat="np">
				<edge label="DN" idref="s23_29"/>
				<edge label="H" idref="s23_30"/>
				<edge label="PU" idref="s23_31"/>
			</nt>
			<nt id="s23_522" cat="par">
				<edge label="CJT" idref="s23_32"/>
				<edge label="CJT" idref="s23_33"/>
				<edge label="CJT" idref="s23_34"/>
				<edge label="CJT" idref="s23_35"/>
				<edge label="CJT" idref="s23_523"/>
			</nt>
			<nt id="s23_523" cat="np">
				<edge label="DN" idref="s23_36"/>
				<edge label="H" idref="s23_37"/>
				<edge label="PU" idref="s23_38"/>
			</nt>
			<nt id="s23_524" cat="np">
				<edge label="DN" idref="s23_39"/>
				<edge label="H" idref="s23_40"/>
			</nt>
			<nt id="s23_525" cat="fcl">
				<edge label="S" idref="s23_526"/>
				<edge label="P" idref="s23_44"/>
				<edge label="Od" idref="s23_527"/>
			</nt>
			<nt id="s23_526" cat="par">
				<edge label="CJT" idref="s23_41"/>
				<edge label="CJT" idref="s23_43"/>
			</nt>
			<nt id="s23_527" cat="par">
				<edge label="CJT" idref="s23_528"/>
				<edge label="CJT" idref="s23_529"/>
			</nt>
			<nt id="s23_528" cat="np">
				<edge label="DN" idref="s23_45"/>
				<edge label="H" idref="s23_46"/>
			</nt>
			<nt id="s23_529" cat="np">
				<edge label="H" idref="s23_47"/>
				<edge label="DN" idref="s23_48"/>
			</nt>
		</nonterminals>
	</graph>
</s>

	</body>
</corpus>
