<?xml version="1.0" encoding="UTF-8"?>
<corpus>

	<body>
<s id="s1" ref="1" source="Running text" forest="1" text="Corriqueira 6 Definições encontradas.">
	<graph root="s1_500">
		<terminals>
			<t id="s1_1" word="Corriqueira" lemma="corriqueiro" pos="adj" morph="F S" extra="cjt-head cjt-head-X * nh"/>
			<t id="s1_2" word="6" lemma="6" pos="num" morph="F P" extra="card"/>
			<t id="s1_3" word="Definições" lemma="definição" pos="n" morph="F P" sem="sem-c" extra="cjt-X prop *"/>
			<t id="s1_4" word="encontradas" lemma="encontrado" pos="adj" morph="F P" extra="nh np-close"/>
			<t id="s1_5" word="." lemma="--" pos="pu" morph="--" extra="--"/>
		</terminals>

		<nonterminals>
			<nt id="s1_500" cat="s">
				<edge label="X" idref="s1_501"/>
			</nt>
			<nt id="s1_501" cat="par">
				<edge label="CJT" idref="s1_1"/>
				<edge label="CJT" idref="s1_502"/>
				<edge label="PU" idref="s1_5"/>
			</nt>
			<nt id="s1_502" cat="np">
				<edge label="DN" idref="s1_2"/>
				<edge label="H" idref="s1_3"/>
				<edge label="DN" idref="s1_4"/>
			</nt>
		</nonterminals>
	</graph>
</s>

<s id="s2" ref="2" source="Running text" forest="1" text="Tweet Classificação morfossintática:">
	<graph root="s2_500">
		<terminals>
			<t id="s2_1" word="Tweet_Classificação" lemma="Tweet_Classificação" pos="prop" morph="M S" extra="common * heur"/>
			<t id="s2_2" word="morfossintática" lemma="morfossintático" pos="adj" morph="F S" extra="DERS jh np-close"/>
			<t id="s2_3" word=":" lemma="--" pos="pu" morph="--" extra="--"/>
		</terminals>

		<nonterminals>
			<nt id="s2_500" cat="s">
				<edge label="X" idref="s2_501"/>
			</nt>
			<nt id="s2_501" cat="np">
				<edge label="H" idref="s2_1"/>
				<edge label="DN" idref="s2_2"/>
				<edge label="PU" idref="s2_3"/>
			</nt>
		</nonterminals>
	</graph>
</s>

<s id="s3" ref="3" source="Running text" forest="1" text="Adjetivo, feminino singular de corriqueiro Flexões da palavra Corriqueira Significados de Corriqueira:">
	<graph root="s3_500">
		<terminals>
			<t id="s3_1" word="Adjetivo" lemma="adjetivar" pos="v-fin" morph="PR 1S IND VFIN" extra="* vH fmc mv"/>
			<t id="s3_2" word="," lemma="--" pos="pu" morph="--" extra="--"/>
			<t id="s3_3" word="feminino" lemma="feminino" pos="adj" morph="M S" extra="--"/>
			<t id="s3_4" word="singular" lemma="singular" pos="n" morph="M S" sem="ac-cat" extra="--"/>
			<t id="s3_5" word="de" lemma="de" pos="prp" morph="--" extra="np-close"/>
			<t id="s3_6" word="corriqueiro" lemma="corriqueiro" pos="adj" morph="M S" extra="nh"/>
			<t id="s3_7" word="Flexões" lemma="flexão" pos="n" morph="F P" sem="act" extra="prop *"/>
			<t id="s3_8" word="de" lemma="de" pos="prp" morph="--" extra="sam- np-close"/>
			<t id="s3_9" word="a" lemma="o" pos="art" morph="F S" extra="-sam "/>
			<t id="s3_10" word="palavra" lemma="palavra" pos="n" morph="F S" sem="ac-cat act-s" extra="--"/>
			<t id="s3_11" word="Corriqueira_Significados_de_Corriqueira" lemma="Corriqueira_Significados_de_Corriqueira" pos="prop" morph="F S" extra="org * heur np-close"/>
			<t id="s3_12" word=":" lemma="--" pos="pu" morph="--" extra="--"/>
		</terminals>

		<nonterminals>
			<nt id="s3_500" cat="s">
				<edge label="STA" idref="s3_501"/>
			</nt>
			<nt id="s3_501" cat="fcl">
				<edge label="P" idref="s3_1"/>
				<edge label="PU" idref="s3_2"/>
				<edge label="fCs" idref="s3_502"/>
				<edge label="PU" idref="s3_12"/>
			</nt>
			<nt id="s3_502" cat="np">
				<edge label="DN" idref="s3_3"/>
				<edge label="H" idref="s3_4"/>
				<edge label="DN" idref="s3_503"/>
			</nt>
			<nt id="s3_503" cat="pp">
				<edge label="H" idref="s3_5"/>
				<edge label="DP" idref="s3_504"/>
			</nt>
			<nt id="s3_504" cat="np">
				<edge label="DN" idref="s3_6"/>
				<edge label="H" idref="s3_7"/>
				<edge label="DN" idref="s3_505"/>
			</nt>
			<nt id="s3_505" cat="pp">
				<edge label="H" idref="s3_8"/>
				<edge label="DP" idref="s3_506"/>
			</nt>
			<nt id="s3_506" cat="np">
				<edge label="DN" idref="s3_9"/>
				<edge label="H" idref="s3_10"/>
				<edge label="DN" idref="s3_11"/>
			</nt>
		</nonterminals>
	</graph>
</s>

<s id="s4" ref="4" source="Running text" forest="1" text="5 sobe, 12 desce 1. Corriqueira Por Dicionário inFormal(SP) em 18-04-2013 Feminino singular de corriqueiro.">
	<graph root="s4_500">
		<terminals>
			<t id="s4_1" word="5" lemma="5" pos="num" morph="M/F S" extra="card"/>
			<t id="s4_2" word="sobe" lemma="subir" pos="v-fin" morph="PR 3S IND VFIN" extra="cjt-head cjt-head-STA fmc mv"/>
			<t id="s4_3" word="," lemma="--" pos="pu" morph="--" extra="--"/>
			<t id="s4_4" word="12" lemma="12" pos="num" morph="M/F P" extra="card"/>
			<t id="s4_5" word="desce" lemma="descer" pos="v-fin" morph="PR 3S IND VFIN" extra="cjt-STA fmc mv"/>
			<t id="s4_6" word="1." lemma="1." pos="adj" morph="M/F S" extra="NUM-ord"/>
			<t id="s4_7" word="Corriqueira_Por_Dicionário" lemma="Corriqueira_Por_Dicionário" pos="prop" morph="M S" extra="tit *"/>
			<t id="s4_8" word="inFormal" lemma="inFormal" pos="adj" morph="M S" extra="np-close"/>
			<t id="s4_9" word="(" lemma="--" pos="pu" morph="--" extra="--"/>
			<t id="s4_10" word="SP" lemma="SP" pos="prop" morph="M S" extra="civ * np-close"/>
			<t id="s4_11" word=")" lemma="--" pos="pu" morph="--" extra="--"/>
			<t id="s4_12" word="em" lemma="em" pos="prp" morph="--" extra="--"/>
			<t id="s4_13" word="18-04-2013" lemma="18-04-2013" pos="num" morph="M P" extra="card"/>
			<t id="s4_14" word="Feminino" lemma="feminino" pos="n" morph="M P" sem="ac-cat" extra="prop *"/>
			<t id="s4_15" word="singular" lemma="singular" pos="adj" morph="M S" extra="np-close"/>
			<t id="s4_16" word="de" lemma="de" pos="prp" morph="--" extra="np-close"/>
			<t id="s4_17" word="corriqueiro" lemma="corriqueiro" pos="adj" morph="M S" extra="nh"/>
			<t id="s4_18" word="." lemma="--" pos="pu" morph="--" extra="--"/>
		</terminals>

		<nonterminals>
			<nt id="s4_500" cat="s">
				<edge label="STA" idref="s4_501"/>
			</nt>
			<nt id="s4_501" cat="par">
				<edge label="CJT" idref="s4_502"/>
				<edge label="PU" idref="s4_3"/>
				<edge label="CJT" idref="s4_503"/>
				<edge label="PU" idref="s4_18"/>
			</nt>
			<nt id="s4_502" cat="fcl">
				<edge label="S" idref="s4_1"/>
				<edge label="P" idref="s4_2"/>
			</nt>
			<nt id="s4_503" cat="fcl">
				<edge label="Od" idref="s4_4"/>
				<edge label="P" idref="s4_5"/>
				<edge label="fCs" idref="s4_6"/>
				<edge label="S" idref="s4_504"/>
				<edge label="fA" idref="s4_505"/>
			</nt>
			<nt id="s4_504" cat="np">
				<edge label="H" idref="s4_7"/>
				<edge label="DN" idref="s4_8"/>
				<edge label="PU" idref="s4_9"/>
				<edge label="DNapp" idref="s4_10"/>
				<edge label="PU" idref="s4_11"/>
			</nt>
			<nt id="s4_505" cat="pp">
				<edge label="H" idref="s4_12"/>
				<edge label="DP" idref="s4_506"/>
			</nt>
			<nt id="s4_506" cat="np">
				<edge label="DN" idref="s4_13"/>
				<edge label="H" idref="s4_14"/>
				<edge label="DN" idref="s4_15"/>
				<edge label="DN" idref="s4_507"/>
			</nt>
			<nt id="s4_507" cat="pp">
				<edge label="H" idref="s4_16"/>
				<edge label="DP" idref="s4_17"/>
			</nt>
		</nonterminals>
	</graph>
</s>

<s id="s5" ref="5" source="Running text" forest="1" text="ADJ.">
	<graph root="s5_500">
		<terminals>
			<t id="s5_1" word="ADJ" lemma="ADJ" pos="prop" morph="M/F S" extra="org *"/>
			<t id="s5_2" word="." lemma="--" pos="pu" morph="--" extra="--"/>
		</terminals>

		<nonterminals>
			<nt id="s5_500" cat="s">
				<edge label="UTT" idref="s5_501"/>
			</nt>
			<nt id="s5_501" cat="x">
				<edge label="X" idref="s5_1"/>
				<edge label="PU" idref="s5_2"/>
			</nt>
		</nonterminals>
	</graph>
</s>

<s id="s6" ref="6" source="Running text" forest="1" text="Aquilo que ocorre com frequência, sempre.">
	<graph root="s6_500">
		<terminals>
			<t id="s6_1" word="Aquilo" lemma="aquilo" pos="spec" morph="M S" extra="* dem"/>
			<t id="s6_2" word="que" lemma="que" pos="spec" morph="M S" extra="clb clb-fs rel"/>
			<t id="s6_3" word="ocorre" lemma="ocorrer" pos="v-fin" morph="PR 3S IND VFIN" extra="vN mv np-close"/>
			<t id="s6_4" word="com" lemma="com" pos="prp" morph="--" extra="--"/>
			<t id="s6_5" word="frequência" lemma="frequência" pos="n" morph="F S" sem="am" extra="--"/>
			<t id="s6_6" word="," lemma="--" pos="pu" morph="--" extra="--"/>
			<t id="s6_7" word="sempre" lemma="sempre" pos="adv" morph="--" extra="--"/>
			<t id="s6_8" word="." lemma="--" pos="pu" morph="--" extra="--"/>
		</terminals>

		<nonterminals>
			<nt id="s6_500" cat="s">
				<edge label="UTT" idref="s6_501"/>
			</nt>
			<nt id="s6_501" cat="x">
				<edge label="X" idref="s6_1"/>
				<edge label="DN" idref="s6_502"/>
				<edge label="S" idref="s6_2"/>
				<edge label="P" idref="s6_3"/>
				<edge label="fA" idref="s6_503"/>
				<edge label="PU" idref="s6_6"/>
				<edge label="fA" idref="s6_7"/>
				<edge label="PU" idref="s6_8"/>
			</nt>
			<nt id="s6_502" cat="fcl">
			</nt>
			<nt id="s6_503" cat="pp">
				<edge label="H" idref="s6_4"/>
				<edge label="DP" idref="s6_5"/>
			</nt>
		</nonterminals>
	</graph>
</s>

<s id="s7" ref="7" source="Running text" forest="1" text="Comum.">
	<graph root="s7_500">
		<terminals>
			<t id="s7_1" word="Comum" lemma="comum" pos="adj" morph="M/F S" extra="* jh"/>
			<t id="s7_2" word="." lemma="--" pos="pu" morph="--" extra="--"/>
		</terminals>

		<nonterminals>
			<nt id="s7_500" cat="s">
				<edge label="UTT" idref="s7_501"/>
			</nt>
			<nt id="s7_501" cat="x">
				<edge label="X" idref="s7_1"/>
				<edge label="PU" idref="s7_2"/>
			</nt>
		</nonterminals>
	</graph>
</s>

<s id="s8" ref="8" source="Running text" forest="1" text="Essas suas saídas estão se tornando muito corriqueiras.">
	<graph root="s8_500">
		<terminals>
			<t id="s8_1" word="Essas" lemma="esse" pos="pron-dem" morph="DET F P" extra="* dem"/>
			<t id="s8_2" word="suas" lemma="seu" pos="pron-poss" morph="DET F P" extra="poss 3S"/>
			<t id="s8_3" word="saídas" lemma="saída" pos="n" morph="F P" sem="Lh act" extra="--"/>
			<t id="s8_4" word="estão" lemma="estar" pos="v-fin" morph="PR 3P IND VFIN" extra="fmc aux"/>
			<t id="s8_5" word="se" lemma="se" pos="pron-pers" morph="M/F 3S/P ACC" extra="refl"/>
			<t id="s8_6" word="tornando" lemma="tornar" pos="v-ger" morph="--" extra="clb mv v-pron"/>
			<t id="s8_7" word="muito" lemma="muito" pos="adv" morph="--" extra="quant"/>
			<t id="s8_8" word="corriqueiras" lemma="corriqueiro" pos="adj" morph="F P" extra="nh"/>
			<t id="s8_9" word="." lemma="--" pos="pu" morph="--" extra="--"/>
		</terminals>

		<nonterminals>
			<nt id="s8_500" cat="s">
				<edge label="STA" idref="s8_501"/>
			</nt>
			<nt id="s8_501" cat="fcl">
				<edge label="S" idref="s8_502"/>
				<edge label="P" idref="s8_503"/>
				<edge label="Od" idref="s8_5"/>
				<edge label="Co" idref="s8_504"/>
				<edge label="PU" idref="s8_9"/>
			</nt>
			<nt id="s8_502" cat="np">
				<edge label="DN" idref="s8_1"/>
				<edge label="DN" idref="s8_2"/>
				<edge label="H" idref="s8_3"/>
			</nt>
			<nt id="s8_503" cat="vp">
				<edge label="Vaux" idref="s8_4"/>
				<edge label="Vm" idref="s8_6"/>
			</nt>
			<nt id="s8_504" cat="adjp">
				<edge label="DA" idref="s8_7"/>
				<edge label="H" idref="s8_8"/>
			</nt>
		</nonterminals>
	</graph>
</s>

<s id="s9" ref="9" source="Running text" forest="1" text="Compartilhar enviar nova definição enviar nova imagem denunciar abuso Sinônimos:">
	<graph root="s9_500">
		<terminals>
			<t id="s9_1" word="Compartilhar" lemma="compartilhar" pos="v-inf" morph="--" extra="* vH mv"/>
			<t id="s9_2" word="enviar" lemma="enviar" pos="v-inf" morph="--" extra="vH mv"/>
			<t id="s9_3" word="nova" lemma="novo" pos="adj" morph="F S" extra="jh"/>
			<t id="s9_4" word="definição" lemma="definição" pos="n" morph="F S" sem="sem-c" extra="--"/>
			<t id="s9_5" word="enviar" lemma="enviar" pos="v-inf" morph="--" extra="vH mv"/>
			<t id="s9_6" word="nova" lemma="novo" pos="adj" morph="F S" extra="jh"/>
			<t id="s9_7" word="imagem" lemma="imagem" pos="n" morph="F S" sem="pict sem-c ac-cat" extra="--"/>
			<t id="s9_8" word="denunciar" lemma="denunciar" pos="v-inf" morph="--" extra="vH mv"/>
			<t id="s9_9" word="abuso" lemma="abuso" pos="n" morph="M S" sem="activity" extra="--"/>
			<t id="s9_10" word="Sinônimos" lemma="Sinônimos" pos="prop" morph="M S" extra="hum * np-close"/>
			<t id="s9_11" word=":" lemma="--" pos="pu" morph="--" extra="--"/>
		</terminals>

		<nonterminals>
			<nt id="s9_500" cat="s">
				<edge label="UTT" idref="s9_501"/>
			</nt>
			<nt id="s9_501" cat="icl">
				<edge label="P" idref="s9_1"/>
				<edge label="Od" idref="s9_502"/>
				<edge label="PU" idref="s9_11"/>
			</nt>
			<nt id="s9_502" cat="icl">
				<edge label="P" idref="s9_2"/>
				<edge label="Od" idref="s9_503"/>
				<edge label="UTT" idref="s9_504"/>
				<edge label="UTT" idref="s9_506"/>
			</nt>
			<nt id="s9_503" cat="np">
				<edge label="DN" idref="s9_3"/>
				<edge label="H" idref="s9_4"/>
			</nt>
			<nt id="s9_504" cat="icl">
				<edge label="P" idref="s9_5"/>
				<edge label="Od" idref="s9_505"/>
			</nt>
			<nt id="s9_505" cat="np">
				<edge label="DN" idref="s9_6"/>
				<edge label="H" idref="s9_7"/>
			</nt>
			<nt id="s9_506" cat="icl">
				<edge label="P" idref="s9_8"/>
				<edge label="Od" idref="s9_507"/>
			</nt>
			<nt id="s9_507" cat="np">
				<edge label="H" idref="s9_9"/>
				<edge label="DN" idref="s9_10"/>
			</nt>
		</nonterminals>
	</graph>
</s>

<s id="s10" ref="10" source="Running text" forest="1" text="comum regular sempre mais...">
	<graph root="s10_500">
		<terminals>
			<t id="s10_1" word="comum" lemma="comum" pos="adj" morph="M/F S" extra="--"/>
			<t id="s10_2" word="regular" lemma="regular" pos="adj" morph="M/F S" extra="n nh"/>
			<t id="s10_3" word="sempre" lemma="sempre" pos="adv" morph="--" extra="--"/>
			<t id="s10_4" word="mais" lemma="mais" pos="adv" morph="--" extra="quant KOMP"/>
			<t id="s10_5" word="." lemma="--" pos="pu" morph="--" extra="--"/>
		</terminals>

		<nonterminals>
			<nt id="s10_500" cat="s">
				<edge label="X" idref="s10_501"/>
			</nt>
			<nt id="s10_501" cat="np">
				<edge label="DN" idref="s10_1"/>
				<edge label="H" idref="s10_2"/>
				<edge label="fA" idref="s10_3"/>
				<edge label="fA" idref="s10_4"/>
				<edge label="PU" idref="s10_5"/>
			</nt>
		</nonterminals>
	</graph>
</s>

<s id="s11" ref="11" source="Running text" forest="1" text="Antônimos:">
	<graph root="s11_500">
		<terminals>
			<t id="s11_1" word="Antônimos" lemma="antônimo" pos="adj" morph="M P" extra="* nh"/>
			<t id="s11_2" word=":" lemma="--" pos="pu" morph="--" extra="--"/>
		</terminals>

		<nonterminals>
			<nt id="s11_500" cat="s">
				<edge label="UTT" idref="s11_501"/>
			</nt>
			<nt id="s11_501" cat="x">
				<edge label="X" idref="s11_1"/>
				<edge label="PU" idref="s11_2"/>
			</nt>
		</nonterminals>
	</graph>
</s>

<s id="s12" ref="12" source="Running text" forest="1" text="raro isolado mais...">
	<graph root="s12_500">
		<terminals>
			<t id="s12_1" word="raro" lemma="raro" pos="adj" morph="M S" extra="--"/>
			<t id="s12_2" word="isolado" lemma="isolar" pos="v-pcp" morph="M S" extra="cjt-head cjt-head-X n"/>
			<t id="s12_3" word="mais" lemma="muito" pos="pron-indef" morph="DET M/F S/P" extra="cjt-X quant KOMP"/>
			<t id="s12_4" word="." lemma="--" pos="pu" morph="--" extra="--"/>
		</terminals>

		<nonterminals>
			<nt id="s12_500" cat="s">
				<edge label="X" idref="s12_501"/>
			</nt>
			<nt id="s12_501" cat="par">
				<edge label="CJT" idref="s12_502"/>
				<edge label="CJT" idref="s12_3"/>
				<edge label="PU" idref="s12_4"/>
			</nt>
			<nt id="s12_502" cat="np">
				<edge label="DN" idref="s12_1"/>
				<edge label="H" idref="s12_2"/>
			</nt>
		</nonterminals>
	</graph>
</s>

<s id="s13" ref="13" source="Running text" forest="1" text="Significados de corriqueiro(Flexões):">
	<graph root="s13_500">
		<terminals>
			<t id="s13_1" word="Significados" lemma="significado" pos="n" morph="M P" sem="sem-c" extra="cjt-head cjt-head-X *"/>
			<t id="s13_2" word="de" lemma="de" pos="prp" morph="--" extra="np-close"/>
			<t id="s13_3" word="corriqueiro" lemma="corriqueiro" pos="adj" morph="M S" extra="nh"/>
			<t id="s13_4" word="(" lemma="--" pos="pu" morph="--" extra="--"/>
			<t id="s13_5" word="Flexões" lemma="Flexões" pos="prop" morph="M/F S" extra="cjt-X hum *"/>
			<t id="s13_6" word=")" lemma="--" pos="pu" morph="--" extra="--"/>
			<t id="s13_7" word=":" lemma="--" pos="pu" morph="--" extra="--"/>
		</terminals>

		<nonterminals>
			<nt id="s13_500" cat="s">
				<edge label="X" idref="s13_501"/>
			</nt>
			<nt id="s13_501" cat="par">
				<edge label="CJT" idref="s13_502"/>
				<edge label="PU" idref="s13_4"/>
				<edge label="CJT" idref="s13_5"/>
				<edge label="PU" idref="s13_6"/>
				<edge label="PU" idref="s13_7"/>
			</nt>
			<nt id="s13_502" cat="np">
				<edge label="H" idref="s13_1"/>
				<edge label="DN" idref="s13_503"/>
			</nt>
			<nt id="s13_503" cat="pp">
				<edge label="H" idref="s13_2"/>
				<edge label="DP" idref="s13_3"/>
			</nt>
		</nonterminals>
	</graph>
</s>

<s id="s14" ref="14" source="Running text" forest="1" text="3 sobe, 1 desce 2. Corriqueiras Por Dicionário inFormal(SP) em 27-03-2011 Situações cotidianas do dia a dia.">
	<graph root="s14_500">
		<terminals>
			<t id="s14_1" word="3" lemma="3" pos="num" morph="M/F S" extra="card"/>
			<t id="s14_2" word="sobe" lemma="subir" pos="v-fin" morph="PR 3S IND VFIN" extra="cjt-head cjt-head-STA fmc mv"/>
			<t id="s14_3" word="," lemma="--" pos="pu" morph="--" extra="--"/>
			<t id="s14_4" word="1" lemma="1" pos="num" morph="M/F S" extra="card"/>
			<t id="s14_5" word="desce" lemma="descer" pos="v-fin" morph="PR 3S IND VFIN" extra="cjt-STA fmc mv"/>
			<t id="s14_6" word="2." lemma="2." pos="adj" morph="M/F S" extra="NUM-ord"/>
			<t id="s14_7" word="Corriqueiras_Por_Dicionário" lemma="Corriqueiras_Por_Dicionário" pos="prop" morph="M S" extra="tit *"/>
			<t id="s14_8" word="inFormal" lemma="inFormal" pos="adj" morph="M S" extra="np-close"/>
			<t id="s14_9" word="(" lemma="--" pos="pu" morph="--" extra="--"/>
			<t id="s14_10" word="SP" lemma="SP" pos="prop" morph="M S" extra="civ * np-close"/>
			<t id="s14_11" word=")" lemma="--" pos="pu" morph="--" extra="--"/>
			<t id="s14_12" word="em" lemma="em" pos="prp" morph="--" extra="--"/>
			<t id="s14_13" word="27-03-2011" lemma="27-03-2011" pos="num" morph="F P" extra="card"/>
			<t id="s14_14" word="Situações" lemma="situação" pos="n" morph="F P" sem="sit" extra="prop *"/>
			<t id="s14_15" word="cotidianas" lemma="cotidiano" pos="adj" morph="F P" extra="nh np-close"/>
			<t id="s14_16" word="de" lemma="de" pos="prp" morph="--" extra="sam- np-close"/>
			<t id="s14_17" word="o" lemma="o" pos="art" morph="M S" extra="-sam "/>
			<t id="s14_18" word="dia_a_dia" lemma="dia_a_dia" pos="adv" morph="--" extra="--"/>
			<t id="s14_19" word="." lemma="--" pos="pu" morph="--" extra="--"/>
		</terminals>

		<nonterminals>
			<nt id="s14_500" cat="s">
				<edge label="STA" idref="s14_501"/>
			</nt>
			<nt id="s14_501" cat="par">
				<edge label="CJT" idref="s14_502"/>
				<edge label="PU" idref="s14_3"/>
				<edge label="CJT" idref="s14_503"/>
				<edge label="PU" idref="s14_19"/>
			</nt>
			<nt id="s14_502" cat="fcl">
				<edge label="S" idref="s14_1"/>
				<edge label="P" idref="s14_2"/>
			</nt>
			<nt id="s14_503" cat="fcl">
				<edge label="S" idref="s14_4"/>
				<edge label="P" idref="s14_5"/>
				<edge label="fCs" idref="s14_6"/>
				<edge label="Od" idref="s14_504"/>
				<edge label="fA" idref="s14_505"/>
				<edge label="fA" idref="s14_18"/>
			</nt>
			<nt id="s14_504" cat="np">
				<edge label="H" idref="s14_7"/>
				<edge label="DN" idref="s14_8"/>
				<edge label="PU" idref="s14_9"/>
				<edge label="DNapp" idref="s14_10"/>
				<edge label="PU" idref="s14_11"/>
			</nt>
			<nt id="s14_505" cat="pp">
				<edge label="H" idref="s14_12"/>
				<edge label="DP" idref="s14_506"/>
				<edge label="DN" idref="s14_17"/>
			</nt>
			<nt id="s14_506" cat="np">
				<edge label="DN" idref="s14_13"/>
				<edge label="H" idref="s14_14"/>
				<edge label="DN" idref="s14_15"/>
				<edge label="DN" idref="s14_16"/>
			</nt>
		</nonterminals>
	</graph>
</s>

<s id="s15" ref="15" source="Running text" forest="1" text="Isso é um acontecimento corriqueiro Compartilhar enviar nova definição enviar nova imagem denunciar abuso 1 sobe, 0 desce 3. Corriqueiros Por Dicionário inFormal(SP) em 06-05-2014 Banais, ordinários, triviais, comuns Compro aquela revista, apesar de só falar sobre temas corriqueiros é boa para saber de algumas fofocas Compartilhar enviar nova definição enviar nova imagem denunciar abuso 1 sobe, 3 desce 4. Corriqueiras Por Dicionário inFormal(SP) em 01-12-2010 De o cotidiano, do dia-a-dia, trivial, etc..">
	<graph root="s15_500">
		<terminals>
			<t id="s15_1" word="Isso" lemma="isso" pos="spec" morph="M S" extra="* dem"/>
			<t id="s15_2" word="é" lemma="ser" pos="v-fin" morph="PR 3S IND VFIN" extra="nosubj cjt-head cjt-head-STA vK fmc mv"/>
			<t id="s15_3" word="um" lemma="um" pos="art" morph="M S" extra="--"/>
			<t id="s15_4" word="acontecimento" lemma="acontecimento" pos="n" morph="M S" sem="event" extra="--"/>
			<t id="s15_5" word="corriqueiro" lemma="corriqueiro" pos="adj" morph="M S" extra="nh np-close"/>
			<t id="s15_6" word="Compartilhar" lemma="compartilhar" pos="v-inf" morph="--" extra="* vH mv"/>
			<t id="s15_7" word="enviar" lemma="enviar" pos="v-inf" morph="--" extra="vH mv"/>
			<t id="s15_8" word="nova" lemma="novo" pos="adj" morph="F S" extra="jh"/>
			<t id="s15_9" word="definição" lemma="definição" pos="n" morph="F S" sem="sem-c" extra="--"/>
			<t id="s15_10" word="enviar" lemma="enviar" pos="v-inf" morph="--" extra="vH mv"/>
			<t id="s15_11" word="nova" lemma="novo" pos="adj" morph="F S" extra="jh"/>
			<t id="s15_12" word="imagem" lemma="imagem" pos="n" morph="F S" sem="pict sem-c ac-cat" extra="--"/>
			<t id="s15_13" word="denunciar" lemma="denunciar" pos="v-inf" morph="--" extra="vH mv"/>
			<t id="s15_14" word="abuso" lemma="abuso" pos="n" morph="M S" sem="activity" extra="--"/>
			<t id="s15_15" word="1" lemma="1" pos="num" morph="M/F S" extra="card"/>
			<t id="s15_16" word="sobe" lemma="subir" pos="v-fin" morph="PR 3S IND VFIN" extra="cjt-STA fmc mv"/>
			<t id="s15_17" word="," lemma="--" pos="pu" morph="--" extra="--"/>
			<t id="s15_18" word="0" lemma="xx" pos="num" morph="M/F P" extra="card"/>
			<t id="s15_19" word="desce" lemma="descer" pos="v-fin" morph="PR 3S IND VFIN" extra="cjt-STA fmc mv"/>
			<t id="s15_20" word="3." lemma="3." pos="adj" morph="M/F S" extra="NUM-ord"/>
			<t id="s15_21" word="Corriqueiros_Por_Dicionário" lemma="Corriqueiros_Por_Dicionário" pos="prop" morph="M S" extra="tit *"/>
			<t id="s15_22" word="inFormal" lemma="inFormal" pos="adj" morph="M S" extra="np-close"/>
			<t id="s15_23" word="(" lemma="--" pos="pu" morph="--" extra="--"/>
			<t id="s15_24" word="SP" lemma="SP" pos="prop" morph="M S" extra="civ * np-close"/>
			<t id="s15_25" word=")" lemma="--" pos="pu" morph="--" extra="--"/>
			<t id="s15_26" word="em" lemma="em" pos="prp" morph="--" extra="--"/>
			<t id="s15_27" word="06-05-2014" lemma="06-05-2014" pos="num" morph="M/F P" extra="card"/>
			<t id="s15_28" word="Banais" lemma="banal" pos="adj" morph="M/F P" extra="prop n * nh"/>
			<t id="s15_29" word="," lemma="--" pos="pu" morph="--" extra="--"/>
			<t id="s15_30" word="ordinários" lemma="ordinário" pos="adj" morph="M P" extra="np-close"/>
			<t id="s15_31" word="," lemma="--" pos="pu" morph="--" extra="--"/>
			<t id="s15_32" word="triviais" lemma="trivial" pos="adj" morph="M/F P" extra="nh np-close"/>
			<t id="s15_33" word="," lemma="--" pos="pu" morph="--" extra="--"/>
			<t id="s15_34" word="comuns" lemma="comum" pos="adj" morph="M/F P" extra="np-close"/>
			<t id="s15_35" word="Compro" lemma="comprar" pos="v-fin" morph="PR 1S IND VFIN" extra="nosubj cjt-STA * vH fmc mv"/>
			<t id="s15_36" word="aquela" lemma="aquele" pos="pron-dem" morph="DET F S" extra="dem"/>
			<t id="s15_37" word="revista" lemma="revista" pos="n" morph="F S" sem="act sem-r occ" extra="--"/>
			<t id="s15_38" word="," lemma="--" pos="pu" morph="--" extra="--"/>
			<t id="s15_39" word="apesar_de" lemma="apesar_de" pos="prp" morph="--" extra="--"/>
			<t id="s15_40" word="só" lemma="só" pos="adv" morph="--" extra="--"/>
			<t id="s15_41" word="falar" lemma="falar" pos="n" morph="M S" sem="act-s" extra="--"/>
			<t id="s15_42" word="sobre" lemma="sobre" pos="prp" morph="--" extra="--"/>
			<t id="s15_43" word="temas" lemma="tema" pos="n" morph="M P" sem="ac" extra="--"/>
			<t id="s15_44" word="corriqueiros" lemma="corriqueiro" pos="adj" morph="M P" extra="nh np-close"/>
			<t id="s15_45" word="é" lemma="ser" pos="v-fin" morph="PR 3S IND VFIN" extra="nosubj cjt-STA vK fmc mv"/>
			<t id="s15_46" word="boa" lemma="bom" pos="adj" morph="F S" extra="jh"/>
			<t id="s15_47" word="para" lemma="para" pos="prp" morph="--" extra="--"/>
			<t id="s15_48" word="saber" lemma="saber" pos="v-inf" morph="--" extra="mv"/>
			<t id="s15_49" word="de" lemma="de" pos="prp" morph="--" extra="--"/>
			<t id="s15_50" word="algumas" lemma="algum" pos="pron-indef" morph="DET F P" extra="quant"/>
			<t id="s15_51" word="fofocas" lemma="fofoca" pos="n" morph="F P" sem="talk sem-ss" extra="--"/>
			<t id="s15_52" word="Compartilhar" lemma="Compartilhar" pos="prop" morph="M/F S" extra="hum *"/>
			<t id="s15_53" word="enviar" lemma="enviar" pos="v-inf" morph="3S" extra="vH mv"/>
			<t id="s15_54" word="nova" lemma="novo" pos="adj" morph="F S" extra="jh"/>
			<t id="s15_55" word="definição" lemma="definição" pos="n" morph="F S" sem="sem-c" extra="--"/>
			<t id="s15_56" word="enviar" lemma="enviar" pos="v-inf" morph="--" extra="vH mv"/>
			<t id="s15_57" word="nova" lemma="novo" pos="adj" morph="F S" extra="jh"/>
			<t id="s15_58" word="imagem" lemma="imagem" pos="n" morph="F S" sem="pict sem-c ac-cat" extra="--"/>
			<t id="s15_59" word="denunciar" lemma="denunciar" pos="v-inf" morph="--" extra="vH mv"/>
			<t id="s15_60" word="abuso" lemma="abuso" pos="n" morph="M S" sem="activity" extra="--"/>
			<t id="s15_61" word="1" lemma="1" pos="num" morph="M/F S" extra="card"/>
			<t id="s15_62" word="sobe" lemma="subir" pos="v-fin" morph="PR 3S IND VFIN" extra="cjt-STA fmc mv"/>
			<t id="s15_63" word="," lemma="--" pos="pu" morph="--" extra="--"/>
			<t id="s15_64" word="3" lemma="3" pos="num" morph="M/F P" extra="card"/>
			<t id="s15_65" word="desce" lemma="descer" pos="v-fin" morph="PR 3S IND VFIN" extra="cjt-STA fmc mv"/>
			<t id="s15_66" word="4." lemma="4." pos="adj" morph="M/F S" extra="NUM-ord"/>
			<t id="s15_67" word="Corriqueiras_Por_Dicionário" lemma="Corriqueiras_Por_Dicionário" pos="prop" morph="M S" extra="tit *"/>
			<t id="s15_68" word="inFormal" lemma="inFormal" pos="adj" morph="M S" extra="np-close"/>
			<t id="s15_69" word="(" lemma="--" pos="pu" morph="--" extra="--"/>
			<t id="s15_70" word="SP" lemma="SP" pos="prop" morph="M S" extra="civ * np-close"/>
			<t id="s15_71" word=")" lemma="--" pos="pu" morph="--" extra="--"/>
			<t id="s15_72" word="em" lemma="em" pos="prp" morph="--" extra="--"/>
			<t id="s15_73" word="01-12-2010" lemma="01-12-2010" pos="num" morph="M/F S" extra="card"/>
			<t id="s15_74" word="De" lemma="de" pos="prp" morph="--" extra="* sam- np-close"/>
			<t id="s15_75" word="o" lemma="o" pos="art" morph="M S" extra="-sam "/>
			<t id="s15_76" word="cotidiano" lemma="cotidiano" pos="adj" morph="M S" extra="n nh"/>
			<t id="s15_77" word="," lemma="--" pos="pu" morph="--" extra="--"/>
			<t id="s15_78" word="de" lemma="de" pos="prp" morph="--" extra="sam- np-close"/>
			<t id="s15_79" word="o" lemma="o" pos="art" morph="M S" extra="-sam "/>
			<t id="s15_80" word="dia-a-dia" lemma="dia-a-dia" pos="n" morph="M S" sem="activity" extra="--"/>
			<t id="s15_81" word="," lemma="--" pos="pu" morph="--" extra="--"/>
			<t id="s15_82" word="trivial" lemma="trivial" pos="adj" morph="M/F S" extra="nh np-close"/>
			<t id="s15_83" word="," lemma="--" pos="pu" morph="--" extra="--"/>
			<t id="s15_84" word="etc." lemma="etc." pos="adv" morph="--" extra="--"/>
			<t id="s15_85" word="." lemma="--" pos="pu" morph="--" extra="--"/>
		</terminals>

		<nonterminals>
			<nt id="s15_500" cat="s">
				<edge label="STA" idref="s15_501"/>
			</nt>
			<nt id="s15_501" cat="par">
				<edge label="CJT" idref="s15_502"/>
				<edge label="CJT" idref="s15_507"/>
				<edge label="PU" idref="s15_17"/>
				<edge label="CJT" idref="s15_511"/>
				<edge label="CJT" idref="s15_517"/>
				<edge label="CJT" idref="s15_523"/>
				<edge label="CJT" idref="s15_529"/>
				<edge label="PU" idref="s15_63"/>
				<edge label="CJT" idref="s15_535"/>
				<edge label="PU" idref="s15_85"/>
			</nt>
			<nt id="s15_502" cat="fcl">
				<edge label="S" idref="s15_1"/>
				<edge label="P" idref="s15_2"/>
				<edge label="Cs" idref="s15_503"/>
				<edge label="UTT" idref="s15_504"/>
			</nt>
			<nt id="s15_503" cat="np">
				<edge label="DN" idref="s15_3"/>
				<edge label="H" idref="s15_4"/>
				<edge label="DN" idref="s15_5"/>
			</nt>
			<nt id="s15_504" cat="icl">
				<edge label="P" idref="s15_6"/>
				<edge label="Od" idref="s15_505"/>
			</nt>
			<nt id="s15_505" cat="icl">
				<edge label="P" idref="s15_7"/>
				<edge label="Od" idref="s15_506"/>
			</nt>
			<nt id="s15_506" cat="np">
				<edge label="DN" idref="s15_8"/>
				<edge label="H" idref="s15_9"/>
			</nt>
			<nt id="s15_507" cat="fcl">
				<edge label="S" idref="s15_508"/>
				<edge label="Od" idref="s15_15"/>
				<edge label="P" idref="s15_16"/>
			</nt>
			<nt id="s15_508" cat="fcl">
				<edge label="S" idref="s15_509"/>
				<edge label="P" idref="s15_13"/>
				<edge label="Od" idref="s15_14"/>
			</nt>
			<nt id="s15_509" cat="icl">
				<edge label="P" idref="s15_10"/>
				<edge label="Od" idref="s15_510"/>
			</nt>
			<nt id="s15_510" cat="np">
				<edge label="DN" idref="s15_11"/>
				<edge label="H" idref="s15_12"/>
			</nt>
			<nt id="s15_511" cat="fcl">
				<edge label="Od" idref="s15_18"/>
				<edge label="P" idref="s15_19"/>
				<edge label="fCs" idref="s15_20"/>
				<edge label="S" idref="s15_512"/>
				<edge label="fA" idref="s15_513"/>
			</nt>
			<nt id="s15_512" cat="np">
				<edge label="H" idref="s15_21"/>
				<edge label="DN" idref="s15_22"/>
				<edge label="PU" idref="s15_23"/>
				<edge label="DNapp" idref="s15_24"/>
				<edge label="PU" idref="s15_25"/>
			</nt>
			<nt id="s15_513" cat="pp">
				<edge label="H" idref="s15_26"/>
				<edge label="DP" idref="s15_514"/>
			</nt>
			<nt id="s15_514" cat="np">
				<edge label="DN" idref="s15_27"/>
				<edge label="H" idref="s15_28"/>
				<edge label="PU" idref="s15_29"/>
				<edge label="DNc" idref="s15_515"/>
			</nt>
			<nt id="s15_515" cat="np">
				<edge label="H" idref="s15_30"/>
				<edge label="PU" idref="s15_31"/>
				<edge label="DNc" idref="s15_516"/>
			</nt>
			<nt id="s15_516" cat="np">
				<edge label="H" idref="s15_32"/>
				<edge label="PU" idref="s15_33"/>
				<edge label="DN" idref="s15_34"/>
			</nt>
			<nt id="s15_517" cat="x">
				<edge label="P" idref="s15_35"/>
				<edge label="Od" idref="s15_518"/>
				<edge label="PU" idref="s15_38"/>
				<edge label="fA" idref="s15_519"/>
				<edge label="Op" idref="s15_521"/>
			</nt>
			<nt id="s15_518" cat="np">
				<edge label="DN" idref="s15_36"/>
				<edge label="H" idref="s15_37"/>
			</nt>
			<nt id="s15_519" cat="pp">
				<edge label="H" idref="s15_39"/>
				<edge label="DP" idref="s15_520"/>
			</nt>
			<nt id="s15_520" cat="np">
				<edge label="DN" idref="s15_40"/>
				<edge label="H" idref="s15_41"/>
			</nt>
			<nt id="s15_521" cat="pp">
				<edge label="H" idref="s15_42"/>
				<edge label="DP" idref="s15_522"/>
			</nt>
			<nt id="s15_522" cat="np">
				<edge label="H" idref="s15_43"/>
				<edge label="DN" idref="s15_44"/>
			</nt>
			<nt id="s15_523" cat="x">
				<edge label="P" idref="s15_45"/>
				<edge label="Cs" idref="s15_524"/>
			</nt>
			<nt id="s15_524" cat="adjp">
				<edge label="H" idref="s15_46"/>
				<edge label="DA" idref="s15_525"/>
			</nt>
			<nt id="s15_525" cat="pp">
				<edge label="H" idref="s15_47"/>
				<edge label="DP" idref="s15_526"/>
			</nt>
			<nt id="s15_526" cat="fcl">
				<edge label="P" idref="s15_48"/>
				<edge label="Op" idref="s15_527"/>
				<edge label="S" idref="s15_530"/>
			</nt>
			<nt id="s15_527" cat="pp">
				<edge label="H" idref="s15_49"/>
				<edge label="DP" idref="s15_528"/>
			</nt>
			<nt id="s15_528" cat="np">
				<edge label="DN" idref="s15_50"/>
				<edge label="H" idref="s15_51"/>
			</nt>
			<nt id="s15_529" cat="fcl">
				<edge label="S" idref="s15_52"/>
				<edge label="S" idref="s15_532"/>
				<edge label="Od" idref="s15_61"/>
				<edge label="P" idref="s15_62"/>
			</nt>
			<nt id="s15_530" cat="icl">
				<edge label="P" idref="s15_53"/>
				<edge label="Od" idref="s15_531"/>
			</nt>
			<nt id="s15_531" cat="np">
				<edge label="DN" idref="s15_54"/>
				<edge label="H" idref="s15_55"/>
			</nt>
			<nt id="s15_532" cat="fcl">
				<edge label="S" idref="s15_533"/>
				<edge label="P" idref="s15_59"/>
				<edge label="Od" idref="s15_60"/>
			</nt>
			<nt id="s15_533" cat="icl">
				<edge label="P" idref="s15_56"/>
				<edge label="Od" idref="s15_534"/>
			</nt>
			<nt id="s15_534" cat="np">
				<edge label="DN" idref="s15_57"/>
				<edge label="H" idref="s15_58"/>
			</nt>
			<nt id="s15_535" cat="fcl">
				<edge label="Od" idref="s15_64"/>
				<edge label="P" idref="s15_65"/>
				<edge label="fCs" idref="s15_66"/>
				<edge label="S" idref="s15_536"/>
				<edge label="fA" idref="s15_537"/>
				<edge label="PU" idref="s15_83"/>
				<edge label="fA" idref="s15_84"/>
			</nt>
			<nt id="s15_536" cat="np">
				<edge label="H" idref="s15_67"/>
				<edge label="DN" idref="s15_68"/>
				<edge label="PU" idref="s15_69"/>
				<edge label="DNapp" idref="s15_70"/>
				<edge label="PU" idref="s15_71"/>
			</nt>
			<nt id="s15_537" cat="pp">
				<edge label="H" idref="s15_72"/>
				<edge label="DP" idref="s15_538"/>
			</nt>
			<nt id="s15_538" cat="np">
				<edge label="H" idref="s15_73"/>
				<edge label="DN" idref="s15_539"/>
			</nt>
			<nt id="s15_539" cat="pp">
				<edge label="H" idref="s15_74"/>
				<edge label="DP" idref="s15_540"/>
			</nt>
			<nt id="s15_540" cat="np">
				<edge label="DN" idref="s15_75"/>
				<edge label="H" idref="s15_76"/>
				<edge label="PU" idref="s15_77"/>
				<edge label="DN" idref="s15_541"/>
			</nt>
			<nt id="s15_541" cat="pp">
				<edge label="H" idref="s15_78"/>
				<edge label="DP" idref="s15_542"/>
			</nt>
			<nt id="s15_542" cat="np">
				<edge label="DN" idref="s15_79"/>
				<edge label="H" idref="s15_80"/>
				<edge label="PU" idref="s15_81"/>
				<edge label="DNc" idref="s15_82"/>
			</nt>
		</nonterminals>
	</graph>
</s>

<s id="s16" ref="16" source="Running text" forest="1" text="A maioria das mulheres são corriqueiras.">
	<graph root="s16_500">
		<terminals>
			<t id="s16_1" word="A" lemma="o" pos="art" morph="F S" extra="* "/>
			<t id="s16_2" word="maioria" lemma="maioria" pos="n" morph="F S" sem="HH" extra="--"/>
			<t id="s16_3" word="de" lemma="de" pos="prp" morph="--" extra="sam- np-close"/>
			<t id="s16_4" word="as" lemma="o" pos="art" morph="F P" extra="-sam "/>
			<t id="s16_5" word="mulheres" lemma="mulher" pos="n" morph="F P" sem="Hbio Hfam Hattr" extra="--"/>
			<t id="s16_6" word="são" lemma="ser" pos="v-fin" morph="PR 3P IND VFIN" extra="vK fmc mv"/>
			<t id="s16_7" word="corriqueiras" lemma="corriqueiro" pos="adj" morph="F P" extra="nh"/>
			<t id="s16_8" word="." lemma="--" pos="pu" morph="--" extra="--"/>
		</terminals>

		<nonterminals>
			<nt id="s16_500" cat="s">
				<edge label="STA" idref="s16_501"/>
			</nt>
			<nt id="s16_501" cat="fcl">
				<edge label="S" idref="s16_502"/>
				<edge label="P" idref="s16_6"/>
				<edge label="Cs" idref="s16_7"/>
				<edge label="PU" idref="s16_8"/>
			</nt>
			<nt id="s16_502" cat="np">
				<edge label="DN" idref="s16_1"/>
				<edge label="H" idref="s16_2"/>
				<edge label="DN" idref="s16_503"/>
			</nt>
			<nt id="s16_503" cat="pp">
				<edge label="H" idref="s16_3"/>
				<edge label="DP" idref="s16_504"/>
			</nt>
			<nt id="s16_504" cat="np">
				<edge label="DN" idref="s16_4"/>
				<edge label="H" idref="s16_5"/>
			</nt>
		</nonterminals>
	</graph>
</s>

<s id="s17" ref="17" source="Running text" forest="1" text="Compartilhar enviar nova definição enviar nova imagem denunciar abuso 10 sobe, 13 desce 5. Corriqueiro Por Dicionário inFormal(SP) em 12-02-2010 Habitualmente Isso é um habito corriqueiro Compartilhar enviar nova definição enviar nova imagem denunciar abuso 63 sobe, 75 desce 6. Corriqueiro Por Dicionário inFormal(SP) em 14-05-2008 Habitual, normal.">
	<graph root="s17_500">
		<terminals>
			<t id="s17_1" word="Compartilhar" lemma="compartilhar" pos="v-inf" morph="--" extra="cjt-head cjt-head-S * vH mv"/>
			<t id="s17_2" word="enviar" lemma="enviar" pos="v-inf" morph="--" extra="vH mv"/>
			<t id="s17_3" word="nova" lemma="novo" pos="adj" morph="F S" extra="jh"/>
			<t id="s17_4" word="definição" lemma="definição" pos="n" morph="F S" sem="sem-c" extra="--"/>
			<t id="s17_5" word="enviar" lemma="enviar" pos="v-inf" morph="--" extra="vH mv"/>
			<t id="s17_6" word="nova" lemma="novo" pos="adj" morph="F S" extra="jh"/>
			<t id="s17_7" word="imagem" lemma="imagem" pos="n" morph="F S" sem="pict sem-c ac-cat" extra="--"/>
			<t id="s17_8" word="denunciar" lemma="denunciar" pos="v-inf" morph="--" extra="cjt-S vH mv"/>
			<t id="s17_9" word="abuso" lemma="abuso" pos="n" morph="M S" sem="activity" extra="--"/>
			<t id="s17_10" word="10" lemma="10" pos="num" morph="M/F P" extra="card"/>
			<t id="s17_11" word="sobe" lemma="subir" pos="v-fin" morph="PR 3S IND VFIN" extra="predco predco predco fmc mv"/>
			<t id="s17_12" word="," lemma="--" pos="pu" morph="--" extra="--"/>
			<t id="s17_13" word="13" lemma="13" pos="num" morph="M/F P" extra="card"/>
			<t id="s17_14" word="desce" lemma="descer" pos="v-fin" morph="PR 3S IND VFIN" extra="cjt-STA fmc mv"/>
			<t id="s17_15" word="5." lemma="5." pos="adj" morph="M/F S" extra="NUM-ord"/>
			<t id="s17_16" word="Corriqueiro_Por_Dicionário" lemma="Corriqueiro_Por_Dicionário" pos="prop" morph="M S" extra="tit *"/>
			<t id="s17_17" word="inFormal" lemma="inFormal" pos="adj" morph="M S" extra="np-close"/>
			<t id="s17_18" word="(" lemma="--" pos="pu" morph="--" extra="--"/>
			<t id="s17_19" word="SP" lemma="SP" pos="prop" morph="M S" extra="civ * np-close"/>
			<t id="s17_20" word=")" lemma="--" pos="pu" morph="--" extra="--"/>
			<t id="s17_21" word="em" lemma="em" pos="prp" morph="--" extra="--"/>
			<t id="s17_22" word="12-02-2010" lemma="12-02-2010" pos="num" morph="M/F S" extra="card"/>
			<t id="s17_23" word="Habitualmente_Isso" lemma="Habitualmente_Isso" pos="prop" morph="M S" extra="hum * heur"/>
			<t id="s17_24" word="é" lemma="ser" pos="v-fin" morph="PR 3S IND VFIN" extra="nosubj cjt-STA fmc mv"/>
			<t id="s17_25" word="um" lemma="um" pos="pron-indef" morph="DET M S" extra="quant"/>
			<t id="s17_26" word="habito" lemma="habitar" pos="v-fin" morph="PR 1S IND VFIN" extra="cjt-STA vH fmc mv"/>
			<t id="s17_27" word="corriqueiro" lemma="corriqueiro" pos="adj" morph="M S" extra="nh"/>
			<t id="s17_28" word="Compartilhar" lemma="compartilhar" pos="v-inf" morph="--" extra="* vH mv"/>
			<t id="s17_29" word="enviar" lemma="enviar" pos="v-inf" morph="--" extra="vH mv"/>
			<t id="s17_30" word="nova" lemma="novo" pos="adj" morph="F S" extra="jh"/>
			<t id="s17_31" word="definição" lemma="definição" pos="n" morph="F S" sem="sem-c" extra="--"/>
			<t id="s17_32" word="enviar" lemma="enviar" pos="v-inf" morph="3S" extra="vH mv"/>
			<t id="s17_33" word="nova" lemma="novo" pos="adj" morph="F S" extra="jh"/>
			<t id="s17_34" word="imagem" lemma="imagem" pos="n" morph="F S" sem="pict sem-c ac-cat" extra="--"/>
			<t id="s17_35" word="denunciar" lemma="denunciar" pos="v-inf" morph="3S" extra="vH mv"/>
			<t id="s17_36" word="abuso" lemma="abuso" pos="n" morph="M S" sem="activity" extra="--"/>
			<t id="s17_37" word="63" lemma="63" pos="num" morph="M/F P" extra="card"/>
			<t id="s17_38" word="sobe" lemma="subir" pos="v-fin" morph="PR 3S IND VFIN" extra="cjt-STA fmc mv"/>
			<t id="s17_39" word="," lemma="--" pos="pu" morph="--" extra="--"/>
			<t id="s17_40" word="75" lemma="75" pos="num" morph="M/F P" extra="card"/>
			<t id="s17_41" word="desce" lemma="descer" pos="v-fin" morph="PR 3S IND VFIN" extra="cjt-STA fmc mv"/>
			<t id="s17_42" word="6." lemma="6." pos="adj" morph="M/F S" extra="NUM-ord"/>
			<t id="s17_43" word="Corriqueiro_Por_Dicionário" lemma="Corriqueiro_Por_Dicionário" pos="prop" morph="M S" extra="tit *"/>
			<t id="s17_44" word="inFormal" lemma="inFormal" pos="adj" morph="M S" extra="np-close"/>
			<t id="s17_45" word="(" lemma="--" pos="pu" morph="--" extra="--"/>
			<t id="s17_46" word="SP" lemma="SP" pos="prop" morph="M S" extra="civ * np-close"/>
			<t id="s17_47" word=")" lemma="--" pos="pu" morph="--" extra="--"/>
			<t id="s17_48" word="em" lemma="em" pos="prp" morph="--" extra="--"/>
			<t id="s17_49" word="14-05-2008" lemma="14-05-2008" pos="num" morph="M/F P" extra="card"/>
			<t id="s17_50" word="Habitual" lemma="habitual" pos="adj" morph="M/F S" extra="prop n * nh"/>
			<t id="s17_51" word="," lemma="--" pos="pu" morph="--" extra="--"/>
			<t id="s17_52" word="normal" lemma="normal" pos="adj" morph="M/F S" extra="nh np-close"/>
			<t id="s17_53" word="." lemma="--" pos="pu" morph="--" extra="--"/>
		</terminals>

		<nonterminals>
			<nt id="s17_500" cat="s">
				<edge label="STA" idref="s17_501"/>
			</nt>
			<nt id="s17_501" cat="fcl">
				<edge label="S" idref="s17_502"/>
				<edge label="Od" idref="s17_10"/>
				<edge label="X" idref="s17_509"/>
				<edge label="PU" idref="s17_53"/>
			</nt>
			<nt id="s17_502" cat="par">
				<edge label="CJT" idref="s17_503"/>
				<edge label="CJT" idref="s17_506"/>
			</nt>
			<nt id="s17_503" cat="icl">
				<edge label="P" idref="s17_1"/>
				<edge label="Od" idref="s17_504"/>
			</nt>
			<nt id="s17_504" cat="icl">
				<edge label="P" idref="s17_2"/>
				<edge label="Od" idref="s17_505"/>
			</nt>
			<nt id="s17_505" cat="np">
				<edge label="DN" idref="s17_3"/>
				<edge label="H" idref="s17_4"/>
			</nt>
			<nt id="s17_506" cat="fcl">
				<edge label="S" idref="s17_507"/>
				<edge label="P" idref="s17_8"/>
				<edge label="Od" idref="s17_9"/>
			</nt>
			<nt id="s17_507" cat="icl">
				<edge label="P" idref="s17_5"/>
				<edge label="Od" idref="s17_508"/>
			</nt>
			<nt id="s17_508" cat="np">
				<edge label="DN" idref="s17_6"/>
				<edge label="H" idref="s17_7"/>
			</nt>
			<nt id="s17_509" cat="par">
				<edge label="CJT" idref="s17_510"/>
				<edge label="PU" idref="s17_12"/>
				<edge label="CJT" idref="s17_511"/>
				<edge label="CJT" idref="s17_24"/>
				<edge label="CJT" idref="s17_514"/>
				<edge label="CJT" idref="s17_517"/>
				<edge label="PU" idref="s17_39"/>
				<edge label="CJT" idref="s17_522"/>
			</nt>
			<nt id="s17_510" cat="x">
				<edge label="P" idref="s17_11"/>
			</nt>
			<nt id="s17_511" cat="fcl">
				<edge label="Od" idref="s17_13"/>
				<edge label="P" idref="s17_14"/>
				<edge label="fCs" idref="s17_15"/>
				<edge label="S" idref="s17_512"/>
				<edge label="fA" idref="s17_513"/>
				<edge label="Od" idref="s17_23"/>
			</nt>
			<nt id="s17_512" cat="np">
				<edge label="H" idref="s17_16"/>
				<edge label="DN" idref="s17_17"/>
				<edge label="PU" idref="s17_18"/>
				<edge label="DNapp" idref="s17_19"/>
				<edge label="PU" idref="s17_20"/>
			</nt>
			<nt id="s17_513" cat="pp">
				<edge label="H" idref="s17_21"/>
				<edge label="DP" idref="s17_22"/>
			</nt>
			<nt id="s17_514" cat="fcl">
				<edge label="S" idref="s17_25"/>
				<edge label="P" idref="s17_26"/>
				<edge label="fCs" idref="s17_27"/>
				<edge label="S" idref="s17_515"/>
			</nt>
			<nt id="s17_515" cat="icl">
				<edge label="P" idref="s17_28"/>
				<edge label="Od" idref="s17_516"/>
			</nt>
			<nt id="s17_516" cat="fcl">
				<edge label="P" idref="s17_29"/>
				<edge label="S" idref="s17_519"/>
			</nt>
			<nt id="s17_517" cat="fcl">
				<edge label="S" idref="s17_518"/>
				<edge label="S" idref="s17_520"/>
				<edge label="Od" idref="s17_37"/>
				<edge label="P" idref="s17_38"/>
			</nt>
			<nt id="s17_518" cat="np">
				<edge label="DN" idref="s17_30"/>
				<edge label="H" idref="s17_31"/>
			</nt>
			<nt id="s17_519" cat="fcl">
				<edge label="P" idref="s17_32"/>
				<edge label="S" idref="s17_521"/>
			</nt>
			<nt id="s17_520" cat="np">
				<edge label="DN" idref="s17_33"/>
				<edge label="H" idref="s17_34"/>
			</nt>
			<nt id="s17_521" cat="icl">
				<edge label="P" idref="s17_35"/>
				<edge label="Od" idref="s17_36"/>
			</nt>
			<nt id="s17_522" cat="fcl">
				<edge label="Od" idref="s17_40"/>
				<edge label="P" idref="s17_41"/>
				<edge label="fCs" idref="s17_42"/>
				<edge label="S" idref="s17_523"/>
				<edge label="fA" idref="s17_524"/>
			</nt>
			<nt id="s17_523" cat="np">
				<edge label="H" idref="s17_43"/>
				<edge label="DN" idref="s17_44"/>
				<edge label="PU" idref="s17_45"/>
				<edge label="DNapp" idref="s17_46"/>
				<edge label="PU" idref="s17_47"/>
			</nt>
			<nt id="s17_524" cat="pp">
				<edge label="H" idref="s17_48"/>
				<edge label="DP" idref="s17_525"/>
			</nt>
			<nt id="s17_525" cat="np">
				<edge label="DN" idref="s17_49"/>
				<edge label="H" idref="s17_50"/>
				<edge label="PU" idref="s17_51"/>
				<edge label="DNc" idref="s17_52"/>
			</nt>
		</nonterminals>
	</graph>
</s>

<s id="s18" ref="18" source="Running text" forest="1" text="Você ficou sabendo dos assaltos no bairro?">
	<graph root="s18_500">
		<terminals>
			<t id="s18_1" word="Você" lemma="você" pos="n" morph="M S" extra="heur"/>
			<t id="s18_2" word="ficou" lemma="ficar" pos="v-fin" morph="PS 3S IND VFIN" extra="fmc aux"/>
			<t id="s18_3" word="sabendo" lemma="saber" pos="v-ger" morph="--" extra="clb mv"/>
			<t id="s18_4" word="de" lemma="de" pos="prp" morph="--" extra="sam-"/>
			<t id="s18_5" word="os" lemma="o" pos="art" morph="M P" extra="-sam "/>
			<t id="s18_6" word="assaltos" lemma="assalto" pos="n" morph="M P" sem="act" extra="--"/>
			<t id="s18_7" word="em" lemma="em" pos="prp" morph="--" extra="sam- np-close"/>
			<t id="s18_8" word="o" lemma="o" pos="art" morph="M S" extra="-sam "/>
			<t id="s18_9" word="bairro" lemma="bairro" pos="n" morph="M S" sem="Lciv" extra="--"/>
			<t id="s18_10" word="?" lemma="--" pos="pu" morph="--" extra="--"/>
		</terminals>

		<nonterminals>
			<nt id="s18_500" cat="s">
				<edge label="QUE" idref="s18_501"/>
			</nt>
			<nt id="s18_501" cat="fcl">
				<edge label="S" idref="s18_1"/>
				<edge label="P" idref="s18_502"/>
				<edge label="Op" idref="s18_503"/>
				<edge label="PU" idref="s18_10"/>
			</nt>
			<nt id="s18_502" cat="vp">
				<edge label="Vaux" idref="s18_2"/>
				<edge label="Vm" idref="s18_3"/>
			</nt>
			<nt id="s18_503" cat="pp">
				<edge label="H" idref="s18_4"/>
				<edge label="DP" idref="s18_504"/>
			</nt>
			<nt id="s18_504" cat="np">
				<edge label="DN" idref="s18_5"/>
				<edge label="H" idref="s18_6"/>
				<edge label="DN" idref="s18_505"/>
			</nt>
			<nt id="s18_505" cat="pp">
				<edge label="H" idref="s18_7"/>
				<edge label="DP" idref="s18_506"/>
			</nt>
			<nt id="s18_506" cat="np">
				<edge label="DN" idref="s18_8"/>
				<edge label="H" idref="s18_9"/>
			</nt>
		</nonterminals>
	</graph>
</s>

<s id="s19" ref="19" source="Running text" forest="1" text="Esses fatos são corriqueiros aqui na região.">
	<graph root="s19_500">
		<terminals>
			<t id="s19_1" word="Esses" lemma="Esse" pos="n" morph="M P" extra="heur"/>
			<t id="s19_2" word="fatos" lemma="fato" pos="n" morph="M P" sem="ac cloH AAdom" extra="--"/>
			<t id="s19_3" word="são" lemma="ser" pos="v-fin" morph="PR 3P IND VFIN" extra="vK fmc mv"/>
			<t id="s19_4" word="corriqueiros" lemma="corriqueiro" pos="adj" morph="M P" extra="nh"/>
			<t id="s19_5" word="aqui" lemma="aqui" pos="adv" morph="--" extra="--"/>
			<t id="s19_6" word="em" lemma="em" pos="prp" morph="--" extra="sam-"/>
			<t id="s19_7" word="a" lemma="o" pos="art" morph="F S" extra="-sam "/>
			<t id="s19_8" word="região" lemma="região" pos="n" morph="F S" sem="L Ltop" extra="--"/>
			<t id="s19_9" word="." lemma="--" pos="pu" morph="--" extra="--"/>
		</terminals>

		<nonterminals>
			<nt id="s19_500" cat="s">
				<edge label="STA" idref="s19_501"/>
			</nt>
			<nt id="s19_501" cat="fcl">
				<edge label="S" idref="s19_1"/>
				<edge label="S" idref="s19_2"/>
				<edge label="P" idref="s19_3"/>
				<edge label="Cs" idref="s19_4"/>
				<edge label="fA" idref="s19_502"/>
				<edge label="PU" idref="s19_9"/>
			</nt>
			<nt id="s19_502" cat="advp">
				<edge label="H" idref="s19_5"/>
				<edge label="DA" idref="s19_503"/>
			</nt>
			<nt id="s19_503" cat="pp">
				<edge label="H" idref="s19_6"/>
				<edge label="DP" idref="s19_504"/>
			</nt>
			<nt id="s19_504" cat="np">
				<edge label="DN" idref="s19_7"/>
				<edge label="H" idref="s19_8"/>
			</nt>
		</nonterminals>
	</graph>
</s>

<s id="s20" ref="20" source="Running text" forest="1" text="Compartilhar enviar nova definição enviar nova imagem denunciar abuso Outras Informações:Palavras com 11 letras A palavra possui 6 vogais -- o i uei a A palavra possui 5 consoantes -- c rr q r 1 página -- 6 Definições zâmbia 68 manchete sarraceno hominídeo.">
	<graph root="s20_500">
		<terminals>
			<t id="s20_1" word="Compartilhar" lemma="compartilhar" pos="v-inf" morph="--" extra="* vH mv"/>
			<t id="s20_2" word="enviar" lemma="enviar" pos="v-inf" morph="--" extra="vH mv"/>
			<t id="s20_3" word="nova" lemma="novo" pos="adj" morph="F S" extra="jh"/>
			<t id="s20_4" word="definição" lemma="definição" pos="n" morph="F S" sem="sem-c" extra="--"/>
			<t id="s20_5" word="enviar" lemma="enviar" pos="v-inf" morph="--" extra="vH mv"/>
			<t id="s20_6" word="nova" lemma="novo" pos="adj" morph="F S" extra="jh"/>
			<t id="s20_7" word="imagem" lemma="imagem" pos="n" morph="F S" sem="pict sem-c ac-cat" extra="--"/>
			<t id="s20_8" word="denunciar" lemma="denunciar" pos="v-inf" morph="--" extra="vH mv"/>
			<t id="s20_9" word="abuso" lemma="abuso" pos="n" morph="M S" sem="activity" extra="--"/>
			<t id="s20_10" word="Outras_Informações" lemma="Outras_Informações" pos="prop" morph="M S" extra="hum * heur np-close"/>
			<t id="s20_11" word=":Palavras" lemma=":Palavras" pos="n" morph="M S" extra="cjt-head cjt-head-S"/>
			<t id="s20_12" word="com" lemma="com" pos="prp" morph="--" extra="--"/>
			<t id="s20_13" word="11" lemma="11" pos="num" morph="F P" extra="card"/>
			<t id="s20_14" word="letras" lemma="letra" pos="n" morph="F P" sem="ac-sign sem-r domain" extra="--"/>
			<t id="s20_15" word="A" lemma="o" pos="art" morph="F S" extra="* "/>
			<t id="s20_16" word="palavra" lemma="palavra" pos="n" morph="F S" sem="ac-cat act-s" extra="cjt-S"/>
			<t id="s20_17" word="possui" lemma="possuir" pos="v-fin" morph="PR 3S IND VFIN" extra="cjt-head cjt-head-STA vH fmc mv"/>
			<t id="s20_18" word="6" lemma="6" pos="num" morph="M P" extra="card"/>
			<t id="s20_19" word="vogais" lemma="vogal" pos="n" morph="M P" sem="ac-cat H" extra="--"/>
			<t id="s20_20" word="--" lemma="--" pos="pu" morph="--" extra="--"/>
			<t id="s20_21" word="o" lemma="o" pos="art" morph="M S" extra="--"/>
			<t id="s20_22" word="i" lemma="i" pos="n" morph="M S" sem="ac-sign" extra="--"/>
			<t id="s20_23" word="uei" lemma="uei" pos="n" morph="M S" extra="heur"/>
			<t id="s20_24" word="a" lemma="a" pos="prp" morph="--" extra="--"/>
			<t id="s20_25" word="A" lemma="o" pos="art" morph="F S" extra="* "/>
			<t id="s20_26" word="palavra" lemma="palavra" pos="n" morph="F S" sem="ac-cat act-s" extra="--"/>
			<t id="s20_27" word="possui" lemma="possuir" pos="v-fin" morph="PR 3S IND VFIN" extra="cjt-STA vH fmc mv"/>
			<t id="s20_28" word="5" lemma="5" pos="num" morph="F P" extra="card"/>
			<t id="s20_29" word="consoantes" lemma="consoante" pos="n" morph="F P" sem="ac-cat" extra="--"/>
			<t id="s20_30" word="--" lemma="--" pos="pu" morph="--" extra="--"/>
			<t id="s20_31" word="c" lemma="c" pos="n" morph="M S" sem="ac-sign" extra="cjt-head cjt-head-S"/>
			<t id="s20_32" word="rr" lemma="rr" pos="n" morph="M/F S" extra="cjt-S foreign"/>
			<t id="s20_33" word="q" lemma="q" pos="n" morph="M S" sem="ac-sign" extra="cjt-S"/>
			<t id="s20_34" word="r" lemma="r" pos="n" morph="M S" sem="ac-sign" extra="cjt-S"/>
			<t id="s20_35" word="1" lemma="1" pos="num" morph="F S" extra="card"/>
			<t id="s20_36" word="página" lemma="página" pos="n" morph="F S" sem="cc-r" extra="cjt-S"/>
			<t id="s20_37" word="--" lemma="--" pos="pu" morph="--" extra="--"/>
			<t id="s20_38" word="6" lemma="6" pos="num" morph="F P" extra="card"/>
			<t id="s20_39" word="Definições" lemma="definição" pos="n" morph="F P" sem="sem-c" extra="prop *"/>
			<t id="s20_40" word="zâmbia" lemma="z�=mbia" pos="n" morph="F S" extra="DERS"/>
			<t id="s20_41" word="68" lemma="68" pos="num" morph="F P" extra="card"/>
			<t id="s20_42" word="manchete" lemma="manchete" pos="n" morph="F P" sem="sem-r" extra="--"/>
			<t id="s20_43" word="sarraceno" lemma="sarraceno" pos="adj" morph="M S" extra="nat"/>
			<t id="s20_44" word="hominídeo" lemma="hominídeo" pos="n" morph="M S" sem="H" extra="--"/>
			<t id="s20_45" word="." lemma="--" pos="pu" morph="--" extra="--"/>
		</terminals>

		<nonterminals>
			<nt id="s20_500" cat="s">
				<edge label="UTT" idref="s20_501"/>
			</nt>
			<nt id="s20_501" cat="x">
				<edge label="UTT" idref="s20_507"/>
				<edge label="P" idref="s20_5"/>
				<edge label="Od" idref="s20_508"/>
				<edge label="UTT" idref="s20_509"/>
				<edge label="fCs" idref="s20_524"/>
				<edge label="PU" idref="s20_45"/>
			</nt>
			<nt id="s20_502" cat="par">
				<edge label="CJT" idref="s20_503"/>
			</nt>
			<nt id="s20_503" cat="fcl">
				<edge label="S" idref="s20_504"/>
			</nt>
			<nt id="s20_504" cat="icl">
				<edge label="P" idref="s20_1"/>
				<edge label="Od" idref="s20_505"/>
			</nt>
			<nt id="s20_505" cat="icl">
				<edge label="P" idref="s20_2"/>
				<edge label="Od" idref="s20_506"/>
			</nt>
			<nt id="s20_506" cat="np">
				<edge label="DN" idref="s20_3"/>
				<edge label="H" idref="s20_4"/>
			</nt>
			<nt id="s20_507" cat="icl">
			</nt>
			<nt id="s20_508" cat="np">
				<edge label="DN" idref="s20_6"/>
				<edge label="H" idref="s20_7"/>
			</nt>
			<nt id="s20_509" cat="fcl">
				<edge label="P" idref="s20_8"/>
				<edge label="Od" idref="s20_510"/>
				<edge label="S" idref="s20_511"/>
				<edge label="fA" idref="s20_512"/>
				<edge label="CJT" idref="s20_516"/>
				<edge label="fCs" idref="s20_40"/>
			</nt>
			<nt id="s20_510" cat="np">
				<edge label="H" idref="s20_9"/>
				<edge label="DN" idref="s20_10"/>
			</nt>
			<nt id="s20_511" cat="par">
				<edge label="CJT" idref="s20_11"/>
			</nt>
			<nt id="s20_512" cat="pp">
				<edge label="H" idref="s20_12"/>
				<edge label="DP" idref="s20_513"/>
				<edge label="CJT" idref="s20_514"/>
				<edge label="P" idref="s20_17"/>
				<edge label="Od" idref="s20_515"/>
			</nt>
			<nt id="s20_513" cat="np">
				<edge label="DN" idref="s20_13"/>
				<edge label="H" idref="s20_14"/>
			</nt>
			<nt id="s20_514" cat="np">
				<edge label="DN" idref="s20_15"/>
				<edge label="H" idref="s20_16"/>
			</nt>
			<nt id="s20_515" cat="np">
				<edge label="DN" idref="s20_18"/>
				<edge label="H" idref="s20_19"/>
				<edge label="PU" idref="s20_20"/>
			</nt>
			<nt id="s20_516" cat="fcl">
				<edge label="S" idref="s20_517"/>
				<edge label="S" idref="s20_23"/>
				<edge label="fA" idref="s20_518"/>
				<edge label="P" idref="s20_27"/>
				<edge label="Od" idref="s20_520"/>
				<edge label="S" idref="s20_521"/>
				<edge label="fCsta" idref="s20_523"/>
				<edge label="fCs" idref="s20_43"/>
				<edge label="fCs" idref="s20_44"/>
			</nt>
			<nt id="s20_517" cat="np">
				<edge label="DN" idref="s20_21"/>
				<edge label="H" idref="s20_22"/>
			</nt>
			<nt id="s20_518" cat="pp">
				<edge label="H" idref="s20_24"/>
				<edge label="DP" idref="s20_519"/>
			</nt>
			<nt id="s20_519" cat="np">
				<edge label="DN" idref="s20_25"/>
				<edge label="H" idref="s20_26"/>
			</nt>
			<nt id="s20_520" cat="np">
				<edge label="DN" idref="s20_28"/>
				<edge label="H" idref="s20_29"/>
				<edge label="PU" idref="s20_30"/>
			</nt>
			<nt id="s20_521" cat="par">
				<edge label="CJT" idref="s20_31"/>
				<edge label="CJT" idref="s20_32"/>
				<edge label="CJT" idref="s20_33"/>
				<edge label="CJT" idref="s20_34"/>
				<edge label="CJT" idref="s20_522"/>
			</nt>
			<nt id="s20_522" cat="np">
				<edge label="DN" idref="s20_35"/>
				<edge label="H" idref="s20_36"/>
				<edge label="PU" idref="s20_37"/>
			</nt>
			<nt id="s20_523" cat="np">
				<edge label="DN" idref="s20_38"/>
				<edge label="H" idref="s20_39"/>
			</nt>
			<nt id="s20_524" cat="np">
				<edge label="DN" idref="s20_41"/>
				<edge label="H" idref="s20_42"/>
			</nt>
		</nonterminals>
	</graph>
</s>

	</body>
</corpus>
