<?xml version="1.0" encoding="UTF-8"?>
<corpus>

	<body>
<s id="s1" ref="1" source="Running text" forest="1" text="Exacerbado 5 Definições encontradas.">
	<graph root="s1_500">
		<terminals>
			<t id="s1_1" word="Exacerbado" lemma="exacerbar" pos="v-pcp" morph="M S" extra="cjt-head cjt-head-X *"/>
			<t id="s1_2" word="5" lemma="5" pos="num" morph="F P" extra="card"/>
			<t id="s1_3" word="Definições" lemma="definição" pos="n" morph="F P" sem="sem-c" extra="cjt-X prop *"/>
			<t id="s1_4" word="encontradas" lemma="encontrado" pos="adj" morph="F P" extra="nh np-close"/>
			<t id="s1_5" word="." lemma="--" pos="pu" morph="--" extra="--"/>
		</terminals>

		<nonterminals>
			<nt id="s1_500" cat="s">
				<edge label="X" idref="s1_501"/>
			</nt>
			<nt id="s1_501" cat="par">
				<edge label="CJT" idref="s1_1"/>
				<edge label="CJT" idref="s1_502"/>
				<edge label="PU" idref="s1_5"/>
			</nt>
			<nt id="s1_502" cat="np">
				<edge label="DN" idref="s1_2"/>
				<edge label="H" idref="s1_3"/>
				<edge label="DN" idref="s1_4"/>
			</nt>
		</nonterminals>
	</graph>
</s>

<s id="s2" ref="2" source="Running text" forest="1" text="Tweet Classificação morfossintática:">
	<graph root="s2_500">
		<terminals>
			<t id="s2_1" word="Tweet_Classificação" lemma="Tweet_Classificação" pos="prop" morph="M S" extra="common * heur"/>
			<t id="s2_2" word="morfossintática" lemma="morfossintático" pos="adj" morph="F S" extra="DERS jh np-close"/>
			<t id="s2_3" word=":" lemma="--" pos="pu" morph="--" extra="--"/>
		</terminals>

		<nonterminals>
			<nt id="s2_500" cat="s">
				<edge label="X" idref="s2_501"/>
			</nt>
			<nt id="s2_501" cat="np">
				<edge label="H" idref="s2_1"/>
				<edge label="DN" idref="s2_2"/>
				<edge label="PU" idref="s2_3"/>
			</nt>
		</nonterminals>
	</graph>
</s>

<s id="s3" ref="3" source="Running text" forest="1" text="Verbo, particípio de exacerbar Adjetivo, masculino singular Flexões da palavra Exacerbado Significados de Exacerbado:">
	<graph root="s3_500">
		<terminals>
			<t id="s3_1" word="Verbo" lemma="verbo" pos="n" morph="M S" sem="ac-cat" extra="cjt-head cjt-head-X *"/>
			<t id="s3_2" word="," lemma="--" pos="pu" morph="--" extra="--"/>
			<t id="s3_3" word="particípio" lemma="particípio" pos="n" morph="M S" sem="ac-cat" extra="cjt-X"/>
			<t id="s3_4" word="de" lemma="de" pos="prp" morph="--" extra="np-close"/>
			<t id="s3_5" word="exacerbar" lemma="exacerbar" pos="v-inf" morph="--" extra="mv"/>
			<t id="s3_6" word="Adjetivo" lemma="Adjetivo" pos="prop" morph="M/F S" extra="cjt-X hum *"/>
			<t id="s3_7" word="," lemma="--" pos="pu" morph="--" extra="--"/>
			<t id="s3_8" word="masculino" lemma="masculino" pos="n" morph="M S" sem="ac-cat" extra="np-close"/>
			<t id="s3_9" word="singular" lemma="singular" pos="adj" morph="M/F S" extra="jh np-close"/>
			<t id="s3_10" word="Flexões" lemma="flexão" pos="n" morph="F P" sem="act" extra="prop * np-close"/>
			<t id="s3_11" word="de" lemma="de" pos="prp" morph="--" extra="sam- np-close"/>
			<t id="s3_12" word="a" lemma="o" pos="art" morph="F S" extra="-sam "/>
			<t id="s3_13" word="palavra" lemma="palavra" pos="n" morph="F S" sem="ac-cat act-s" extra="--"/>
			<t id="s3_14" word="Exacerbado_Significados_de_Exacerbado" lemma="Exacerbado_Significados_de_Exacerbado" pos="prop" morph="F S" extra="org * heur np-close"/>
			<t id="s3_15" word=":" lemma="--" pos="pu" morph="--" extra="--"/>
		</terminals>

		<nonterminals>
			<nt id="s3_500" cat="s">
				<edge label="X" idref="s3_501"/>
			</nt>
			<nt id="s3_501" cat="par">
				<edge label="CJT" idref="s3_1"/>
				<edge label="PU" idref="s3_2"/>
				<edge label="CJT" idref="s3_502"/>
				<edge label="CJT" idref="s3_504"/>
				<edge label="PU" idref="s3_15"/>
			</nt>
			<nt id="s3_502" cat="np">
				<edge label="H" idref="s3_3"/>
				<edge label="DN" idref="s3_503"/>
			</nt>
			<nt id="s3_503" cat="pp">
				<edge label="H" idref="s3_4"/>
				<edge label="DP" idref="s3_5"/>
			</nt>
			<nt id="s3_504" cat="np">
				<edge label="H" idref="s3_6"/>
				<edge label="PU" idref="s3_7"/>
				<edge label="DNc" idref="s3_505"/>
			</nt>
			<nt id="s3_505" cat="np">
				<edge label="H" idref="s3_8"/>
				<edge label="DNc" idref="s3_506"/>
			</nt>
			<nt id="s3_506" cat="np">
				<edge label="H" idref="s3_9"/>
				<edge label="DNc" idref="s3_507"/>
			</nt>
			<nt id="s3_507" cat="np">
				<edge label="H" idref="s3_10"/>
				<edge label="DN" idref="s3_508"/>
			</nt>
			<nt id="s3_508" cat="pp">
				<edge label="H" idref="s3_11"/>
				<edge label="DP" idref="s3_509"/>
			</nt>
			<nt id="s3_509" cat="np">
				<edge label="DN" idref="s3_12"/>
				<edge label="H" idref="s3_13"/>
				<edge label="DN" idref="s3_14"/>
			</nt>
		</nonterminals>
	</graph>
</s>

<s id="s4" ref="4" source="Running text" forest="1" text="254 sobe, 101 desce 1. Exacerbado Por Dicionário inFormal(SP) em 25-08-2008 Exigir demais de, exagero, esquecer, exageradíssimo, exacerbado, exigir, exigir muito de, exagerar, execrável, exagerado A necessidade de proteger uma marca no Usa é exacerbada por os bilhões de dólares em perdas.">
	<graph root="s4_500">
		<terminals>
			<t id="s4_1" word="254" lemma="254" pos="num" morph="M/F S" extra="card"/>
			<t id="s4_2" word="sobe" lemma="subir" pos="v-fin" morph="PR 3S IND VFIN" extra="cjt-head cjt-head-STA fmc mv"/>
			<t id="s4_3" word="," lemma="--" pos="pu" morph="--" extra="--"/>
			<t id="s4_4" word="101" lemma="101" pos="num" morph="M/F P" extra="card"/>
			<t id="s4_5" word="desce" lemma="descer" pos="v-fin" morph="PR 3S IND VFIN" extra="cjt-STA fmc mv"/>
			<t id="s4_6" word="1." lemma="1." pos="adj" morph="M/F S" extra="NUM-ord"/>
			<t id="s4_7" word="Exacerbado_Por_Dicionário" lemma="Exacerbado_Por_Dicionário" pos="prop" morph="M S" extra="tit *"/>
			<t id="s4_8" word="inFormal" lemma="inFormal" pos="adj" morph="M S" extra="np-close"/>
			<t id="s4_9" word="(" lemma="--" pos="pu" morph="--" extra="--"/>
			<t id="s4_10" word="SP" lemma="SP" pos="prop" morph="M S" extra="civ *"/>
			<t id="s4_11" word=")" lemma="--" pos="pu" morph="--" extra="--"/>
			<t id="s4_12" word="em" lemma="em" pos="prp" morph="--" extra="--"/>
			<t id="s4_13" word="25-08-2008" lemma="25-08-2008" pos="num" morph="M/F S" extra="card"/>
			<t id="s4_14" word="Exigir" lemma="exigir" pos="v-inf" morph="--" extra="* vH mv"/>
			<t id="s4_15" word="demais" lemma="demais" pos="pron-indef" morph="DET M/F S/P" extra="--"/>
			<t id="s4_16" word="de" lemma="de" pos="prp" morph="--" extra="--"/>
			<t id="s4_17" word="," lemma="--" pos="pu" morph="--" extra="--"/>
			<t id="s4_18" word="exagero" lemma="exagero" pos="n" morph="M S" sem="am" extra="clb"/>
			<t id="s4_19" word="," lemma="--" pos="pu" morph="--" extra="--"/>
			<t id="s4_20" word="esquecer" lemma="esquecer" pos="v-inf" morph="--" extra="cjt-head cjt-head-DP vH mv"/>
			<t id="s4_21" word="," lemma="--" pos="pu" morph="--" extra="--"/>
			<t id="s4_22" word="exageradíssimo" lemma="exageradíssimo" pos="adj" morph="M S" extra="DERS"/>
			<t id="s4_23" word="," lemma="--" pos="pu" morph="--" extra="--"/>
			<t id="s4_24" word="exacerbado" lemma="exacerbar" pos="v-pcp" morph="M S" extra="--"/>
			<t id="s4_25" word="," lemma="--" pos="pu" morph="--" extra="--"/>
			<t id="s4_26" word="exigir" lemma="exigir" pos="v-inf" morph="--" extra="cjt-DP vH mv"/>
			<t id="s4_27" word="," lemma="--" pos="pu" morph="--" extra="--"/>
			<t id="s4_28" word="exigir" lemma="exigir" pos="v-inf" morph="--" extra="vH mv"/>
			<t id="s4_29" word="muito" lemma="muito" pos="pron-indef" morph="DET M S" extra="quant"/>
			<t id="s4_30" word="de" lemma="de" pos="prp" morph="--" extra="--"/>
			<t id="s4_31" word="," lemma="--" pos="pu" morph="--" extra="--"/>
			<t id="s4_32" word="exagerar" lemma="exagerar" pos="v-inf" morph="--" extra="vH mv"/>
			<t id="s4_33" word="," lemma="--" pos="pu" morph="--" extra="--"/>
			<t id="s4_34" word="execrável" lemma="execrável" pos="adj" morph="M/F S" extra="jh"/>
			<t id="s4_35" word="," lemma="--" pos="pu" morph="--" extra="--"/>
			<t id="s4_36" word="exagerado" lemma="exagerar" pos="v-pcp" morph="M S" extra="clb vH jh"/>
			<t id="s4_37" word="A" lemma="o" pos="art" morph="F S" extra="clb * artd"/>
			<t id="s4_38" word="necessidade" lemma="necessidade" pos="n" morph="F S" sem="am sit" extra="--"/>
			<t id="s4_39" word="de" lemma="de" pos="prp" morph="--" extra="--"/>
			<t id="s4_40" word="proteger" lemma="proteger" pos="v-inf" morph="--" extra="mv"/>
			<t id="s4_41" word="uma" lemma="um" pos="art" morph="F S" extra="--"/>
			<t id="s4_42" word="marca" lemma="marca" pos="n" morph="F S" sem="ac-sign Labs bar" extra="cjt-head cjt-head-Od"/>
			<t id="s4_43" word="em" lemma="em" pos="prp" morph="--" extra="sam-"/>
			<t id="s4_44" word="o" lemma="o" pos="art" morph="M S" extra="-sam "/>
			<t id="s4_45" word="Usa" lemma="usar" pos="v-fin" morph="PR 3S IND VFIN" extra="* vH"/>
			<t id="s4_46" word="é" lemma="é" pos="adv" morph="--" extra="foc"/>
			<t id="s4_47" word="exacerbada" lemma="exacerbar" pos="v-pcp" morph="F S" extra="cjt-Od"/>
			<t id="s4_48" word="por" lemma="por" pos="prp" morph="--" extra="sam-"/>
			<t id="s4_49" word="os" lemma="o" pos="art" morph="M P" extra="-sam "/>
			<t id="s4_50" word="bilhões" lemma="bilhão" pos="n" morph="M P" sem="amount" extra="--"/>
			<t id="s4_51" word="de" lemma="de" pos="prp" morph="--" extra="np-close"/>
			<t id="s4_52" word="dólares" lemma="dólar" pos="n" morph="M P" sem="unit cur" extra="--"/>
			<t id="s4_53" word="em" lemma="em" pos="prp" morph="--" extra="--"/>
			<t id="s4_54" word="perdas" lemma="perda" pos="n" morph="F P" sem="event" extra="--"/>
			<t id="s4_55" word="." lemma="--" pos="pu" morph="--" extra="--"/>
		</terminals>

		<nonterminals>
			<nt id="s4_500" cat="s">
				<edge label="STA" idref="s4_501"/>
			</nt>
			<nt id="s4_501" cat="par">
				<edge label="CJT" idref="s4_502"/>
				<edge label="PU" idref="s4_3"/>
				<edge label="CJT" idref="s4_503"/>
				<edge label="PU" idref="s4_55"/>
			</nt>
			<nt id="s4_502" cat="fcl">
				<edge label="S" idref="s4_1"/>
				<edge label="P" idref="s4_2"/>
			</nt>
			<nt id="s4_503" cat="fcl">
				<edge label="Od" idref="s4_4"/>
				<edge label="P" idref="s4_5"/>
				<edge label="fCs" idref="s4_6"/>
				<edge label="S" idref="s4_504"/>
				<edge label="PU" idref="s4_9"/>
				<edge label="Od" idref="s4_505"/>
				<edge label="PU" idref="s4_11"/>
				<edge label="fA" idref="s4_506"/>
			</nt>
			<nt id="s4_504" cat="np">
				<edge label="H" idref="s4_7"/>
				<edge label="DN" idref="s4_8"/>
			</nt>
			<nt id="s4_505" cat="fcl">
				<edge label="S" idref="s4_10"/>
			</nt>
			<nt id="s4_506" cat="pp">
				<edge label="H" idref="s4_12"/>
				<edge label="DP" idref="s4_13"/>
				<edge label="P" idref="s4_14"/>
				<edge label="Od" idref="s4_15"/>
				<edge label="Op" idref="s4_507"/>
			</nt>
			<nt id="s4_507" cat="pp">
				<edge label="H" idref="s4_16"/>
				<edge label="PU" idref="s4_17"/>
				<edge label="DP" idref="s4_508"/>
				<edge label="PU" idref="s4_27"/>
				<edge label="UTT" idref="s4_510"/>
			</nt>
			<nt id="s4_508" cat="par">
				<edge label="CJT" idref="s4_509"/>
				<edge label="PU" idref="s4_25"/>
				<edge label="CJT" idref="s4_26"/>
			</nt>
			<nt id="s4_509" cat="fcl">
				<edge label="S" idref="s4_18"/>
				<edge label="PU" idref="s4_19"/>
				<edge label="P" idref="s4_20"/>
				<edge label="PU" idref="s4_21"/>
				<edge label="fCs" idref="s4_22"/>
				<edge label="PU" idref="s4_23"/>
				<edge label="fCs" idref="s4_24"/>
			</nt>
			<nt id="s4_510" cat="icl">
				<edge label="P" idref="s4_28"/>
				<edge label="Od" idref="s4_29"/>
				<edge label="Op" idref="s4_511"/>
			</nt>
			<nt id="s4_511" cat="pp">
				<edge label="H" idref="s4_30"/>
				<edge label="PU" idref="s4_31"/>
				<edge label="DP" idref="s4_512"/>
			</nt>
			<nt id="s4_512" cat="icl">
				<edge label="P" idref="s4_32"/>
				<edge label="PU" idref="s4_33"/>
				<edge label="fCs" idref="s4_34"/>
				<edge label="PU" idref="s4_35"/>
				<edge label="fCs" idref="s4_513"/>
			</nt>
			<nt id="s4_513" cat="pp">
				<edge label="DP" idref="s4_514"/>
				<edge label="H" idref="s4_39"/>
			</nt>
			<nt id="s4_514" cat="icl">
				<edge label="fA" idref="s4_515"/>
			</nt>
			<nt id="s4_515" cat="pp">
				<edge label="DP" idref="s4_516"/>
			</nt>
			<nt id="s4_516" cat="np">
				<edge label="S" idref="s4_36"/>
				<edge label="fA" idref="s4_517"/>
				<edge label="fA" idref="s4_520"/>
				<edge label="P" idref="s4_40"/>
				<edge label="Od" idref="s4_522"/>
				<edge label="fA" idref="s4_524"/>
			</nt>
			<nt id="s4_517" cat="pp">
				<edge label="DP" idref="s4_518"/>
			</nt>
			<nt id="s4_518" cat="np">
				<edge label="S" idref="s4_519"/>
			</nt>
			<nt id="s4_519" cat="np">
				<edge label="DN" idref="s4_37"/>
				<edge label="H" idref="s4_38"/>
			</nt>
			<nt id="s4_520" cat="pp">
				<edge label="DP" idref="s4_521"/>
			</nt>
			<nt id="s4_521" cat="np">
			</nt>
			<nt id="s4_522" cat="par">
				<edge label="CJT" idref="s4_523"/>
			</nt>
			<nt id="s4_523" cat="np">
				<edge label="DN" idref="s4_41"/>
				<edge label="H" idref="s4_42"/>
			</nt>
			<nt id="s4_524" cat="pp">
				<edge label="H" idref="s4_43"/>
				<edge label="DP" idref="s4_525"/>
				<edge label="FOC" idref="s4_46"/>
			</nt>
			<nt id="s4_525" cat="np">
				<edge label="DN" idref="s4_44"/>
				<edge label="P" idref="s4_45"/>
				<edge label="CJT" idref="s4_526"/>
				<edge label="H" idref="s4_47"/>
				<edge label="fA" idref="s4_527"/>
				<edge label="fA" idref="s4_530"/>
			</nt>
			<nt id="s4_526" cat="adjp">
			</nt>
			<nt id="s4_527" cat="pp">
				<edge label="H" idref="s4_48"/>
				<edge label="DP" idref="s4_528"/>
			</nt>
			<nt id="s4_528" cat="np">
				<edge label="DN" idref="s4_49"/>
				<edge label="H" idref="s4_50"/>
				<edge label="DN" idref="s4_529"/>
			</nt>
			<nt id="s4_529" cat="pp">
				<edge label="H" idref="s4_51"/>
				<edge label="DP" idref="s4_52"/>
			</nt>
			<nt id="s4_530" cat="pp">
				<edge label="H" idref="s4_53"/>
				<edge label="DP" idref="s4_54"/>
			</nt>
		</nonterminals>
	</graph>
</s>

<s id="s5" ref="5" source="Running text" forest="1" text="Compartilhar enviar nova definição enviar nova imagem denunciar abuso Sinônimos:">
	<graph root="s5_500">
		<terminals>
			<t id="s5_1" word="Compartilhar" lemma="compartilhar" pos="v-inf" morph="--" extra="* vH mv"/>
			<t id="s5_2" word="enviar" lemma="enviar" pos="v-inf" morph="--" extra="vH mv"/>
			<t id="s5_3" word="nova" lemma="novo" pos="adj" morph="F S" extra="jh"/>
			<t id="s5_4" word="definição" lemma="definição" pos="n" morph="F S" sem="sem-c" extra="--"/>
			<t id="s5_5" word="enviar" lemma="enviar" pos="v-inf" morph="--" extra="vH mv"/>
			<t id="s5_6" word="nova" lemma="novo" pos="adj" morph="F S" extra="jh"/>
			<t id="s5_7" word="imagem" lemma="imagem" pos="n" morph="F S" sem="pict sem-c ac-cat" extra="--"/>
			<t id="s5_8" word="denunciar" lemma="denunciar" pos="v-inf" morph="--" extra="vH mv"/>
			<t id="s5_9" word="abuso" lemma="abuso" pos="n" morph="M S" sem="activity" extra="--"/>
			<t id="s5_10" word="Sinônimos" lemma="Sinônimos" pos="prop" morph="M S" extra="hum * np-close"/>
			<t id="s5_11" word=":" lemma="--" pos="pu" morph="--" extra="--"/>
		</terminals>

		<nonterminals>
			<nt id="s5_500" cat="s">
				<edge label="UTT" idref="s5_501"/>
			</nt>
			<nt id="s5_501" cat="icl">
				<edge label="P" idref="s5_1"/>
				<edge label="Od" idref="s5_502"/>
				<edge label="PU" idref="s5_11"/>
			</nt>
			<nt id="s5_502" cat="icl">
				<edge label="P" idref="s5_2"/>
				<edge label="Od" idref="s5_503"/>
				<edge label="UTT" idref="s5_504"/>
				<edge label="UTT" idref="s5_506"/>
			</nt>
			<nt id="s5_503" cat="np">
				<edge label="DN" idref="s5_3"/>
				<edge label="H" idref="s5_4"/>
			</nt>
			<nt id="s5_504" cat="icl">
				<edge label="P" idref="s5_5"/>
				<edge label="Od" idref="s5_505"/>
			</nt>
			<nt id="s5_505" cat="np">
				<edge label="DN" idref="s5_6"/>
				<edge label="H" idref="s5_7"/>
			</nt>
			<nt id="s5_506" cat="icl">
				<edge label="P" idref="s5_8"/>
				<edge label="Od" idref="s5_507"/>
			</nt>
			<nt id="s5_507" cat="np">
				<edge label="H" idref="s5_9"/>
				<edge label="DN" idref="s5_10"/>
			</nt>
		</nonterminals>
	</graph>
</s>

<s id="s6" ref="6" source="Running text" forest="1" text="aumentado intenso azedado acidificadosfermentado coalhado exacerbado irritado acirrado colérico embravecido irado rábido sanhudo sanhoso danado estramontado escabreado furibundo zangado bramoso bravo iracundo enraivecido raivoso raivento exasperado enfurecido encolerizado furioso furente mais...">
	<graph root="s6_500">
		<terminals>
			<t id="s6_1" word="aumentado" lemma="aumentar" pos="v-pcp" morph="M S" extra="jh"/>
			<t id="s6_2" word="intenso" lemma="intenso" pos="adj" morph="M S" extra="nh"/>
			<t id="s6_3" word="azedado" lemma="azedado" pos="adj" morph="M S" extra="nh"/>
			<t id="s6_4" word="acidificadosfermentado" lemma="acidificadosfermentar" pos="v-pcp" morph="M S" extra="DERS"/>
			<t id="s6_5" word="coalhado" lemma="coalhar" pos="v-pcp" morph="M S" extra="vN"/>
			<t id="s6_6" word="exacerbado" lemma="exacerbar" pos="v-pcp" morph="M S" extra="--"/>
			<t id="s6_7" word="irritado" lemma="irritado" pos="adj" morph="M S" extra="jh"/>
			<t id="s6_8" word="acirrado" lemma="acirrado" pos="adj" morph="M S" extra="jh"/>
			<t id="s6_9" word="colérico" lemma="colérico" pos="n" morph="M S" sem="H Hsick" extra="cjt-head cjt-head-X"/>
			<t id="s6_10" word="embravecido" lemma="embravecer" pos="v-pcp" morph="M S" extra="np-close"/>
			<t id="s6_11" word="irado" lemma="irado" pos="adj" morph="M S" extra="--"/>
			<t id="s6_12" word="rábido" lemma="rabido" pos="adj" morph="M S" extra="--"/>
			<t id="s6_13" word="sanhudo" lemma="sanhudo" pos="adj" morph="M S" extra="--"/>
			<t id="s6_14" word="sanhoso" lemma="sanhoso" pos="adj" morph="M S" extra="--"/>
			<t id="s6_15" word="danado" lemma="danado" pos="adj" morph="M S" extra="--"/>
			<t id="s6_16" word="estramontado" lemma="estramontar" pos="v-pcp" morph="M S" extra="heur foreign"/>
			<t id="s6_17" word="escabreado" lemma="escabreado" pos="n" morph="M S" extra="cjt-X DERP DERS"/>
			<t id="s6_18" word="furibundo" lemma="furibundo" pos="adj" morph="M S" extra="np-close"/>
			<t id="s6_19" word="zangado" lemma="zangado" pos="adj" morph="M S" extra="jh"/>
			<t id="s6_20" word="bramoso" lemma="bramoso" pos="adj" morph="M S" extra="jh"/>
			<t id="s6_21" word="bravo" lemma="bravo" pos="n" morph="M S" sem="act-s" extra="cjt-X"/>
			<t id="s6_22" word="iracundo" lemma="iracundo" pos="adj" morph="M S" extra="jh np-close"/>
			<t id="s6_23" word="enraivecido" lemma="enraivecer" pos="v-pcp" morph="M S" extra="np-long"/>
			<t id="s6_24" word="raivoso" lemma="raivoso" pos="adj" morph="M S" extra="jh np-long"/>
			<t id="s6_25" word="raivento" lemma="raivento" pos="adj" morph="M S" extra="jh np-long"/>
			<t id="s6_26" word="exasperado" lemma="exasperar" pos="v-pcp" morph="M S" extra="np-long"/>
			<t id="s6_27" word="enfurecido" lemma="enfurecido" pos="adj" morph="M S" extra="jh np-long"/>
			<t id="s6_28" word="encolerizado" lemma="encolerizar" pos="v-pcp" morph="M S" extra="np-long"/>
			<t id="s6_29" word="furioso" lemma="furioso" pos="adj" morph="M S" extra="jh np-long"/>
			<t id="s6_30" word="furente" lemma="furente" pos="adj" morph="M S" extra="jh np-long"/>
			<t id="s6_31" word="mais" lemma="mais" pos="adv" morph="--" extra="quant KOMP"/>
			<t id="s6_32" word="." lemma="--" pos="pu" morph="--" extra="--"/>
		</terminals>

		<nonterminals>
			<nt id="s6_500" cat="s">
				<edge label="X" idref="s6_501"/>
			</nt>
			<nt id="s6_501" cat="par">
				<edge label="CJT" idref="s6_502"/>
				<edge label="CJT" idref="s6_503"/>
				<edge label="CJT" idref="s6_504"/>
				<edge label="PU" idref="s6_32"/>
			</nt>
			<nt id="s6_502" cat="np">
				<edge label="DN" idref="s6_1"/>
				<edge label="DN" idref="s6_2"/>
				<edge label="DN" idref="s6_3"/>
				<edge label="DN" idref="s6_4"/>
				<edge label="DN" idref="s6_5"/>
				<edge label="DN" idref="s6_6"/>
				<edge label="DN" idref="s6_7"/>
				<edge label="DN" idref="s6_8"/>
				<edge label="H" idref="s6_9"/>
				<edge label="DN" idref="s6_10"/>
			</nt>
			<nt id="s6_503" cat="np">
				<edge label="DN" idref="s6_11"/>
				<edge label="DN" idref="s6_12"/>
				<edge label="DN" idref="s6_13"/>
				<edge label="DN" idref="s6_14"/>
				<edge label="DN" idref="s6_15"/>
				<edge label="DN" idref="s6_16"/>
				<edge label="H" idref="s6_17"/>
				<edge label="DN" idref="s6_18"/>
			</nt>
			<nt id="s6_504" cat="np">
				<edge label="DN" idref="s6_19"/>
				<edge label="DN" idref="s6_20"/>
				<edge label="H" idref="s6_21"/>
				<edge label="DN" idref="s6_22"/>
				<edge label="DN" idref="s6_23"/>
				<edge label="DN" idref="s6_24"/>
				<edge label="DN" idref="s6_25"/>
				<edge label="DN" idref="s6_26"/>
				<edge label="DN" idref="s6_27"/>
				<edge label="DN" idref="s6_28"/>
				<edge label="DN" idref="s6_29"/>
				<edge label="DN" idref="s6_30"/>
				<edge label="fA" idref="s6_31"/>
			</nt>
		</nonterminals>
	</graph>
</s>

<s id="s7" ref="7" source="Running text" forest="1" text="Antônimos:">
	<graph root="s7_500">
		<terminals>
			<t id="s7_1" word="Antônimos" lemma="antônimo" pos="adj" morph="M P" extra="* nh"/>
			<t id="s7_2" word=":" lemma="--" pos="pu" morph="--" extra="--"/>
		</terminals>

		<nonterminals>
			<nt id="s7_500" cat="s">
				<edge label="UTT" idref="s7_501"/>
			</nt>
			<nt id="s7_501" cat="x">
				<edge label="X" idref="s7_1"/>
				<edge label="PU" idref="s7_2"/>
			</nt>
		</nonterminals>
	</graph>
</s>

<s id="s8" ref="8" source="Running text" forest="1" text="diminuido pouco suave humilde mais...">
	<graph root="s8_500">
		<terminals>
			<t id="s8_1" word="diminuido" lemma="diminuir" pos="v-pcp" morph="M S" extra="--"/>
			<t id="s8_2" word="pouco" lemma="pouco" pos="adv" morph="--" extra="quant"/>
			<t id="s8_3" word="suave" lemma="suave" pos="adj" morph="M/F S" extra="np-close"/>
			<t id="s8_4" word="humilde" lemma="humilde" pos="adj" morph="M/F S" extra="np-long"/>
			<t id="s8_5" word="mais" lemma="mais" pos="adv" morph="--" extra="quant KOMP"/>
			<t id="s8_6" word="." lemma="--" pos="pu" morph="--" extra="--"/>
		</terminals>

		<nonterminals>
			<nt id="s8_500" cat="s">
				<edge label="X" idref="s8_501"/>
			</nt>
			<nt id="s8_501" cat="adjp">
				<edge label="H" idref="s8_1"/>
				<edge label="DN" idref="s8_502"/>
				<edge label="DA" idref="s8_2"/>
				<edge label="H" idref="s8_3"/>
				<edge label="DN" idref="s8_4"/>
				<edge label="fA" idref="s8_5"/>
				<edge label="PU" idref="s8_6"/>
			</nt>
			<nt id="s8_502" cat="adjp">
			</nt>
		</nonterminals>
	</graph>
</s>

<s id="s9" ref="9" source="Running text" forest="1" text="Relacionadas:">
	<graph root="s9_500">
		<terminals>
			<t id="s9_1" word="Relacionadas" lemma="relacionado" pos="adj" morph="F P" extra="* nh"/>
			<t id="s9_2" word=":" lemma="--" pos="pu" morph="--" extra="--"/>
		</terminals>

		<nonterminals>
			<nt id="s9_500" cat="s">
				<edge label="UTT" idref="s9_501"/>
			</nt>
			<nt id="s9_501" cat="x">
				<edge label="X" idref="s9_1"/>
				<edge label="PU" idref="s9_2"/>
			</nt>
		</nonterminals>
	</graph>
</s>

<s id="s10" ref="10" source="Running text" forest="1" text="agravado exagerado soberbo mais...">
	<graph root="s10_500">
		<terminals>
			<t id="s10_1" word="agravado" lemma="agravar" pos="v-pcp" morph="M S" extra="--"/>
			<t id="s10_2" word="exagerado" lemma="exagerado" pos="adj" morph="M S" extra="n nh"/>
			<t id="s10_3" word="soberbo" lemma="soberbo" pos="adj" morph="M S" extra="jh"/>
			<t id="s10_4" word="mais" lemma="muito" pos="pron-indef" morph="DET M/F S" extra="quant KOMP"/>
			<t id="s10_5" word="." lemma="--" pos="pu" morph="--" extra="--"/>
		</terminals>

		<nonterminals>
			<nt id="s10_500" cat="s">
				<edge label="S" idref="s10_501"/>
			</nt>
			<nt id="s10_501" cat="np">
				<edge label="DN" idref="s10_1"/>
				<edge label="H" idref="s10_2"/>
				<edge label="S" idref="s10_3"/>
				<edge label="S" idref="s10_4"/>
				<edge label="PU" idref="s10_5"/>
			</nt>
		</nonterminals>
	</graph>
</s>

<s id="s11" ref="11" source="Running text" forest="1" text="96 sobe, 69 desce 2. Exacerbado Por Dicionário inFormal(SP) em 04-08-2008 Agravado, aumentado Este fenômeno irá ter conseqüências diretas na evaporação exacerbada da água nas centenas de quilômetros de canais a céu aberto existentes no projeto, refletindo, igualmente, no agravamento dos problemas de geração e bombeamento da água.">
	<graph root="s11_500">
		<terminals>
			<t id="s11_1" word="96" lemma="96" pos="num" morph="M/F P" extra="card"/>
			<t id="s11_2" word="sobe" lemma="subir" pos="v-fin" morph="PR 3S IND VFIN" extra="nosubj cjt-head cjt-head-STA fmc mv"/>
			<t id="s11_3" word="," lemma="--" pos="pu" morph="--" extra="--"/>
			<t id="s11_4" word="69" lemma="69" pos="num" morph="M/F P" extra="card"/>
			<t id="s11_5" word="desce" lemma="descer" pos="v-fin" morph="PR 3S IND VFIN" extra="cjt-STA fmc mv"/>
			<t id="s11_6" word="2." lemma="2." pos="adj" morph="M/F S" extra="NUM-ord"/>
			<t id="s11_7" word="Exacerbado_Por_Dicionário" lemma="Exacerbado_Por_Dicionário" pos="prop" morph="M S" extra="tit *"/>
			<t id="s11_8" word="inFormal" lemma="inFormal" pos="adj" morph="M S" extra="np-close"/>
			<t id="s11_9" word="(" lemma="--" pos="pu" morph="--" extra="--"/>
			<t id="s11_10" word="SP" lemma="SP" pos="prop" morph="M S" extra="civ * np-close"/>
			<t id="s11_11" word=")" lemma="--" pos="pu" morph="--" extra="--"/>
			<t id="s11_12" word="em" lemma="em" pos="prp" morph="--" extra="--"/>
			<t id="s11_13" word="04-08-2008" lemma="04-08-2008" pos="num" morph="M/F P" extra="card"/>
			<t id="s11_14" word="Agravado" lemma="agravar" pos="v-pcp" morph="M S" extra="prop n *"/>
			<t id="s11_15" word="," lemma="--" pos="pu" morph="--" extra="--"/>
			<t id="s11_16" word="aumentado" lemma="aumentado" pos="adj" morph="M S" extra="nh"/>
			<t id="s11_17" word="Este" lemma="este" pos="pron-dem" morph="DET M S" extra="* dem"/>
			<t id="s11_18" word="fenômeno" lemma="fenômeno" pos="n" morph="M S" sem="ac" extra="--"/>
			<t id="s11_19" word="irá" lemma="ir" pos="v-fin" morph="FUT 3S IND VFIN" extra="cjt-STA fmc aux"/>
			<t id="s11_20" word="ter" lemma="ter" pos="v-inf" morph="--" extra="mv"/>
			<t id="s11_21" word="conseqüências" lemma="conseqüência" pos="n" morph="F P" sem="ac am" extra="--"/>
			<t id="s11_22" word="diretas" lemma="direto" pos="adj" morph="F P" extra="np-close"/>
			<t id="s11_23" word="em" lemma="em" pos="prp" morph="--" extra="sam-"/>
			<t id="s11_24" word="a" lemma="o" pos="art" morph="F S" extra="-sam "/>
			<t id="s11_25" word="evaporação" lemma="evaporação" pos="n" morph="F S" sem="process" extra="--"/>
			<t id="s11_26" word="exacerbada" lemma="exacerbar" pos="v-pcp" morph="F S" extra="np-close"/>
			<t id="s11_27" word="de" lemma="de" pos="prp" morph="--" extra="sam- np-close"/>
			<t id="s11_28" word="a" lemma="o" pos="art" morph="F S" extra="-sam "/>
			<t id="s11_29" word="água" lemma="água" pos="n" morph="F S" sem="cm-liq drink f-q" extra="--"/>
			<t id="s11_30" word="em" lemma="em" pos="prp" morph="--" extra="sam-"/>
			<t id="s11_31" word="as" lemma="o" pos="art" morph="F P" extra="-sam "/>
			<t id="s11_32" word="centenas" lemma="centena" pos="n" morph="F P" sem="amount" extra="--"/>
			<t id="s11_33" word="de" lemma="de" pos="prp" morph="--" extra="np-close"/>
			<t id="s11_34" word="quilômetros" lemma="quilômetro" pos="n" morph="M P" sem="unit" extra="--"/>
			<t id="s11_35" word="de" lemma="de" pos="prp" morph="--" extra="np-close"/>
			<t id="s11_36" word="canais" lemma="canal" pos="n" morph="M P" sem="Lwater" extra="--"/>
			<t id="s11_37" word="a_céu_aberto" lemma="a_céu_aberto" pos="adv" morph="--" sem="pp" extra="--"/>
			<t id="s11_38" word="existentes" lemma="existente" pos="adj" morph="M/F P" extra="nh"/>
			<t id="s11_39" word="em" lemma="em" pos="prp" morph="--" extra="sam-"/>
			<t id="s11_40" word="o" lemma="o" pos="art" morph="M S" extra="-sam "/>
			<t id="s11_41" word="projeto" lemma="projeto" pos="n" morph="M S" sem="sem-c" extra="--"/>
			<t id="s11_42" word="," lemma="--" pos="pu" morph="--" extra="--"/>
			<t id="s11_43" word="refletindo" lemma="refletir" pos="v-ger" morph="--" extra="vH mv"/>
			<t id="s11_44" word="," lemma="--" pos="pu" morph="--" extra="--"/>
			<t id="s11_45" word="igualmente" lemma="igualmente" pos="adv" morph="--" extra="quant"/>
			<t id="s11_46" word="," lemma="--" pos="pu" morph="--" extra="--"/>
			<t id="s11_47" word="em" lemma="em" pos="prp" morph="--" extra="sam-"/>
			<t id="s11_48" word="o" lemma="o" pos="art" morph="M S" extra="-sam "/>
			<t id="s11_49" word="agravamento" lemma="agravamento" pos="n" morph="M S" sem="process" extra="--"/>
			<t id="s11_50" word="de" lemma="de" pos="prp" morph="--" extra="sam- np-close"/>
			<t id="s11_51" word="os" lemma="o" pos="art" morph="M P" extra="-sam "/>
			<t id="s11_52" word="problemas" lemma="problema" pos="n" morph="M P" sem="ac" extra="--"/>
			<t id="s11_53" word="de" lemma="de" pos="prp" morph="--" extra="np-close"/>
			<t id="s11_54" word="geração" lemma="geração" pos="n" morph="F S" sem="HH act" extra="cjt-head cjt-head-DP"/>
			<t id="s11_55" word="e" lemma="e" pos="conj-c" morph="--" extra="--"/>
			<t id="s11_56" word="bombeamento" lemma="bombeamento" pos="n" morph="M S" extra="cjt-DP DERS"/>
			<t id="s11_57" word="de" lemma="de" pos="prp" morph="--" extra="sam- np-close"/>
			<t id="s11_58" word="a" lemma="o" pos="art" morph="F S" extra="-sam "/>
			<t id="s11_59" word="água" lemma="água" pos="n" morph="F S" sem="cm-liq drink f-q" extra="--"/>
			<t id="s11_60" word="." lemma="--" pos="pu" morph="--" extra="--"/>
		</terminals>

		<nonterminals>
			<nt id="s11_500" cat="s">
				<edge label="STA" idref="s11_501"/>
			</nt>
			<nt id="s11_501" cat="par">
				<edge label="CJT" idref="s11_502"/>
				<edge label="PU" idref="s11_3"/>
				<edge label="CJT" idref="s11_503"/>
				<edge label="PU" idref="s11_15"/>
				<edge label="CJT" idref="s11_507"/>
				<edge label="PU" idref="s11_60"/>
			</nt>
			<nt id="s11_502" cat="fcl">
				<edge label="Od" idref="s11_1"/>
				<edge label="P" idref="s11_2"/>
			</nt>
			<nt id="s11_503" cat="fcl">
				<edge label="Od" idref="s11_4"/>
				<edge label="P" idref="s11_5"/>
				<edge label="fCs" idref="s11_6"/>
				<edge label="S" idref="s11_504"/>
				<edge label="fA" idref="s11_505"/>
			</nt>
			<nt id="s11_504" cat="np">
				<edge label="H" idref="s11_7"/>
				<edge label="DN" idref="s11_8"/>
				<edge label="PU" idref="s11_9"/>
				<edge label="DNapp" idref="s11_10"/>
				<edge label="PU" idref="s11_11"/>
			</nt>
			<nt id="s11_505" cat="pp">
				<edge label="H" idref="s11_12"/>
				<edge label="DP" idref="s11_506"/>
			</nt>
			<nt id="s11_506" cat="np">
				<edge label="DN" idref="s11_13"/>
				<edge label="H" idref="s11_14"/>
			</nt>
			<nt id="s11_507" cat="fcl">
				<edge label="S" idref="s11_16"/>
				<edge label="S" idref="s11_508"/>
				<edge label="P" idref="s11_509"/>
				<edge label="Od" idref="s11_510"/>
				<edge label="fA" idref="s11_511"/>
				<edge label="fA" idref="s11_515"/>
				<edge label="fA" idref="s11_37"/>
				<edge label="fCs" idref="s11_38"/>
				<edge label="fA" idref="s11_520"/>
				<edge label="PU" idref="s11_42"/>
				<edge label="fA" idref="s11_522"/>
			</nt>
			<nt id="s11_508" cat="np">
				<edge label="DN" idref="s11_17"/>
				<edge label="H" idref="s11_18"/>
			</nt>
			<nt id="s11_509" cat="vp">
				<edge label="Vaux" idref="s11_19"/>
				<edge label="Vm" idref="s11_20"/>
			</nt>
			<nt id="s11_510" cat="np">
				<edge label="H" idref="s11_21"/>
				<edge label="DN" idref="s11_22"/>
			</nt>
			<nt id="s11_511" cat="pp">
				<edge label="H" idref="s11_23"/>
				<edge label="DP" idref="s11_512"/>
			</nt>
			<nt id="s11_512" cat="np">
				<edge label="DN" idref="s11_24"/>
				<edge label="H" idref="s11_25"/>
				<edge label="DN" idref="s11_26"/>
				<edge label="DN" idref="s11_513"/>
			</nt>
			<nt id="s11_513" cat="pp">
				<edge label="H" idref="s11_27"/>
				<edge label="DP" idref="s11_514"/>
			</nt>
			<nt id="s11_514" cat="np">
				<edge label="DN" idref="s11_28"/>
				<edge label="H" idref="s11_29"/>
			</nt>
			<nt id="s11_515" cat="pp">
				<edge label="H" idref="s11_30"/>
				<edge label="DP" idref="s11_516"/>
			</nt>
			<nt id="s11_516" cat="np">
				<edge label="DN" idref="s11_31"/>
				<edge label="H" idref="s11_32"/>
				<edge label="DN" idref="s11_517"/>
			</nt>
			<nt id="s11_517" cat="pp">
				<edge label="H" idref="s11_33"/>
				<edge label="DP" idref="s11_518"/>
			</nt>
			<nt id="s11_518" cat="np">
				<edge label="H" idref="s11_34"/>
				<edge label="DN" idref="s11_519"/>
			</nt>
			<nt id="s11_519" cat="pp">
				<edge label="H" idref="s11_35"/>
				<edge label="DP" idref="s11_36"/>
			</nt>
			<nt id="s11_520" cat="pp">
				<edge label="H" idref="s11_39"/>
				<edge label="DP" idref="s11_521"/>
			</nt>
			<nt id="s11_521" cat="np">
				<edge label="DN" idref="s11_40"/>
				<edge label="H" idref="s11_41"/>
			</nt>
			<nt id="s11_522" cat="advp">
				<edge label="P" idref="s11_43"/>
				<edge label="PU" idref="s11_44"/>
				<edge label="fA" idref="s11_45"/>
				<edge label="PU" idref="s11_46"/>
				<edge label="Op" idref="s11_523"/>
			</nt>
			<nt id="s11_523" cat="pp">
				<edge label="H" idref="s11_47"/>
				<edge label="DP" idref="s11_524"/>
			</nt>
			<nt id="s11_524" cat="np">
				<edge label="DN" idref="s11_48"/>
				<edge label="H" idref="s11_49"/>
				<edge label="DN" idref="s11_525"/>
			</nt>
			<nt id="s11_525" cat="pp">
				<edge label="H" idref="s11_50"/>
				<edge label="DP" idref="s11_526"/>
			</nt>
			<nt id="s11_526" cat="np">
				<edge label="DN" idref="s11_51"/>
				<edge label="H" idref="s11_52"/>
				<edge label="DN" idref="s11_527"/>
			</nt>
			<nt id="s11_527" cat="pp">
				<edge label="H" idref="s11_53"/>
				<edge label="DP" idref="s11_528"/>
			</nt>
			<nt id="s11_528" cat="par">
				<edge label="CJT" idref="s11_54"/>
				<edge label="CO" idref="s11_55"/>
				<edge label="CJT" idref="s11_529"/>
			</nt>
			<nt id="s11_529" cat="np">
				<edge label="H" idref="s11_56"/>
				<edge label="DN" idref="s11_530"/>
			</nt>
			<nt id="s11_530" cat="pp">
				<edge label="H" idref="s11_57"/>
				<edge label="DP" idref="s11_531"/>
			</nt>
			<nt id="s11_531" cat="np">
				<edge label="DN" idref="s11_58"/>
				<edge label="H" idref="s11_59"/>
			</nt>
		</nonterminals>
	</graph>
</s>

<s id="s12" ref="12" source="Running text" forest="1" text="Compartilhar enviar nova definição enviar nova imagem denunciar abuso 15 sobe, 5 desce 3. Exacerbado Por Pedro FERNANDO Taiar(SP) em 20-12-2010 Intenso.">
	<graph root="s12_500">
		<terminals>
			<t id="s12_1" word="Compartilhar" lemma="compartilhar" pos="v-inf" morph="--" extra="cjt-head cjt-head-S * vH mv"/>
			<t id="s12_2" word="enviar" lemma="enviar" pos="v-inf" morph="--" extra="vH mv"/>
			<t id="s12_3" word="nova" lemma="novo" pos="adj" morph="F S" extra="jh"/>
			<t id="s12_4" word="definição" lemma="definição" pos="n" morph="F S" sem="sem-c" extra="--"/>
			<t id="s12_5" word="enviar" lemma="enviar" pos="v-inf" morph="--" extra="vH mv"/>
			<t id="s12_6" word="nova" lemma="novo" pos="adj" morph="F S" extra="jh"/>
			<t id="s12_7" word="imagem" lemma="imagem" pos="n" morph="F S" sem="pict sem-c ac-cat" extra="--"/>
			<t id="s12_8" word="denunciar" lemma="denunciar" pos="v-inf" morph="--" extra="cjt-S vH mv"/>
			<t id="s12_9" word="abuso" lemma="abuso" pos="n" morph="M S" sem="activity" extra="--"/>
			<t id="s12_10" word="15" lemma="15" pos="num" morph="M/F P" extra="card"/>
			<t id="s12_11" word="sobe" lemma="subir" pos="v-fin" morph="PR 3S IND VFIN" extra="cjt-head cjt-head-STA fmc mv"/>
			<t id="s12_12" word="," lemma="--" pos="pu" morph="--" extra="--"/>
			<t id="s12_13" word="5" lemma="5" pos="num" morph="M/F P" extra="card"/>
			<t id="s12_14" word="desce" lemma="descer" pos="v-fin" morph="PR 3S IND VFIN" extra="cjt-STA fmc mv"/>
			<t id="s12_15" word="3." lemma="3." pos="adj" morph="M/F S" extra="NUM-ord"/>
			<t id="s12_16" word="Exacerbado_Por_Pedro_FERNANDO_Taiar" lemma="Exacerbado_Por_Pedro_FERNANDO_Taiar" pos="prop" morph="M S" extra="top * heur"/>
			<t id="s12_17" word="(" lemma="--" pos="pu" morph="--" extra="--"/>
			<t id="s12_18" word="SP" lemma="SP" pos="prop" morph="M S" extra="civ * np-close"/>
			<t id="s12_19" word=")" lemma="--" pos="pu" morph="--" extra="--"/>
			<t id="s12_20" word="em" lemma="em" pos="prp" morph="--" extra="--"/>
			<t id="s12_21" word="20-12-2010" lemma="20-12-2010" pos="num" morph="M/F P" extra="card"/>
			<t id="s12_22" word="Intenso" lemma="intenso" pos="adj" morph="M S" extra="prop n * nh"/>
			<t id="s12_23" word="." lemma="--" pos="pu" morph="--" extra="--"/>
		</terminals>

		<nonterminals>
			<nt id="s12_500" cat="s">
				<edge label="STA" idref="s12_501"/>
			</nt>
			<nt id="s12_501" cat="par">
				<edge label="CJT" idref="s12_502"/>
				<edge label="PU" idref="s12_12"/>
				<edge label="CJT" idref="s12_510"/>
				<edge label="PU" idref="s12_23"/>
			</nt>
			<nt id="s12_502" cat="fcl">
				<edge label="S" idref="s12_503"/>
				<edge label="Od" idref="s12_10"/>
				<edge label="P" idref="s12_11"/>
			</nt>
			<nt id="s12_503" cat="par">
				<edge label="CJT" idref="s12_504"/>
				<edge label="CJT" idref="s12_507"/>
			</nt>
			<nt id="s12_504" cat="icl">
				<edge label="P" idref="s12_1"/>
				<edge label="Od" idref="s12_505"/>
			</nt>
			<nt id="s12_505" cat="icl">
				<edge label="P" idref="s12_2"/>
				<edge label="Od" idref="s12_506"/>
			</nt>
			<nt id="s12_506" cat="np">
				<edge label="DN" idref="s12_3"/>
				<edge label="H" idref="s12_4"/>
			</nt>
			<nt id="s12_507" cat="fcl">
				<edge label="S" idref="s12_508"/>
				<edge label="P" idref="s12_8"/>
				<edge label="Od" idref="s12_9"/>
			</nt>
			<nt id="s12_508" cat="icl">
				<edge label="P" idref="s12_5"/>
				<edge label="Od" idref="s12_509"/>
			</nt>
			<nt id="s12_509" cat="np">
				<edge label="DN" idref="s12_6"/>
				<edge label="H" idref="s12_7"/>
			</nt>
			<nt id="s12_510" cat="fcl">
				<edge label="Od" idref="s12_13"/>
				<edge label="P" idref="s12_14"/>
				<edge label="fCs" idref="s12_15"/>
				<edge label="S" idref="s12_511"/>
				<edge label="fA" idref="s12_512"/>
			</nt>
			<nt id="s12_511" cat="np">
				<edge label="H" idref="s12_16"/>
				<edge label="PU" idref="s12_17"/>
				<edge label="DNc" idref="s12_18"/>
				<edge label="PU" idref="s12_19"/>
			</nt>
			<nt id="s12_512" cat="pp">
				<edge label="H" idref="s12_20"/>
				<edge label="DP" idref="s12_513"/>
			</nt>
			<nt id="s12_513" cat="np">
				<edge label="DN" idref="s12_21"/>
				<edge label="H" idref="s12_22"/>
			</nt>
		</nonterminals>
	</graph>
</s>

<s id="s13" ref="13" source="Running text" forest="1" text="O Calor Está Exacerbado Compartilhar enviar nova definição enviar nova imagem denunciar abuso 3 sobe, 4 desce 4. Exacerbado Por anderson(DF) em 10-08-2013 Altivo, soberbo, arrogante, pretencioso Esse sujeito exacerbado vai acabar se dando mal com sua altivez.">
	<graph root="s13_500">
		<terminals>
			<t id="s13_1" word="O" lemma="o" pos="art" morph="M S" extra="* "/>
			<t id="s13_2" word="Calor_Está_Exacerbado_Compartilhar" lemma="Calor_Está_Exacerbado_Compartilhar" pos="prop" morph="M S" extra="hum *"/>
			<t id="s13_3" word="enviar" lemma="enviar" pos="v-inf" morph="3S" extra="vH mv"/>
			<t id="s13_4" word="nova" lemma="novo" pos="adj" morph="F S" extra="jh"/>
			<t id="s13_5" word="definição" lemma="definição" pos="n" morph="F S" sem="sem-c" extra="--"/>
			<t id="s13_6" word="enviar" lemma="enviar" pos="v-inf" morph="--" extra="vH mv"/>
			<t id="s13_7" word="nova" lemma="novo" pos="adj" morph="F S" extra="jh"/>
			<t id="s13_8" word="imagem" lemma="imagem" pos="n" morph="F S" sem="pict sem-c ac-cat" extra="--"/>
			<t id="s13_9" word="denunciar" lemma="denunciar" pos="v-inf" morph="--" extra="vH mv"/>
			<t id="s13_10" word="abuso" lemma="abuso" pos="n" morph="M S" sem="activity" extra="--"/>
			<t id="s13_11" word="3" lemma="3" pos="num" morph="M/F P" extra="card"/>
			<t id="s13_12" word="sobe" lemma="subir" pos="v-fin" morph="PR 3S IND VFIN" extra="predco fmc mv"/>
			<t id="s13_13" word="," lemma="--" pos="pu" morph="--" extra="--"/>
			<t id="s13_14" word="4" lemma="4" pos="num" morph="M/F P" extra="card"/>
			<t id="s13_15" word="desce" lemma="descer" pos="v-fin" morph="PR 3S IND VFIN" extra="cjt-STA fmc mv"/>
			<t id="s13_16" word="4." lemma="4." pos="adj" morph="M/F S" extra="NUM-ord"/>
			<t id="s13_17" word="Exacerbado_Por" lemma="Exacerbado_Por" pos="prop" morph="M S" extra="hum * heur"/>
			<t id="s13_18" word="anderson" lemma="anderson" pos="n" morph="M S" extra="heur"/>
			<t id="s13_19" word="(" lemma="--" pos="pu" morph="--" extra="--"/>
			<t id="s13_20" word="DF" lemma="DF" pos="prop" morph="M S" extra="civ * np-close"/>
			<t id="s13_21" word=")" lemma="--" pos="pu" morph="--" extra="--"/>
			<t id="s13_22" word="em" lemma="em" pos="prp" morph="--" extra="--"/>
			<t id="s13_23" word="10-08-2013" lemma="10-08-2013" pos="num" morph="M/F P" extra="card"/>
			<t id="s13_24" word="Altivo" lemma="altivo" pos="adj" morph="M S" extra="prop n * jh"/>
			<t id="s13_25" word="," lemma="--" pos="pu" morph="--" extra="--"/>
			<t id="s13_26" word="soberbo" lemma="soberbo" pos="adj" morph="M S" extra="--"/>
			<t id="s13_27" word="," lemma="--" pos="pu" morph="--" extra="--"/>
			<t id="s13_28" word="arrogante" lemma="arrogante" pos="adj" morph="M/F S" extra="--"/>
			<t id="s13_29" word="," lemma="--" pos="pu" morph="--" extra="--"/>
			<t id="s13_30" word="pretencioso" lemma="pretencioso" pos="adj" morph="M S" extra="jh"/>
			<t id="s13_31" word="Esse" lemma="esse" pos="pron-dem" morph="DET M S" extra="* dem"/>
			<t id="s13_32" word="sujeito" lemma="sujeito" pos="n" morph="M S" sem="H ac-cat ac" extra="--"/>
			<t id="s13_33" word="exacerbado" lemma="exacerbar" pos="v-pcp" morph="M S" extra="np-close"/>
			<t id="s13_34" word="vai" lemma="ir" pos="v-fin" morph="PR 3S IND VFIN" extra="cjt-STA fmc aux"/>
			<t id="s13_35" word="acabar" lemma="acabar" pos="v-inf" morph="--" extra="mv"/>
			<t id="s13_36" word="se" lemma="se" pos="pron-pers" morph="M/F 3S/P ACC" extra="refl"/>
			<t id="s13_37" word="dando" lemma="dar" pos="v-ger" morph="--" extra="clb mv v-pron"/>
			<t id="s13_38" word="mal" lemma="mal" pos="adv" morph="--" extra="--"/>
			<t id="s13_39" word="com" lemma="com" pos="prp" morph="--" extra="--"/>
			<t id="s13_40" word="sua" lemma="seu" pos="pron-poss" morph="DET F S" extra="si poss 3S"/>
			<t id="s13_41" word="altivez" lemma="altivez" pos="n" morph="F S" sem="am" extra="--"/>
			<t id="s13_42" word="." lemma="--" pos="pu" morph="--" extra="--"/>
		</terminals>

		<nonterminals>
			<nt id="s13_500" cat="s">
				<edge label="STA" idref="s13_501"/>
			</nt>
			<nt id="s13_501" cat="fcl">
				<edge label="S" idref="s13_502"/>
				<edge label="S" idref="s13_503"/>
				<edge label="Od" idref="s13_11"/>
				<edge label="X" idref="s13_508"/>
				<edge label="PU" idref="s13_42"/>
			</nt>
			<nt id="s13_502" cat="np">
				<edge label="DN" idref="s13_1"/>
				<edge label="H" idref="s13_2"/>
			</nt>
			<nt id="s13_503" cat="fcl">
				<edge label="S" idref="s13_504"/>
				<edge label="P" idref="s13_9"/>
				<edge label="Od" idref="s13_10"/>
			</nt>
			<nt id="s13_504" cat="fcl">
				<edge label="S" idref="s13_505"/>
				<edge label="P" idref="s13_6"/>
				<edge label="Od" idref="s13_507"/>
			</nt>
			<nt id="s13_505" cat="icl">
				<edge label="P" idref="s13_3"/>
				<edge label="Od" idref="s13_506"/>
			</nt>
			<nt id="s13_506" cat="np">
				<edge label="DN" idref="s13_4"/>
				<edge label="H" idref="s13_5"/>
			</nt>
			<nt id="s13_507" cat="np">
				<edge label="DN" idref="s13_7"/>
				<edge label="H" idref="s13_8"/>
			</nt>
			<nt id="s13_508" cat="par">
				<edge label="CJT" idref="s13_509"/>
				<edge label="PU" idref="s13_13"/>
				<edge label="CJT" idref="s13_510"/>
				<edge label="PU" idref="s13_29"/>
				<edge label="CJT" idref="s13_514"/>
			</nt>
			<nt id="s13_509" cat="x">
				<edge label="P" idref="s13_12"/>
			</nt>
			<nt id="s13_510" cat="fcl">
				<edge label="Od" idref="s13_14"/>
				<edge label="P" idref="s13_15"/>
				<edge label="fCs" idref="s13_16"/>
				<edge label="S" idref="s13_17"/>
				<edge label="Od" idref="s13_511"/>
				<edge label="fA" idref="s13_512"/>
				<edge label="PU" idref="s13_25"/>
				<edge label="fCs" idref="s13_26"/>
				<edge label="PU" idref="s13_27"/>
				<edge label="fCs" idref="s13_28"/>
			</nt>
			<nt id="s13_511" cat="np">
				<edge label="H" idref="s13_18"/>
				<edge label="PU" idref="s13_19"/>
				<edge label="DNapp" idref="s13_20"/>
				<edge label="PU" idref="s13_21"/>
			</nt>
			<nt id="s13_512" cat="pp">
				<edge label="H" idref="s13_22"/>
				<edge label="DP" idref="s13_513"/>
			</nt>
			<nt id="s13_513" cat="np">
				<edge label="DN" idref="s13_23"/>
				<edge label="H" idref="s13_24"/>
			</nt>
			<nt id="s13_514" cat="fcl">
				<edge label="Od" idref="s13_30"/>
				<edge label="S" idref="s13_515"/>
				<edge label="P" idref="s13_516"/>
				<edge label="fA" idref="s13_517"/>
			</nt>
			<nt id="s13_515" cat="np">
				<edge label="DN" idref="s13_31"/>
				<edge label="H" idref="s13_32"/>
				<edge label="DN" idref="s13_33"/>
			</nt>
			<nt id="s13_516" cat="vp">
				<edge label="Vaux" idref="s13_34"/>
				<edge label="Vm" idref="s13_35"/>
			</nt>
			<nt id="s13_517" cat="advp">
				<edge label="Od" idref="s13_36"/>
				<edge label="P" idref="s13_37"/>
				<edge label="Ao" idref="s13_38"/>
				<edge label="Op" idref="s13_518"/>
			</nt>
			<nt id="s13_518" cat="pp">
				<edge label="H" idref="s13_39"/>
				<edge label="DP" idref="s13_519"/>
			</nt>
			<nt id="s13_519" cat="np">
				<edge label="DN" idref="s13_40"/>
				<edge label="H" idref="s13_41"/>
			</nt>
		</nonterminals>
	</graph>
</s>

<s id="s14" ref="14" source="Running text" forest="1" text="Compartilhar enviar nova definição enviar nova imagem denunciar abuso 26 sobe, 106 desce 5. Exacerbado Por John.">
	<graph root="s14_500">
		<terminals>
			<t id="s14_1" word="Compartilhar" lemma="compartilhar" pos="v-inf" morph="--" extra="cjt-head cjt-head-S * vH mv"/>
			<t id="s14_2" word="enviar" lemma="enviar" pos="v-inf" morph="--" extra="vH mv"/>
			<t id="s14_3" word="nova" lemma="novo" pos="adj" morph="F S" extra="jh"/>
			<t id="s14_4" word="definição" lemma="definição" pos="n" morph="F S" sem="sem-c" extra="--"/>
			<t id="s14_5" word="enviar" lemma="enviar" pos="v-inf" morph="--" extra="vH mv"/>
			<t id="s14_6" word="nova" lemma="novo" pos="adj" morph="F S" extra="jh"/>
			<t id="s14_7" word="imagem" lemma="imagem" pos="n" morph="F S" sem="pict sem-c ac-cat" extra="--"/>
			<t id="s14_8" word="denunciar" lemma="denunciar" pos="v-inf" morph="--" extra="cjt-S vH mv"/>
			<t id="s14_9" word="abuso" lemma="abuso" pos="n" morph="M S" sem="activity" extra="--"/>
			<t id="s14_10" word="26" lemma="26" pos="num" morph="M/F P" extra="card"/>
			<t id="s14_11" word="sobe" lemma="subir" pos="v-fin" morph="PR 3S IND VFIN" extra="cjt-head cjt-head-STA fmc mv"/>
			<t id="s14_12" word="," lemma="--" pos="pu" morph="--" extra="--"/>
			<t id="s14_13" word="106" lemma="106" pos="num" morph="M/F P" extra="card"/>
			<t id="s14_14" word="desce" lemma="descer" pos="v-fin" morph="PR 3S IND VFIN" extra="cjt-STA fmc mv"/>
			<t id="s14_15" word="5." lemma="5." pos="adj" morph="M/F S" extra="NUM-ord"/>
			<t id="s14_16" word="Exacerbado_Por_John" lemma="Exacerbado_Por_John" pos="prop" morph="M S" extra="hum * heur"/>
			<t id="s14_17" word="." lemma="--" pos="pu" morph="--" extra="--"/>
		</terminals>

		<nonterminals>
			<nt id="s14_500" cat="s">
				<edge label="STA" idref="s14_501"/>
			</nt>
			<nt id="s14_501" cat="par">
				<edge label="CJT" idref="s14_502"/>
				<edge label="PU" idref="s14_12"/>
				<edge label="CJT" idref="s14_510"/>
				<edge label="PU" idref="s14_17"/>
			</nt>
			<nt id="s14_502" cat="fcl">
				<edge label="S" idref="s14_503"/>
				<edge label="Od" idref="s14_10"/>
				<edge label="P" idref="s14_11"/>
			</nt>
			<nt id="s14_503" cat="par">
				<edge label="CJT" idref="s14_504"/>
				<edge label="CJT" idref="s14_507"/>
			</nt>
			<nt id="s14_504" cat="icl">
				<edge label="P" idref="s14_1"/>
				<edge label="Od" idref="s14_505"/>
			</nt>
			<nt id="s14_505" cat="icl">
				<edge label="P" idref="s14_2"/>
				<edge label="Od" idref="s14_506"/>
			</nt>
			<nt id="s14_506" cat="np">
				<edge label="DN" idref="s14_3"/>
				<edge label="H" idref="s14_4"/>
			</nt>
			<nt id="s14_507" cat="fcl">
				<edge label="S" idref="s14_508"/>
				<edge label="P" idref="s14_8"/>
				<edge label="Od" idref="s14_9"/>
			</nt>
			<nt id="s14_508" cat="icl">
				<edge label="P" idref="s14_5"/>
				<edge label="Od" idref="s14_509"/>
			</nt>
			<nt id="s14_509" cat="np">
				<edge label="DN" idref="s14_6"/>
				<edge label="H" idref="s14_7"/>
			</nt>
			<nt id="s14_510" cat="fcl">
				<edge label="Od" idref="s14_13"/>
				<edge label="P" idref="s14_14"/>
				<edge label="fCs" idref="s14_15"/>
				<edge label="S" idref="s14_16"/>
			</nt>
		</nonterminals>
	</graph>
</s>

<s id="s15" ref="15" source="Running text" forest="1" text="JSG(AL) em 10-06-2009 Irritar-(se), algo além de limite, etc..">
	<graph root="s15_500">
		<terminals>
			<t id="s15_1" word="JSG" lemma="JSG" pos="prop" morph="M/F S" extra="org *"/>
			<t id="s15_2" word="(" lemma="--" pos="pu" morph="--" extra="--"/>
			<t id="s15_3" word="AL" lemma="AL" pos="prop" morph="F S" extra="civ * np-close"/>
			<t id="s15_4" word=")" lemma="--" pos="pu" morph="--" extra="--"/>
			<t id="s15_5" word="em" lemma="em" pos="prp" morph="--" extra="--"/>
			<t id="s15_6" word="10-06-2009" lemma="10-06-2009" pos="num" morph="M/F S" extra="card"/>
			<t id="s15_7" word="Irritar-" lemma="irritar" pos="v-inf" morph="--" extra="* hyfen mv"/>
			<t id="s15_8" word="(" lemma="--" pos="pu" morph="--" extra="--"/>
			<t id="s15_9" word="se" lemma="se" pos="conj-s" morph="--" extra="sub"/>
			<t id="s15_10" word=")" lemma="--" pos="pu" morph="--" extra="--"/>
			<t id="s15_11" word="," lemma="--" pos="pu" morph="--" extra="--"/>
			<t id="s15_12" word="algo" lemma="algo" pos="spec" morph="M S" extra="quant"/>
			<t id="s15_13" word="além_de" lemma="além_de" pos="prp" morph="--" extra="--"/>
			<t id="s15_14" word="limite" lemma="limite" pos="n" morph="M S" sem="bar ac" extra="--"/>
			<t id="s15_15" word="," lemma="--" pos="pu" morph="--" extra="--"/>
			<t id="s15_16" word="etc." lemma="etc." pos="adv" morph="--" extra="--"/>
			<t id="s15_17" word="." lemma="--" pos="pu" morph="--" extra="--"/>
		</terminals>

		<nonterminals>
			<nt id="s15_500" cat="s">
				<edge label="UTT" idref="s15_501"/>
			</nt>
			<nt id="s15_501" cat="np">
				<edge label="fAtop" idref="s15_502"/>
				<edge label="fA" idref="s15_503"/>
				<edge label="P" idref="s15_7"/>
				<edge label="PU" idref="s15_8"/>
				<edge label="DN" idref="s15_9"/>
				<edge label="PU" idref="s15_10"/>
				<edge label="PU" idref="s15_11"/>
				<edge label="X" idref="s15_12"/>
				<edge label="fA" idref="s15_504"/>
				<edge label="PU" idref="s15_15"/>
				<edge label="fA" idref="s15_16"/>
				<edge label="PU" idref="s15_17"/>
			</nt>
			<nt id="s15_502" cat="np">
				<edge label="H" idref="s15_1"/>
				<edge label="PU" idref="s15_2"/>
				<edge label="DNc" idref="s15_3"/>
				<edge label="PU" idref="s15_4"/>
			</nt>
			<nt id="s15_503" cat="pp">
				<edge label="H" idref="s15_5"/>
				<edge label="DP" idref="s15_6"/>
			</nt>
			<nt id="s15_504" cat="pp">
				<edge label="H" idref="s15_13"/>
				<edge label="DP" idref="s15_14"/>
			</nt>
		</nonterminals>
	</graph>
</s>

<s id="s16" ref="16" source="Running text" forest="1" text="Maria é uma pessoa exacerbada(z).">
	<graph root="s16_500">
		<terminals>
			<t id="s16_1" word="Maria" lemma="Maria" pos="prop" morph="F S" extra="hum *"/>
			<t id="s16_2" word="é" lemma="ser" pos="v-fin" morph="PR 3S IND VFIN" extra="vK fmc mv"/>
			<t id="s16_3" word="uma" lemma="um" pos="art" morph="F S" extra="--"/>
			<t id="s16_4" word="pessoa" lemma="pessoa" pos="n" morph="F S" sem="H" extra="--"/>
			<t id="s16_5" word="exacerbada" lemma="exacerbar" pos="v-pcp" morph="F S" extra="np-close"/>
			<t id="s16_6" word="(" lemma="--" pos="pu" morph="--" extra="--"/>
			<t id="s16_7" word="z" lemma="z" pos="n" morph="M S" sem="ac-sign" extra="np-close"/>
			<t id="s16_8" word=")" lemma="--" pos="pu" morph="--" extra="--"/>
			<t id="s16_9" word="." lemma="--" pos="pu" morph="--" extra="--"/>
		</terminals>

		<nonterminals>
			<nt id="s16_500" cat="s">
				<edge label="STA" idref="s16_501"/>
			</nt>
			<nt id="s16_501" cat="fcl">
				<edge label="S" idref="s16_1"/>
				<edge label="P" idref="s16_2"/>
				<edge label="Cs" idref="s16_502"/>
				<edge label="PU" idref="s16_9"/>
			</nt>
			<nt id="s16_502" cat="np">
				<edge label="DN" idref="s16_3"/>
				<edge label="H" idref="s16_4"/>
				<edge label="DN" idref="s16_5"/>
				<edge label="PU" idref="s16_6"/>
				<edge label="DNc" idref="s16_7"/>
				<edge label="PU" idref="s16_8"/>
			</nt>
		</nonterminals>
	</graph>
</s>

<s id="s17" ref="17" source="Running text" forest="1" text="Compartilhar enviar nova definição enviar nova imagem denunciar abuso Outras Informações:Palavras com 10 letras A palavra possui 5 vogais -- e a e ao A palavra possui 5 consoantes -- x c rb d 1 página -- 5 Definições yin yang dragão cangambá birimbex pedógino.">
	<graph root="s17_500">
		<terminals>
			<t id="s17_1" word="Compartilhar" lemma="compartilhar" pos="v-inf" morph="--" extra="* vH mv"/>
			<t id="s17_2" word="enviar" lemma="enviar" pos="v-inf" morph="--" extra="vH mv"/>
			<t id="s17_3" word="nova" lemma="novo" pos="adj" morph="F S" extra="jh"/>
			<t id="s17_4" word="definição" lemma="definição" pos="n" morph="F S" sem="sem-c" extra="--"/>
			<t id="s17_5" word="enviar" lemma="enviar" pos="v-inf" morph="--" extra="vH mv"/>
			<t id="s17_6" word="nova" lemma="novo" pos="adj" morph="F S" extra="jh"/>
			<t id="s17_7" word="imagem" lemma="imagem" pos="n" morph="F S" sem="pict sem-c ac-cat" extra="--"/>
			<t id="s17_8" word="denunciar" lemma="denunciar" pos="v-inf" morph="--" extra="vH mv"/>
			<t id="s17_9" word="abuso" lemma="abuso" pos="n" morph="M S" sem="activity" extra="--"/>
			<t id="s17_10" word="Outras_Informações" lemma="Outras_Informações" pos="prop" morph="M S" extra="hum * heur np-close"/>
			<t id="s17_11" word=":Palavras" lemma=":Palavras" pos="n" morph="M S" extra="cjt-head cjt-head-S"/>
			<t id="s17_12" word="com" lemma="com" pos="prp" morph="--" extra="--"/>
			<t id="s17_13" word="10" lemma="10" pos="num" morph="F P" extra="card"/>
			<t id="s17_14" word="letras" lemma="letra" pos="n" morph="F P" sem="ac-sign sem-r domain" extra="--"/>
			<t id="s17_15" word="A" lemma="o" pos="art" morph="F S" extra="* "/>
			<t id="s17_16" word="palavra" lemma="palavra" pos="n" morph="F S" sem="ac-cat act-s" extra="cjt-S"/>
			<t id="s17_17" word="possui" lemma="possuir" pos="v-fin" morph="PR 3S IND VFIN" extra="cjt-head cjt-head-STA vH fmc mv"/>
			<t id="s17_18" word="5" lemma="5" pos="num" morph="M P" extra="card"/>
			<t id="s17_19" word="vogais" lemma="vogal" pos="n" morph="M P" sem="ac-cat H" extra="--"/>
			<t id="s17_20" word="--" lemma="--" pos="pu" morph="--" extra="--"/>
			<t id="s17_21" word="e" lemma="e" pos="conj-c" morph="--" extra="--"/>
			<t id="s17_22" word="a" lemma="a" pos="prp" morph="--" extra="--"/>
			<t id="s17_23" word="e" lemma="e" pos="conj-c" morph="--" extra="--"/>
			<t id="s17_24" word="a" lemma="a" pos="prp" morph="--" extra="--"/>
			<t id="s17_25" word="o" lemma="o" pos="art" morph="M S" extra="--"/>
			<t id="s17_26" word="A" lemma="o" pos="art" morph="F S" extra="* "/>
			<t id="s17_27" word="palavra" lemma="palavra" pos="n" morph="F S" sem="ac-cat act-s" extra="--"/>
			<t id="s17_28" word="possui" lemma="possuir" pos="v-fin" morph="PR 3S IND VFIN" extra="cjt-STA vH fmc mv"/>
			<t id="s17_29" word="5" lemma="5" pos="num" morph="F P" extra="card"/>
			<t id="s17_30" word="consoantes" lemma="consoante" pos="n" morph="F P" sem="ac-cat" extra="--"/>
			<t id="s17_31" word="--" lemma="--" pos="pu" morph="--" extra="--"/>
			<t id="s17_32" word="x" lemma="x" pos="n" morph="M S" sem="ac-sign" extra="cjt-head cjt-head-S"/>
			<t id="s17_33" word="c" lemma="c" pos="n" morph="M S" sem="ac-sign" extra="cjt-S"/>
			<t id="s17_34" word="rb" lemma="rb" pos="n" morph="M/F S" extra="cjt-S foreign"/>
			<t id="s17_35" word="d" lemma="d" pos="n" morph="M S" sem="ac-sign" extra="cjt-S"/>
			<t id="s17_36" word="1" lemma="1" pos="num" morph="F S" extra="card"/>
			<t id="s17_37" word="página" lemma="página" pos="n" morph="F S" sem="cc-r" extra="cjt-S"/>
			<t id="s17_38" word="--" lemma="--" pos="pu" morph="--" extra="--"/>
			<t id="s17_39" word="5" lemma="5" pos="num" morph="F P" extra="card"/>
			<t id="s17_40" word="Definições" lemma="definição" pos="n" morph="F P" sem="sem-c" extra="prop *"/>
			<t id="s17_41" word="yin" lemma="yin" pos="n" morph="M S" sem="am percep-f" extra="--"/>
			<t id="s17_42" word="yang" lemma="yang" pos="n" morph="M S" sem="am percep-f" extra="--"/>
			<t id="s17_43" word="dragão" lemma="dragão" pos="n" morph="M S" sem="Azo" extra="--"/>
			<t id="s17_44" word="cangambá" lemma="cangambá" pos="n" morph="M S" sem="Azo" extra="--"/>
			<t id="s17_45" word="birimbex" lemma="birimbex" pos="n" morph="M S" extra="heur"/>
			<t id="s17_46" word="pedógino" lemma="pedógino" pos="adj" morph="M S" extra="DERS np-close"/>
			<t id="s17_47" word="." lemma="--" pos="pu" morph="--" extra="--"/>
		</terminals>

		<nonterminals>
			<nt id="s17_500" cat="s">
				<edge label="UTT" idref="s17_501"/>
			</nt>
			<nt id="s17_501" cat="x">
				<edge label="STA" idref="s17_502"/>
				<edge label="UTT" idref="s17_507"/>
				<edge label="P" idref="s17_5"/>
				<edge label="Od" idref="s17_508"/>
				<edge label="UTT" idref="s17_509"/>
				<edge label="PU" idref="s17_47"/>
			</nt>
			<nt id="s17_502" cat="par">
				<edge label="CJT" idref="s17_503"/>
			</nt>
			<nt id="s17_503" cat="fcl">
				<edge label="S" idref="s17_504"/>
			</nt>
			<nt id="s17_504" cat="icl">
				<edge label="P" idref="s17_1"/>
				<edge label="Od" idref="s17_505"/>
			</nt>
			<nt id="s17_505" cat="icl">
				<edge label="P" idref="s17_2"/>
				<edge label="Od" idref="s17_506"/>
			</nt>
			<nt id="s17_506" cat="np">
				<edge label="DN" idref="s17_3"/>
				<edge label="H" idref="s17_4"/>
			</nt>
			<nt id="s17_507" cat="icl">
			</nt>
			<nt id="s17_508" cat="np">
				<edge label="DN" idref="s17_6"/>
				<edge label="H" idref="s17_7"/>
			</nt>
			<nt id="s17_509" cat="fcl">
				<edge label="P" idref="s17_8"/>
				<edge label="Od" idref="s17_510"/>
				<edge label="S" idref="s17_511"/>
				<edge label="fA" idref="s17_512"/>
				<edge label="CJT" idref="s17_516"/>
			</nt>
			<nt id="s17_510" cat="np">
				<edge label="H" idref="s17_9"/>
				<edge label="DN" idref="s17_10"/>
			</nt>
			<nt id="s17_511" cat="par">
				<edge label="CJT" idref="s17_11"/>
			</nt>
			<nt id="s17_512" cat="pp">
				<edge label="H" idref="s17_12"/>
				<edge label="DP" idref="s17_513"/>
				<edge label="CJT" idref="s17_514"/>
				<edge label="P" idref="s17_17"/>
				<edge label="Od" idref="s17_515"/>
			</nt>
			<nt id="s17_513" cat="np">
				<edge label="DN" idref="s17_13"/>
				<edge label="H" idref="s17_14"/>
			</nt>
			<nt id="s17_514" cat="np">
				<edge label="DN" idref="s17_15"/>
				<edge label="H" idref="s17_16"/>
			</nt>
			<nt id="s17_515" cat="np">
				<edge label="DN" idref="s17_18"/>
				<edge label="H" idref="s17_19"/>
				<edge label="PU" idref="s17_20"/>
				<edge label="CO" idref="s17_21"/>
				<edge label="CO" idref="s17_23"/>
			</nt>
			<nt id="s17_516" cat="fcl">
				<edge label="fA" idref="s17_22"/>
				<edge label="fA" idref="s17_517"/>
				<edge label="P" idref="s17_28"/>
				<edge label="Od" idref="s17_519"/>
				<edge label="S" idref="s17_520"/>
				<edge label="fCsta" idref="s17_522"/>
				<edge label="fCs" idref="s17_41"/>
				<edge label="fCs" idref="s17_42"/>
				<edge label="fCs" idref="s17_43"/>
				<edge label="fCs" idref="s17_44"/>
				<edge label="fCs" idref="s17_523"/>
			</nt>
			<nt id="s17_517" cat="pp">
				<edge label="H" idref="s17_24"/>
				<edge label="DP" idref="s17_518"/>
			</nt>
			<nt id="s17_518" cat="np">
				<edge label="DN" idref="s17_25"/>
				<edge label="DN" idref="s17_26"/>
				<edge label="H" idref="s17_27"/>
			</nt>
			<nt id="s17_519" cat="np">
				<edge label="DN" idref="s17_29"/>
				<edge label="H" idref="s17_30"/>
				<edge label="PU" idref="s17_31"/>
			</nt>
			<nt id="s17_520" cat="par">
				<edge label="CJT" idref="s17_32"/>
				<edge label="CJT" idref="s17_33"/>
				<edge label="CJT" idref="s17_34"/>
				<edge label="CJT" idref="s17_35"/>
				<edge label="CJT" idref="s17_521"/>
			</nt>
			<nt id="s17_521" cat="np">
				<edge label="DN" idref="s17_36"/>
				<edge label="H" idref="s17_37"/>
				<edge label="PU" idref="s17_38"/>
			</nt>
			<nt id="s17_522" cat="np">
				<edge label="DN" idref="s17_39"/>
				<edge label="H" idref="s17_40"/>
			</nt>
			<nt id="s17_523" cat="np">
				<edge label="H" idref="s17_45"/>
				<edge label="DN" idref="s17_46"/>
			</nt>
		</nonterminals>
	</graph>
</s>

	</body>
</corpus>
