<?xml version="1.0" encoding="UTF-8"?>
<corpus>

	<body>
<s id="s1" ref="1" source="Running text" forest="1" text="Cotidiano 2 Definições encontradas.">
	<graph root="s1_500">
		<terminals>
			<t id="s1_1" word="Cotidiano" lemma="cotidiano" pos="adj" morph="M S" extra="cjt-head cjt-head-X * nh"/>
			<t id="s1_2" word="2" lemma="2" pos="num" morph="F P" extra="card"/>
			<t id="s1_3" word="Definições" lemma="definição" pos="n" morph="F P" sem="sem-c" extra="cjt-X prop *"/>
			<t id="s1_4" word="encontradas" lemma="encontrado" pos="adj" morph="F P" extra="nh np-close"/>
			<t id="s1_5" word="." lemma="--" pos="pu" morph="--" extra="--"/>
		</terminals>

		<nonterminals>
			<nt id="s1_500" cat="s">
				<edge label="X" idref="s1_501"/>
			</nt>
			<nt id="s1_501" cat="par">
				<edge label="CJT" idref="s1_1"/>
				<edge label="CJT" idref="s1_502"/>
				<edge label="PU" idref="s1_5"/>
			</nt>
			<nt id="s1_502" cat="np">
				<edge label="DN" idref="s1_2"/>
				<edge label="H" idref="s1_3"/>
				<edge label="DN" idref="s1_4"/>
			</nt>
		</nonterminals>
	</graph>
</s>

<s id="s2" ref="2" source="Running text" forest="1" text="Tweet Classificação morfossintática:">
	<graph root="s2_500">
		<terminals>
			<t id="s2_1" word="Tweet_Classificação" lemma="Tweet_Classificação" pos="prop" morph="M S" extra="common * heur"/>
			<t id="s2_2" word="morfossintática" lemma="morfossintático" pos="adj" morph="F S" extra="DERS jh np-close"/>
			<t id="s2_3" word=":" lemma="--" pos="pu" morph="--" extra="--"/>
		</terminals>

		<nonterminals>
			<nt id="s2_500" cat="s">
				<edge label="X" idref="s2_501"/>
			</nt>
			<nt id="s2_501" cat="np">
				<edge label="H" idref="s2_1"/>
				<edge label="DN" idref="s2_2"/>
				<edge label="PU" idref="s2_3"/>
			</nt>
		</nonterminals>
	</graph>
</s>

<s id="s3" ref="3" source="Running text" forest="1" text="Adjetivo, masculino singular Flexões da palavra Cotidiano Significados de Cotidiano:">
	<graph root="s3_500">
		<terminals>
			<t id="s3_1" word="Adjetivo" lemma="adjetivar" pos="v-fin" morph="PR 1S IND VFIN" extra="* vH fmc mv"/>
			<t id="s3_2" word="," lemma="--" pos="pu" morph="--" extra="--"/>
			<t id="s3_3" word="masculino" lemma="masculino" pos="n" morph="M S" sem="ac-cat" extra="--"/>
			<t id="s3_4" word="singular" lemma="singular" pos="adj" morph="M/F S" extra="jh"/>
			<t id="s3_5" word="Flexões" lemma="flexão" pos="n" morph="F P" sem="act" extra="prop *"/>
			<t id="s3_6" word="de" lemma="de" pos="prp" morph="--" extra="sam- np-close"/>
			<t id="s3_7" word="a" lemma="o" pos="art" morph="F S" extra="-sam "/>
			<t id="s3_8" word="palavra" lemma="palavra" pos="n" morph="F S" sem="ac-cat act-s" extra="--"/>
			<t id="s3_9" word="Cotidiano_Significados_de_Cotidiano" lemma="Cotidiano_Significados_de_Cotidiano" pos="prop" morph="F S" extra="org * heur np-close"/>
			<t id="s3_10" word=":" lemma="--" pos="pu" morph="--" extra="--"/>
		</terminals>

		<nonterminals>
			<nt id="s3_500" cat="s">
				<edge label="STA" idref="s3_501"/>
			</nt>
			<nt id="s3_501" cat="fcl">
				<edge label="P" idref="s3_1"/>
				<edge label="PU" idref="s3_2"/>
				<edge label="fCs" idref="s3_3"/>
				<edge label="fCs" idref="s3_4"/>
				<edge label="fCs" idref="s3_502"/>
				<edge label="PU" idref="s3_10"/>
			</nt>
			<nt id="s3_502" cat="np">
				<edge label="H" idref="s3_5"/>
				<edge label="DN" idref="s3_503"/>
			</nt>
			<nt id="s3_503" cat="pp">
				<edge label="H" idref="s3_6"/>
				<edge label="DP" idref="s3_504"/>
			</nt>
			<nt id="s3_504" cat="np">
				<edge label="DN" idref="s3_7"/>
				<edge label="H" idref="s3_8"/>
				<edge label="DN" idref="s3_9"/>
			</nt>
		</nonterminals>
	</graph>
</s>

<s id="s4" ref="4" source="Running text" forest="1" text="102 sobe, 65 desce 1. Cotidiano Por Dicionário inFormal(SP) em 03-11-2008 1.">
	<graph root="s4_500">
		<terminals>
			<t id="s4_1" word="102" lemma="102" pos="num" morph="M/F S" extra="card"/>
			<t id="s4_2" word="sobe" lemma="subir" pos="v-fin" morph="PR 3S IND VFIN" extra="cjt-head cjt-head-STA fmc mv"/>
			<t id="s4_3" word="," lemma="--" pos="pu" morph="--" extra="--"/>
			<t id="s4_4" word="65" lemma="65" pos="num" morph="M/F P" extra="card"/>
			<t id="s4_5" word="desce" lemma="descer" pos="v-fin" morph="PR 3S IND VFIN" extra="cjt-STA fmc mv"/>
			<t id="s4_6" word="1." lemma="1." pos="adj" morph="M/F S" extra="NUM-ord"/>
			<t id="s4_7" word="Cotidiano_Por_Dicionário" lemma="Cotidiano_Por_Dicionário" pos="prop" morph="M S" extra="tit *"/>
			<t id="s4_8" word="inFormal" lemma="inFormal" pos="adj" morph="M S" extra="np-close"/>
			<t id="s4_9" word="(" lemma="--" pos="pu" morph="--" extra="--"/>
			<t id="s4_10" word="SP" lemma="SP" pos="prop" morph="M S" extra="civ * np-close"/>
			<t id="s4_11" word=")" lemma="--" pos="pu" morph="--" extra="--"/>
			<t id="s4_12" word="em" lemma="em" pos="prp" morph="--" extra="--"/>
			<t id="s4_13" word="03-11-2008_1" lemma="03-11-2008_1" pos="num" morph="M/F S" extra="card"/>
			<t id="s4_14" word="." lemma="--" pos="pu" morph="--" extra="--"/>
		</terminals>

		<nonterminals>
			<nt id="s4_500" cat="s">
				<edge label="STA" idref="s4_501"/>
			</nt>
			<nt id="s4_501" cat="par">
				<edge label="CJT" idref="s4_502"/>
				<edge label="PU" idref="s4_3"/>
				<edge label="CJT" idref="s4_503"/>
				<edge label="PU" idref="s4_14"/>
			</nt>
			<nt id="s4_502" cat="fcl">
				<edge label="S" idref="s4_1"/>
				<edge label="P" idref="s4_2"/>
			</nt>
			<nt id="s4_503" cat="fcl">
				<edge label="Od" idref="s4_4"/>
				<edge label="P" idref="s4_5"/>
				<edge label="fCs" idref="s4_6"/>
				<edge label="S" idref="s4_504"/>
				<edge label="fA" idref="s4_505"/>
			</nt>
			<nt id="s4_504" cat="np">
				<edge label="H" idref="s4_7"/>
				<edge label="DN" idref="s4_8"/>
				<edge label="PU" idref="s4_9"/>
				<edge label="DNapp" idref="s4_10"/>
				<edge label="PU" idref="s4_11"/>
			</nt>
			<nt id="s4_505" cat="pp">
				<edge label="H" idref="s4_12"/>
				<edge label="DP" idref="s4_13"/>
			</nt>
		</nonterminals>
	</graph>
</s>

<s id="s5" ref="5" source="Running text" forest="1" text="De todos os dias;">
	<graph root="s5_500">
		<terminals>
			<t id="s5_1" word="De" lemma="de" pos="prp" morph="--" extra="*"/>
			<t id="s5_2" word="todos_os_dias" lemma="todos_os_dias" pos="adv" morph="--" extra="--"/>
			<t id="s5_3" word=";" lemma="--" pos="pu" morph="--" extra="--"/>
		</terminals>

		<nonterminals>
			<nt id="s5_500" cat="s">
				<edge label="fA" idref="s5_501"/>
			</nt>
			<nt id="s5_501" cat="pp">
				<edge label="H" idref="s5_1"/>
				<edge label="DP" idref="s5_2"/>
				<edge label="PU" idref="s5_3"/>
			</nt>
		</nonterminals>
	</graph>
</s>

<s id="s6" ref="6" source="Running text" forest="1" text="diário:">
	<graph root="s6_500">
		<terminals>
			<t id="s6_1" word="diário" lemma="diário" pos="adj" morph="M S" extra="nh"/>
			<t id="s6_2" word=":" lemma="--" pos="pu" morph="--" extra="--"/>
		</terminals>

		<nonterminals>
			<nt id="s6_500" cat="s">
				<edge label="UTT" idref="s6_501"/>
			</nt>
			<nt id="s6_501" cat="x">
				<edge label="X" idref="s6_1"/>
				<edge label="PU" idref="s6_2"/>
			</nt>
		</nonterminals>
	</graph>
</s>

<s id="s7" ref="7" source="Running text" forest="1" text="2. Que se faz ou sucede todos os dias;">
	<graph root="s7_500">
		<terminals>
			<t id="s7_1" word="2." lemma="2." pos="adj" morph="M/F S" extra="NUM-ord jh"/>
			<t id="s7_2" word="Que" lemma="que" pos="spec" morph="M S" extra="clb clb-fs * rel"/>
			<t id="s7_3" word="se" lemma="se" pos="pron-pers" morph="M/F 3S/P ACC" extra="--"/>
			<t id="s7_4" word="faz" lemma="fazer" pos="v-fin" morph="PR 3S IND VFIN" extra="cjt-head cjt-head-DN mv np-close"/>
			<t id="s7_5" word="ou" lemma="ou" pos="conj-c" morph="--" extra="co-fin"/>
			<t id="s7_6" word="sucede" lemma="suceder" pos="v-fin" morph="PR 3S IND VFIN" extra="nosubj cjt-DN vN fmc mv np-close"/>
			<t id="s7_7" word="todos_os_dias" lemma="todos_os_dias" pos="adv" morph="--" extra="--"/>
			<t id="s7_8" word=";" lemma="--" pos="pu" morph="--" extra="--"/>
		</terminals>

		<nonterminals>
			<nt id="s7_500" cat="s">
				<edge label="UTT" idref="s7_501"/>
			</nt>
			<nt id="s7_501" cat="x">
				<edge label="X" idref="s7_1"/>
				<edge label="DN" idref="s7_502"/>
				<edge label="CJT" idref="s7_503"/>
				<edge label="CO" idref="s7_5"/>
				<edge label="CJT" idref="s7_504"/>
				<edge label="PU" idref="s7_8"/>
			</nt>
			<nt id="s7_502" cat="par">
			</nt>
			<nt id="s7_503" cat="fcl">
				<edge label="Od" idref="s7_2"/>
				<edge label="S" idref="s7_3"/>
				<edge label="P" idref="s7_4"/>
			</nt>
			<nt id="s7_504" cat="x">
				<edge label="P" idref="s7_6"/>
				<edge label="fA" idref="s7_7"/>
			</nt>
		</nonterminals>
	</graph>
</s>

<s id="s8" ref="8" source="Running text" forest="1" text="diário:">
	<graph root="s8_500">
		<terminals>
			<t id="s8_1" word="diário" lemma="diário" pos="adj" morph="M S" extra="nh"/>
			<t id="s8_2" word=":" lemma="--" pos="pu" morph="--" extra="--"/>
		</terminals>

		<nonterminals>
			<nt id="s8_500" cat="s">
				<edge label="UTT" idref="s8_501"/>
			</nt>
			<nt id="s8_501" cat="x">
				<edge label="X" idref="s8_1"/>
				<edge label="PU" idref="s8_2"/>
			</nt>
		</nonterminals>
	</graph>
</s>

<s id="s9" ref="9" source="Running text" forest="1" text="3. Que aparece todos os dias;">
	<graph root="s9_500">
		<terminals>
			<t id="s9_1" word="3." lemma="3." pos="adj" morph="M/F S" extra="NUM-ord jh"/>
			<t id="s9_2" word="Que" lemma="que" pos="spec" morph="M S" extra="clb clb-fs * rel"/>
			<t id="s9_3" word="aparece" lemma="aparecer" pos="v-fin" morph="PR 3S IND VFIN" extra="mv np-close"/>
			<t id="s9_4" word="todos_os_dias" lemma="todos_os_dias" pos="adv" morph="--" extra="--"/>
			<t id="s9_5" word=";" lemma="--" pos="pu" morph="--" extra="--"/>
		</terminals>

		<nonterminals>
			<nt id="s9_500" cat="s">
				<edge label="UTT" idref="s9_501"/>
			</nt>
			<nt id="s9_501" cat="x">
				<edge label="X" idref="s9_1"/>
				<edge label="DN" idref="s9_502"/>
				<edge label="S" idref="s9_2"/>
				<edge label="P" idref="s9_3"/>
				<edge label="fA" idref="s9_4"/>
				<edge label="PU" idref="s9_5"/>
			</nt>
			<nt id="s9_502" cat="fcl">
			</nt>
		</nonterminals>
	</graph>
</s>

<s id="s10" ref="10" source="Running text" forest="1" text="diário:">
	<graph root="s10_500">
		<terminals>
			<t id="s10_1" word="diário" lemma="diário" pos="adj" morph="M S" extra="nh"/>
			<t id="s10_2" word=":" lemma="--" pos="pu" morph="--" extra="--"/>
		</terminals>

		<nonterminals>
			<nt id="s10_500" cat="s">
				<edge label="UTT" idref="s10_501"/>
			</nt>
			<nt id="s10_501" cat="x">
				<edge label="X" idref="s10_1"/>
				<edge label="PU" idref="s10_2"/>
			</nt>
		</nonterminals>
	</graph>
</s>

<s id="s11" ref="11" source="Running text" forest="1" text="4. Que sucede ou se pratica habitualmente:">
	<graph root="s11_500">
		<terminals>
			<t id="s11_1" word="4." lemma="4." pos="adj" morph="M/F S" extra="NUM-ord jh"/>
			<t id="s11_2" word="Que" lemma="que" pos="spec" morph="M S" extra="clb clb-fs * rel"/>
			<t id="s11_3" word="sucede" lemma="suceder" pos="v-fin" morph="PR 3S IND VFIN" extra="vN mv np-close"/>
			<t id="s11_4" word="ou" lemma="ou" pos="conj-c" morph="--" extra="--"/>
			<t id="s11_5" word="se" lemma="se" pos="pron-pers" morph="M/F 3S ACC" extra="pass"/>
			<t id="s11_6" word="pratica" lemma="praticar" pos="v-fin" morph="PR 3S IND VFIN" extra="vH fmc mv"/>
			<t id="s11_7" word="habitualmente" lemma="habitualmente" pos="adv" morph="--" extra="--"/>
			<t id="s11_8" word=":" lemma="--" pos="pu" morph="--" extra="--"/>
		</terminals>

		<nonterminals>
			<nt id="s11_500" cat="s">
				<edge label="X" idref="s11_501"/>
			</nt>
			<nt id="s11_501" cat="adjp">
				<edge label="H" idref="s11_1"/>
				<edge label="DN" idref="s11_502"/>
				<edge label="S" idref="s11_2"/>
				<edge label="P" idref="s11_3"/>
				<edge label="S" idref="s11_503"/>
				<edge label="STA" idref="s11_504"/>
				<edge label="PU" idref="s11_8"/>
			</nt>
			<nt id="s11_502" cat="fcl">
			</nt>
			<nt id="s11_503" cat="x">
				<edge label="CO" idref="s11_4"/>
			</nt>
			<nt id="s11_504" cat="fcl">
				<edge label="Od" idref="s11_5"/>
				<edge label="P" idref="s11_6"/>
				<edge label="fA" idref="s11_7"/>
			</nt>
		</nonterminals>
	</graph>
</s>

<s id="s12" ref="12" source="Running text" forest="1" text="S. m. 5. Aquilo que se faz ou ocorre todos os dias.">
	<graph root="s12_500">
		<terminals>
			<t id="s12_1" word="S." lemma="s." pos="adv" morph="--" extra="*"/>
			<t id="s12_2" word="m." lemma="m." pos="n" morph="M S" sem="temp" extra="--"/>
			<t id="s12_3" word="5." lemma="5." pos="adj" morph="M S" extra="NUM-ord np-close"/>
			<t id="s12_4" word="Aquilo" lemma="aquilo" pos="spec" morph="M S" extra="* dem"/>
			<t id="s12_5" word="que" lemma="que" pos="spec" morph="M S" extra="clb clb-fs rel"/>
			<t id="s12_6" word="se" lemma="se" pos="pron-pers" morph="M/F 3S/P ACC" extra="--"/>
			<t id="s12_7" word="faz" lemma="fazer" pos="v-fin" morph="PR 3S IND VFIN" extra="cjt-head cjt-head-DN mv np-close"/>
			<t id="s12_8" word="ou" lemma="ou" pos="conj-c" morph="--" extra="co-fin"/>
			<t id="s12_9" word="ocorre" lemma="ocorrer" pos="v-fin" morph="PR 3S IND VFIN" extra="nosubj cjt-DN vN fmc mv np-close"/>
			<t id="s12_10" word="todos_os_dias" lemma="todos_os_dias" pos="adv" morph="--" extra="--"/>
			<t id="s12_11" word="." lemma="--" pos="pu" morph="--" extra="--"/>
		</terminals>

		<nonterminals>
			<nt id="s12_500" cat="s">
				<edge label="UTT" idref="s12_501"/>
			</nt>
			<nt id="s12_501" cat="x">
				<edge label="fA" idref="s12_1"/>
				<edge label="fA" idref="s12_502"/>
				<edge label="H" idref="s12_2"/>
				<edge label="DN" idref="s12_3"/>
				<edge label="X" idref="s12_4"/>
				<edge label="DN" idref="s12_503"/>
				<edge label="PU" idref="s12_11"/>
			</nt>
			<nt id="s12_502" cat="np">
			</nt>
			<nt id="s12_503" cat="par">
				<edge label="CJT" idref="s12_504"/>
				<edge label="CO" idref="s12_8"/>
				<edge label="CJT" idref="s12_505"/>
			</nt>
			<nt id="s12_504" cat="fcl">
				<edge label="Od" idref="s12_5"/>
				<edge label="S" idref="s12_6"/>
				<edge label="P" idref="s12_7"/>
			</nt>
			<nt id="s12_505" cat="x">
				<edge label="P" idref="s12_9"/>
				<edge label="fA" idref="s12_10"/>
			</nt>
		</nonterminals>
	</graph>
</s>

<s id="s13" ref="13" source="Running text" forest="1" text="6. O que sucede ou se pratica habitualmente.">
	<graph root="s13_500">
		<terminals>
			<t id="s13_1" word="6." lemma="6." pos="adj" morph="M/F S" extra="cjt-head cjt-head-X NUM-ord jh"/>
			<t id="s13_2" word="O" lemma="o" pos="pron-dem" morph="DET M S" extra="cjt-X * dem"/>
			<t id="s13_3" word="que" lemma="que" pos="spec" morph="M S" extra="clb clb-fs rel"/>
			<t id="s13_4" word="sucede" lemma="suceder" pos="v-fin" morph="PR 3S IND VFIN" extra="vN mv np-close"/>
			<t id="s13_5" word="ou" lemma="ou" pos="conj-c" morph="--" extra="--"/>
			<t id="s13_6" word="se" lemma="se" pos="pron-pers" morph="M/F 3S ACC" extra="pass"/>
			<t id="s13_7" word="pratica" lemma="praticar" pos="v-fin" morph="PR 3S IND VFIN" extra="vH fmc mv"/>
			<t id="s13_8" word="habitualmente" lemma="habitualmente" pos="adv" morph="--" extra="--"/>
			<t id="s13_9" word="." lemma="--" pos="pu" morph="--" extra="--"/>
		</terminals>

		<nonterminals>
			<nt id="s13_500" cat="s">
				<edge label="X" idref="s13_501"/>
			</nt>
			<nt id="s13_501" cat="par">
				<edge label="CJT" idref="s13_1"/>
				<edge label="CJT" idref="s13_502"/>
				<edge label="DN" idref="s13_503"/>
				<edge label="PU" idref="s13_9"/>
			</nt>
			<nt id="s13_502" cat="adjp">
				<edge label="H" idref="s13_2"/>
			</nt>
			<nt id="s13_503" cat="fcl">
				<edge label="Od" idref="s13_3"/>
				<edge label="P" idref="s13_4"/>
				<edge label="Od" idref="s13_504"/>
				<edge label="STA" idref="s13_505"/>
			</nt>
			<nt id="s13_504" cat="x">
				<edge label="CO" idref="s13_5"/>
			</nt>
			<nt id="s13_505" cat="fcl">
				<edge label="Od" idref="s13_6"/>
				<edge label="P" idref="s13_7"/>
				<edge label="fA" idref="s13_8"/>
			</nt>
		</nonterminals>
	</graph>
</s>

<s id="s14" ref="14" source="Running text" forest="1" text="As Práticas do Cotidiano na Relação Oferta e Demanda dos Serviços de Saúde:">
	<graph root="s14_500">
		<terminals>
			<t id="s14_1" word="As" lemma="o" pos="art" morph="F P" extra="* "/>
			<t id="s14_2" word="Práticas_do_Cotidiano" lemma="Práticas_do_Cotidiano" pos="prop" morph="F P" extra="org * heur"/>
			<t id="s14_3" word="em" lemma="em" pos="prp" morph="--" extra="sam-"/>
			<t id="s14_4" word="a" lemma="o" pos="art" morph="F S" extra="-sam "/>
			<t id="s14_5" word="Relação_Oferta" lemma="Relação_Oferta" pos="prop" morph="F S" extra="cjt-head cjt-head-DP org * heur"/>
			<t id="s14_6" word="e" lemma="e" pos="conj-c" morph="--" extra="--"/>
			<t id="s14_7" word="Demanda_dos_Serviços_de_Saúde" lemma="Demanda_dos_Serviços_de_Saúde" pos="prop" morph="F S" extra="cjt-DP hum *"/>
			<t id="s14_8" word=":" lemma="--" pos="pu" morph="--" extra="--"/>
		</terminals>

		<nonterminals>
			<nt id="s14_500" cat="s">
				<edge label="X" idref="s14_501"/>
			</nt>
			<nt id="s14_501" cat="np">
				<edge label="DN" idref="s14_1"/>
				<edge label="H" idref="s14_2"/>
				<edge label="fA" idref="s14_502"/>
				<edge label="H" idref="s14_3"/>
				<edge label="DP" idref="s14_503"/>
				<edge label="PU" idref="s14_8"/>
			</nt>
			<nt id="s14_502" cat="pp">
			</nt>
			<nt id="s14_503" cat="par">
				<edge label="CJT" idref="s14_504"/>
				<edge label="CO" idref="s14_6"/>
				<edge label="CJT" idref="s14_7"/>
			</nt>
			<nt id="s14_504" cat="np">
				<edge label="DN" idref="s14_4"/>
				<edge label="H" idref="s14_5"/>
			</nt>
		</nonterminals>
	</graph>
</s>

<s id="s15" ref="15" source="Running text" forest="1" text="um Campo de Estudo e Construção da Integralidade Compartilhar enviar nova definição enviar nova imagem denunciar abuso Sinônimos:">
	<graph root="s15_500">
		<terminals>
			<t id="s15_1" word="um" lemma="um" pos="art" morph="M S" extra="--"/>
			<t id="s15_2" word="Campo_de_Estudo" lemma="Campo_de_Estudo" pos="prop" morph="M S" sem="inst" extra="cjt-head cjt-head-S *"/>
			<t id="s15_3" word="e" lemma="e" pos="conj-c" morph="--" extra="--"/>
			<t id="s15_4" word="Construção_da_Integralidade_Compartilhar" lemma="Construção_da_Integralidade_Compartilhar" pos="prop" morph="F S" extra="cjt-S org * heur"/>
			<t id="s15_5" word="enviar" lemma="enviar" pos="v-inf" morph="3S" extra="vH mv"/>
			<t id="s15_6" word="nova" lemma="novo" pos="adj" morph="F S" extra="jh"/>
			<t id="s15_7" word="definição" lemma="definição" pos="n" morph="F S" sem="sem-c" extra="--"/>
			<t id="s15_8" word="enviar" lemma="enviar" pos="v-inf" morph="--" extra="vH mv"/>
			<t id="s15_9" word="nova" lemma="novo" pos="adj" morph="F S" extra="jh"/>
			<t id="s15_10" word="imagem" lemma="imagem" pos="n" morph="F S" sem="pict sem-c ac-cat" extra="--"/>
			<t id="s15_11" word="denunciar" lemma="denunciar" pos="v-inf" morph="--" extra="vH mv"/>
			<t id="s15_12" word="abuso" lemma="abuso" pos="n" morph="M S" sem="activity" extra="--"/>
			<t id="s15_13" word="Sinônimos" lemma="Sinônimos" pos="prop" morph="M S" extra="hum * np-close"/>
			<t id="s15_14" word=":" lemma="--" pos="pu" morph="--" extra="--"/>
		</terminals>

		<nonterminals>
			<nt id="s15_500" cat="s">
				<edge label="UTT" idref="s15_501"/>
			</nt>
			<nt id="s15_501" cat="fcl">
				<edge label="S" idref="s15_502"/>
				<edge label="P" idref="s15_5"/>
				<edge label="Od" idref="s15_504"/>
				<edge label="UTT" idref="s15_505"/>
				<edge label="UTT" idref="s15_507"/>
				<edge label="PU" idref="s15_14"/>
			</nt>
			<nt id="s15_502" cat="par">
				<edge label="CJT" idref="s15_503"/>
				<edge label="CO" idref="s15_3"/>
				<edge label="CJT" idref="s15_4"/>
			</nt>
			<nt id="s15_503" cat="np">
				<edge label="DN" idref="s15_1"/>
				<edge label="H" idref="s15_2"/>
			</nt>
			<nt id="s15_504" cat="np">
				<edge label="DN" idref="s15_6"/>
				<edge label="H" idref="s15_7"/>
			</nt>
			<nt id="s15_505" cat="icl">
				<edge label="P" idref="s15_8"/>
				<edge label="Od" idref="s15_506"/>
			</nt>
			<nt id="s15_506" cat="np">
				<edge label="DN" idref="s15_9"/>
				<edge label="H" idref="s15_10"/>
			</nt>
			<nt id="s15_507" cat="icl">
				<edge label="P" idref="s15_11"/>
				<edge label="Od" idref="s15_508"/>
			</nt>
			<nt id="s15_508" cat="np">
				<edge label="H" idref="s15_12"/>
				<edge label="DN" idref="s15_13"/>
			</nt>
		</nonterminals>
	</graph>
</s>

<s id="s16" ref="16" source="Running text" forest="1" text="habitual anfêmero cotidiano catemeiiino diário diurnal diurnodiário rotina dial rotineira dia-a-dia mais...">
	<graph root="s16_500">
		<terminals>
			<t id="s16_1" word="habitual" lemma="habitual" pos="adj" morph="M S" extra="nh"/>
			<t id="s16_2" word="anfêmero" lemma="anfêmero" pos="n" morph="M S" extra="cjt-head cjt-head-X heur"/>
			<t id="s16_3" word="cotidiano" lemma="cotidiano" pos="adj" morph="M S" extra="nh np-close"/>
			<t id="s16_4" word="catemeiiino" lemma="catemeiiino" pos="n" morph="M S" extra="cjt-X foreign heur"/>
			<t id="s16_5" word="diário" lemma="diário" pos="adj" morph="M S" extra="nh np-close"/>
			<t id="s16_6" word="diurnal" lemma="diurnal" pos="n" morph="M S" sem="cc-r" extra="cjt-X"/>
			<t id="s16_7" word="diurnodiário" lemma="diurnodiário" pos="adj" morph="M S" extra="DERS np-close"/>
			<t id="s16_8" word="rotina" lemma="rotina" pos="n" morph="F S" sem="ac sem-c" extra="cjt-X"/>
			<t id="s16_9" word="dial" lemma="dial" pos="n" morph="F S" extra="cjt-X heur"/>
			<t id="s16_10" word="rotineira" lemma="rotineiro" pos="adj" morph="F S" extra="jh"/>
			<t id="s16_11" word="dia-a-dia" lemma="dia-a-dia" pos="n" morph="M S" sem="activity" extra="cjt-X"/>
			<t id="s16_12" word="mais" lemma="mais" pos="adv" morph="--" extra="--"/>
			<t id="s16_13" word="." lemma="--" pos="pu" morph="--" extra="--"/>
		</terminals>

		<nonterminals>
			<nt id="s16_500" cat="s">
				<edge label="X" idref="s16_501"/>
			</nt>
			<nt id="s16_501" cat="par">
				<edge label="CJT" idref="s16_502"/>
				<edge label="CJT" idref="s16_503"/>
				<edge label="CJT" idref="s16_504"/>
				<edge label="CJT" idref="s16_8"/>
				<edge label="CJT" idref="s16_9"/>
				<edge label="fCs" idref="s16_10"/>
				<edge label="CJT" idref="s16_505"/>
				<edge label="PU" idref="s16_13"/>
			</nt>
			<nt id="s16_502" cat="np">
				<edge label="DN" idref="s16_1"/>
				<edge label="H" idref="s16_2"/>
				<edge label="DN" idref="s16_3"/>
			</nt>
			<nt id="s16_503" cat="np">
				<edge label="H" idref="s16_4"/>
				<edge label="DN" idref="s16_5"/>
			</nt>
			<nt id="s16_504" cat="np">
				<edge label="H" idref="s16_6"/>
				<edge label="DN" idref="s16_7"/>
			</nt>
			<nt id="s16_505" cat="np">
				<edge label="H" idref="s16_11"/>
				<edge label="fA" idref="s16_12"/>
			</nt>
		</nonterminals>
	</graph>
</s>

<s id="s17" ref="17" source="Running text" forest="1" text="Antônimos:">
	<graph root="s17_500">
		<terminals>
			<t id="s17_1" word="Antônimos" lemma="antônimo" pos="adj" morph="M P" extra="* nh"/>
			<t id="s17_2" word=":" lemma="--" pos="pu" morph="--" extra="--"/>
		</terminals>

		<nonterminals>
			<nt id="s17_500" cat="s">
				<edge label="UTT" idref="s17_501"/>
			</nt>
			<nt id="s17_501" cat="x">
				<edge label="X" idref="s17_1"/>
				<edge label="PU" idref="s17_2"/>
			</nt>
		</nonterminals>
	</graph>
</s>

<s id="s18" ref="18" source="Running text" forest="1" text="incomum mais...">
	<graph root="s18_500">
		<terminals>
			<t id="s18_1" word="incomum" lemma="incomum" pos="adj" morph="M/F S" extra="nh"/>
			<t id="s18_2" word="mais" lemma="mais" pos="adv" morph="--" extra="quant KOMP"/>
			<t id="s18_3" word="." lemma="--" pos="pu" morph="--" extra="--"/>
		</terminals>

		<nonterminals>
			<nt id="s18_500" cat="s">
				<edge label="UTT" idref="s18_501"/>
			</nt>
			<nt id="s18_501" cat="x">
				<edge label="S" idref="s18_1"/>
				<edge label="fA" idref="s18_2"/>
				<edge label="PU" idref="s18_3"/>
			</nt>
		</nonterminals>
	</graph>
</s>

<s id="s19" ref="19" source="Running text" forest="1" text="2 sobe, 0 desce 2. Cotidiano Por Dicionário inFormal(SP) em 07-01-2014 Coisa que você faz no seu dia-a-dia, que é habitual Gosto de variar as atividades que faço, não aguento aquela pacatez do cotidiano Compartilhar enviar nova definição enviar nova imagem denunciar abuso Outras Informações:Palavras com 9 letras A palavra possui 5 vogais -- o i ia o A palavra possui 4 consoantes -- c t d n 1 página -- 2 Definições nicosia xenotima uricuriba madrugada quaieira.">
	<graph root="s19_500">
		<terminals>
			<t id="s19_1" word="2" lemma="2" pos="num" morph="M/F P" extra="card"/>
			<t id="s19_2" word="sobe" lemma="subir" pos="v-fin" morph="PR 3S IND VFIN" extra="nosubj nosubj cjt-head cjt-head-STA fmc mv"/>
			<t id="s19_3" word="," lemma="--" pos="pu" morph="--" extra="--"/>
			<t id="s19_4" word="0" lemma="xx" pos="num" morph="M/F P" extra="card"/>
			<t id="s19_5" word="desce" lemma="descer" pos="v-fin" morph="PR 3S IND VFIN" extra="cjt-STA fmc mv"/>
			<t id="s19_6" word="2." lemma="2." pos="adj" morph="M/F S" extra="NUM-ord"/>
			<t id="s19_7" word="Cotidiano_Por_Dicionário" lemma="Cotidiano_Por_Dicionário" pos="prop" morph="M S" extra="tit *"/>
			<t id="s19_8" word="inFormal" lemma="inFormal" pos="adj" morph="M S" extra="np-close"/>
			<t id="s19_9" word="(" lemma="--" pos="pu" morph="--" extra="--"/>
			<t id="s19_10" word="SP" lemma="SP" pos="prop" morph="M S" extra="civ * np-close"/>
			<t id="s19_11" word=")" lemma="--" pos="pu" morph="--" extra="--"/>
			<t id="s19_12" word="em" lemma="em" pos="prp" morph="--" extra="--"/>
			<t id="s19_13" word="07-01-2014" lemma="07-01-2014" pos="num" morph="F P" extra="card"/>
			<t id="s19_14" word="Coisa" lemma="coisa" pos="n" morph="F P" sem="cc ac" extra="prop *"/>
			<t id="s19_15" word="que" lemma="que" pos="spec" morph="M S" extra="clb clb-fs rel"/>
			<t id="s19_16" word="você" lemma="você" pos="pron-pers" morph="M/F 3S NOM" extra="--"/>
			<t id="s19_17" word="faz" lemma="fazer" pos="v-fin" morph="PR 3S IND VFIN" extra="mv np-close"/>
			<t id="s19_18" word="em" lemma="em" pos="prp" morph="--" extra="sam-"/>
			<t id="s19_19" word="o" lemma="o" pos="art" morph="M S" extra="-sam "/>
			<t id="s19_20" word="seu" lemma="seu" pos="pron-poss" morph="DET M S" extra="si poss 3S"/>
			<t id="s19_21" word="dia-a-dia" lemma="dia-a-dia" pos="n" morph="M S" sem="activity" extra="--"/>
			<t id="s19_22" word="," lemma="--" pos="pu" morph="--" extra="--"/>
			<t id="s19_23" word="que" lemma="que" pos="spec" morph="M S" extra="clb clb-fs rel"/>
			<t id="s19_24" word="é" lemma="ser" pos="v-fin" morph="PR 3S IND VFIN" extra="vK mv np-close"/>
			<t id="s19_25" word="habitual" lemma="habitual" pos="adj" morph="M S" extra="nh"/>
			<t id="s19_26" word="Gosto" lemma="gosto" pos="n" morph="M S" sem="am" extra="prop *"/>
			<t id="s19_27" word="de" lemma="de" pos="prp" morph="--" extra="np-close"/>
			<t id="s19_28" word="variar" lemma="variar" pos="v-inf" morph="--" extra="mv"/>
			<t id="s19_29" word="as" lemma="o" pos="art" morph="F P" extra="--"/>
			<t id="s19_30" word="atividades" lemma="atividade" pos="n" morph="F P" sem="act-d activity" extra="--"/>
			<t id="s19_31" word="que" lemma="que" pos="spec" morph="M S" extra="clb clb-fs rel"/>
			<t id="s19_32" word="faço" lemma="fazer" pos="v-fin" morph="PR 1S IND VFIN" extra="mv np-close"/>
			<t id="s19_33" word="," lemma="--" pos="pu" morph="--" extra="--"/>
			<t id="s19_34" word="não" lemma="não" pos="adv" morph="--" extra="--"/>
			<t id="s19_35" word="aguento" lemma="aguentar" pos="v-fin" morph="PR 1S IND VFIN" extra="nosubj cjt-STA vH fmc mv"/>
			<t id="s19_36" word="aquela" lemma="aquele" pos="pron-dem" morph="DET F S" extra="dem"/>
			<t id="s19_37" word="pacatez" lemma="pacatez" pos="n" morph="F S" sem="am" extra="--"/>
			<t id="s19_38" word="de" lemma="de" pos="prp" morph="--" extra="sam- np-close"/>
			<t id="s19_39" word="o" lemma="o" pos="art" morph="M S" extra="clb -sam artd"/>
			<t id="s19_40" word="cotidiano" lemma="cotidiano" pos="adj" morph="M S" extra="n nh"/>
			<t id="s19_41" word="Compartilhar" lemma="compartilhar" pos="v-inf" morph="3S" extra="* vH mv"/>
			<t id="s19_42" word="enviar" lemma="enviar" pos="v-inf" morph="--" extra="vH mv"/>
			<t id="s19_43" word="nova" lemma="novo" pos="adj" morph="F S" extra="jh"/>
			<t id="s19_44" word="definição" lemma="definição" pos="n" morph="F S" sem="sem-c" extra="--"/>
			<t id="s19_45" word="enviar" lemma="enviar" pos="v-inf" morph="3S" extra="vH mv"/>
			<t id="s19_46" word="nova" lemma="novo" pos="adj" morph="F S" extra="jh"/>
			<t id="s19_47" word="imagem" lemma="imagem" pos="n" morph="F S" sem="pict sem-c ac-cat" extra="--"/>
			<t id="s19_48" word="denunciar" lemma="denunciar" pos="v-inf" morph="--" extra="vH mv"/>
			<t id="s19_49" word="abuso" lemma="abuso" pos="n" morph="M S" sem="activity" extra="--"/>
			<t id="s19_50" word="Outras_Informações" lemma="Outras_Informações" pos="prop" morph="M S" extra="hum * heur np-close"/>
			<t id="s19_51" word=":Palavras" lemma=":Palavras" pos="n" morph="M S" extra="cjt-head cjt-head-S"/>
			<t id="s19_52" word="com" lemma="com" pos="prp" morph="--" extra="--"/>
			<t id="s19_53" word="9" lemma="9" pos="num" morph="F P" extra="card"/>
			<t id="s19_54" word="letras" lemma="letra" pos="n" morph="F P" sem="ac-sign sem-r domain" extra="--"/>
			<t id="s19_55" word="A" lemma="o" pos="art" morph="F S" extra="* "/>
			<t id="s19_56" word="palavra" lemma="palavra" pos="n" morph="F S" sem="ac-cat act-s" extra="cjt-S"/>
			<t id="s19_57" word="possui" lemma="possuir" pos="v-fin" morph="PR 3S IND VFIN" extra="cjt-STA vH fmc mv"/>
			<t id="s19_58" word="5" lemma="5" pos="num" morph="M P" extra="card"/>
			<t id="s19_59" word="vogais" lemma="vogal" pos="n" morph="M P" sem="ac-cat H" extra="--"/>
			<t id="s19_60" word="--" lemma="--" pos="pu" morph="--" extra="--"/>
			<t id="s19_61" word="o" lemma="o" pos="art" morph="M S" extra="--"/>
			<t id="s19_62" word="i" lemma="i" pos="n" morph="M S" sem="ac-sign" extra="--"/>
			<t id="s19_63" word="ia" lemma="ir" pos="v-fin" morph="IMPF 3S IND VFIN" extra="cjt-STA fmc mv"/>
			<t id="s19_64" word="o" lemma="o" pos="art" morph="M S" extra="--"/>
			<t id="s19_65" word="A" lemma="o" pos="art" morph="F S" extra="* "/>
			<t id="s19_66" word="palavra" lemma="palavra" pos="n" morph="F S" sem="ac-cat act-s" extra="--"/>
			<t id="s19_67" word="possui" lemma="possuir" pos="v-fin" morph="PR 3S IND VFIN" extra="cjt-STA vH fmc mv"/>
			<t id="s19_68" word="4" lemma="4" pos="num" morph="F P" extra="card"/>
			<t id="s19_69" word="consoantes" lemma="consoante" pos="n" morph="F P" sem="ac-cat" extra="--"/>
			<t id="s19_70" word="--" lemma="--" pos="pu" morph="--" extra="--"/>
			<t id="s19_71" word="c" lemma="c" pos="n" morph="M S" sem="ac-sign" extra="cjt-head cjt-head-S"/>
			<t id="s19_72" word="t" lemma="t" pos="n" morph="M S" sem="ac-sign" extra="cjt-S"/>
			<t id="s19_73" word="d" lemma="d" pos="n" morph="M S" sem="ac-sign" extra="cjt-S"/>
			<t id="s19_74" word="n" lemma="n" pos="n" morph="M S" sem="ac-sign" extra="cjt-S"/>
			<t id="s19_75" word="1" lemma="1" pos="num" morph="F S" extra="card"/>
			<t id="s19_76" word="página" lemma="página" pos="n" morph="F S" sem="cc-r" extra="cjt-S"/>
			<t id="s19_77" word="--" lemma="--" pos="pu" morph="--" extra="--"/>
			<t id="s19_78" word="2" lemma="2" pos="num" morph="F P" extra="card"/>
			<t id="s19_79" word="Definições" lemma="definição" pos="n" morph="F P" sem="sem-c" extra="prop *"/>
			<t id="s19_80" word="nicosia" lemma="nicosia" pos="n" morph="F S" extra="DERS DERS"/>
			<t id="s19_81" word="xenotima" lemma="xenotimo" pos="adj" morph="F S" extra="SUP DERP np-close"/>
			<t id="s19_82" word="uricuriba" lemma="uricuribo" pos="adj" morph="F S" extra="heur"/>
			<t id="s19_83" word="madrugada" lemma="madrugada" pos="n" morph="F S" sem="temp" extra="--"/>
			<t id="s19_84" word="quaieira" lemma="quaieiro" pos="adj" morph="F S" extra="DERS np-close"/>
			<t id="s19_85" word="." lemma="--" pos="pu" morph="--" extra="--"/>
		</terminals>

		<nonterminals>
			<nt id="s19_500" cat="s">
				<edge label="STA" idref="s19_501"/>
			</nt>
			<nt id="s19_501" cat="par">
				<edge label="CJT" idref="s19_502"/>
				<edge label="PU" idref="s19_3"/>
				<edge label="CJT" idref="s19_503"/>
				<edge label="PU" idref="s19_33"/>
				<edge label="CJT" idref="s19_516"/>
				<edge label="CJT" idref="s19_519"/>
				<edge label="CJT" idref="s19_533"/>
				<edge label="CJT" idref="s19_536"/>
				<edge label="PU" idref="s19_85"/>
			</nt>
			<nt id="s19_502" cat="fcl">
				<edge label="Od" idref="s19_1"/>
				<edge label="P" idref="s19_2"/>
			</nt>
			<nt id="s19_503" cat="fcl">
				<edge label="Od" idref="s19_4"/>
				<edge label="P" idref="s19_5"/>
				<edge label="fCs" idref="s19_6"/>
				<edge label="S" idref="s19_504"/>
				<edge label="fA" idref="s19_505"/>
			</nt>
			<nt id="s19_504" cat="np">
				<edge label="H" idref="s19_7"/>
				<edge label="DN" idref="s19_8"/>
				<edge label="PU" idref="s19_9"/>
				<edge label="DNapp" idref="s19_10"/>
				<edge label="PU" idref="s19_11"/>
			</nt>
			<nt id="s19_505" cat="pp">
				<edge label="H" idref="s19_12"/>
				<edge label="DP" idref="s19_506"/>
			</nt>
			<nt id="s19_506" cat="np">
				<edge label="DN" idref="s19_13"/>
				<edge label="H" idref="s19_14"/>
				<edge label="DN" idref="s19_507"/>
			</nt>
			<nt id="s19_507" cat="fcl">
				<edge label="Od" idref="s19_15"/>
				<edge label="S" idref="s19_16"/>
				<edge label="P" idref="s19_17"/>
				<edge label="fA" idref="s19_508"/>
			</nt>
			<nt id="s19_508" cat="pp">
				<edge label="H" idref="s19_18"/>
				<edge label="DP" idref="s19_509"/>
			</nt>
			<nt id="s19_509" cat="np">
				<edge label="DN" idref="s19_19"/>
				<edge label="DN" idref="s19_20"/>
				<edge label="H" idref="s19_21"/>
				<edge label="PU" idref="s19_22"/>
				<edge label="DN" idref="s19_510"/>
			</nt>
			<nt id="s19_510" cat="fcl">
				<edge label="S" idref="s19_23"/>
				<edge label="P" idref="s19_24"/>
				<edge label="Cs" idref="s19_511"/>
			</nt>
			<nt id="s19_511" cat="np">
				<edge label="DN" idref="s19_25"/>
				<edge label="H" idref="s19_26"/>
				<edge label="DN" idref="s19_512"/>
			</nt>
			<nt id="s19_512" cat="pp">
				<edge label="H" idref="s19_27"/>
				<edge label="DP" idref="s19_513"/>
			</nt>
			<nt id="s19_513" cat="icl">
				<edge label="P" idref="s19_28"/>
				<edge label="Od" idref="s19_514"/>
			</nt>
			<nt id="s19_514" cat="np">
				<edge label="DN" idref="s19_29"/>
				<edge label="H" idref="s19_30"/>
				<edge label="DN" idref="s19_515"/>
			</nt>
			<nt id="s19_515" cat="fcl">
				<edge label="Od" idref="s19_31"/>
				<edge label="P" idref="s19_32"/>
			</nt>
			<nt id="s19_516" cat="x">
				<edge label="fA" idref="s19_34"/>
				<edge label="P" idref="s19_35"/>
				<edge label="Od" idref="s19_517"/>
			</nt>
			<nt id="s19_517" cat="np">
				<edge label="DN" idref="s19_36"/>
				<edge label="H" idref="s19_37"/>
				<edge label="DN" idref="s19_518"/>
			</nt>
			<nt id="s19_518" cat="pp">
				<edge label="H" idref="s19_38"/>
				<edge label="DP" idref="s19_521"/>
			</nt>
			<nt id="s19_519" cat="fcl">
				<edge label="S" idref="s19_520"/>
				<edge label="S" idref="s19_523"/>
				<edge label="P" idref="s19_57"/>
				<edge label="Od" idref="s19_532"/>
			</nt>
			<nt id="s19_520" cat="np">
				<edge label="DN" idref="s19_39"/>
				<edge label="H" idref="s19_40"/>
			</nt>
			<nt id="s19_521" cat="icl">
				<edge label="P" idref="s19_41"/>
				<edge label="Od" idref="s19_522"/>
			</nt>
			<nt id="s19_522" cat="icl">
				<edge label="P" idref="s19_42"/>
				<edge label="Od" idref="s19_524"/>
			</nt>
			<nt id="s19_523" cat="np">
				<edge label="DN" idref="s19_43"/>
				<edge label="H" idref="s19_44"/>
			</nt>
			<nt id="s19_524" cat="icl">
				<edge label="P" idref="s19_45"/>
				<edge label="Od" idref="s19_525"/>
				<edge label="UTT" idref="s19_526"/>
			</nt>
			<nt id="s19_525" cat="np">
				<edge label="DN" idref="s19_46"/>
				<edge label="H" idref="s19_47"/>
			</nt>
			<nt id="s19_526" cat="fcl">
				<edge label="P" idref="s19_48"/>
				<edge label="Od" idref="s19_527"/>
				<edge label="S" idref="s19_528"/>
				<edge label="fA" idref="s19_529"/>
			</nt>
			<nt id="s19_527" cat="np">
				<edge label="H" idref="s19_49"/>
				<edge label="DN" idref="s19_50"/>
			</nt>
			<nt id="s19_528" cat="par">
				<edge label="CJT" idref="s19_51"/>
			</nt>
			<nt id="s19_529" cat="pp">
				<edge label="H" idref="s19_52"/>
				<edge label="DP" idref="s19_530"/>
				<edge label="CJT" idref="s19_531"/>
			</nt>
			<nt id="s19_530" cat="np">
				<edge label="DN" idref="s19_53"/>
				<edge label="H" idref="s19_54"/>
			</nt>
			<nt id="s19_531" cat="np">
				<edge label="DN" idref="s19_55"/>
				<edge label="H" idref="s19_56"/>
			</nt>
			<nt id="s19_532" cat="np">
				<edge label="DN" idref="s19_58"/>
				<edge label="H" idref="s19_59"/>
				<edge label="PU" idref="s19_60"/>
			</nt>
			<nt id="s19_533" cat="fcl">
				<edge label="S" idref="s19_534"/>
				<edge label="P" idref="s19_63"/>
				<edge label="S" idref="s19_535"/>
			</nt>
			<nt id="s19_534" cat="np">
				<edge label="DN" idref="s19_61"/>
				<edge label="H" idref="s19_62"/>
			</nt>
			<nt id="s19_535" cat="np">
				<edge label="DN" idref="s19_64"/>
				<edge label="DN" idref="s19_65"/>
				<edge label="H" idref="s19_66"/>
			</nt>
			<nt id="s19_536" cat="fcl">
				<edge label="P" idref="s19_67"/>
				<edge label="Od" idref="s19_537"/>
				<edge label="S" idref="s19_538"/>
				<edge label="fCsta" idref="s19_540"/>
				<edge label="fCs" idref="s19_541"/>
				<edge label="fCs" idref="s19_542"/>
			</nt>
			<nt id="s19_537" cat="np">
				<edge label="DN" idref="s19_68"/>
				<edge label="H" idref="s19_69"/>
				<edge label="PU" idref="s19_70"/>
			</nt>
			<nt id="s19_538" cat="par">
				<edge label="CJT" idref="s19_71"/>
				<edge label="CJT" idref="s19_72"/>
				<edge label="CJT" idref="s19_73"/>
				<edge label="CJT" idref="s19_74"/>
				<edge label="CJT" idref="s19_539"/>
			</nt>
			<nt id="s19_539" cat="np">
				<edge label="DN" idref="s19_75"/>
				<edge label="H" idref="s19_76"/>
				<edge label="PU" idref="s19_77"/>
			</nt>
			<nt id="s19_540" cat="np">
				<edge label="DN" idref="s19_78"/>
				<edge label="H" idref="s19_79"/>
			</nt>
			<nt id="s19_541" cat="np">
				<edge label="H" idref="s19_80"/>
				<edge label="DN" idref="s19_81"/>
			</nt>
			<nt id="s19_542" cat="np">
				<edge label="DN" idref="s19_82"/>
				<edge label="H" idref="s19_83"/>
				<edge label="DN" idref="s19_84"/>
			</nt>
		</nonterminals>
	</graph>
</s>

	</body>
</corpus>
