<?xml version="1.0" encoding="UTF-8"?>
<corpus>

	<body>
<s id="s1" ref="1" source="Running text" forest="1" text="Cumulativo 2 Definições encontradas.">
	<graph root="s1_500">
		<terminals>
			<t id="s1_1" word="Cumulativo" lemma="cumulativo" pos="adj" morph="M S" extra="cjt-head cjt-head-X * nh"/>
			<t id="s1_2" word="2" lemma="2" pos="num" morph="F P" extra="card"/>
			<t id="s1_3" word="Definições" lemma="definição" pos="n" morph="F P" sem="sem-c" extra="cjt-X prop *"/>
			<t id="s1_4" word="encontradas" lemma="encontrado" pos="adj" morph="F P" extra="nh np-close"/>
			<t id="s1_5" word="." lemma="--" pos="pu" morph="--" extra="--"/>
		</terminals>

		<nonterminals>
			<nt id="s1_500" cat="s">
				<edge label="X" idref="s1_501"/>
			</nt>
			<nt id="s1_501" cat="par">
				<edge label="CJT" idref="s1_1"/>
				<edge label="CJT" idref="s1_502"/>
				<edge label="PU" idref="s1_5"/>
			</nt>
			<nt id="s1_502" cat="np">
				<edge label="DN" idref="s1_2"/>
				<edge label="H" idref="s1_3"/>
				<edge label="DN" idref="s1_4"/>
			</nt>
		</nonterminals>
	</graph>
</s>

<s id="s2" ref="2" source="Running text" forest="1" text="Tweet Classificação morfossintática:">
	<graph root="s2_500">
		<terminals>
			<t id="s2_1" word="Tweet_Classificação" lemma="Tweet_Classificação" pos="prop" morph="M S" extra="common * heur"/>
			<t id="s2_2" word="morfossintática" lemma="morfossintático" pos="adj" morph="F S" extra="DERS jh np-close"/>
			<t id="s2_3" word=":" lemma="--" pos="pu" morph="--" extra="--"/>
		</terminals>

		<nonterminals>
			<nt id="s2_500" cat="s">
				<edge label="X" idref="s2_501"/>
			</nt>
			<nt id="s2_501" cat="np">
				<edge label="H" idref="s2_1"/>
				<edge label="DN" idref="s2_2"/>
				<edge label="PU" idref="s2_3"/>
			</nt>
		</nonterminals>
	</graph>
</s>

<s id="s3" ref="3" source="Running text" forest="1" text="Adjetivo, masculino singular Flexões da palavra Cumulativo Significados de Cumulativo:">
	<graph root="s3_500">
		<terminals>
			<t id="s3_1" word="Adjetivo" lemma="adjetivar" pos="v-fin" morph="PR 1S IND VFIN" extra="* vH fmc mv"/>
			<t id="s3_2" word="," lemma="--" pos="pu" morph="--" extra="--"/>
			<t id="s3_3" word="masculino" lemma="masculino" pos="n" morph="M S" sem="ac-cat" extra="--"/>
			<t id="s3_4" word="singular" lemma="singular" pos="adj" morph="M/F S" extra="jh"/>
			<t id="s3_5" word="Flexões" lemma="flexão" pos="n" morph="F P" sem="act" extra="prop *"/>
			<t id="s3_6" word="de" lemma="de" pos="prp" morph="--" extra="sam- np-close"/>
			<t id="s3_7" word="a" lemma="o" pos="art" morph="F S" extra="-sam "/>
			<t id="s3_8" word="palavra" lemma="palavra" pos="n" morph="F S" sem="ac-cat act-s" extra="--"/>
			<t id="s3_9" word="Cumulativo_Significados_de_Cumulativo" lemma="Cumulativo_Significados_de_Cumulativo" pos="prop" morph="F S" extra="org * heur np-close"/>
			<t id="s3_10" word=":" lemma="--" pos="pu" morph="--" extra="--"/>
		</terminals>

		<nonterminals>
			<nt id="s3_500" cat="s">
				<edge label="STA" idref="s3_501"/>
			</nt>
			<nt id="s3_501" cat="fcl">
				<edge label="P" idref="s3_1"/>
				<edge label="PU" idref="s3_2"/>
				<edge label="fCs" idref="s3_3"/>
				<edge label="fCs" idref="s3_4"/>
				<edge label="fCs" idref="s3_502"/>
				<edge label="PU" idref="s3_10"/>
			</nt>
			<nt id="s3_502" cat="np">
				<edge label="H" idref="s3_5"/>
				<edge label="DN" idref="s3_503"/>
			</nt>
			<nt id="s3_503" cat="pp">
				<edge label="H" idref="s3_6"/>
				<edge label="DP" idref="s3_504"/>
			</nt>
			<nt id="s3_504" cat="np">
				<edge label="DN" idref="s3_7"/>
				<edge label="H" idref="s3_8"/>
				<edge label="DN" idref="s3_9"/>
			</nt>
		</nonterminals>
	</graph>
</s>

<s id="s4" ref="4" source="Running text" forest="1" text="43 sobe, 27 desce 1. Cumulativo Por Dicionário inFormal(SP) em 23-04-2008 Cu.">
	<graph root="s4_500">
		<terminals>
			<t id="s4_1" word="43" lemma="43" pos="num" morph="M/F S" extra="card"/>
			<t id="s4_2" word="sobe" lemma="subir" pos="v-fin" morph="PR 3S IND VFIN" extra="cjt-head cjt-head-STA fmc mv"/>
			<t id="s4_3" word="," lemma="--" pos="pu" morph="--" extra="--"/>
			<t id="s4_4" word="27" lemma="27" pos="num" morph="M/F P" extra="card"/>
			<t id="s4_5" word="desce" lemma="descer" pos="v-fin" morph="PR 3S IND VFIN" extra="cjt-STA fmc mv"/>
			<t id="s4_6" word="1." lemma="1." pos="adj" morph="M/F S" extra="NUM-ord"/>
			<t id="s4_7" word="Cumulativo_Por_Dicionário" lemma="Cumulativo_Por_Dicionário" pos="prop" morph="M S" extra="tit *"/>
			<t id="s4_8" word="inFormal" lemma="inFormal" pos="adj" morph="M S" extra="np-close"/>
			<t id="s4_9" word="(" lemma="--" pos="pu" morph="--" extra="--"/>
			<t id="s4_10" word="SP" lemma="SP" pos="prop" morph="M S" extra="civ * np-close"/>
			<t id="s4_11" word=")" lemma="--" pos="pu" morph="--" extra="--"/>
			<t id="s4_12" word="em" lemma="em" pos="prp" morph="--" extra="--"/>
			<t id="s4_13" word="23-04-2008" lemma="23-04-2008" pos="num" morph="M P" extra="card"/>
			<t id="s4_14" word="Cu" lemma="Cu" pos="n" morph="M P" extra="prop *"/>
			<t id="s4_15" word="." lemma="--" pos="pu" morph="--" extra="--"/>
		</terminals>

		<nonterminals>
			<nt id="s4_500" cat="s">
				<edge label="STA" idref="s4_501"/>
			</nt>
			<nt id="s4_501" cat="par">
				<edge label="CJT" idref="s4_502"/>
				<edge label="PU" idref="s4_3"/>
				<edge label="CJT" idref="s4_503"/>
				<edge label="PU" idref="s4_15"/>
			</nt>
			<nt id="s4_502" cat="fcl">
				<edge label="S" idref="s4_1"/>
				<edge label="P" idref="s4_2"/>
			</nt>
			<nt id="s4_503" cat="fcl">
				<edge label="Od" idref="s4_4"/>
				<edge label="P" idref="s4_5"/>
				<edge label="fCs" idref="s4_6"/>
				<edge label="S" idref="s4_504"/>
				<edge label="fA" idref="s4_505"/>
			</nt>
			<nt id="s4_504" cat="np">
				<edge label="H" idref="s4_7"/>
				<edge label="DN" idref="s4_8"/>
				<edge label="PU" idref="s4_9"/>
				<edge label="DNapp" idref="s4_10"/>
				<edge label="PU" idref="s4_11"/>
			</nt>
			<nt id="s4_505" cat="pp">
				<edge label="H" idref="s4_12"/>
				<edge label="DP" idref="s4_506"/>
			</nt>
			<nt id="s4_506" cat="np">
				<edge label="DN" idref="s4_13"/>
				<edge label="H" idref="s4_14"/>
			</nt>
		</nonterminals>
	</graph>
</s>

<s id="s5" ref="5" source="Running text" forest="1" text="mu.">
	<graph root="s5_500">
		<terminals>
			<t id="s5_1" word="mu" lemma="mu" pos="n" morph="M S" sem="ac-sign Adom" extra="--"/>
			<t id="s5_2" word="." lemma="--" pos="pu" morph="--" extra="--"/>
		</terminals>

		<nonterminals>
			<nt id="s5_500" cat="s">
				<edge label="UTT" idref="s5_501"/>
			</nt>
			<nt id="s5_501" cat="x">
				<edge label="X" idref="s5_1"/>
				<edge label="PU" idref="s5_2"/>
			</nt>
		</nonterminals>
	</graph>
</s>

<s id="s6" ref="6" source="Running text" forest="1" text="la.">
	<graph root="s6_500">
		<terminals>
			<t id="s6_1" word="la" lemma="el" pos="pron-dem" morph="DET F S" extra="dem"/>
			<t id="s6_2" word="." lemma="--" pos="pu" morph="--" extra="--"/>
		</terminals>

		<nonterminals>
			<nt id="s6_500" cat="s">
				<edge label="UTT" idref="s6_501"/>
			</nt>
			<nt id="s6_501" cat="x">
				<edge label="X" idref="s6_1"/>
				<edge label="PU" idref="s6_2"/>
			</nt>
		</nonterminals>
	</graph>
</s>

<s id="s7" ref="7" source="Running text" forest="1" text="ti.">
	<graph root="s7_500">
		<terminals>
			<t id="s7_1" word="ti" lemma="tu" pos="pron-pers" morph="M/F 2S PIV" extra="--"/>
			<t id="s7_2" word="." lemma="--" pos="pu" morph="--" extra="--"/>
		</terminals>

		<nonterminals>
			<nt id="s7_500" cat="s">
				<edge label="UTT" idref="s7_501"/>
			</nt>
			<nt id="s7_501" cat="x">
				<edge label="DP" idref="s7_1"/>
				<edge label="PU" idref="s7_2"/>
			</nt>
		</nonterminals>
	</graph>
</s>

<s id="s8" ref="8" source="Running text" forest="1" text="vo adj(lat cumulatu) 1 Que se faz ou se exerce por acumulação.">
	<graph root="s8_500">
		<terminals>
			<t id="s8_1" word="vo" lemma="vo" pos="n" morph="M/F S" extra="cjt-head cjt-head-X foreign"/>
			<t id="s8_2" word="adj" lemma="adj" pos="n" morph="M S" extra="cjt-X heur"/>
			<t id="s8_3" word="(" lemma="--" pos="pu" morph="--" extra="--"/>
			<t id="s8_4" word="lat" lemma="lat" pos="n" morph="M S" extra="cjt-X heur"/>
			<t id="s8_5" word="cumulatu" lemma="cumulatu" pos="n" morph="M S" extra="cjt-X heur"/>
			<t id="s8_6" word=")" lemma="--" pos="pu" morph="--" extra="--"/>
			<t id="s8_7" word="1" lemma="1" pos="num" morph="M/F S" extra="card"/>
			<t id="s8_8" word="Que" lemma="que" pos="spec" morph="M S" extra="clb clb-fs * rel"/>
			<t id="s8_9" word="se" lemma="se" pos="pron-pers" morph="M/F 3S/P ACC" extra="--"/>
			<t id="s8_10" word="faz" lemma="fazer" pos="v-fin" morph="PR 3S IND VFIN" extra="mv np-close"/>
			<t id="s8_11" word="ou" lemma="ou" pos="conj-c" morph="--" extra="--"/>
			<t id="s8_12" word="se" lemma="se" pos="pron-pers" morph="M/F 3S ACC" extra="pass"/>
			<t id="s8_13" word="exerce" lemma="exercer" pos="v-fin" morph="PR 3S IND VFIN" extra="vH fmc mv"/>
			<t id="s8_14" word="por" lemma="por" pos="prp" morph="--" extra="--"/>
			<t id="s8_15" word="acumulação" lemma="acumulação" pos="n" morph="F S" sem="event" extra="--"/>
			<t id="s8_16" word="." lemma="--" pos="pu" morph="--" extra="--"/>
		</terminals>

		<nonterminals>
			<nt id="s8_500" cat="s">
				<edge label="X" idref="s8_501"/>
			</nt>
			<nt id="s8_501" cat="par">
				<edge label="CJT" idref="s8_1"/>
				<edge label="CJT" idref="s8_2"/>
				<edge label="PU" idref="s8_3"/>
				<edge label="CJT" idref="s8_4"/>
				<edge label="CJT" idref="s8_502"/>
				<edge label="PU" idref="s8_6"/>
				<edge label="PU" idref="s8_16"/>
			</nt>
			<nt id="s8_502" cat="np">
				<edge label="H" idref="s8_5"/>
				<edge label="DN" idref="s8_503"/>
				<edge label="STA" idref="s8_506"/>
			</nt>
			<nt id="s8_503" cat="fcl">
				<edge label="Od" idref="s8_504"/>
				<edge label="P" idref="s8_10"/>
				<edge label="S" idref="s8_505"/>
			</nt>
			<nt id="s8_504" cat="np">
				<edge label="DN" idref="s8_7"/>
				<edge label="H" idref="s8_8"/>
				<edge label="H" idref="s8_9"/>
			</nt>
			<nt id="s8_505" cat="x">
				<edge label="CO" idref="s8_11"/>
			</nt>
			<nt id="s8_506" cat="fcl">
				<edge label="Od" idref="s8_12"/>
				<edge label="P" idref="s8_13"/>
				<edge label="fA" idref="s8_507"/>
			</nt>
			<nt id="s8_507" cat="pp">
				<edge label="H" idref="s8_14"/>
				<edge label="DP" idref="s8_15"/>
			</nt>
		</nonterminals>
	</graph>
</s>

<s id="s9" ref="9" source="Running text" forest="1" text="2 Med Que aumenta em intensidade de ação por sucessivas adições sem perda ou eliminação correspondente Processo;">
	<graph root="s9_500">
		<terminals>
			<t id="s9_1" word="2" lemma="2" pos="num" morph="M/F P" extra="card"/>
			<t id="s9_2" word="Med_Que" lemma="Med_Que" pos="prop" morph="M/F S" sem="inst" extra="* heur"/>
			<t id="s9_3" word="aumenta" lemma="aumentar" pos="v-fin" morph="PR 3S IND VFIN" extra="fmc mv"/>
			<t id="s9_4" word="em" lemma="em" pos="prp" morph="--" extra="--"/>
			<t id="s9_5" word="intensidade" lemma="intensidade" pos="n" morph="F S" sem="am" extra="--"/>
			<t id="s9_6" word="de" lemma="de" pos="prp" morph="--" extra="np-close"/>
			<t id="s9_7" word="ação" lemma="ação" pos="n" morph="F S" sem="act" extra="--"/>
			<t id="s9_8" word="por" lemma="por" pos="prp" morph="--" extra="--"/>
			<t id="s9_9" word="sucessivas" lemma="sucessivo" pos="adj" morph="F P" extra="jh"/>
			<t id="s9_10" word="adições" lemma="adição" pos="n" morph="F P" sem="act" extra="--"/>
			<t id="s9_11" word="sem" lemma="sem" pos="prp" morph="--" extra="np-close"/>
			<t id="s9_12" word="perda" lemma="perda" pos="n" morph="F S" sem="event" extra="cjt-head cjt-head-DP"/>
			<t id="s9_13" word="ou" lemma="ou" pos="conj-c" morph="--" extra="--"/>
			<t id="s9_14" word="eliminação" lemma="eliminação" pos="n" morph="F S" sem="act" extra="--"/>
			<t id="s9_15" word="correspondente" lemma="correspondente" pos="adj" morph="F S" extra="nh np-close"/>
			<t id="s9_16" word="Processo" lemma="processo" pos="n" morph="M S" sem="occ process activity" extra="cjt-DP prop *"/>
			<t id="s9_17" word=";" lemma="--" pos="pu" morph="--" extra="--"/>
		</terminals>

		<nonterminals>
			<nt id="s9_500" cat="s">
				<edge label="STA" idref="s9_501"/>
			</nt>
			<nt id="s9_501" cat="fcl">
				<edge label="S" idref="s9_502"/>
				<edge label="P" idref="s9_3"/>
				<edge label="fA" idref="s9_503"/>
				<edge label="fA" idref="s9_506"/>
				<edge label="Od" idref="s9_510"/>
				<edge label="PU" idref="s9_17"/>
			</nt>
			<nt id="s9_502" cat="np">
				<edge label="DN" idref="s9_1"/>
				<edge label="H" idref="s9_2"/>
			</nt>
			<nt id="s9_503" cat="pp">
				<edge label="H" idref="s9_4"/>
				<edge label="DP" idref="s9_504"/>
			</nt>
			<nt id="s9_504" cat="np">
				<edge label="H" idref="s9_5"/>
				<edge label="DN" idref="s9_505"/>
			</nt>
			<nt id="s9_505" cat="pp">
				<edge label="H" idref="s9_6"/>
				<edge label="DP" idref="s9_7"/>
			</nt>
			<nt id="s9_506" cat="pp">
				<edge label="H" idref="s9_8"/>
				<edge label="DP" idref="s9_507"/>
			</nt>
			<nt id="s9_507" cat="np">
				<edge label="DN" idref="s9_9"/>
				<edge label="H" idref="s9_10"/>
				<edge label="DN" idref="s9_508"/>
			</nt>
			<nt id="s9_508" cat="pp">
				<edge label="H" idref="s9_11"/>
				<edge label="DP" idref="s9_509"/>
			</nt>
			<nt id="s9_509" cat="par">
				<edge label="CJT" idref="s9_12"/>
				<edge label="CO" idref="s9_13"/>
				<edge label="CJT" idref="s9_16"/>
			</nt>
			<nt id="s9_510" cat="np">
				<edge label="H" idref="s9_14"/>
				<edge label="DN" idref="s9_15"/>
			</nt>
		</nonterminals>
	</graph>
</s>

<s id="s10" ref="10" source="Running text" forest="1" text="O mercúrio tem efeito cumulativo no organismo.">
	<graph root="s10_500">
		<terminals>
			<t id="s10_1" word="O" lemma="o" pos="art" morph="M S" extra="* "/>
			<t id="s10_2" word="mercúrio" lemma="mercúrio" pos="n" morph="M S" sem="cm-chem" extra="--"/>
			<t id="s10_3" word="tem" lemma="ter" pos="v-fin" morph="PR 3S IND VFIN" extra="fmc mv"/>
			<t id="s10_4" word="efeito" lemma="efeito" pos="n" morph="M S" sem="ac cc-r" extra="--"/>
			<t id="s10_5" word="cumulativo" lemma="cumulativo" pos="adj" morph="M S" extra="nh np-close"/>
			<t id="s10_6" word="em" lemma="em" pos="prp" morph="--" extra="sam-"/>
			<t id="s10_7" word="o" lemma="o" pos="art" morph="M S" extra="-sam "/>
			<t id="s10_8" word="organismo" lemma="organismo" pos="n" morph="M S" sem="A inst" extra="--"/>
			<t id="s10_9" word="." lemma="--" pos="pu" morph="--" extra="--"/>
		</terminals>

		<nonterminals>
			<nt id="s10_500" cat="s">
				<edge label="STA" idref="s10_501"/>
			</nt>
			<nt id="s10_501" cat="fcl">
				<edge label="S" idref="s10_502"/>
				<edge label="P" idref="s10_3"/>
				<edge label="Od" idref="s10_503"/>
				<edge label="fA" idref="s10_504"/>
				<edge label="PU" idref="s10_9"/>
			</nt>
			<nt id="s10_502" cat="np">
				<edge label="DN" idref="s10_1"/>
				<edge label="H" idref="s10_2"/>
			</nt>
			<nt id="s10_503" cat="np">
				<edge label="H" idref="s10_4"/>
				<edge label="DN" idref="s10_5"/>
			</nt>
			<nt id="s10_504" cat="pp">
				<edge label="H" idref="s10_6"/>
				<edge label="DP" idref="s10_505"/>
			</nt>
			<nt id="s10_505" cat="np">
				<edge label="DN" idref="s10_7"/>
				<edge label="H" idref="s10_8"/>
			</nt>
		</nonterminals>
	</graph>
</s>

<s id="s11" ref="11" source="Running text" forest="1" text="Compartilhar enviar nova definição enviar nova imagem denunciar abuso Sinônimos:">
	<graph root="s11_500">
		<terminals>
			<t id="s11_1" word="Compartilhar" lemma="compartilhar" pos="v-inf" morph="--" extra="* vH mv"/>
			<t id="s11_2" word="enviar" lemma="enviar" pos="v-inf" morph="--" extra="vH mv"/>
			<t id="s11_3" word="nova" lemma="novo" pos="adj" morph="F S" extra="jh"/>
			<t id="s11_4" word="definição" lemma="definição" pos="n" morph="F S" sem="sem-c" extra="--"/>
			<t id="s11_5" word="enviar" lemma="enviar" pos="v-inf" morph="--" extra="vH mv"/>
			<t id="s11_6" word="nova" lemma="novo" pos="adj" morph="F S" extra="jh"/>
			<t id="s11_7" word="imagem" lemma="imagem" pos="n" morph="F S" sem="pict sem-c ac-cat" extra="--"/>
			<t id="s11_8" word="denunciar" lemma="denunciar" pos="v-inf" morph="--" extra="vH mv"/>
			<t id="s11_9" word="abuso" lemma="abuso" pos="n" morph="M S" sem="activity" extra="--"/>
			<t id="s11_10" word="Sinônimos" lemma="Sinônimos" pos="prop" morph="M S" extra="hum * np-close"/>
			<t id="s11_11" word=":" lemma="--" pos="pu" morph="--" extra="--"/>
		</terminals>

		<nonterminals>
			<nt id="s11_500" cat="s">
				<edge label="UTT" idref="s11_501"/>
			</nt>
			<nt id="s11_501" cat="icl">
				<edge label="P" idref="s11_1"/>
				<edge label="Od" idref="s11_502"/>
				<edge label="PU" idref="s11_11"/>
			</nt>
			<nt id="s11_502" cat="icl">
				<edge label="P" idref="s11_2"/>
				<edge label="Od" idref="s11_503"/>
				<edge label="UTT" idref="s11_504"/>
				<edge label="UTT" idref="s11_506"/>
			</nt>
			<nt id="s11_503" cat="np">
				<edge label="DN" idref="s11_3"/>
				<edge label="H" idref="s11_4"/>
			</nt>
			<nt id="s11_504" cat="icl">
				<edge label="P" idref="s11_5"/>
				<edge label="Od" idref="s11_505"/>
			</nt>
			<nt id="s11_505" cat="np">
				<edge label="DN" idref="s11_6"/>
				<edge label="H" idref="s11_7"/>
			</nt>
			<nt id="s11_506" cat="icl">
				<edge label="P" idref="s11_8"/>
				<edge label="Od" idref="s11_507"/>
			</nt>
			<nt id="s11_507" cat="np">
				<edge label="H" idref="s11_9"/>
				<edge label="DN" idref="s11_10"/>
			</nt>
		</nonterminals>
	</graph>
</s>

<s id="s12" ref="12" source="Running text" forest="1" text="acumular amontar juntar mais...">
	<graph root="s12_500">
		<terminals>
			<t id="s12_1" word="acumular" lemma="acumular" pos="v-inf" morph="--" extra="mv"/>
			<t id="s12_2" word="amontar" lemma="amontar" pos="v-inf" morph="--" extra="vH DERP mv"/>
			<t id="s12_3" word="juntar" lemma="juntar" pos="v-inf" morph="--" extra="vH mv"/>
			<t id="s12_4" word="mais" lemma="mais" pos="adv" morph="--" extra="--"/>
			<t id="s12_5" word="." lemma="--" pos="pu" morph="--" extra="--"/>
		</terminals>

		<nonterminals>
			<nt id="s12_500" cat="s">
				<edge label="UTT" idref="s12_501"/>
			</nt>
			<nt id="s12_501" cat="icl">
				<edge label="P" idref="s12_1"/>
				<edge label="Od" idref="s12_502"/>
				<edge label="PU" idref="s12_5"/>
			</nt>
			<nt id="s12_502" cat="icl">
				<edge label="P" idref="s12_2"/>
				<edge label="Od" idref="s12_503"/>
			</nt>
			<nt id="s12_503" cat="icl">
				<edge label="P" idref="s12_3"/>
				<edge label="fA" idref="s12_4"/>
			</nt>
		</nonterminals>
	</graph>
</s>

<s id="s13" ref="13" source="Running text" forest="1" text="Antônimos:">
	<graph root="s13_500">
		<terminals>
			<t id="s13_1" word="Antônimos" lemma="antônimo" pos="adj" morph="M P" extra="* nh"/>
			<t id="s13_2" word=":" lemma="--" pos="pu" morph="--" extra="--"/>
		</terminals>

		<nonterminals>
			<nt id="s13_500" cat="s">
				<edge label="UTT" idref="s13_501"/>
			</nt>
			<nt id="s13_501" cat="x">
				<edge label="X" idref="s13_1"/>
				<edge label="PU" idref="s13_2"/>
			</nt>
		</nonterminals>
	</graph>
</s>

<s id="s14" ref="14" source="Running text" forest="1" text="esvair exaurir dissipar mais...">
	<graph root="s14_500">
		<terminals>
			<t id="s14_1" word="esvair" lemma="esvair" pos="v-inf" morph="--" extra="mv"/>
			<t id="s14_2" word="exaurir" lemma="exaurir" pos="v-inf" morph="--" extra="mv"/>
			<t id="s14_3" word="dissipar" lemma="dissipar" pos="v-inf" morph="--" extra="mv"/>
			<t id="s14_4" word="mais" lemma="mais" pos="adv" morph="--" extra="--"/>
			<t id="s14_5" word="." lemma="--" pos="pu" morph="--" extra="--"/>
		</terminals>

		<nonterminals>
			<nt id="s14_500" cat="s">
				<edge label="S" idref="s14_501"/>
			</nt>
			<nt id="s14_501" cat="icl">
				<edge label="P" idref="s14_1"/>
				<edge label="Od" idref="s14_502"/>
				<edge label="PU" idref="s14_5"/>
			</nt>
			<nt id="s14_502" cat="icl">
				<edge label="P" idref="s14_2"/>
				<edge label="Od" idref="s14_503"/>
			</nt>
			<nt id="s14_503" cat="icl">
				<edge label="P" idref="s14_3"/>
				<edge label="fA" idref="s14_4"/>
			</nt>
		</nonterminals>
	</graph>
</s>

<s id="s15" ref="15" source="Running text" forest="1" text="19 sobe, 22 desce 2. Cumulativo Por Dicionário inFormal(SP) em 27-07-2008 Adj.">
	<graph root="s15_500">
		<terminals>
			<t id="s15_1" word="19" lemma="19" pos="num" morph="M/F P" extra="card"/>
			<t id="s15_2" word="sobe" lemma="subir" pos="v-fin" morph="PR 3S IND VFIN" extra="cjt-head cjt-head-STA fmc mv"/>
			<t id="s15_3" word="," lemma="--" pos="pu" morph="--" extra="--"/>
			<t id="s15_4" word="22" lemma="22" pos="num" morph="M/F P" extra="card"/>
			<t id="s15_5" word="desce" lemma="descer" pos="v-fin" morph="PR 3S IND VFIN" extra="cjt-STA fmc mv"/>
			<t id="s15_6" word="2." lemma="2." pos="adj" morph="M/F S" extra="NUM-ord"/>
			<t id="s15_7" word="Cumulativo_Por_Dicionário" lemma="Cumulativo_Por_Dicionário" pos="prop" morph="M S" extra="tit *"/>
			<t id="s15_8" word="inFormal" lemma="inFormal" pos="adj" morph="M S" extra="np-close"/>
			<t id="s15_9" word="(" lemma="--" pos="pu" morph="--" extra="--"/>
			<t id="s15_10" word="SP" lemma="SP" pos="prop" morph="M S" extra="civ * np-close"/>
			<t id="s15_11" word=")" lemma="--" pos="pu" morph="--" extra="--"/>
			<t id="s15_12" word="em" lemma="em" pos="prp" morph="--" extra="--"/>
			<t id="s15_13" word="27-07-2008" lemma="27-07-2008" pos="num" morph="M/F S" extra="card"/>
			<t id="s15_14" word="Adj" lemma="Adj" pos="prop" morph="M/F S/P" extra="hum * heur"/>
			<t id="s15_15" word="." lemma="--" pos="pu" morph="--" extra="--"/>
		</terminals>

		<nonterminals>
			<nt id="s15_500" cat="s">
				<edge label="UTT" idref="s15_501"/>
			</nt>
			<nt id="s15_501" cat="x">
				<edge label="Od" idref="s15_1"/>
				<edge label="STA" idref="s15_502"/>
				<edge label="CJT" idref="s15_2"/>
				<edge label="PU" idref="s15_3"/>
				<edge label="CJT" idref="s15_503"/>
				<edge label="PU" idref="s15_15"/>
			</nt>
			<nt id="s15_502" cat="par">
			</nt>
			<nt id="s15_503" cat="fcl">
				<edge label="Od" idref="s15_4"/>
				<edge label="P" idref="s15_5"/>
				<edge label="fCs" idref="s15_6"/>
				<edge label="S" idref="s15_504"/>
				<edge label="fA" idref="s15_505"/>
				<edge label="Od" idref="s15_14"/>
			</nt>
			<nt id="s15_504" cat="np">
				<edge label="H" idref="s15_7"/>
				<edge label="DN" idref="s15_8"/>
				<edge label="PU" idref="s15_9"/>
				<edge label="DNapp" idref="s15_10"/>
				<edge label="PU" idref="s15_11"/>
			</nt>
			<nt id="s15_505" cat="pp">
				<edge label="H" idref="s15_12"/>
				<edge label="DP" idref="s15_13"/>
			</nt>
		</nonterminals>
	</graph>
</s>

<s id="s16" ref="16" source="Running text" forest="1" text="Que se acumula.">
	<graph root="s16_500">
		<terminals>
			<t id="s16_1" word="Que" lemma="que" pos="conj-s" morph="--" extra="clb *"/>
			<t id="s16_2" word="se" lemma="se" pos="pron-pers" morph="M/F 3S ACC" extra="refl"/>
			<t id="s16_3" word="acumula" lemma="acumular" pos="v-fin" morph="PR 3S IND VFIN" extra="fmc mv v-pron"/>
			<t id="s16_4" word="." lemma="--" pos="pu" morph="--" extra="--"/>
		</terminals>

		<nonterminals>
			<nt id="s16_500" cat="s">
				<edge label="STA" idref="s16_501"/>
			</nt>
			<nt id="s16_501" cat="fcl">
				<edge label="SUB" idref="s16_1"/>
				<edge label="S" idref="s16_2"/>
				<edge label="P" idref="s16_3"/>
				<edge label="PU" idref="s16_4"/>
			</nt>
		</nonterminals>
	</graph>
</s>

<s id="s17" ref="17" source="Running text" forest="1" text="O juros dessa dívida é cumulativo.">
	<graph root="s17_500">
		<terminals>
			<t id="s17_1" word="O" lemma="o" pos="art" morph="M S" extra="* "/>
			<t id="s17_2" word="juros" lemma="juro" pos="n" morph="M P" sem="amount mon" extra="--"/>
			<t id="s17_3" word="de" lemma="de" pos="prp" morph="--" extra="sam- np-close"/>
			<t id="s17_4" word="essa" lemma="esse" pos="pron-dem" morph="DET F S" extra="-sam dem"/>
			<t id="s17_5" word="dívida" lemma="dívida" pos="n" morph="F S" sem="mon" extra="--"/>
			<t id="s17_6" word="é" lemma="ser" pos="v-fin" morph="PR 3S IND VFIN" extra="vK fmc mv"/>
			<t id="s17_7" word="cumulativo" lemma="cumulativo" pos="adj" morph="M S" extra="nh"/>
			<t id="s17_8" word="." lemma="--" pos="pu" morph="--" extra="--"/>
		</terminals>

		<nonterminals>
			<nt id="s17_500" cat="s">
				<edge label="STA" idref="s17_501"/>
			</nt>
			<nt id="s17_501" cat="fcl">
				<edge label="S" idref="s17_502"/>
				<edge label="P" idref="s17_6"/>
				<edge label="Cs" idref="s17_7"/>
				<edge label="PU" idref="s17_8"/>
			</nt>
			<nt id="s17_502" cat="np">
				<edge label="DN" idref="s17_1"/>
				<edge label="H" idref="s17_2"/>
				<edge label="DN" idref="s17_503"/>
			</nt>
			<nt id="s17_503" cat="pp">
				<edge label="H" idref="s17_3"/>
				<edge label="DP" idref="s17_504"/>
			</nt>
			<nt id="s17_504" cat="np">
				<edge label="DN" idref="s17_4"/>
				<edge label="H" idref="s17_5"/>
			</nt>
		</nonterminals>
	</graph>
</s>

<s id="s18" ref="18" source="Running text" forest="1" text="Compartilhar enviar nova definição enviar nova imagem denunciar abuso Outras Informações:Palavras com 10 letras A palavra possui 5 vogais -- u u a i o A palavra possui 5 consoantes -- c m l t v 1 página -- 2 Definições madrugada estreito de bósforo dar a cria sarraceno gamela.">
	<graph root="s18_500">
		<terminals>
			<t id="s18_1" word="Compartilhar" lemma="compartilhar" pos="v-inf" morph="--" extra="* vH mv"/>
			<t id="s18_2" word="enviar" lemma="enviar" pos="v-inf" morph="--" extra="vH mv"/>
			<t id="s18_3" word="nova" lemma="novo" pos="adj" morph="F S" extra="jh"/>
			<t id="s18_4" word="definição" lemma="definição" pos="n" morph="F S" sem="sem-c" extra="--"/>
			<t id="s18_5" word="enviar" lemma="enviar" pos="v-inf" morph="--" extra="vH mv"/>
			<t id="s18_6" word="nova" lemma="novo" pos="adj" morph="F S" extra="jh"/>
			<t id="s18_7" word="imagem" lemma="imagem" pos="n" morph="F S" sem="pict sem-c ac-cat" extra="--"/>
			<t id="s18_8" word="denunciar" lemma="denunciar" pos="v-inf" morph="--" extra="vH mv"/>
			<t id="s18_9" word="abuso" lemma="abuso" pos="n" morph="M S" sem="activity" extra="--"/>
			<t id="s18_10" word="Outras_Informações" lemma="Outras_Informações" pos="prop" morph="M S" extra="hum * heur np-close"/>
			<t id="s18_11" word=":Palavras" lemma=":Palavras" pos="n" morph="M S" extra="cjt-head cjt-head-S"/>
			<t id="s18_12" word="com" lemma="com" pos="prp" morph="--" extra="--"/>
			<t id="s18_13" word="10" lemma="10" pos="num" morph="F P" extra="card"/>
			<t id="s18_14" word="letras" lemma="letra" pos="n" morph="F P" sem="ac-sign sem-r domain" extra="--"/>
			<t id="s18_15" word="A" lemma="o" pos="art" morph="F S" extra="* "/>
			<t id="s18_16" word="palavra" lemma="palavra" pos="n" morph="F S" sem="ac-cat act-s" extra="cjt-S"/>
			<t id="s18_17" word="possui" lemma="possuir" pos="v-fin" morph="PR 3S IND VFIN" extra="predco vH fmc mv"/>
			<t id="s18_18" word="5" lemma="5" pos="num" morph="M P" extra="card"/>
			<t id="s18_19" word="vogais" lemma="vogal" pos="n" morph="M P" sem="ac-cat H" extra="--"/>
			<t id="s18_20" word="--" lemma="--" pos="pu" morph="--" extra="--"/>
			<t id="s18_21" word="u" lemma="u" pos="n" morph="M S" sem="ac-sign" extra="--"/>
			<t id="s18_22" word="u" lemma="u" pos="n" morph="M S" sem="ac-sign" extra="--"/>
			<t id="s18_23" word="a" lemma="a" pos="prp" morph="--" extra="--"/>
			<t id="s18_24" word="i" lemma="i" pos="n" morph="M S" sem="ac-sign" extra="--"/>
			<t id="s18_25" word="o" lemma="o" pos="art" morph="M S" extra="--"/>
			<t id="s18_26" word="A" lemma="o" pos="art" morph="F S" extra="* "/>
			<t id="s18_27" word="palavra" lemma="palavra" pos="n" morph="F S" sem="ac-cat act-s" extra="--"/>
			<t id="s18_28" word="possui" lemma="possuir" pos="v-fin" morph="PR 3S IND VFIN" extra="cjt-STA vH fmc mv"/>
			<t id="s18_29" word="5" lemma="5" pos="num" morph="F P" extra="card"/>
			<t id="s18_30" word="consoantes" lemma="consoante" pos="n" morph="F P" sem="ac-cat" extra="--"/>
			<t id="s18_31" word="--" lemma="--" pos="pu" morph="--" extra="--"/>
			<t id="s18_32" word="c" lemma="c" pos="n" morph="M S" sem="ac-sign" extra="cjt-head cjt-head-S"/>
			<t id="s18_33" word="m" lemma="m" pos="n" morph="M S" sem="unit ac-sign" extra="cjt-S"/>
			<t id="s18_34" word="l" lemma="l" pos="n" morph="M S" sem="ac-sign" extra="cjt-S"/>
			<t id="s18_35" word="t" lemma="t" pos="n" morph="M S" sem="ac-sign" extra="cjt-S"/>
			<t id="s18_36" word="v" lemma="v" pos="n" morph="M S" sem="ac-sign" extra="cjt-S"/>
			<t id="s18_37" word="1" lemma="1" pos="num" morph="F S" extra="card"/>
			<t id="s18_38" word="página" lemma="página" pos="n" morph="F S" sem="cc-r" extra="cjt-S"/>
			<t id="s18_39" word="--" lemma="--" pos="pu" morph="--" extra="--"/>
			<t id="s18_40" word="2" lemma="2" pos="num" morph="F P" extra="card"/>
			<t id="s18_41" word="Definições" lemma="definição" pos="n" morph="F P" sem="sem-c" extra="prop *"/>
			<t id="s18_42" word="madrugada" lemma="madrugada" pos="n" morph="F S" sem="temp" extra="--"/>
			<t id="s18_43" word="estreito" lemma="estreito" pos="adj" morph="M S" extra="nh np-close"/>
			<t id="s18_44" word="de" lemma="de" pos="prp" morph="--" extra="np-close"/>
			<t id="s18_45" word="bósforo" lemma="bósforar" pos="v-fin" morph="PR 1S IND VFIN" extra="cjt-STA DERS fmc mv"/>
			<t id="s18_46" word="dar" lemma="dar" pos="v-inf" morph="--" extra="mv"/>
			<t id="s18_47" word="a" lemma="o" pos="art" morph="F S" extra="--"/>
			<t id="s18_48" word="cria" lemma="cria" pos="n" morph="F S" sem="Adom" extra="--"/>
			<t id="s18_49" word="sarraceno" lemma="sarraceno" pos="adj" morph="M S" extra="nat"/>
			<t id="s18_50" word="gamela" lemma="gamela" pos="n" morph="F S" sem="con sem-s an Adom" extra="--"/>
			<t id="s18_51" word="." lemma="--" pos="pu" morph="--" extra="--"/>
		</terminals>

		<nonterminals>
			<nt id="s18_500" cat="s">
				<edge label="STA" idref="s18_501"/>
			</nt>
			<nt id="s18_501" cat="fcl">
				<edge label="S" idref="s18_502"/>
				<edge label="UTT" idref="s18_505"/>
				<edge label="P" idref="s18_5"/>
				<edge label="Od" idref="s18_506"/>
				<edge label="UTT" idref="s18_507"/>
				<edge label="UTT" idref="s18_525"/>
				<edge label="PU" idref="s18_51"/>
			</nt>
			<nt id="s18_502" cat="icl">
				<edge label="P" idref="s18_1"/>
				<edge label="Od" idref="s18_503"/>
			</nt>
			<nt id="s18_503" cat="icl">
				<edge label="P" idref="s18_2"/>
				<edge label="Od" idref="s18_504"/>
			</nt>
			<nt id="s18_504" cat="np">
				<edge label="DN" idref="s18_3"/>
				<edge label="H" idref="s18_4"/>
			</nt>
			<nt id="s18_505" cat="icl">
			</nt>
			<nt id="s18_506" cat="np">
				<edge label="DN" idref="s18_6"/>
				<edge label="H" idref="s18_7"/>
			</nt>
			<nt id="s18_507" cat="fcl">
				<edge label="P" idref="s18_8"/>
				<edge label="Od" idref="s18_508"/>
				<edge label="S" idref="s18_509"/>
				<edge label="fA" idref="s18_510"/>
				<edge label="X" idref="s18_513"/>
			</nt>
			<nt id="s18_508" cat="np">
				<edge label="H" idref="s18_9"/>
				<edge label="DN" idref="s18_10"/>
			</nt>
			<nt id="s18_509" cat="par">
				<edge label="CJT" idref="s18_11"/>
			</nt>
			<nt id="s18_510" cat="pp">
				<edge label="H" idref="s18_12"/>
				<edge label="DP" idref="s18_511"/>
				<edge label="CJT" idref="s18_512"/>
			</nt>
			<nt id="s18_511" cat="np">
				<edge label="DN" idref="s18_13"/>
				<edge label="H" idref="s18_14"/>
			</nt>
			<nt id="s18_512" cat="np">
				<edge label="DN" idref="s18_15"/>
				<edge label="H" idref="s18_16"/>
			</nt>
			<nt id="s18_513" cat="par">
				<edge label="CJT" idref="s18_514"/>
				<edge label="CJT" idref="s18_516"/>
				<edge label="CJT" idref="s18_522"/>
			</nt>
			<nt id="s18_514" cat="x">
				<edge label="P" idref="s18_17"/>
				<edge label="Od" idref="s18_515"/>
				<edge label="fCs" idref="s18_21"/>
				<edge label="fCs" idref="s18_22"/>
			</nt>
			<nt id="s18_515" cat="np">
				<edge label="DN" idref="s18_18"/>
				<edge label="H" idref="s18_19"/>
				<edge label="PU" idref="s18_20"/>
			</nt>
			<nt id="s18_516" cat="fcl">
				<edge label="fA" idref="s18_517"/>
				<edge label="S" idref="s18_518"/>
				<edge label="P" idref="s18_28"/>
				<edge label="Od" idref="s18_519"/>
				<edge label="S" idref="s18_520"/>
			</nt>
			<nt id="s18_517" cat="pp">
				<edge label="H" idref="s18_23"/>
				<edge label="DP" idref="s18_24"/>
			</nt>
			<nt id="s18_518" cat="np">
				<edge label="DN" idref="s18_25"/>
				<edge label="DN" idref="s18_26"/>
				<edge label="H" idref="s18_27"/>
			</nt>
			<nt id="s18_519" cat="np">
				<edge label="DN" idref="s18_29"/>
				<edge label="H" idref="s18_30"/>
				<edge label="PU" idref="s18_31"/>
			</nt>
			<nt id="s18_520" cat="par">
				<edge label="CJT" idref="s18_32"/>
				<edge label="CJT" idref="s18_33"/>
				<edge label="CJT" idref="s18_34"/>
				<edge label="CJT" idref="s18_35"/>
				<edge label="CJT" idref="s18_36"/>
				<edge label="CJT" idref="s18_521"/>
			</nt>
			<nt id="s18_521" cat="np">
				<edge label="DN" idref="s18_37"/>
				<edge label="H" idref="s18_38"/>
				<edge label="PU" idref="s18_39"/>
			</nt>
			<nt id="s18_522" cat="fcl">
				<edge label="fCs" idref="s18_523"/>
				<edge label="S" idref="s18_524"/>
				<edge label="P" idref="s18_45"/>
			</nt>
			<nt id="s18_523" cat="np">
				<edge label="DN" idref="s18_40"/>
				<edge label="H" idref="s18_41"/>
			</nt>
			<nt id="s18_524" cat="np">
				<edge label="H" idref="s18_42"/>
				<edge label="DN" idref="s18_43"/>
				<edge label="DN" idref="s18_44"/>
			</nt>
			<nt id="s18_525" cat="fcl">
				<edge label="P" idref="s18_46"/>
				<edge label="Od" idref="s18_526"/>
				<edge label="fCs" idref="s18_49"/>
				<edge label="S" idref="s18_50"/>
			</nt>
			<nt id="s18_526" cat="np">
				<edge label="DN" idref="s18_47"/>
				<edge label="H" idref="s18_48"/>
			</nt>
		</nonterminals>
	</graph>
</s>

	</body>
</corpus>
