<?xml version="1.0" encoding="UTF-8"?>
<corpus>

	<body>
<s id="s1" ref="1" source="Running text" forest="1" text="Defraudar 3 Definições encontradas.">
	<graph root="s1_500">
		<terminals>
			<t id="s1_1" word="Defraudar" lemma="defraudar" pos="v-inf" morph="--" extra="* vH mv"/>
			<t id="s1_2" word="3" lemma="3" pos="num" morph="F P" extra="card"/>
			<t id="s1_3" word="Definições" lemma="definição" pos="n" morph="F P" sem="sem-c" extra="prop *"/>
			<t id="s1_4" word="encontradas" lemma="encontrado" pos="adj" morph="F P" extra="nh np-close"/>
			<t id="s1_5" word="." lemma="--" pos="pu" morph="--" extra="--"/>
		</terminals>

		<nonterminals>
			<nt id="s1_500" cat="s">
				<edge label="UTT" idref="s1_501"/>
			</nt>
			<nt id="s1_501" cat="icl">
				<edge label="P" idref="s1_1"/>
				<edge label="Od" idref="s1_502"/>
				<edge label="PU" idref="s1_5"/>
			</nt>
			<nt id="s1_502" cat="np">
				<edge label="DN" idref="s1_2"/>
				<edge label="H" idref="s1_3"/>
				<edge label="DN" idref="s1_4"/>
			</nt>
		</nonterminals>
	</graph>
</s>

<s id="s2" ref="2" source="Running text" forest="1" text="Tweet Classificação morfossintática:">
	<graph root="s2_500">
		<terminals>
			<t id="s2_1" word="Tweet_Classificação" lemma="Tweet_Classificação" pos="prop" morph="M S" extra="common * heur"/>
			<t id="s2_2" word="morfossintática" lemma="morfossintático" pos="adj" morph="F S" extra="DERS jh np-close"/>
			<t id="s2_3" word=":" lemma="--" pos="pu" morph="--" extra="--"/>
		</terminals>

		<nonterminals>
			<nt id="s2_500" cat="s">
				<edge label="X" idref="s2_501"/>
			</nt>
			<nt id="s2_501" cat="np">
				<edge label="H" idref="s2_1"/>
				<edge label="DN" idref="s2_2"/>
				<edge label="PU" idref="s2_3"/>
			</nt>
		</nonterminals>
	</graph>
</s>

<s id="s3" ref="3" source="Running text" forest="1" text="Verbo, infinitivo 1a pessoa singular de defraudar Verbo, infinitivo 3a pessoa singular de defraudar Verbo, futuro do subjuntivo 1a pessoa singular de defraudar Verbo, futuro do subjuntivo 3a pessoa singular de defraudar Flexões da palavra Defraudar Significados de Defraudar:">
	<graph root="s3_500">
		<terminals>
			<t id="s3_1" word="Verbo" lemma="verbo" pos="n" morph="M S" sem="ac-cat" extra="cjt-head cjt-head-X *"/>
			<t id="s3_2" word="," lemma="--" pos="pu" morph="--" extra="--"/>
			<t id="s3_3" word="infinitivo" lemma="infinitivo" pos="adj" morph="M S" extra="jh"/>
			<t id="s3_4" word="1a" lemma="1a" pos="num" morph="F P" extra="card"/>
			<t id="s3_5" word="pessoa" lemma="pessoa" pos="n" morph="F P" sem="H" extra="cjt-X"/>
			<t id="s3_6" word="singular" lemma="singular" pos="adj" morph="F S" extra="jh np-close"/>
			<t id="s3_7" word="de" lemma="de" pos="prp" morph="--" extra="np-close"/>
			<t id="s3_8" word="defraudar" lemma="defraudar" pos="v-inf" morph="--" extra="vH mv"/>
			<t id="s3_9" word="Verbo" lemma="Verbo" pos="prop" morph="M S" extra="hum *"/>
			<t id="s3_10" word="," lemma="--" pos="pu" morph="--" extra="--"/>
			<t id="s3_11" word="infinitivo" lemma="infinitivo" pos="adj" morph="M S" extra="np-close"/>
			<t id="s3_12" word="3a" lemma="3a" pos="num" morph="F P" extra="card"/>
			<t id="s3_13" word="pessoa" lemma="pessoa" pos="n" morph="F P" sem="H" extra="cjt-X"/>
			<t id="s3_14" word="singular" lemma="singular" pos="adj" morph="F S" extra="jh np-close"/>
			<t id="s3_15" word="de" lemma="de" pos="prp" morph="--" extra="np-close"/>
			<t id="s3_16" word="defraudar" lemma="defraudar" pos="v-inf" morph="--" extra="vH mv"/>
			<t id="s3_17" word="Verbo" lemma="Verbo" pos="prop" morph="M S" extra="cjt-head cjt-head-Od hum *"/>
			<t id="s3_18" word="," lemma="--" pos="pu" morph="--" extra="--"/>
			<t id="s3_19" word="futuro" lemma="futuro" pos="n" morph="M S" sem="per" extra="np-close"/>
			<t id="s3_20" word="de" lemma="de" pos="prp" morph="--" extra="sam- np-close"/>
			<t id="s3_21" word="o" lemma="o" pos="art" morph="M S" extra="-sam "/>
			<t id="s3_22" word="subjuntivo" lemma="subjuntivo" pos="n" morph="M S" sem="ac-cat" extra="--"/>
			<t id="s3_23" word="1a" lemma="1a" pos="num" morph="F P" extra="card"/>
			<t id="s3_24" word="pessoa" lemma="pessoa" pos="n" morph="F P" sem="H" extra="cjt-Od"/>
			<t id="s3_25" word="singular" lemma="singular" pos="adj" morph="F S" extra="jh np-close"/>
			<t id="s3_26" word="de" lemma="de" pos="prp" morph="--" extra="np-close"/>
			<t id="s3_27" word="defraudar" lemma="defraudar" pos="v-inf" morph="--" extra="vH mv"/>
			<t id="s3_28" word="Verbo" lemma="Verbo" pos="prop" morph="M S" extra="cjt-head cjt-head-Od hum *"/>
			<t id="s3_29" word="," lemma="--" pos="pu" morph="--" extra="--"/>
			<t id="s3_30" word="futuro" lemma="futuro" pos="n" morph="M S" sem="per" extra="np-close"/>
			<t id="s3_31" word="de" lemma="de" pos="prp" morph="--" extra="sam- np-close"/>
			<t id="s3_32" word="o" lemma="o" pos="art" morph="M S" extra="-sam "/>
			<t id="s3_33" word="subjuntivo" lemma="subjuntivo" pos="n" morph="M S" sem="ac-cat" extra="--"/>
			<t id="s3_34" word="3a" lemma="3a" pos="num" morph="F P" extra="card"/>
			<t id="s3_35" word="pessoa" lemma="pessoa" pos="n" morph="F P" sem="H" extra="cjt-Od"/>
			<t id="s3_36" word="singular" lemma="singular" pos="adj" morph="F S" extra="jh np-close"/>
			<t id="s3_37" word="de" lemma="de" pos="prp" morph="--" extra="np-close"/>
			<t id="s3_38" word="defraudar" lemma="defraudar" pos="v-inf" morph="--" extra="vH mv"/>
			<t id="s3_39" word="Flexões" lemma="Flexões" pos="prop" morph="M/F S" extra="hum *"/>
			<t id="s3_40" word="de" lemma="de" pos="prp" morph="--" extra="sam-"/>
			<t id="s3_41" word="a" lemma="o" pos="art" morph="F S" extra="-sam "/>
			<t id="s3_42" word="palavra" lemma="palavra" pos="n" morph="F S" sem="ac-cat act-s" extra="--"/>
			<t id="s3_43" word="Defraudar_Significados_de_Defraudar" lemma="Defraudar_Significados_de_Defraudar" pos="prop" morph="F S" extra="org * heur np-close"/>
			<t id="s3_44" word=":" lemma="--" pos="pu" morph="--" extra="--"/>
		</terminals>

		<nonterminals>
			<nt id="s3_500" cat="s">
				<edge label="X" idref="s3_501"/>
			</nt>
			<nt id="s3_501" cat="par">
				<edge label="CJT" idref="s3_1"/>
				<edge label="PU" idref="s3_2"/>
				<edge label="CJT" idref="s3_502"/>
				<edge label="CJT" idref="s3_506"/>
				<edge label="PU" idref="s3_44"/>
			</nt>
			<nt id="s3_502" cat="np">
				<edge label="DN" idref="s3_503"/>
				<edge label="DN" idref="s3_4"/>
				<edge label="H" idref="s3_5"/>
				<edge label="DN" idref="s3_6"/>
			</nt>
			<nt id="s3_503" cat="pp">
				<edge label="DP" idref="s3_504"/>
				<edge label="H" idref="s3_7"/>
			</nt>
			<nt id="s3_504" cat="icl">
				<edge label="fCs" idref="s3_3"/>
				<edge label="P" idref="s3_8"/>
				<edge label="Od" idref="s3_505"/>
			</nt>
			<nt id="s3_505" cat="np">
				<edge label="H" idref="s3_9"/>
				<edge label="PU" idref="s3_10"/>
				<edge label="DNc" idref="s3_11"/>
			</nt>
			<nt id="s3_506" cat="np">
				<edge label="DN" idref="s3_12"/>
				<edge label="H" idref="s3_13"/>
				<edge label="DN" idref="s3_14"/>
				<edge label="DN" idref="s3_507"/>
			</nt>
			<nt id="s3_507" cat="pp">
				<edge label="H" idref="s3_15"/>
				<edge label="DP" idref="s3_508"/>
			</nt>
			<nt id="s3_508" cat="icl">
				<edge label="P" idref="s3_16"/>
				<edge label="Od" idref="s3_509"/>
			</nt>
			<nt id="s3_509" cat="par">
				<edge label="CJT" idref="s3_510"/>
				<edge label="CJT" idref="s3_514"/>
			</nt>
			<nt id="s3_510" cat="np">
				<edge label="H" idref="s3_17"/>
				<edge label="PU" idref="s3_18"/>
				<edge label="DNc" idref="s3_511"/>
			</nt>
			<nt id="s3_511" cat="np">
				<edge label="H" idref="s3_19"/>
				<edge label="DN" idref="s3_512"/>
			</nt>
			<nt id="s3_512" cat="pp">
				<edge label="H" idref="s3_20"/>
				<edge label="DP" idref="s3_513"/>
			</nt>
			<nt id="s3_513" cat="np">
				<edge label="DN" idref="s3_21"/>
				<edge label="H" idref="s3_22"/>
			</nt>
			<nt id="s3_514" cat="np">
				<edge label="DN" idref="s3_23"/>
				<edge label="H" idref="s3_24"/>
				<edge label="DN" idref="s3_25"/>
				<edge label="DN" idref="s3_515"/>
			</nt>
			<nt id="s3_515" cat="pp">
				<edge label="H" idref="s3_26"/>
				<edge label="DP" idref="s3_516"/>
			</nt>
			<nt id="s3_516" cat="icl">
				<edge label="P" idref="s3_27"/>
				<edge label="Od" idref="s3_517"/>
			</nt>
			<nt id="s3_517" cat="par">
				<edge label="CJT" idref="s3_518"/>
				<edge label="CJT" idref="s3_522"/>
			</nt>
			<nt id="s3_518" cat="np">
				<edge label="H" idref="s3_28"/>
				<edge label="PU" idref="s3_29"/>
				<edge label="DNc" idref="s3_519"/>
			</nt>
			<nt id="s3_519" cat="np">
				<edge label="H" idref="s3_30"/>
				<edge label="DN" idref="s3_520"/>
			</nt>
			<nt id="s3_520" cat="pp">
				<edge label="H" idref="s3_31"/>
				<edge label="DP" idref="s3_521"/>
			</nt>
			<nt id="s3_521" cat="np">
				<edge label="DN" idref="s3_32"/>
				<edge label="H" idref="s3_33"/>
			</nt>
			<nt id="s3_522" cat="np">
				<edge label="DN" idref="s3_34"/>
				<edge label="H" idref="s3_35"/>
				<edge label="DN" idref="s3_36"/>
				<edge label="DN" idref="s3_523"/>
			</nt>
			<nt id="s3_523" cat="pp">
				<edge label="H" idref="s3_37"/>
				<edge label="DP" idref="s3_524"/>
			</nt>
			<nt id="s3_524" cat="icl">
				<edge label="P" idref="s3_38"/>
				<edge label="Od" idref="s3_39"/>
				<edge label="Op" idref="s3_525"/>
			</nt>
			<nt id="s3_525" cat="pp">
				<edge label="H" idref="s3_40"/>
				<edge label="DP" idref="s3_526"/>
			</nt>
			<nt id="s3_526" cat="np">
				<edge label="DN" idref="s3_41"/>
				<edge label="H" idref="s3_42"/>
				<edge label="DN" idref="s3_43"/>
			</nt>
		</nonterminals>
	</graph>
</s>

<s id="s4" ref="4" source="Running text" forest="1" text="35 sobe, 17 desce 1. Defraudar Por Paulo Taveira(GO) em 30-10-2008 Lesar, fraudar, iludir, enganar.">
	<graph root="s4_500">
		<terminals>
			<t id="s4_1" word="35" lemma="35" pos="num" morph="M/F S" extra="card"/>
			<t id="s4_2" word="sobe" lemma="subir" pos="v-fin" morph="PR 3S IND VFIN" extra="cjt-head cjt-head-STA fmc mv"/>
			<t id="s4_3" word="," lemma="--" pos="pu" morph="--" extra="--"/>
			<t id="s4_4" word="17" lemma="17" pos="num" morph="M/F P" extra="card"/>
			<t id="s4_5" word="desce" lemma="descer" pos="v-fin" morph="PR 3S IND VFIN" extra="cjt-STA fmc mv"/>
			<t id="s4_6" word="1." lemma="1." pos="adj" morph="M/F S" extra="NUM-ord"/>
			<t id="s4_7" word="Defraudar_Por_Paulo_Taveira" lemma="Defraudar_Por_Paulo_Taveira" pos="prop" morph="M S" extra="hum * heur"/>
			<t id="s4_8" word="(" lemma="--" pos="pu" morph="--" extra="--"/>
			<t id="s4_9" word="GO" lemma="GO" pos="prop" morph="M S" extra="civ * np-close"/>
			<t id="s4_10" word=")" lemma="--" pos="pu" morph="--" extra="--"/>
			<t id="s4_11" word="em" lemma="em" pos="prp" morph="--" extra="--"/>
			<t id="s4_12" word="30-10-2008" lemma="30-10-2008" pos="num" morph="M/F S" extra="card"/>
			<t id="s4_13" word="Lesar" lemma="lesar" pos="v-inf" morph="--" extra="* mv"/>
			<t id="s4_14" word="," lemma="--" pos="pu" morph="--" extra="--"/>
			<t id="s4_15" word="fraudar" lemma="fraudar" pos="v-inf" morph="--" extra="vH mv"/>
			<t id="s4_16" word="," lemma="--" pos="pu" morph="--" extra="--"/>
			<t id="s4_17" word="iludir" lemma="iludir" pos="v-inf" morph="--" extra="vH mv"/>
			<t id="s4_18" word="," lemma="--" pos="pu" morph="--" extra="--"/>
			<t id="s4_19" word="enganar" lemma="enganar" pos="v-inf" morph="--" extra="vH mv"/>
			<t id="s4_20" word="." lemma="--" pos="pu" morph="--" extra="--"/>
		</terminals>

		<nonterminals>
			<nt id="s4_500" cat="s">
				<edge label="STA" idref="s4_501"/>
			</nt>
			<nt id="s4_501" cat="par">
				<edge label="CJT" idref="s4_502"/>
				<edge label="PU" idref="s4_3"/>
				<edge label="CJT" idref="s4_503"/>
				<edge label="PU" idref="s4_20"/>
			</nt>
			<nt id="s4_502" cat="fcl">
				<edge label="S" idref="s4_1"/>
				<edge label="P" idref="s4_2"/>
			</nt>
			<nt id="s4_503" cat="fcl">
				<edge label="Od" idref="s4_4"/>
				<edge label="P" idref="s4_5"/>
				<edge label="fCs" idref="s4_6"/>
				<edge label="S" idref="s4_504"/>
				<edge label="fA" idref="s4_505"/>
				<edge label="Od" idref="s4_506"/>
			</nt>
			<nt id="s4_504" cat="np">
				<edge label="H" idref="s4_7"/>
				<edge label="PU" idref="s4_8"/>
				<edge label="DNc" idref="s4_9"/>
				<edge label="PU" idref="s4_10"/>
			</nt>
			<nt id="s4_505" cat="pp">
				<edge label="H" idref="s4_11"/>
				<edge label="DP" idref="s4_12"/>
			</nt>
			<nt id="s4_506" cat="icl">
				<edge label="P" idref="s4_13"/>
				<edge label="PU" idref="s4_14"/>
				<edge label="Od" idref="s4_507"/>
			</nt>
			<nt id="s4_507" cat="icl">
				<edge label="P" idref="s4_15"/>
				<edge label="PU" idref="s4_16"/>
				<edge label="Od" idref="s4_508"/>
			</nt>
			<nt id="s4_508" cat="icl">
				<edge label="P" idref="s4_17"/>
				<edge label="PU" idref="s4_18"/>
				<edge label="Od" idref="s4_19"/>
			</nt>
		</nonterminals>
	</graph>
</s>

<s id="s5" ref="5" source="Running text" forest="1" text="Usar da inocência de alguém para tirar proveito para si.">
	<graph root="s5_500">
		<terminals>
			<t id="s5_1" word="Usar" lemma="usar" pos="v-inf" morph="--" extra="* vH mv"/>
			<t id="s5_2" word="de" lemma="de" pos="prp" morph="--" extra="sam-"/>
			<t id="s5_3" word="a" lemma="o" pos="art" morph="F S" extra="-sam "/>
			<t id="s5_4" word="inocência" lemma="inocência" pos="n" morph="F S" sem="f-psych" extra="--"/>
			<t id="s5_5" word="de" lemma="de" pos="prp" morph="--" extra="np-close"/>
			<t id="s5_6" word="alguém" lemma="alguém" pos="spec" morph="M S" extra="--"/>
			<t id="s5_7" word="para" lemma="para" pos="prp" morph="--" extra="--"/>
			<t id="s5_8" word="tirar" lemma="tirar" pos="v-inf" morph="--" extra="vH mv"/>
			<t id="s5_9" word="proveito" lemma="proveito" pos="n" morph="M S" sem="am ac mon" extra="--"/>
			<t id="s5_10" word="para" lemma="para" pos="prp" morph="--" extra="--"/>
			<t id="s5_11" word="si" lemma="se" pos="pron-pers" morph="M/F 3S/P PIV" extra="refl"/>
			<t id="s5_12" word="." lemma="--" pos="pu" morph="--" extra="--"/>
		</terminals>

		<nonterminals>
			<nt id="s5_500" cat="s">
				<edge label="UTT" idref="s5_501"/>
			</nt>
			<nt id="s5_501" cat="icl">
				<edge label="P" idref="s5_1"/>
				<edge label="fA" idref="s5_502"/>
				<edge label="fA" idref="s5_505"/>
				<edge label="PU" idref="s5_12"/>
			</nt>
			<nt id="s5_502" cat="pp">
				<edge label="H" idref="s5_2"/>
				<edge label="DP" idref="s5_503"/>
			</nt>
			<nt id="s5_503" cat="np">
				<edge label="DN" idref="s5_3"/>
				<edge label="H" idref="s5_4"/>
				<edge label="DN" idref="s5_504"/>
			</nt>
			<nt id="s5_504" cat="pp">
				<edge label="H" idref="s5_5"/>
				<edge label="DP" idref="s5_6"/>
			</nt>
			<nt id="s5_505" cat="pp">
				<edge label="H" idref="s5_7"/>
				<edge label="DP" idref="s5_506"/>
			</nt>
			<nt id="s5_506" cat="icl">
				<edge label="P" idref="s5_8"/>
				<edge label="Od" idref="s5_9"/>
				<edge label="fA" idref="s5_507"/>
			</nt>
			<nt id="s5_507" cat="pp">
				<edge label="H" idref="s5_10"/>
				<edge label="DP" idref="s5_11"/>
			</nt>
		</nonterminals>
	</graph>
</s>

<s id="s6" ref="6" source="Running text" forest="1" text="Usar o potencial de quem te ama, em proveito de si próprio, tal como homens que vive as expensas de mulher.">
	<graph root="s6_500">
		<terminals>
			<t id="s6_1" word="Usar" lemma="usar" pos="v-inf" morph="--" extra="* vH mv"/>
			<t id="s6_2" word="o" lemma="o" pos="art" morph="M S" extra="--"/>
			<t id="s6_3" word="potencial" lemma="potencial" pos="n" morph="M S" sem="f-q f-h" extra="--"/>
			<t id="s6_4" word="de" lemma="de" pos="prp" morph="--" extra="np-close"/>
			<t id="s6_5" word="quem" lemma="quem" pos="spec" morph="M/F S" extra="clb clb-fs rel"/>
			<t id="s6_6" word="te" lemma="tu" pos="pron-pers" morph="M/F 2S ACC" extra="--"/>
			<t id="s6_7" word="ama" lemma="amar" pos="v-fin" morph="PR 3S IND VFIN" extra="vH mv"/>
			<t id="s6_8" word="," lemma="--" pos="pu" morph="--" extra="--"/>
			<t id="s6_9" word="em" lemma="em" pos="prp" morph="--" extra="--"/>
			<t id="s6_10" word="proveito" lemma="proveito" pos="n" morph="M S" sem="am ac mon" extra="--"/>
			<t id="s6_11" word="de" lemma="de" pos="prp" morph="--" extra="np-close"/>
			<t id="s6_12" word="si" lemma="se" pos="pron-pers" morph="M/F 3S/P PIV" extra="refl"/>
			<t id="s6_13" word="próprio" lemma="próprio" pos="pron-indef" morph="DET M S" extra="ident np-close"/>
			<t id="s6_14" word="," lemma="--" pos="pu" morph="--" extra="--"/>
			<t id="s6_15" word="tal_como" lemma="tal_como" pos="adv" morph="--" extra="clb rel"/>
			<t id="s6_16" word="homens" lemma="homem" pos="n" morph="M P" sem="Hbio" extra="--"/>
			<t id="s6_17" word="que" lemma="que" pos="spec" morph="M S" extra="clb clb-fs rel"/>
			<t id="s6_18" word="vive" lemma="viver" pos="v-fin" morph="PR 3S IND VFIN" extra="vH mv np-close"/>
			<t id="s6_19" word="as" lemma="o" pos="art" morph="F P" extra="--"/>
			<t id="s6_20" word="expensas" lemma="expensa" pos="n" morph="F P" sem="mon" extra="--"/>
			<t id="s6_21" word="de" lemma="de" pos="prp" morph="--" extra="np-close"/>
			<t id="s6_22" word="mulher" lemma="mulher" pos="n" morph="F S" sem="Hbio Hfam Hattr" extra="--"/>
			<t id="s6_23" word="." lemma="--" pos="pu" morph="--" extra="--"/>
		</terminals>

		<nonterminals>
			<nt id="s6_500" cat="s">
				<edge label="Od" idref="s6_501"/>
			</nt>
			<nt id="s6_501" cat="icl">
				<edge label="P" idref="s6_1"/>
				<edge label="Od" idref="s6_502"/>
				<edge label="PU" idref="s6_23"/>
			</nt>
			<nt id="s6_502" cat="np">
				<edge label="DN" idref="s6_2"/>
				<edge label="H" idref="s6_3"/>
				<edge label="DN" idref="s6_503"/>
			</nt>
			<nt id="s6_503" cat="pp">
				<edge label="H" idref="s6_4"/>
				<edge label="DP" idref="s6_504"/>
			</nt>
			<nt id="s6_504" cat="fcl">
				<edge label="S" idref="s6_5"/>
				<edge label="Od" idref="s6_6"/>
				<edge label="P" idref="s6_7"/>
				<edge label="PU" idref="s6_8"/>
				<edge label="fA" idref="s6_505"/>
				<edge label="Od" idref="s6_510"/>
			</nt>
			<nt id="s6_505" cat="pp">
				<edge label="H" idref="s6_9"/>
				<edge label="DP" idref="s6_506"/>
			</nt>
			<nt id="s6_506" cat="np">
				<edge label="H" idref="s6_10"/>
				<edge label="DN" idref="s6_507"/>
			</nt>
			<nt id="s6_507" cat="pp">
				<edge label="H" idref="s6_11"/>
				<edge label="DP" idref="s6_508"/>
			</nt>
			<nt id="s6_508" cat="np">
				<edge label="H" idref="s6_12"/>
				<edge label="DN" idref="s6_13"/>
				<edge label="PU" idref="s6_14"/>
				<edge label="DN" idref="s6_509"/>
				<edge label="X" idref="s6_16"/>
			</nt>
			<nt id="s6_509" cat="fcl">
				<edge label="fA" idref="s6_15"/>
				<edge label="Od" idref="s6_17"/>
				<edge label="P" idref="s6_18"/>
			</nt>
			<nt id="s6_510" cat="np">
				<edge label="DN" idref="s6_19"/>
				<edge label="H" idref="s6_20"/>
				<edge label="DN" idref="s6_511"/>
			</nt>
			<nt id="s6_511" cat="pp">
				<edge label="H" idref="s6_21"/>
				<edge label="DP" idref="s6_22"/>
			</nt>
		</nonterminals>
	</graph>
</s>

<s id="s7" ref="7" source="Running text" forest="1" text="Compartilhar enviar nova definição enviar nova imagem denunciar abuso Sinônimos:">
	<graph root="s7_500">
		<terminals>
			<t id="s7_1" word="Compartilhar" lemma="compartilhar" pos="v-inf" morph="--" extra="* vH mv"/>
			<t id="s7_2" word="enviar" lemma="enviar" pos="v-inf" morph="--" extra="vH mv"/>
			<t id="s7_3" word="nova" lemma="novo" pos="adj" morph="F S" extra="jh"/>
			<t id="s7_4" word="definição" lemma="definição" pos="n" morph="F S" sem="sem-c" extra="--"/>
			<t id="s7_5" word="enviar" lemma="enviar" pos="v-inf" morph="--" extra="vH mv"/>
			<t id="s7_6" word="nova" lemma="novo" pos="adj" morph="F S" extra="jh"/>
			<t id="s7_7" word="imagem" lemma="imagem" pos="n" morph="F S" sem="pict sem-c ac-cat" extra="--"/>
			<t id="s7_8" word="denunciar" lemma="denunciar" pos="v-inf" morph="--" extra="vH mv"/>
			<t id="s7_9" word="abuso" lemma="abuso" pos="n" morph="M S" sem="activity" extra="--"/>
			<t id="s7_10" word="Sinônimos" lemma="Sinônimos" pos="prop" morph="M S" extra="hum * np-close"/>
			<t id="s7_11" word=":" lemma="--" pos="pu" morph="--" extra="--"/>
		</terminals>

		<nonterminals>
			<nt id="s7_500" cat="s">
				<edge label="UTT" idref="s7_501"/>
			</nt>
			<nt id="s7_501" cat="icl">
				<edge label="P" idref="s7_1"/>
				<edge label="Od" idref="s7_502"/>
				<edge label="PU" idref="s7_11"/>
			</nt>
			<nt id="s7_502" cat="icl">
				<edge label="P" idref="s7_2"/>
				<edge label="Od" idref="s7_503"/>
				<edge label="UTT" idref="s7_504"/>
				<edge label="UTT" idref="s7_506"/>
			</nt>
			<nt id="s7_503" cat="np">
				<edge label="DN" idref="s7_3"/>
				<edge label="H" idref="s7_4"/>
			</nt>
			<nt id="s7_504" cat="icl">
				<edge label="P" idref="s7_5"/>
				<edge label="Od" idref="s7_505"/>
			</nt>
			<nt id="s7_505" cat="np">
				<edge label="DN" idref="s7_6"/>
				<edge label="H" idref="s7_7"/>
			</nt>
			<nt id="s7_506" cat="icl">
				<edge label="P" idref="s7_8"/>
				<edge label="Od" idref="s7_507"/>
			</nt>
			<nt id="s7_507" cat="np">
				<edge label="H" idref="s7_9"/>
				<edge label="DN" idref="s7_10"/>
			</nt>
		</nonterminals>
	</graph>
</s>

<s id="s8" ref="8" source="Running text" forest="1" text="aproveitador burlar defraudar embaçar enganar fraudar iliçar iludir lograr ludibriar mistificar motejar desfalcar alcançar descontar diminuir dizimar maquiar reduzir tirar espoliar depredar despojar esbulhar roubar tosquiar gatunhar pantominar descaminhar velhaquear mais...">
	<graph root="s8_500">
		<terminals>
			<t id="s8_1" word="aproveitador" lemma="aproveitador" pos="n" morph="M S" extra="DERS"/>
			<t id="s8_2" word="burlar" lemma="burlar" pos="v-inf" morph="3S" extra="vH mv"/>
			<t id="s8_3" word="defraudar" lemma="defraudar" pos="v-inf" morph="--" extra="vH mv"/>
			<t id="s8_4" word="embaçar" lemma="embaçar" pos="v-inf" morph="--" extra="vH mv"/>
			<t id="s8_5" word="enganar" lemma="enganar" pos="v-inf" morph="--" extra="vH mv"/>
			<t id="s8_6" word="fraudar" lemma="fraudar" pos="v-inf" morph="--" extra="vH mv"/>
			<t id="s8_7" word="iliçar" lemma="iliçar" pos="v-inf" morph="--" extra="vH mv"/>
			<t id="s8_8" word="iludir" lemma="iludir" pos="v-inf" morph="--" extra="vH mv"/>
			<t id="s8_9" word="lograr" lemma="lograr" pos="v-inf" morph="--" extra="vH mv"/>
			<t id="s8_10" word="ludibriar" lemma="ludibriar" pos="v-inf" morph="--" extra="vH mv"/>
			<t id="s8_11" word="mistificar" lemma="mistificar" pos="v-inf" morph="--" extra="vH mv"/>
			<t id="s8_12" word="motejar" lemma="motejar" pos="v-inf" morph="--" extra="vH mv"/>
			<t id="s8_13" word="desfalcar" lemma="desfalcar" pos="v-inf" morph="--" extra="vH mv"/>
			<t id="s8_14" word="alcançar" lemma="alcançar" pos="v-inf" morph="--" extra="mv"/>
			<t id="s8_15" word="descontar" lemma="descontar" pos="v-inf" morph="--" extra="vH mv"/>
			<t id="s8_16" word="diminuir" lemma="diminuir" pos="v-inf" morph="--" extra="mv"/>
			<t id="s8_17" word="dizimar" lemma="dizimar" pos="v-inf" morph="--" extra="mv"/>
			<t id="s8_18" word="maquiar" lemma="maquiar" pos="v-inf" morph="--" extra="vH mv"/>
			<t id="s8_19" word="reduzir" lemma="reduzir" pos="v-inf" morph="--" extra="mv"/>
			<t id="s8_20" word="tirar" lemma="tirar" pos="v-inf" morph="--" extra="vH mv"/>
			<t id="s8_21" word="espoliar" lemma="espoliar" pos="v-inf" morph="--" extra="vH mv"/>
			<t id="s8_22" word="depredar" lemma="depredar" pos="v-inf" morph="--" extra="vH mv"/>
			<t id="s8_23" word="despojar" lemma="despojar" pos="v-inf" morph="--" extra="vH mv"/>
			<t id="s8_24" word="esbulhar" lemma="esbulhar" pos="v-inf" morph="--" extra="vH mv"/>
			<t id="s8_25" word="roubar" lemma="roubar" pos="v-inf" morph="--" extra="vH mv"/>
			<t id="s8_26" word="tosquiar" lemma="tosquiar" pos="v-inf" morph="--" extra="vH mv"/>
			<t id="s8_27" word="gatunhar" lemma="gatunhar" pos="adj" morph="M/F S" extra="n jh"/>
			<t id="s8_28" word="pantominar" lemma="pantominar" pos="adj" morph="M/F S" extra="DERS np-close"/>
			<t id="s8_29" word="descaminhar" lemma="descaminhar" pos="v-inf" morph="--" extra="vH mv"/>
			<t id="s8_30" word="velhaquear" lemma="velhaquear" pos="v-inf" morph="--" extra="vH mv"/>
			<t id="s8_31" word="mais" lemma="mais" pos="adv" morph="--" extra="--"/>
			<t id="s8_32" word="." lemma="--" pos="pu" morph="--" extra="--"/>
		</terminals>

		<nonterminals>
			<nt id="s8_500" cat="s">
				<edge label="UTT" idref="s8_501"/>
			</nt>
			<nt id="s8_501" cat="fcl">
				<edge label="S" idref="s8_502"/>
				<edge label="P" idref="s8_2"/>
				<edge label="Od" idref="s8_503"/>
				<edge label="X" idref="s8_27"/>
				<edge label="PU" idref="s8_32"/>
			</nt>
			<nt id="s8_502" cat="np">
				<edge label="H" idref="s8_1"/>
				<edge label="DN" idref="s8_28"/>
			</nt>
			<nt id="s8_503" cat="icl">
				<edge label="P" idref="s8_3"/>
				<edge label="Od" idref="s8_504"/>
			</nt>
			<nt id="s8_504" cat="icl">
				<edge label="P" idref="s8_4"/>
				<edge label="Od" idref="s8_505"/>
			</nt>
			<nt id="s8_505" cat="icl">
				<edge label="P" idref="s8_5"/>
				<edge label="Od" idref="s8_506"/>
			</nt>
			<nt id="s8_506" cat="icl">
				<edge label="P" idref="s8_6"/>
				<edge label="Od" idref="s8_507"/>
			</nt>
			<nt id="s8_507" cat="icl">
				<edge label="P" idref="s8_7"/>
				<edge label="Od" idref="s8_508"/>
			</nt>
			<nt id="s8_508" cat="icl">
				<edge label="P" idref="s8_8"/>
				<edge label="Od" idref="s8_509"/>
			</nt>
			<nt id="s8_509" cat="icl">
				<edge label="P" idref="s8_9"/>
				<edge label="Od" idref="s8_510"/>
			</nt>
			<nt id="s8_510" cat="icl">
				<edge label="P" idref="s8_10"/>
				<edge label="Od" idref="s8_511"/>
			</nt>
			<nt id="s8_511" cat="icl">
				<edge label="P" idref="s8_11"/>
				<edge label="Od" idref="s8_512"/>
			</nt>
			<nt id="s8_512" cat="icl">
				<edge label="P" idref="s8_12"/>
				<edge label="Od" idref="s8_513"/>
			</nt>
			<nt id="s8_513" cat="icl">
				<edge label="P" idref="s8_13"/>
				<edge label="Od" idref="s8_514"/>
			</nt>
			<nt id="s8_514" cat="icl">
				<edge label="P" idref="s8_14"/>
				<edge label="Od" idref="s8_515"/>
			</nt>
			<nt id="s8_515" cat="icl">
				<edge label="P" idref="s8_15"/>
				<edge label="Od" idref="s8_516"/>
			</nt>
			<nt id="s8_516" cat="icl">
				<edge label="P" idref="s8_16"/>
				<edge label="Od" idref="s8_517"/>
			</nt>
			<nt id="s8_517" cat="icl">
				<edge label="P" idref="s8_17"/>
				<edge label="Od" idref="s8_518"/>
			</nt>
			<nt id="s8_518" cat="icl">
				<edge label="P" idref="s8_18"/>
				<edge label="Od" idref="s8_519"/>
			</nt>
			<nt id="s8_519" cat="icl">
				<edge label="P" idref="s8_19"/>
				<edge label="Od" idref="s8_520"/>
			</nt>
			<nt id="s8_520" cat="icl">
				<edge label="P" idref="s8_20"/>
				<edge label="Od" idref="s8_521"/>
			</nt>
			<nt id="s8_521" cat="icl">
				<edge label="P" idref="s8_21"/>
				<edge label="Od" idref="s8_522"/>
			</nt>
			<nt id="s8_522" cat="icl">
				<edge label="P" idref="s8_22"/>
				<edge label="Od" idref="s8_523"/>
			</nt>
			<nt id="s8_523" cat="icl">
				<edge label="P" idref="s8_23"/>
				<edge label="Od" idref="s8_524"/>
			</nt>
			<nt id="s8_524" cat="icl">
				<edge label="P" idref="s8_24"/>
				<edge label="Od" idref="s8_525"/>
			</nt>
			<nt id="s8_525" cat="icl">
				<edge label="P" idref="s8_25"/>
				<edge label="Od" idref="s8_526"/>
			</nt>
			<nt id="s8_526" cat="icl">
				<edge label="P" idref="s8_26"/>
				<edge label="Od" idref="s8_527"/>
			</nt>
			<nt id="s8_527" cat="icl">
				<edge label="P" idref="s8_29"/>
				<edge label="Od" idref="s8_528"/>
			</nt>
			<nt id="s8_528" cat="icl">
				<edge label="P" idref="s8_30"/>
				<edge label="fA" idref="s8_31"/>
			</nt>
		</nonterminals>
	</graph>
</s>

<s id="s9" ref="9" source="Running text" forest="1" text="Antônimos:">
	<graph root="s9_500">
		<terminals>
			<t id="s9_1" word="Antônimos" lemma="antônimo" pos="adj" morph="M P" extra="* nh"/>
			<t id="s9_2" word=":" lemma="--" pos="pu" morph="--" extra="--"/>
		</terminals>

		<nonterminals>
			<nt id="s9_500" cat="s">
				<edge label="UTT" idref="s9_501"/>
			</nt>
			<nt id="s9_501" cat="x">
				<edge label="X" idref="s9_1"/>
				<edge label="PU" idref="s9_2"/>
			</nt>
		</nonterminals>
	</graph>
</s>

<s id="s10" ref="10" source="Running text" forest="1" text="autruismo autruísmo mais...">
	<graph root="s10_500">
		<terminals>
			<t id="s10_1" word="autruismo" lemma="autruismo" pos="n" morph="M S" extra="DERS"/>
			<t id="s10_2" word="autruísmo" lemma="autruísmo" pos="adj" morph="M S" extra="heur np-close"/>
			<t id="s10_3" word="mais" lemma="mais" pos="adv" morph="--" extra="quant KOMP"/>
			<t id="s10_4" word="." lemma="--" pos="pu" morph="--" extra="--"/>
		</terminals>

		<nonterminals>
			<nt id="s10_500" cat="s">
				<edge label="X" idref="s10_501"/>
			</nt>
			<nt id="s10_501" cat="np">
				<edge label="H" idref="s10_1"/>
				<edge label="DN" idref="s10_2"/>
				<edge label="fA" idref="s10_3"/>
				<edge label="PU" idref="s10_4"/>
			</nt>
		</nonterminals>
	</graph>
</s>

<s id="s11" ref="11" source="Running text" forest="1" text="Relacionadas:">
	<graph root="s11_500">
		<terminals>
			<t id="s11_1" word="Relacionadas" lemma="relacionado" pos="adj" morph="F P" extra="* nh"/>
			<t id="s11_2" word=":" lemma="--" pos="pu" morph="--" extra="--"/>
		</terminals>

		<nonterminals>
			<nt id="s11_500" cat="s">
				<edge label="UTT" idref="s11_501"/>
			</nt>
			<nt id="s11_501" cat="x">
				<edge label="X" idref="s11_1"/>
				<edge label="PU" idref="s11_2"/>
			</nt>
		</nonterminals>
	</graph>
</s>

<s id="s12" ref="12" source="Running text" forest="1" text="defraudador mais...">
	<graph root="s12_500">
		<terminals>
			<t id="s12_1" word="defraudador" lemma="defraudador" pos="n" morph="M S" sem="H" extra="--"/>
			<t id="s12_2" word="mais" lemma="mais" pos="adv" morph="--" extra="--"/>
			<t id="s12_3" word="." lemma="--" pos="pu" morph="--" extra="--"/>
		</terminals>

		<nonterminals>
			<nt id="s12_500" cat="s">
				<edge label="UTT" idref="s12_501"/>
			</nt>
			<nt id="s12_501" cat="x">
				<edge label="S" idref="s12_1"/>
				<edge label="fA" idref="s12_2"/>
				<edge label="PU" idref="s12_3"/>
			</nt>
		</nonterminals>
	</graph>
</s>

<s id="s13" ref="13" source="Running text" forest="1" text="9 sobe, 0 desce 2. Defraudar Por Dicionário inFormal(SP) em 30-10-2008 Usar da inocência de alguém para tirar proveito para si.">
	<graph root="s13_500">
		<terminals>
			<t id="s13_1" word="9" lemma="9" pos="num" morph="M/F P" extra="card"/>
			<t id="s13_2" word="sobe" lemma="subir" pos="v-fin" morph="PR 3S IND VFIN" extra="cjt-head cjt-head-STA fmc mv"/>
			<t id="s13_3" word="," lemma="--" pos="pu" morph="--" extra="--"/>
			<t id="s13_4" word="0" lemma="xx" pos="num" morph="M/F P" extra="card"/>
			<t id="s13_5" word="desce" lemma="descer" pos="v-fin" morph="PR 3S IND VFIN" extra="cjt-STA fmc mv"/>
			<t id="s13_6" word="2." lemma="2." pos="adj" morph="M/F S" extra="NUM-ord"/>
			<t id="s13_7" word="Defraudar_Por_Dicionário" lemma="Defraudar_Por_Dicionário" pos="prop" morph="M S" extra="tit *"/>
			<t id="s13_8" word="inFormal" lemma="inFormal" pos="adj" morph="M S" extra="np-close"/>
			<t id="s13_9" word="(" lemma="--" pos="pu" morph="--" extra="--"/>
			<t id="s13_10" word="SP" lemma="SP" pos="prop" morph="M S" extra="civ * np-close"/>
			<t id="s13_11" word=")" lemma="--" pos="pu" morph="--" extra="--"/>
			<t id="s13_12" word="em" lemma="em" pos="prp" morph="--" extra="--"/>
			<t id="s13_13" word="30-10-2008" lemma="30-10-2008" pos="num" morph="M/F S" extra="card"/>
			<t id="s13_14" word="Usar" lemma="usar" pos="v-inf" morph="--" extra="* vH mv"/>
			<t id="s13_15" word="de" lemma="de" pos="prp" morph="--" extra="sam-"/>
			<t id="s13_16" word="a" lemma="o" pos="art" morph="F S" extra="-sam "/>
			<t id="s13_17" word="inocência" lemma="inocência" pos="n" morph="F S" sem="f-psych" extra="--"/>
			<t id="s13_18" word="de" lemma="de" pos="prp" morph="--" extra="np-close"/>
			<t id="s13_19" word="alguém" lemma="alguém" pos="spec" morph="M S" extra="--"/>
			<t id="s13_20" word="para" lemma="para" pos="prp" morph="--" extra="--"/>
			<t id="s13_21" word="tirar" lemma="tirar" pos="v-inf" morph="--" extra="vH mv"/>
			<t id="s13_22" word="proveito" lemma="proveito" pos="n" morph="M S" sem="am ac mon" extra="--"/>
			<t id="s13_23" word="para" lemma="para" pos="prp" morph="--" extra="--"/>
			<t id="s13_24" word="si" lemma="se" pos="pron-pers" morph="M/F 3S/P PIV" extra="refl"/>
			<t id="s13_25" word="." lemma="--" pos="pu" morph="--" extra="--"/>
		</terminals>

		<nonterminals>
			<nt id="s13_500" cat="s">
				<edge label="STA" idref="s13_501"/>
			</nt>
			<nt id="s13_501" cat="par">
				<edge label="CJT" idref="s13_502"/>
				<edge label="PU" idref="s13_3"/>
				<edge label="CJT" idref="s13_503"/>
				<edge label="PU" idref="s13_25"/>
			</nt>
			<nt id="s13_502" cat="fcl">
				<edge label="Od" idref="s13_1"/>
				<edge label="P" idref="s13_2"/>
			</nt>
			<nt id="s13_503" cat="fcl">
				<edge label="Od" idref="s13_4"/>
				<edge label="P" idref="s13_5"/>
				<edge label="fCs" idref="s13_6"/>
				<edge label="S" idref="s13_504"/>
				<edge label="fA" idref="s13_505"/>
				<edge label="Od" idref="s13_506"/>
			</nt>
			<nt id="s13_504" cat="np">
				<edge label="H" idref="s13_7"/>
				<edge label="DN" idref="s13_8"/>
				<edge label="PU" idref="s13_9"/>
				<edge label="DNapp" idref="s13_10"/>
				<edge label="PU" idref="s13_11"/>
			</nt>
			<nt id="s13_505" cat="pp">
				<edge label="H" idref="s13_12"/>
				<edge label="DP" idref="s13_13"/>
			</nt>
			<nt id="s13_506" cat="icl">
				<edge label="P" idref="s13_14"/>
				<edge label="fA" idref="s13_507"/>
				<edge label="fA" idref="s13_510"/>
			</nt>
			<nt id="s13_507" cat="pp">
				<edge label="H" idref="s13_15"/>
				<edge label="DP" idref="s13_508"/>
			</nt>
			<nt id="s13_508" cat="np">
				<edge label="DN" idref="s13_16"/>
				<edge label="H" idref="s13_17"/>
				<edge label="DN" idref="s13_509"/>
			</nt>
			<nt id="s13_509" cat="pp">
				<edge label="H" idref="s13_18"/>
				<edge label="DP" idref="s13_19"/>
			</nt>
			<nt id="s13_510" cat="pp">
				<edge label="H" idref="s13_20"/>
				<edge label="DP" idref="s13_511"/>
			</nt>
			<nt id="s13_511" cat="icl">
				<edge label="P" idref="s13_21"/>
				<edge label="Od" idref="s13_22"/>
				<edge label="fA" idref="s13_512"/>
			</nt>
			<nt id="s13_512" cat="pp">
				<edge label="H" idref="s13_23"/>
				<edge label="DP" idref="s13_24"/>
			</nt>
		</nonterminals>
	</graph>
</s>

<s id="s14" ref="14" source="Running text" forest="1" text="Defraudar é usar o potencial de quem te ama, em proveito de si próprio.">
	<graph root="s14_500">
		<terminals>
			<t id="s14_1" word="Defraudar" lemma="defraudar" pos="v-inf" morph="--" extra="* vH mv"/>
			<t id="s14_2" word="é" lemma="ser" pos="v-fin" morph="PR 3S IND VFIN" extra="fmc mv"/>
			<t id="s14_3" word="usar" lemma="usar" pos="v-inf" morph="--" extra="vH mv"/>
			<t id="s14_4" word="o" lemma="o" pos="art" morph="M S" extra="--"/>
			<t id="s14_5" word="potencial" lemma="potencial" pos="n" morph="M S" sem="f-q f-h" extra="--"/>
			<t id="s14_6" word="de" lemma="de" pos="prp" morph="--" extra="--"/>
			<t id="s14_7" word="quem" lemma="quem" pos="spec" morph="M/F S" extra="clb clb-fs rel"/>
			<t id="s14_8" word="te" lemma="tu" pos="pron-pers" morph="M/F 2S ACC" extra="--"/>
			<t id="s14_9" word="ama" lemma="amar" pos="v-fin" morph="PR 3S IND VFIN" extra="vH mv"/>
			<t id="s14_10" word="," lemma="--" pos="pu" morph="--" extra="--"/>
			<t id="s14_11" word="em" lemma="em" pos="prp" morph="--" extra="--"/>
			<t id="s14_12" word="proveito" lemma="proveito" pos="n" morph="M S" sem="am ac mon" extra="--"/>
			<t id="s14_13" word="de" lemma="de" pos="prp" morph="--" extra="np-close"/>
			<t id="s14_14" word="si" lemma="se" pos="pron-pers" morph="M/F 3S/P PIV" extra="refl"/>
			<t id="s14_15" word="próprio" lemma="próprio" pos="pron-indef" morph="DET M S" extra="ident np-close"/>
			<t id="s14_16" word="." lemma="--" pos="pu" morph="--" extra="--"/>
		</terminals>

		<nonterminals>
			<nt id="s14_500" cat="s">
				<edge label="STA" idref="s14_501"/>
			</nt>
			<nt id="s14_501" cat="fcl">
				<edge label="S" idref="s14_1"/>
				<edge label="P" idref="s14_2"/>
				<edge label="Cs" idref="s14_502"/>
				<edge label="PU" idref="s14_16"/>
			</nt>
			<nt id="s14_502" cat="icl">
				<edge label="P" idref="s14_3"/>
				<edge label="Od" idref="s14_503"/>
				<edge label="fA" idref="s14_504"/>
			</nt>
			<nt id="s14_503" cat="np">
				<edge label="DN" idref="s14_4"/>
				<edge label="H" idref="s14_5"/>
			</nt>
			<nt id="s14_504" cat="pp">
				<edge label="H" idref="s14_6"/>
				<edge label="DP" idref="s14_505"/>
			</nt>
			<nt id="s14_505" cat="fcl">
				<edge label="S" idref="s14_7"/>
				<edge label="Od" idref="s14_8"/>
				<edge label="P" idref="s14_9"/>
				<edge label="PU" idref="s14_10"/>
				<edge label="fA" idref="s14_506"/>
			</nt>
			<nt id="s14_506" cat="pp">
				<edge label="H" idref="s14_11"/>
				<edge label="DP" idref="s14_507"/>
			</nt>
			<nt id="s14_507" cat="np">
				<edge label="H" idref="s14_12"/>
				<edge label="DN" idref="s14_508"/>
			</nt>
			<nt id="s14_508" cat="pp">
				<edge label="H" idref="s14_13"/>
				<edge label="DP" idref="s14_509"/>
			</nt>
			<nt id="s14_509" cat="np">
				<edge label="H" idref="s14_14"/>
				<edge label="DN" idref="s14_15"/>
			</nt>
		</nonterminals>
	</graph>
</s>

<s id="s15" ref="15" source="Running text" forest="1" text="Compartilhar enviar nova definição enviar nova imagem denunciar abuso 1 sobe, 0 desce 3. Defraudar Por Vithor César(MT) em 09-12-2013 Espoliar, adulterar, privar fraudulantemente.">
	<graph root="s15_500">
		<terminals>
			<t id="s15_1" word="Compartilhar" lemma="compartilhar" pos="v-inf" morph="--" extra="* vH mv"/>
			<t id="s15_2" word="enviar" lemma="enviar" pos="v-inf" morph="--" extra="vH mv"/>
			<t id="s15_3" word="nova" lemma="novo" pos="adj" morph="F S" extra="jh"/>
			<t id="s15_4" word="definição" lemma="definição" pos="n" morph="F S" sem="sem-c" extra="--"/>
			<t id="s15_5" word="enviar" lemma="enviar" pos="v-inf" morph="--" extra="vH mv"/>
			<t id="s15_6" word="nova" lemma="novo" pos="adj" morph="F S" extra="jh"/>
			<t id="s15_7" word="imagem" lemma="imagem" pos="n" morph="F S" sem="pict sem-c ac-cat" extra="--"/>
			<t id="s15_8" word="denunciar" lemma="denunciar" pos="v-inf" morph="--" extra="vH mv"/>
			<t id="s15_9" word="abuso" lemma="abuso" pos="n" morph="M S" sem="activity" extra="--"/>
			<t id="s15_10" word="1" lemma="1" pos="num" morph="M/F S" extra="card"/>
			<t id="s15_11" word="sobe" lemma="subir" pos="v-fin" morph="PR 3S IND VFIN" extra="cjt-head cjt-head-STA fmc mv"/>
			<t id="s15_12" word="," lemma="--" pos="pu" morph="--" extra="--"/>
			<t id="s15_13" word="0" lemma="xx" pos="num" morph="M/F P" extra="card"/>
			<t id="s15_14" word="desce" lemma="descer" pos="v-fin" morph="PR 3S IND VFIN" extra="cjt-STA fmc mv"/>
			<t id="s15_15" word="3." lemma="3." pos="adj" morph="M/F S" extra="NUM-ord"/>
			<t id="s15_16" word="Defraudar_Por_Vithor_César" lemma="Defraudar_Por_Vithor_César" pos="prop" morph="M S" extra="hum * heur"/>
			<t id="s15_17" word="(" lemma="--" pos="pu" morph="--" extra="--"/>
			<t id="s15_18" word="MT" lemma="MT" pos="prop" morph="M S" extra="civ * np-close"/>
			<t id="s15_19" word=")" lemma="--" pos="pu" morph="--" extra="--"/>
			<t id="s15_20" word="em" lemma="em" pos="prp" morph="--" extra="--"/>
			<t id="s15_21" word="09-12-2013" lemma="09-12-2013" pos="num" morph="M/F S" extra="card"/>
			<t id="s15_22" word="Espoliar" lemma="espoliar" pos="v-inf" morph="--" extra="* vH mv"/>
			<t id="s15_23" word="," lemma="--" pos="pu" morph="--" extra="--"/>
			<t id="s15_24" word="adulterar" lemma="adulterar" pos="v-inf" morph="--" extra="vH mv"/>
			<t id="s15_25" word="," lemma="--" pos="pu" morph="--" extra="--"/>
			<t id="s15_26" word="privar" lemma="privar" pos="v-inf" morph="--" extra="vH mv"/>
			<t id="s15_27" word="fraudulantemente" lemma="fraudulantemente" pos="adv" morph="--" extra="DERS DERS DERS"/>
			<t id="s15_28" word="." lemma="--" pos="pu" morph="--" extra="--"/>
		</terminals>

		<nonterminals>
			<nt id="s15_500" cat="s">
				<edge label="UTT" idref="s15_501"/>
			</nt>
			<nt id="s15_501" cat="icl">
				<edge label="P" idref="s15_1"/>
				<edge label="Od" idref="s15_502"/>
				<edge label="PU" idref="s15_28"/>
			</nt>
			<nt id="s15_502" cat="icl">
				<edge label="P" idref="s15_2"/>
				<edge label="Od" idref="s15_503"/>
				<edge label="UTT" idref="s15_504"/>
				<edge label="UTT" idref="s15_506"/>
				<edge label="STA" idref="s15_507"/>
			</nt>
			<nt id="s15_503" cat="np">
				<edge label="DN" idref="s15_3"/>
				<edge label="H" idref="s15_4"/>
			</nt>
			<nt id="s15_504" cat="icl">
				<edge label="P" idref="s15_5"/>
				<edge label="Od" idref="s15_505"/>
			</nt>
			<nt id="s15_505" cat="np">
				<edge label="DN" idref="s15_6"/>
				<edge label="H" idref="s15_7"/>
			</nt>
			<nt id="s15_506" cat="icl">
				<edge label="P" idref="s15_8"/>
				<edge label="Od" idref="s15_9"/>
			</nt>
			<nt id="s15_507" cat="par">
				<edge label="CJT" idref="s15_508"/>
				<edge label="PU" idref="s15_12"/>
				<edge label="CJT" idref="s15_509"/>
			</nt>
			<nt id="s15_508" cat="fcl">
				<edge label="S" idref="s15_10"/>
				<edge label="P" idref="s15_11"/>
			</nt>
			<nt id="s15_509" cat="fcl">
				<edge label="Od" idref="s15_13"/>
				<edge label="P" idref="s15_14"/>
				<edge label="fCs" idref="s15_15"/>
				<edge label="S" idref="s15_510"/>
				<edge label="fA" idref="s15_511"/>
				<edge label="Od" idref="s15_512"/>
			</nt>
			<nt id="s15_510" cat="np">
				<edge label="H" idref="s15_16"/>
				<edge label="PU" idref="s15_17"/>
				<edge label="DNc" idref="s15_18"/>
				<edge label="PU" idref="s15_19"/>
			</nt>
			<nt id="s15_511" cat="pp">
				<edge label="H" idref="s15_20"/>
				<edge label="DP" idref="s15_21"/>
			</nt>
			<nt id="s15_512" cat="icl">
				<edge label="P" idref="s15_22"/>
				<edge label="PU" idref="s15_23"/>
				<edge label="Od" idref="s15_513"/>
			</nt>
			<nt id="s15_513" cat="icl">
				<edge label="P" idref="s15_24"/>
				<edge label="PU" idref="s15_25"/>
				<edge label="Od" idref="s15_514"/>
			</nt>
			<nt id="s15_514" cat="icl">
				<edge label="P" idref="s15_26"/>
				<edge label="fA" idref="s15_27"/>
			</nt>
		</nonterminals>
	</graph>
</s>

<s id="s16" ref="16" source="Running text" forest="1" text="Defraudada substância, qualidade ou quantidade de coisa que deve ser entrgue a alguém Compartilhar enviar nova definição enviar nova imagem denunciar abuso Outras Informações:Palavras com 9 letras A palavra possui 4 vogais -- e au a A palavra possui 5 consoantes -- d fr d r 1 página -- 3 Definições zâmbia gamela libetenite quetognata hominídeo.">
	<graph root="s16_500">
		<terminals>
			<t id="s16_1" word="Defraudada" lemma="defraudar" pos="v-pcp" morph="F S" extra="* vH"/>
			<t id="s16_2" word="substância" lemma="subst�=ncia" pos="n" morph="F S" sem="cm am" extra="--"/>
			<t id="s16_3" word="," lemma="--" pos="pu" morph="--" extra="--"/>
			<t id="s16_4" word="qualidade" lemma="qualidade" pos="n" morph="F S" sem="percep-f f-c" extra="np-close"/>
			<t id="s16_5" word="ou" lemma="ou" pos="conj-c" morph="--" extra="--"/>
			<t id="s16_6" word="quantidade" lemma="quantidade" pos="n" morph="F S" sem="amount" extra="np-close"/>
			<t id="s16_7" word="de" lemma="de" pos="prp" morph="--" extra="np-close"/>
			<t id="s16_8" word="coisa" lemma="coisa" pos="n" morph="F S" sem="cc ac" extra="--"/>
			<t id="s16_9" word="que" lemma="que" pos="spec" morph="M S" extra="clb clb-fs rel"/>
			<t id="s16_10" word="deve" lemma="dever" pos="v-fin" morph="PR 3S IND VFIN" extra="aux np-close"/>
			<t id="s16_11" word="ser" lemma="ser" pos="v-inf" morph="--" extra="vK mv"/>
			<t id="s16_12" word="entrgue" lemma="entrgar" pos="v-fin" morph="PR 3S SUBJ VFIN" extra="cjt-head cjt-head-STA foreign DERS fmc mv"/>
			<t id="s16_13" word="a" lemma="a" pos="prp" morph="--" extra="--"/>
			<t id="s16_14" word="alguém" lemma="alguém" pos="spec" morph="M S" extra="cjt-head cjt-head-DP"/>
			<t id="s16_15" word="Compartilhar" lemma="Compartilhar" pos="prop" morph="M/F S" extra="cjt-DP hum *"/>
			<t id="s16_16" word="enviar" lemma="enviar" pos="v-inf" morph="--" extra="vH mv"/>
			<t id="s16_17" word="nova" lemma="novo" pos="adj" morph="F S" extra="jh"/>
			<t id="s16_18" word="definição" lemma="definição" pos="n" morph="F S" sem="sem-c" extra="--"/>
			<t id="s16_19" word="enviar" lemma="enviar" pos="v-inf" morph="3S" extra="vH mv"/>
			<t id="s16_20" word="nova" lemma="novo" pos="adj" morph="F S" extra="jh"/>
			<t id="s16_21" word="imagem" lemma="imagem" pos="n" morph="F S" sem="pict sem-c ac-cat" extra="--"/>
			<t id="s16_22" word="denunciar" lemma="denunciar" pos="v-inf" morph="--" extra="vH mv"/>
			<t id="s16_23" word="abuso" lemma="abuso" pos="n" morph="M S" sem="activity" extra="--"/>
			<t id="s16_24" word="Outras_Informações" lemma="Outras_Informações" pos="prop" morph="M S" extra="hum * heur np-close"/>
			<t id="s16_25" word=":Palavras" lemma=":Palavras" pos="n" morph="M S" extra="cjt-head cjt-head-S"/>
			<t id="s16_26" word="com" lemma="com" pos="prp" morph="--" extra="--"/>
			<t id="s16_27" word="9" lemma="9" pos="num" morph="F P" extra="card"/>
			<t id="s16_28" word="letras" lemma="letra" pos="n" morph="F P" sem="ac-sign sem-r domain" extra="--"/>
			<t id="s16_29" word="A" lemma="o" pos="art" morph="F S" extra="* "/>
			<t id="s16_30" word="palavra" lemma="palavra" pos="n" morph="F S" sem="ac-cat act-s" extra="cjt-S"/>
			<t id="s16_31" word="possui" lemma="possuir" pos="v-fin" morph="PR 3S IND VFIN" extra="cjt-STA vH fmc mv"/>
			<t id="s16_32" word="4" lemma="4" pos="num" morph="M P" extra="card"/>
			<t id="s16_33" word="vogais" lemma="vogal" pos="n" morph="M P" sem="ac-cat H" extra="--"/>
			<t id="s16_34" word="--" lemma="--" pos="pu" morph="--" extra="--"/>
			<t id="s16_35" word="e" lemma="e" pos="conj-c" morph="--" extra="--"/>
			<t id="s16_36" word="au" lemma="au" pos="n" morph="M/F S" extra="foreign"/>
			<t id="s16_37" word="a" lemma="a" pos="prp" morph="--" extra="--"/>
			<t id="s16_38" word="A" lemma="o" pos="art" morph="F S" extra="* "/>
			<t id="s16_39" word="palavra" lemma="palavra" pos="n" morph="F S" sem="ac-cat act-s" extra="--"/>
			<t id="s16_40" word="possui" lemma="possuir" pos="v-fin" morph="PR 3S IND VFIN" extra="cjt-STA vH fmc mv"/>
			<t id="s16_41" word="5" lemma="5" pos="num" morph="F P" extra="card"/>
			<t id="s16_42" word="consoantes" lemma="consoante" pos="n" morph="F P" sem="ac-cat" extra="--"/>
			<t id="s16_43" word="--" lemma="--" pos="pu" morph="--" extra="--"/>
			<t id="s16_44" word="d" lemma="d" pos="n" morph="M S" sem="ac-sign" extra="--"/>
			<t id="s16_45" word="fr" lemma="fr" pos="n" morph="M/F S" extra="cjt-head cjt-head-Cs foreign"/>
			<t id="s16_46" word="d" lemma="d" pos="n" morph="M S" sem="ac-sign" extra="cjt-Cs"/>
			<t id="s16_47" word="r" lemma="r" pos="n" morph="M S" sem="ac-sign" extra="cjt-Cs"/>
			<t id="s16_48" word="1" lemma="1" pos="num" morph="F S" extra="card"/>
			<t id="s16_49" word="página" lemma="página" pos="n" morph="F S" sem="cc-r" extra="cjt-Cs"/>
			<t id="s16_50" word="--" lemma="--" pos="pu" morph="--" extra="--"/>
			<t id="s16_51" word="3" lemma="3" pos="num" morph="F P" extra="card"/>
			<t id="s16_52" word="Definições" lemma="definição" pos="n" morph="F P" sem="sem-c" extra="prop *"/>
			<t id="s16_53" word="zâmbia" lemma="z�=mbia" pos="n" morph="F S" extra="DERS"/>
			<t id="s16_54" word="gamela" lemma="gamela" pos="n" morph="F S" sem="con sem-s an Adom" extra="--"/>
			<t id="s16_55" word="libetenite" lemma="libetenite" pos="n" morph="F S" extra="DERS"/>
			<t id="s16_56" word="quetognata" lemma="quetognato" pos="adj" morph="F S" extra="heur"/>
			<t id="s16_57" word="hominídeo" lemma="hominídeo" pos="n" morph="M S" sem="H" extra="--"/>
			<t id="s16_58" word="." lemma="--" pos="pu" morph="--" extra="--"/>
		</terminals>

		<nonterminals>
			<nt id="s16_500" cat="s">
				<edge label="STA" idref="s16_501"/>
			</nt>
			<nt id="s16_501" cat="par">
				<edge label="CJT" idref="s16_502"/>
				<edge label="CJT" idref="s16_513"/>
				<edge label="CJT" idref="s16_524"/>
				<edge label="fCs" idref="s16_53"/>
				<edge label="PU" idref="s16_58"/>
			</nt>
			<nt id="s16_502" cat="fcl">
				<edge label="S" idref="s16_503"/>
				<edge label="H" idref="s16_2"/>
				<edge label="P" idref="s16_12"/>
				<edge label="Od" idref="s16_510"/>
			</nt>
			<nt id="s16_503" cat="np">
				<edge label="DN" idref="s16_1"/>
				<edge label="PU" idref="s16_3"/>
				<edge label="DNc" idref="s16_504"/>
			</nt>
			<nt id="s16_504" cat="np">
				<edge label="H" idref="s16_4"/>
				<edge label="DNc" idref="s16_505"/>
			</nt>
			<nt id="s16_505" cat="np">
				<edge label="CO" idref="s16_5"/>
				<edge label="H" idref="s16_6"/>
				<edge label="DN" idref="s16_506"/>
			</nt>
			<nt id="s16_506" cat="pp">
				<edge label="H" idref="s16_7"/>
				<edge label="DP" idref="s16_507"/>
			</nt>
			<nt id="s16_507" cat="np">
				<edge label="H" idref="s16_8"/>
				<edge label="DN" idref="s16_508"/>
			</nt>
			<nt id="s16_508" cat="fcl">
				<edge label="S" idref="s16_9"/>
				<edge label="P" idref="s16_509"/>
			</nt>
			<nt id="s16_509" cat="vp">
				<edge label="Vaux" idref="s16_10"/>
				<edge label="Vm" idref="s16_11"/>
			</nt>
			<nt id="s16_510" cat="pp">
				<edge label="H" idref="s16_13"/>
				<edge label="DP" idref="s16_511"/>
				<edge label="UTT" idref="s16_512"/>
			</nt>
			<nt id="s16_511" cat="par">
				<edge label="CJT" idref="s16_14"/>
				<edge label="CJT" idref="s16_15"/>
			</nt>
			<nt id="s16_512" cat="icl">
				<edge label="P" idref="s16_16"/>
			</nt>
			<nt id="s16_513" cat="fcl">
				<edge label="S" idref="s16_514"/>
				<edge label="P" idref="s16_31"/>
				<edge label="Od" idref="s16_523"/>
			</nt>
			<nt id="s16_514" cat="np">
				<edge label="DN" idref="s16_17"/>
				<edge label="H" idref="s16_18"/>
				<edge label="Od" idref="s16_515"/>
			</nt>
			<nt id="s16_515" cat="fcl">
				<edge label="P" idref="s16_19"/>
				<edge label="S" idref="s16_516"/>
				<edge label="Od" idref="s16_517"/>
			</nt>
			<nt id="s16_516" cat="np">
				<edge label="DN" idref="s16_20"/>
				<edge label="H" idref="s16_21"/>
			</nt>
			<nt id="s16_517" cat="fcl">
				<edge label="P" idref="s16_22"/>
				<edge label="Od" idref="s16_518"/>
				<edge label="S" idref="s16_519"/>
				<edge label="fA" idref="s16_520"/>
			</nt>
			<nt id="s16_518" cat="np">
				<edge label="H" idref="s16_23"/>
				<edge label="DN" idref="s16_24"/>
			</nt>
			<nt id="s16_519" cat="par">
				<edge label="CJT" idref="s16_25"/>
			</nt>
			<nt id="s16_520" cat="pp">
				<edge label="H" idref="s16_26"/>
				<edge label="DP" idref="s16_521"/>
				<edge label="CJT" idref="s16_522"/>
			</nt>
			<nt id="s16_521" cat="np">
				<edge label="DN" idref="s16_27"/>
				<edge label="H" idref="s16_28"/>
			</nt>
			<nt id="s16_522" cat="np">
				<edge label="DN" idref="s16_29"/>
				<edge label="H" idref="s16_30"/>
			</nt>
			<nt id="s16_523" cat="np">
				<edge label="DN" idref="s16_32"/>
				<edge label="H" idref="s16_33"/>
				<edge label="PU" idref="s16_34"/>
				<edge label="CO" idref="s16_35"/>
			</nt>
			<nt id="s16_524" cat="fcl">
				<edge label="S" idref="s16_36"/>
				<edge label="fA" idref="s16_525"/>
				<edge label="P" idref="s16_40"/>
				<edge label="Od" idref="s16_527"/>
				<edge label="S" idref="s16_44"/>
				<edge label="Cs" idref="s16_528"/>
				<edge label="fCsta" idref="s16_530"/>
				<edge label="fCs" idref="s16_54"/>
				<edge label="fCs" idref="s16_55"/>
				<edge label="fCs" idref="s16_56"/>
				<edge label="fCs" idref="s16_57"/>
			</nt>
			<nt id="s16_525" cat="pp">
				<edge label="H" idref="s16_37"/>
				<edge label="DP" idref="s16_526"/>
			</nt>
			<nt id="s16_526" cat="np">
				<edge label="DN" idref="s16_38"/>
				<edge label="H" idref="s16_39"/>
			</nt>
			<nt id="s16_527" cat="np">
				<edge label="DN" idref="s16_41"/>
				<edge label="H" idref="s16_42"/>
				<edge label="PU" idref="s16_43"/>
			</nt>
			<nt id="s16_528" cat="par">
				<edge label="CJT" idref="s16_45"/>
				<edge label="CJT" idref="s16_46"/>
				<edge label="CJT" idref="s16_47"/>
				<edge label="CJT" idref="s16_529"/>
			</nt>
			<nt id="s16_529" cat="np">
				<edge label="DN" idref="s16_48"/>
				<edge label="H" idref="s16_49"/>
				<edge label="PU" idref="s16_50"/>
			</nt>
			<nt id="s16_530" cat="np">
				<edge label="DN" idref="s16_51"/>
				<edge label="H" idref="s16_52"/>
			</nt>
		</nonterminals>
	</graph>
</s>

	</body>
</corpus>
