<?xml version="1.0" encoding="UTF-8"?>
<corpus>

	<body>
<s id="s1" ref="1" source="Running text" forest="1" text="Deliberado 5 Definições encontradas.">
	<graph root="s1_500">
		<terminals>
			<t id="s1_1" word="Deliberado" lemma="deliberar" pos="v-pcp" morph="M S" extra="cjt-head cjt-head-X * vH"/>
			<t id="s1_2" word="5" lemma="5" pos="num" morph="F P" extra="card"/>
			<t id="s1_3" word="Definições" lemma="definição" pos="n" morph="F P" sem="sem-c" extra="cjt-X prop *"/>
			<t id="s1_4" word="encontradas" lemma="encontrado" pos="adj" morph="F P" extra="nh np-close"/>
			<t id="s1_5" word="." lemma="--" pos="pu" morph="--" extra="--"/>
		</terminals>

		<nonterminals>
			<nt id="s1_500" cat="s">
				<edge label="X" idref="s1_501"/>
			</nt>
			<nt id="s1_501" cat="par">
				<edge label="CJT" idref="s1_1"/>
				<edge label="CJT" idref="s1_502"/>
				<edge label="PU" idref="s1_5"/>
			</nt>
			<nt id="s1_502" cat="np">
				<edge label="DN" idref="s1_2"/>
				<edge label="H" idref="s1_3"/>
				<edge label="DN" idref="s1_4"/>
			</nt>
		</nonterminals>
	</graph>
</s>

<s id="s2" ref="2" source="Running text" forest="1" text="Tweet Classificação morfossintática:">
	<graph root="s2_500">
		<terminals>
			<t id="s2_1" word="Tweet_Classificação" lemma="Tweet_Classificação" pos="prop" morph="M S" extra="common * heur"/>
			<t id="s2_2" word="morfossintática" lemma="morfossintático" pos="adj" morph="F S" extra="DERS jh np-close"/>
			<t id="s2_3" word=":" lemma="--" pos="pu" morph="--" extra="--"/>
		</terminals>

		<nonterminals>
			<nt id="s2_500" cat="s">
				<edge label="X" idref="s2_501"/>
			</nt>
			<nt id="s2_501" cat="np">
				<edge label="H" idref="s2_1"/>
				<edge label="DN" idref="s2_2"/>
				<edge label="PU" idref="s2_3"/>
			</nt>
		</nonterminals>
	</graph>
</s>

<s id="s3" ref="3" source="Running text" forest="1" text="Verbo, particípio de deliberar Adjetivo, masculino singular Flexões da palavra Deliberado Significados de Deliberado:">
	<graph root="s3_500">
		<terminals>
			<t id="s3_1" word="Verbo" lemma="verbo" pos="n" morph="M S" sem="ac-cat" extra="cjt-head cjt-head-X *"/>
			<t id="s3_2" word="," lemma="--" pos="pu" morph="--" extra="--"/>
			<t id="s3_3" word="particípio" lemma="particípio" pos="n" morph="M S" sem="ac-cat" extra="cjt-X"/>
			<t id="s3_4" word="de" lemma="de" pos="prp" morph="--" extra="np-close"/>
			<t id="s3_5" word="deliberar" lemma="deliberar" pos="v-inf" morph="--" extra="vH mv"/>
			<t id="s3_6" word="Adjetivo" lemma="Adjetivo" pos="prop" morph="M/F S" extra="cjt-head cjt-head-Od hum *"/>
			<t id="s3_7" word="," lemma="--" pos="pu" morph="--" extra="--"/>
			<t id="s3_8" word="masculino" lemma="masculino" pos="n" morph="M S" sem="ac-cat" extra="cjt-Od"/>
			<t id="s3_9" word="singular" lemma="singular" pos="adj" morph="M S" extra="np-close"/>
			<t id="s3_10" word="Flexões" lemma="flexão" pos="n" morph="F P" sem="act" extra="cjt-Od prop *"/>
			<t id="s3_11" word="de" lemma="de" pos="prp" morph="--" extra="sam- np-close"/>
			<t id="s3_12" word="a" lemma="o" pos="art" morph="F S" extra="-sam "/>
			<t id="s3_13" word="palavra" lemma="palavra" pos="n" morph="F S" sem="ac-cat act-s" extra="--"/>
			<t id="s3_14" word="Deliberado_Significados_de_Deliberado" lemma="Deliberado_Significados_de_Deliberado" pos="prop" morph="F S" extra="org * heur np-close"/>
			<t id="s3_15" word=":" lemma="--" pos="pu" morph="--" extra="--"/>
		</terminals>

		<nonterminals>
			<nt id="s3_500" cat="s">
				<edge label="X" idref="s3_501"/>
			</nt>
			<nt id="s3_501" cat="par">
				<edge label="CJT" idref="s3_1"/>
				<edge label="PU" idref="s3_2"/>
				<edge label="CJT" idref="s3_502"/>
				<edge label="PU" idref="s3_15"/>
			</nt>
			<nt id="s3_502" cat="np">
				<edge label="H" idref="s3_3"/>
				<edge label="DN" idref="s3_503"/>
			</nt>
			<nt id="s3_503" cat="pp">
				<edge label="H" idref="s3_4"/>
				<edge label="DP" idref="s3_504"/>
			</nt>
			<nt id="s3_504" cat="icl">
				<edge label="P" idref="s3_5"/>
				<edge label="Od" idref="s3_505"/>
			</nt>
			<nt id="s3_505" cat="par">
				<edge label="CJT" idref="s3_6"/>
				<edge label="PU" idref="s3_7"/>
				<edge label="CJT" idref="s3_506"/>
				<edge label="CJT" idref="s3_507"/>
			</nt>
			<nt id="s3_506" cat="np">
				<edge label="H" idref="s3_8"/>
				<edge label="DN" idref="s3_9"/>
			</nt>
			<nt id="s3_507" cat="np">
				<edge label="H" idref="s3_10"/>
				<edge label="DN" idref="s3_508"/>
			</nt>
			<nt id="s3_508" cat="pp">
				<edge label="H" idref="s3_11"/>
				<edge label="DP" idref="s3_509"/>
			</nt>
			<nt id="s3_509" cat="np">
				<edge label="DN" idref="s3_12"/>
				<edge label="H" idref="s3_13"/>
				<edge label="DN" idref="s3_14"/>
			</nt>
		</nonterminals>
	</graph>
</s>

<s id="s4" ref="4" source="Running text" forest="1" text="36 sobe, 30 desce 1. Deliberado Por Cris(MT) em 04-09-2008 Discutidoe resolvido algo, analisado, determinado após reunião ficou deliberado que ele seria o novo presidente Compartilhar enviar nova definição enviar nova imagem denunciar abuso Sinônimos:">
	<graph root="s4_500">
		<terminals>
			<t id="s4_1" word="36" lemma="36" pos="num" morph="M S" extra="card"/>
			<t id="s4_2" word="sobe" lemma="subir" pos="v-fin" morph="PR 3S IND VFIN" extra="cjt-head cjt-head-STA fmc mv"/>
			<t id="s4_3" word="," lemma="--" pos="pu" morph="--" extra="--"/>
			<t id="s4_4" word="30" lemma="30" pos="num" morph="M/F P" extra="card"/>
			<t id="s4_5" word="desce" lemma="descer" pos="v-fin" morph="PR 3S IND VFIN" extra="cjt-STA fmc mv"/>
			<t id="s4_6" word="1." lemma="1." pos="adj" morph="M/F S" extra="NUM-ord"/>
			<t id="s4_7" word="Deliberado_Por_Cris" lemma="Deliberado_Por_Cris" pos="prop" morph="M S" extra="hum * heur"/>
			<t id="s4_8" word="(" lemma="--" pos="pu" morph="--" extra="--"/>
			<t id="s4_9" word="MT" lemma="MT" pos="prop" morph="M S" extra="civ * np-close"/>
			<t id="s4_10" word=")" lemma="--" pos="pu" morph="--" extra="--"/>
			<t id="s4_11" word="em" lemma="em" pos="prp" morph="--" extra="--"/>
			<t id="s4_12" word="04-09-2008" lemma="04-09-2008" pos="num" morph="M/F P" extra="card"/>
			<t id="s4_13" word="Discutidoe" lemma="discutir" pos="v-pcp" morph="M P" extra="prop n * vH"/>
			<t id="s4_14" word="resolvido" lemma="resolver" pos="v-pcp" morph="M S" extra="vH np-close"/>
			<t id="s4_15" word="algo" lemma="algo" pos="spec" morph="M S" extra="quant"/>
			<t id="s4_16" word="," lemma="--" pos="pu" morph="--" extra="--"/>
			<t id="s4_17" word="analisado" lemma="analisar" pos="v-pcp" morph="M S" extra="vH"/>
			<t id="s4_18" word="," lemma="--" pos="pu" morph="--" extra="--"/>
			<t id="s4_19" word="determinado" lemma="determinar" pos="v-pcp" morph="M S" extra="n jh vH"/>
			<t id="s4_20" word="após" lemma="após" pos="prp" morph="--" extra="np-close"/>
			<t id="s4_21" word="reunião" lemma="reunião" pos="n" morph="F S" sem="occ" extra="--"/>
			<t id="s4_22" word="ficou" lemma="ficar" pos="v-fin" morph="PS 3S IND VFIN" extra="cjt-STA vK fmc mv"/>
			<t id="s4_23" word="deliberado" lemma="deliberar" pos="v-pcp" morph="M S" extra="vH"/>
			<t id="s4_24" word="que" lemma="que" pos="conj-s" morph="--" extra="clb clb-fs"/>
			<t id="s4_25" word="ele" lemma="ele" pos="pron-pers" morph="M 3S NOM" extra="--"/>
			<t id="s4_26" word="seria" lemma="ser" pos="v-fin" morph="COND 3S VFIN" extra="mv"/>
			<t id="s4_27" word="o" lemma="o" pos="art" morph="M S" extra="--"/>
			<t id="s4_28" word="novo" lemma="novo" pos="adj" morph="M S" extra="jh"/>
			<t id="s4_29" word="presidente" lemma="presidente" pos="n" morph="M S" sem="Hprof" extra="--"/>
			<t id="s4_30" word="Compartilhar" lemma="Compartilhar" pos="prop" morph="M S" extra="hum * np-close"/>
			<t id="s4_31" word="enviar" lemma="enviar" pos="v-inf" morph="3S" extra="vH mv"/>
			<t id="s4_32" word="nova" lemma="novo" pos="adj" morph="F S" extra="jh"/>
			<t id="s4_33" word="definição" lemma="definição" pos="n" morph="F S" sem="sem-c" extra="--"/>
			<t id="s4_34" word="enviar" lemma="enviar" pos="v-inf" morph="--" extra="vH mv"/>
			<t id="s4_35" word="nova" lemma="novo" pos="adj" morph="F S" extra="jh"/>
			<t id="s4_36" word="imagem" lemma="imagem" pos="n" morph="F S" sem="pict sem-c ac-cat" extra="--"/>
			<t id="s4_37" word="denunciar" lemma="denunciar" pos="v-inf" morph="3S" extra="vH mv"/>
			<t id="s4_38" word="abuso" lemma="abuso" pos="n" morph="M S" sem="activity" extra="--"/>
			<t id="s4_39" word="Sinônimos" lemma="Sinônimos" pos="prop" morph="M S" extra="hum * np-close"/>
			<t id="s4_40" word=":" lemma="--" pos="pu" morph="--" extra="--"/>
		</terminals>

		<nonterminals>
			<nt id="s4_500" cat="s">
				<edge label="STA" idref="s4_501"/>
			</nt>
			<nt id="s4_501" cat="par">
				<edge label="CJT" idref="s4_502"/>
				<edge label="PU" idref="s4_3"/>
				<edge label="CJT" idref="s4_503"/>
				<edge label="PU" idref="s4_18"/>
				<edge label="CJT" idref="s4_507"/>
				<edge label="PU" idref="s4_40"/>
			</nt>
			<nt id="s4_502" cat="fcl">
				<edge label="S" idref="s4_1"/>
				<edge label="P" idref="s4_2"/>
			</nt>
			<nt id="s4_503" cat="fcl">
				<edge label="Od" idref="s4_4"/>
				<edge label="P" idref="s4_5"/>
				<edge label="fCs" idref="s4_6"/>
				<edge label="S" idref="s4_504"/>
				<edge label="fA" idref="s4_505"/>
				<edge label="fA" idref="s4_15"/>
				<edge label="PU" idref="s4_16"/>
				<edge label="fCs" idref="s4_17"/>
			</nt>
			<nt id="s4_504" cat="np">
				<edge label="H" idref="s4_7"/>
				<edge label="PU" idref="s4_8"/>
				<edge label="DNc" idref="s4_9"/>
				<edge label="PU" idref="s4_10"/>
			</nt>
			<nt id="s4_505" cat="pp">
				<edge label="H" idref="s4_11"/>
				<edge label="DP" idref="s4_506"/>
			</nt>
			<nt id="s4_506" cat="np">
				<edge label="DN" idref="s4_12"/>
				<edge label="H" idref="s4_13"/>
				<edge label="DN" idref="s4_14"/>
			</nt>
			<nt id="s4_507" cat="fcl">
				<edge label="S" idref="s4_508"/>
				<edge label="P" idref="s4_22"/>
				<edge label="Cs" idref="s4_23"/>
				<edge label="Od" idref="s4_510"/>
			</nt>
			<nt id="s4_508" cat="np">
				<edge label="H" idref="s4_19"/>
				<edge label="DN" idref="s4_509"/>
			</nt>
			<nt id="s4_509" cat="pp">
				<edge label="H" idref="s4_20"/>
				<edge label="DP" idref="s4_21"/>
			</nt>
			<nt id="s4_510" cat="fcl">
				<edge label="SUB" idref="s4_24"/>
				<edge label="S" idref="s4_25"/>
				<edge label="P" idref="s4_26"/>
				<edge label="Cs" idref="s4_511"/>
			</nt>
			<nt id="s4_511" cat="fcl">
				<edge label="S" idref="s4_512"/>
				<edge label="P" idref="s4_31"/>
				<edge label="Od" idref="s4_513"/>
				<edge label="UTT" idref="s4_514"/>
			</nt>
			<nt id="s4_512" cat="np">
				<edge label="DN" idref="s4_27"/>
				<edge label="DN" idref="s4_28"/>
				<edge label="H" idref="s4_29"/>
				<edge label="DN" idref="s4_30"/>
			</nt>
			<nt id="s4_513" cat="np">
				<edge label="DN" idref="s4_32"/>
				<edge label="H" idref="s4_33"/>
			</nt>
			<nt id="s4_514" cat="icl">
				<edge label="P" idref="s4_34"/>
				<edge label="Od" idref="s4_515"/>
			</nt>
			<nt id="s4_515" cat="fcl">
				<edge label="S" idref="s4_516"/>
				<edge label="P" idref="s4_37"/>
				<edge label="Od" idref="s4_517"/>
			</nt>
			<nt id="s4_516" cat="np">
				<edge label="DN" idref="s4_35"/>
				<edge label="H" idref="s4_36"/>
			</nt>
			<nt id="s4_517" cat="np">
				<edge label="H" idref="s4_38"/>
				<edge label="DN" idref="s4_39"/>
			</nt>
		</nonterminals>
	</graph>
</s>

<s id="s5" ref="5" source="Running text" forest="1" text="resolvido apostado conjurado decidido deliberado determinado disposto animoso arrojado assentado bichâo corajoso destemido destorcido julgado lesto resoluto valente positivo categórico certo decisivo desempanado efetivo expresso formal incontestável irrefreável prático preciso mais...">
	<graph root="s5_500">
		<terminals>
			<t id="s5_1" word="resolvido" lemma="resolver" pos="v-pcp" morph="M S" extra="cjt-head cjt-head-DN n vH"/>
			<t id="s5_2" word="apostado" lemma="apostar" pos="v-pcp" morph="M S" extra="vH np-close"/>
			<t id="s5_3" word="conjurado" lemma="conjurado" pos="adj" morph="M S" extra="--"/>
			<t id="s5_4" word="decidido" lemma="decidido" pos="adj" morph="M S" extra="--"/>
			<t id="s5_5" word="deliberado" lemma="deliberar" pos="v-pcp" morph="M S" extra="vH"/>
			<t id="s5_6" word="determinado" lemma="determinado" pos="adj" morph="M S" extra="--"/>
			<t id="s5_7" word="disposto" lemma="disposto" pos="adj" morph="M S" extra="--"/>
			<t id="s5_8" word="animoso" lemma="animoso" pos="adj" morph="M S" extra="--"/>
			<t id="s5_9" word="arrojado" lemma="arrojado" pos="adj" morph="M S" extra="--"/>
			<t id="s5_10" word="assentado" lemma="assentado" pos="adj" morph="M S" extra="--"/>
			<t id="s5_11" word="bichâo" lemma="bich�=o" pos="n" morph="M S" extra="cjt-X heur"/>
			<t id="s5_12" word="corajoso" lemma="corajoso" pos="adj" morph="M S" extra="np-close"/>
			<t id="s5_13" word="destemido" lemma="destemido" pos="adj" morph="M S" extra="--"/>
			<t id="s5_14" word="destorcido" lemma="destorcer" pos="v-pcp" morph="M S" extra="vH"/>
			<t id="s5_15" word="julgado" lemma="julgado" pos="adj" morph="M S" extra="nh"/>
			<t id="s5_16" word="lesto" lemma="lesto" pos="adj" morph="M S" extra="--"/>
			<t id="s5_17" word="resoluto" lemma="resoluto" pos="adj" morph="M S" extra="--"/>
			<t id="s5_18" word="valente" lemma="valente" pos="adj" morph="M S" extra="--"/>
			<t id="s5_19" word="positivo" lemma="positivo" pos="adj" morph="M S" extra="nh"/>
			<t id="s5_20" word="categórico" lemma="categórico" pos="adj" morph="M S" extra="cjt-X n nh"/>
			<t id="s5_21" word="certo" lemma="certo" pos="pron-indef" morph="DET M S" extra="quant"/>
			<t id="s5_22" word="decisivo" lemma="decisivo" pos="adj" morph="M S" extra="nh"/>
			<t id="s5_23" word="desempanado" lemma="desempanado" pos="adj" morph="M S" extra="jh"/>
			<t id="s5_24" word="efetivo" lemma="efetivo" pos="n" morph="M S" sem="HH Hprof" extra="cjt-X"/>
			<t id="s5_25" word="expresso" lemma="esprimir" pos="v-pcp" morph="M S" extra="vH jh np-close"/>
			<t id="s5_26" word="formal" lemma="formal" pos="adj" morph="M S" extra="nh np-long"/>
			<t id="s5_27" word="incontestável" lemma="incontestável" pos="adj" morph="M S" extra="cjt-DN n nh np-long"/>
			<t id="s5_28" word="irrefreável" lemma="irrefreável" pos="adj" morph="M S" extra="jh"/>
			<t id="s5_29" word="prático" lemma="prático" pos="n" morph="M S" sem="H" extra="cjt-X"/>
			<t id="s5_30" word="preciso" lemma="preciso" pos="adj" morph="M S" extra="nh np-close"/>
			<t id="s5_31" word="mais" lemma="mais" pos="adv" morph="--" extra="quant KOMP"/>
			<t id="s5_32" word="." lemma="--" pos="pu" morph="--" extra="--"/>
		</terminals>

		<nonterminals>
			<nt id="s5_500" cat="s">
				<edge label="UTT" idref="s5_501"/>
			</nt>
			<nt id="s5_501" cat="x">
				<edge label="DN" idref="s5_502"/>
				<edge label="CJT" idref="s5_11"/>
				<edge label="PU" idref="s5_32"/>
			</nt>
			<nt id="s5_502" cat="par">
				<edge label="CJT" idref="s5_1"/>
				<edge label="CJT" idref="s5_503"/>
				<edge label="CJT" idref="s5_20"/>
				<edge label="CJT" idref="s5_504"/>
				<edge label="CJT" idref="s5_27"/>
			</nt>
			<nt id="s5_503" cat="np">
				<edge label="DN" idref="s5_13"/>
				<edge label="DN" idref="s5_14"/>
				<edge label="DN" idref="s5_15"/>
				<edge label="DN" idref="s5_16"/>
				<edge label="DN" idref="s5_17"/>
				<edge label="DN" idref="s5_18"/>
				<edge label="DN" idref="s5_19"/>
				<edge label="DN" idref="s5_21"/>
				<edge label="DN" idref="s5_22"/>
				<edge label="DN" idref="s5_23"/>
				<edge label="H" idref="s5_24"/>
				<edge label="DN" idref="s5_25"/>
			</nt>
			<nt id="s5_504" cat="np">
				<edge label="DN" idref="s5_26"/>
				<edge label="DN" idref="s5_28"/>
				<edge label="H" idref="s5_29"/>
				<edge label="DN" idref="s5_30"/>
				<edge label="fA" idref="s5_31"/>
			</nt>
		</nonterminals>
	</graph>
</s>

<s id="s6" ref="6" source="Running text" forest="1" text="Antônimos:">
	<graph root="s6_500">
		<terminals>
			<t id="s6_1" word="Antônimos" lemma="antônimo" pos="adj" morph="M P" extra="* nh"/>
			<t id="s6_2" word=":" lemma="--" pos="pu" morph="--" extra="--"/>
		</terminals>

		<nonterminals>
			<nt id="s6_500" cat="s">
				<edge label="UTT" idref="s6_501"/>
			</nt>
			<nt id="s6_501" cat="x">
				<edge label="X" idref="s6_1"/>
				<edge label="PU" idref="s6_2"/>
			</nt>
		</nonterminals>
	</graph>
</s>

<s id="s7" ref="7" source="Running text" forest="1" text="não resolvido mais...">
	<graph root="s7_500">
		<terminals>
			<t id="s7_1" word="não" lemma="não" pos="adv" morph="--" extra="--"/>
			<t id="s7_2" word="resolvido" lemma="resolver" pos="v-pcp" morph="M S" extra="jh vH"/>
			<t id="s7_3" word="mais" lemma="mais" pos="adv" morph="--" extra="--"/>
			<t id="s7_4" word="." lemma="--" pos="pu" morph="--" extra="--"/>
		</terminals>

		<nonterminals>
			<nt id="s7_500" cat="s">
				<edge label="X" idref="s7_501"/>
			</nt>
			<nt id="s7_501" cat="adjp">
				<edge label="DA" idref="s7_1"/>
				<edge label="H" idref="s7_2"/>
				<edge label="fA" idref="s7_3"/>
				<edge label="PU" idref="s7_4"/>
			</nt>
		</nonterminals>
	</graph>
</s>

<s id="s8" ref="8" source="Running text" forest="1" text="Relacionadas:">
	<graph root="s8_500">
		<terminals>
			<t id="s8_1" word="Relacionadas" lemma="relacionado" pos="adj" morph="F P" extra="* nh"/>
			<t id="s8_2" word=":" lemma="--" pos="pu" morph="--" extra="--"/>
		</terminals>

		<nonterminals>
			<nt id="s8_500" cat="s">
				<edge label="UTT" idref="s8_501"/>
			</nt>
			<nt id="s8_501" cat="x">
				<edge label="X" idref="s8_1"/>
				<edge label="PU" idref="s8_2"/>
			</nt>
		</nonterminals>
	</graph>
</s>

<s id="s9" ref="9" source="Running text" forest="1" text="deliberativo deliberar mais...">
	<graph root="s9_500">
		<terminals>
			<t id="s9_1" word="deliberativo" lemma="deliberativo" pos="adj" morph="M S" extra="jh"/>
			<t id="s9_2" word="deliberar" lemma="deliberar" pos="v-inf" morph="3S" extra="vH mv"/>
			<t id="s9_3" word="mais" lemma="mais" pos="adv" morph="--" extra="--"/>
			<t id="s9_4" word="." lemma="--" pos="pu" morph="--" extra="--"/>
		</terminals>

		<nonterminals>
			<nt id="s9_500" cat="s">
				<edge label="UTT" idref="s9_501"/>
			</nt>
			<nt id="s9_501" cat="fcl">
				<edge label="S" idref="s9_1"/>
				<edge label="P" idref="s9_2"/>
				<edge label="fA" idref="s9_3"/>
				<edge label="PU" idref="s9_4"/>
			</nt>
		</nonterminals>
	</graph>
</s>

<s id="s10" ref="10" source="Running text" forest="1" text="Significados de deliberar, deliberado(Flexões):">
	<graph root="s10_500">
		<terminals>
			<t id="s10_1" word="Significados" lemma="significado" pos="n" morph="M P" sem="sem-c" extra="cjt-head cjt-head-X *"/>
			<t id="s10_2" word="de" lemma="de" pos="prp" morph="--" extra="np-close"/>
			<t id="s10_3" word="deliberar" lemma="deliberar" pos="v-inf" morph="--" extra="vH mv"/>
			<t id="s10_4" word="," lemma="--" pos="pu" morph="--" extra="--"/>
			<t id="s10_5" word="deliberado" lemma="deliberar" pos="v-pcp" morph="M S" extra="vH"/>
			<t id="s10_6" word="(" lemma="--" pos="pu" morph="--" extra="--"/>
			<t id="s10_7" word="Flexões" lemma="Flexões" pos="prop" morph="M/F S" extra="cjt-X hum *"/>
			<t id="s10_8" word=")" lemma="--" pos="pu" morph="--" extra="--"/>
			<t id="s10_9" word=":" lemma="--" pos="pu" morph="--" extra="--"/>
		</terminals>

		<nonterminals>
			<nt id="s10_500" cat="s">
				<edge label="X" idref="s10_501"/>
			</nt>
			<nt id="s10_501" cat="par">
				<edge label="CJT" idref="s10_502"/>
				<edge label="PU" idref="s10_6"/>
				<edge label="CJT" idref="s10_7"/>
				<edge label="PU" idref="s10_8"/>
				<edge label="PU" idref="s10_9"/>
			</nt>
			<nt id="s10_502" cat="np">
				<edge label="H" idref="s10_1"/>
				<edge label="DN" idref="s10_503"/>
			</nt>
			<nt id="s10_503" cat="pp">
				<edge label="H" idref="s10_2"/>
				<edge label="DP" idref="s10_504"/>
			</nt>
			<nt id="s10_504" cat="icl">
				<edge label="P" idref="s10_3"/>
				<edge label="PU" idref="s10_4"/>
				<edge label="fCs" idref="s10_5"/>
			</nt>
		</nonterminals>
	</graph>
</s>

<s id="s11" ref="11" source="Running text" forest="1" text="80 sobe, 30 desce 2. Deliberar Por Dicionário inFormal(SP) em 06-03-2008 Refletir sobre a decisão que será tomada Conselho deliberativo(conselho para definir qual será a decisão) Compartilhar enviar nova definição enviar nova imagem denunciar abuso 44 sobe, 30 desce 3. Deliberar Por Dicionário inFormal(SP) em 22-12-2008 Do Lat. deliberare v. tr.,">
	<graph root="s11_500">
		<terminals>
			<t id="s11_1" word="80" lemma="80" pos="num" morph="M/F S" extra="card"/>
			<t id="s11_2" word="sobe" lemma="subir" pos="v-fin" morph="PR 3S IND VFIN" extra="nosubj cjt-head cjt-head-STA fmc mv"/>
			<t id="s11_3" word="," lemma="--" pos="pu" morph="--" extra="--"/>
			<t id="s11_4" word="30" lemma="30" pos="num" morph="M/F P" extra="card"/>
			<t id="s11_5" word="desce" lemma="descer" pos="v-fin" morph="PR 3S IND VFIN" extra="cjt-STA fmc mv"/>
			<t id="s11_6" word="2." lemma="2." pos="adj" morph="M/F S" extra="NUM-ord"/>
			<t id="s11_7" word="Deliberar_Por_Dicionário" lemma="Deliberar_Por_Dicionário" pos="prop" morph="M S" extra="tit *"/>
			<t id="s11_8" word="inFormal" lemma="inFormal" pos="adj" morph="M S" extra="np-close"/>
			<t id="s11_9" word="(" lemma="--" pos="pu" morph="--" extra="--"/>
			<t id="s11_10" word="SP" lemma="SP" pos="prop" morph="M S" extra="civ *"/>
			<t id="s11_11" word=")" lemma="--" pos="pu" morph="--" extra="--"/>
			<t id="s11_12" word="em" lemma="em" pos="prp" morph="--" extra="--"/>
			<t id="s11_13" word="06-03-2008" lemma="06-03-2008" pos="num" morph="M/F S" extra="card"/>
			<t id="s11_14" word="Refletir" lemma="refletir" pos="v-inf" morph="--" extra="* vH mv"/>
			<t id="s11_15" word="sobre" lemma="sobre" pos="prp" morph="--" extra="--"/>
			<t id="s11_16" word="a" lemma="o" pos="art" morph="F S" extra="--"/>
			<t id="s11_17" word="decisão" lemma="decisão" pos="n" morph="F S" sem="act" extra="--"/>
			<t id="s11_18" word="que" lemma="que" pos="spec" morph="M S" extra="clb clb-fs rel"/>
			<t id="s11_19" word="será" lemma="ser" pos="v-fin" morph="FUT 3S IND VFIN" extra="aux np-close"/>
			<t id="s11_20" word="tomada" lemma="tomar" pos="v-pcp" morph="F S" extra="vH mv"/>
			<t id="s11_21" word="Conselho" lemma="conselho" pos="n" morph="M S" sem="HH act-s" extra="prop *"/>
			<t id="s11_22" word="deliberativo" lemma="deliberativo" pos="adj" morph="M S" extra="jh np-close"/>
			<t id="s11_23" word="(" lemma="--" pos="pu" morph="--" extra="--"/>
			<t id="s11_24" word="conselho" lemma="conselho" pos="n" morph="M S" sem="HH act-s" extra="clb"/>
			<t id="s11_25" word="para" lemma="para" pos="prp" morph="--" extra="--"/>
			<t id="s11_26" word="definir" lemma="definir" pos="v-inf" morph="--" extra="vH mv"/>
			<t id="s11_27" word="qual" lemma="qual" pos="pron-int" morph="DET M/F S" extra="clb interr"/>
			<t id="s11_28" word="será" lemma="ser" pos="v-fin" morph="FUT 3S IND VFIN" extra="cjt-STA fmc mv"/>
			<t id="s11_29" word="a" lemma="o" pos="art" morph="F S" extra="--"/>
			<t id="s11_30" word="decisão" lemma="decisão" pos="n" morph="F S" sem="act" extra="--"/>
			<t id="s11_31" word=")" lemma="--" pos="pu" morph="--" extra="--"/>
			<t id="s11_32" word="Compartilhar" lemma="compartilhar" pos="v-inf" morph="--" extra="* vH mv"/>
			<t id="s11_33" word="enviar" lemma="enviar" pos="v-inf" morph="--" extra="vH mv"/>
			<t id="s11_34" word="nova" lemma="novo" pos="adj" morph="F S" extra="jh"/>
			<t id="s11_35" word="definição" lemma="definição" pos="n" morph="F S" sem="sem-c" extra="--"/>
			<t id="s11_36" word="enviar" lemma="enviar" pos="v-inf" morph="3S" extra="vH mv"/>
			<t id="s11_37" word="nova" lemma="novo" pos="adj" morph="F S" extra="jh"/>
			<t id="s11_38" word="imagem" lemma="imagem" pos="n" morph="F S" sem="pict sem-c ac-cat" extra="--"/>
			<t id="s11_39" word="denunciar" lemma="denunciar" pos="v-inf" morph="3S" extra="vH mv"/>
			<t id="s11_40" word="abuso" lemma="abuso" pos="n" morph="M S" sem="activity" extra="--"/>
			<t id="s11_41" word="44" lemma="44" pos="num" morph="M/F P" extra="card"/>
			<t id="s11_42" word="sobe" lemma="subir" pos="v-fin" morph="PR 3S IND VFIN" extra="cjt-STA fmc mv"/>
			<t id="s11_43" word="," lemma="--" pos="pu" morph="--" extra="--"/>
			<t id="s11_44" word="30" lemma="30" pos="num" morph="M/F P" extra="card"/>
			<t id="s11_45" word="desce" lemma="descer" pos="v-fin" morph="PR 3S IND VFIN" extra="cjt-STA fmc mv"/>
			<t id="s11_46" word="3." lemma="3." pos="adj" morph="M/F S" extra="NUM-ord"/>
			<t id="s11_47" word="Deliberar_Por_Dicionário" lemma="Deliberar_Por_Dicionário" pos="prop" morph="M S" extra="tit *"/>
			<t id="s11_48" word="inFormal" lemma="inFormal" pos="adj" morph="M S" extra="np-close"/>
			<t id="s11_49" word="(" lemma="--" pos="pu" morph="--" extra="--"/>
			<t id="s11_50" word="SP" lemma="SP" pos="prop" morph="M S" extra="civ *"/>
			<t id="s11_51" word=")" lemma="--" pos="pu" morph="--" extra="--"/>
			<t id="s11_52" word="em" lemma="em" pos="prp" morph="--" extra="--"/>
			<t id="s11_53" word="22-12-2008" lemma="22-12-2008" pos="num" morph="M/F S" extra="card"/>
			<t id="s11_54" word="Do_Lat." lemma="Do_Lat." pos="prop" morph="M S" extra="hum * heur"/>
			<t id="s11_55" word="deliberare" lemma="deliberarar" pos="v-fin" morph="PR 3S SUBJ VFIN" extra="cjt-STA DERP DERS DERS fmc mv"/>
			<t id="s11_56" word="v." lemma="v." pos="adv" morph="--" extra="--"/>
			<t id="s11_57" word="tr" lemma="tr" pos="n" morph="M/F S" extra="foreign"/>
			<t id="s11_58" word="." lemma="--" pos="pu" morph="--" extra="--"/>
			<t id="s11_59" word="," lemma="--" pos="pu" morph="--" extra="--"/>
		</terminals>

		<nonterminals>
			<nt id="s11_500" cat="s">
				<edge label="STA" idref="s11_501"/>
			</nt>
			<nt id="s11_501" cat="par">
				<edge label="CJT" idref="s11_502"/>
				<edge label="PU" idref="s11_3"/>
				<edge label="CJT" idref="s11_503"/>
				<edge label="PU" idref="s11_9"/>
				<edge label="CJT" idref="s11_505"/>
				<edge label="PU" idref="s11_11"/>
				<edge label="PU" idref="s11_23"/>
				<edge label="CJT" idref="s11_513"/>
				<edge label="PU" idref="s11_31"/>
				<edge label="CJT" idref="s11_518"/>
				<edge label="PU" idref="s11_49"/>
				<edge label="CJT" idref="s11_524"/>
				<edge label="PU" idref="s11_51"/>
				<edge label="PU" idref="s11_58"/>
				<edge label="PU" idref="s11_59"/>
			</nt>
			<nt id="s11_502" cat="fcl">
				<edge label="S" idref="s11_1"/>
				<edge label="P" idref="s11_2"/>
			</nt>
			<nt id="s11_503" cat="fcl">
				<edge label="Od" idref="s11_4"/>
				<edge label="P" idref="s11_5"/>
				<edge label="fCs" idref="s11_6"/>
				<edge label="S" idref="s11_504"/>
			</nt>
			<nt id="s11_504" cat="np">
				<edge label="H" idref="s11_7"/>
				<edge label="DN" idref="s11_8"/>
			</nt>
			<nt id="s11_505" cat="fcl">
				<edge label="S" idref="s11_10"/>
				<edge label="fA" idref="s11_506"/>
				<edge label="S" idref="s11_507"/>
			</nt>
			<nt id="s11_506" cat="pp">
				<edge label="H" idref="s11_12"/>
				<edge label="DP" idref="s11_13"/>
			</nt>
			<nt id="s11_507" cat="icl">
				<edge label="P" idref="s11_14"/>
				<edge label="Op" idref="s11_508"/>
			</nt>
			<nt id="s11_508" cat="pp">
				<edge label="H" idref="s11_15"/>
				<edge label="DP" idref="s11_509"/>
			</nt>
			<nt id="s11_509" cat="np">
				<edge label="DN" idref="s11_16"/>
				<edge label="H" idref="s11_17"/>
				<edge label="DN" idref="s11_510"/>
			</nt>
			<nt id="s11_510" cat="fcl">
				<edge label="S" idref="s11_18"/>
				<edge label="P" idref="s11_511"/>
				<edge label="Cs" idref="s11_512"/>
				<edge label="fA" idref="s11_514"/>
			</nt>
			<nt id="s11_511" cat="vp">
				<edge label="Vaux" idref="s11_19"/>
				<edge label="Vm" idref="s11_20"/>
			</nt>
			<nt id="s11_512" cat="np">
				<edge label="H" idref="s11_21"/>
				<edge label="DN" idref="s11_22"/>
			</nt>
			<nt id="s11_513" cat="fcl">
				<edge label="S" idref="s11_24"/>
				<edge label="Cs" idref="s11_27"/>
				<edge label="P" idref="s11_28"/>
				<edge label="S" idref="s11_515"/>
				<edge label="UTT" idref="s11_516"/>
			</nt>
			<nt id="s11_514" cat="pp">
				<edge label="H" idref="s11_25"/>
				<edge label="DP" idref="s11_26"/>
			</nt>
			<nt id="s11_515" cat="np">
				<edge label="DN" idref="s11_29"/>
				<edge label="H" idref="s11_30"/>
			</nt>
			<nt id="s11_516" cat="icl">
				<edge label="P" idref="s11_32"/>
				<edge label="Od" idref="s11_517"/>
			</nt>
			<nt id="s11_517" cat="fcl">
				<edge label="P" idref="s11_33"/>
				<edge label="S" idref="s11_520"/>
			</nt>
			<nt id="s11_518" cat="fcl">
				<edge label="S" idref="s11_519"/>
				<edge label="S" idref="s11_521"/>
				<edge label="Od" idref="s11_41"/>
				<edge label="P" idref="s11_42"/>
				<edge label="PU" idref="s11_43"/>
				<edge label="Od" idref="s11_44"/>
				<edge label="P" idref="s11_45"/>
				<edge label="fCs" idref="s11_46"/>
				<edge label="S" idref="s11_523"/>
			</nt>
			<nt id="s11_519" cat="np">
				<edge label="DN" idref="s11_34"/>
				<edge label="H" idref="s11_35"/>
			</nt>
			<nt id="s11_520" cat="fcl">
				<edge label="P" idref="s11_36"/>
				<edge label="S" idref="s11_522"/>
			</nt>
			<nt id="s11_521" cat="np">
				<edge label="DN" idref="s11_37"/>
				<edge label="H" idref="s11_38"/>
			</nt>
			<nt id="s11_522" cat="icl">
				<edge label="P" idref="s11_39"/>
				<edge label="Od" idref="s11_40"/>
			</nt>
			<nt id="s11_523" cat="np">
				<edge label="H" idref="s11_47"/>
				<edge label="DN" idref="s11_48"/>
			</nt>
			<nt id="s11_524" cat="fcl">
				<edge label="S" idref="s11_50"/>
				<edge label="fA" idref="s11_525"/>
				<edge label="S" idref="s11_54"/>
				<edge label="P" idref="s11_55"/>
				<edge label="fA" idref="s11_56"/>
				<edge label="Od" idref="s11_57"/>
			</nt>
			<nt id="s11_525" cat="pp">
				<edge label="H" idref="s11_52"/>
				<edge label="DP" idref="s11_53"/>
			</nt>
		</nonterminals>
	</graph>
</s>

<s id="s12" ref="12" source="Running text" forest="1" text="resolver após discussão ou exame;">
	<graph root="s12_500">
		<terminals>
			<t id="s12_1" word="resolver" lemma="resolver" pos="v-inf" morph="--" extra="vH mv"/>
			<t id="s12_2" word="após" lemma="após" pos="prp" morph="--" extra="--"/>
			<t id="s12_3" word="discussão" lemma="discussão" pos="n" morph="F S" sem="talk" extra="--"/>
			<t id="s12_4" word="ou" lemma="ou" pos="conj-c" morph="--" extra="--"/>
			<t id="s12_5" word="exame" lemma="exame" pos="n" morph="M S" sem="occ" extra="--"/>
			<t id="s12_6" word=";" lemma="--" pos="pu" morph="--" extra="--"/>
		</terminals>

		<nonterminals>
			<nt id="s12_500" cat="s">
				<edge label="UTT" idref="s12_501"/>
			</nt>
			<nt id="s12_501" cat="icl">
				<edge label="P" idref="s12_1"/>
				<edge label="fA" idref="s12_502"/>
				<edge label="DP" idref="s12_5"/>
				<edge label="PU" idref="s12_6"/>
			</nt>
			<nt id="s12_502" cat="pp">
				<edge label="H" idref="s12_2"/>
				<edge label="DP" idref="s12_3"/>
			</nt>
		</nonterminals>
	</graph>
</s>

<s id="s13" ref="13" source="Running text" forest="1" text="decidir;">
	<graph root="s13_500">
		<terminals>
			<t id="s13_1" word="decidir" lemma="decidir" pos="v-inf" morph="--" extra="vH mv"/>
			<t id="s13_2" word=";" lemma="--" pos="pu" morph="--" extra="--"/>
		</terminals>

		<nonterminals>
			<nt id="s13_500" cat="s">
				<edge label="UTT" idref="s13_501"/>
			</nt>
			<nt id="s13_501" cat="x">
				<edge label="UTT" idref="s13_1"/>
				<edge label="PU" idref="s13_2"/>
			</nt>
		</nonterminals>
	</graph>
</s>

<s id="s14" ref="14" source="Running text" forest="1" text="determinar;">
	<graph root="s14_500">
		<terminals>
			<t id="s14_1" word="determinar" lemma="determinar" pos="v-inf" morph="--" extra="vH mv"/>
			<t id="s14_2" word=";" lemma="--" pos="pu" morph="--" extra="--"/>
		</terminals>

		<nonterminals>
			<nt id="s14_500" cat="s">
				<edge label="UTT" idref="s14_501"/>
			</nt>
			<nt id="s14_501" cat="x">
				<edge label="UTT" idref="s14_1"/>
				<edge label="PU" idref="s14_2"/>
			</nt>
		</nonterminals>
	</graph>
</s>

<s id="s15" ref="15" source="Running text" forest="1" text="assentar;">
	<graph root="s15_500">
		<terminals>
			<t id="s15_1" word="assentar" lemma="assentar" pos="v-inf" morph="--" extra="vH mv"/>
			<t id="s15_2" word=";" lemma="--" pos="pu" morph="--" extra="--"/>
		</terminals>

		<nonterminals>
			<nt id="s15_500" cat="s">
				<edge label="UTT" idref="s15_501"/>
			</nt>
			<nt id="s15_501" cat="x">
				<edge label="UTT" idref="s15_1"/>
				<edge label="PU" idref="s15_2"/>
			</nt>
		</nonterminals>
	</graph>
</s>

<s id="s16" ref="16" source="Running text" forest="1" text="v. int.,">
	<graph root="s16_500">
		<terminals>
			<t id="s16_1" word="v." lemma="v." pos="adv" morph="--" extra="--"/>
			<t id="s16_2" word="int" lemma="int" pos="n" morph="F S" extra="heur"/>
			<t id="s16_3" word="." lemma="--" pos="pu" morph="--" extra="--"/>
			<t id="s16_4" word="," lemma="--" pos="pu" morph="--" extra="--"/>
		</terminals>

		<nonterminals>
			<nt id="s16_500" cat="s">
				<edge label="fA" idref="s16_501"/>
			</nt>
			<nt id="s16_501" cat="advp">
				<edge label="H" idref="s16_1"/>
				<edge label="X" idref="s16_2"/>
				<edge label="PU" idref="s16_3"/>
				<edge label="PU" idref="s16_4"/>
			</nt>
		</nonterminals>
	</graph>
</s>

<s id="s17" ref="17" source="Running text" forest="1" text="examinar;">
	<graph root="s17_500">
		<terminals>
			<t id="s17_1" word="examinar" lemma="examinar" pos="v-inf" morph="--" extra="vH mv"/>
			<t id="s17_2" word=";" lemma="--" pos="pu" morph="--" extra="--"/>
		</terminals>

		<nonterminals>
			<nt id="s17_500" cat="s">
				<edge label="UTT" idref="s17_501"/>
			</nt>
			<nt id="s17_501" cat="x">
				<edge label="UTT" idref="s17_1"/>
				<edge label="PU" idref="s17_2"/>
			</nt>
		</nonterminals>
	</graph>
</s>

<s id="s18" ref="18" source="Running text" forest="1" text="ponderar;">
	<graph root="s18_500">
		<terminals>
			<t id="s18_1" word="ponderar" lemma="ponderar" pos="v-inf" morph="--" extra="vH mv"/>
			<t id="s18_2" word=";" lemma="--" pos="pu" morph="--" extra="--"/>
		</terminals>

		<nonterminals>
			<nt id="s18_500" cat="s">
				<edge label="UTT" idref="s18_501"/>
			</nt>
			<nt id="s18_501" cat="x">
				<edge label="UTT" idref="s18_1"/>
				<edge label="PU" idref="s18_2"/>
			</nt>
		</nonterminals>
	</graph>
</s>

<s id="s19" ref="19" source="Running text" forest="1" text="refletir;">
	<graph root="s19_500">
		<terminals>
			<t id="s19_1" word="refletir" lemma="refletir" pos="v-inf" morph="--" extra="vH mv"/>
			<t id="s19_2" word=";" lemma="--" pos="pu" morph="--" extra="--"/>
		</terminals>

		<nonterminals>
			<nt id="s19_500" cat="s">
				<edge label="UTT" idref="s19_501"/>
			</nt>
			<nt id="s19_501" cat="x">
				<edge label="UTT" idref="s19_1"/>
				<edge label="PU" idref="s19_2"/>
			</nt>
		</nonterminals>
	</graph>
</s>

<s id="s20" ref="20" source="Running text" forest="1" text="v. refl.,">
	<graph root="s20_500">
		<terminals>
			<t id="s20_1" word="v." lemma="v." pos="adv" morph="--" extra="--"/>
			<t id="s20_2" word="refl" lemma="refl" pos="n" morph="F S" extra="heur"/>
			<t id="s20_3" word="." lemma="--" pos="pu" morph="--" extra="--"/>
			<t id="s20_4" word="," lemma="--" pos="pu" morph="--" extra="--"/>
		</terminals>

		<nonterminals>
			<nt id="s20_500" cat="s">
				<edge label="fA" idref="s20_501"/>
			</nt>
			<nt id="s20_501" cat="advp">
				<edge label="H" idref="s20_1"/>
				<edge label="X" idref="s20_2"/>
				<edge label="PU" idref="s20_3"/>
				<edge label="PU" idref="s20_4"/>
			</nt>
		</nonterminals>
	</graph>
</s>

<s id="s21" ref="21" source="Running text" forest="1" text="determinar- se.(...)">
	<graph root="s21_500">
		<terminals>
			<t id="s21_1" word="determinar-" lemma="determinar" pos="v-inf" morph="--" extra="hyfen vH mv v-pron"/>
			<t id="s21_2" word="se" lemma="se" pos="pron-pers" morph="M/F 3S/P ACC" extra="refl"/>
			<t id="s21_3" word="." lemma="--" pos="pu" morph="--" extra="--"/>
			<t id="s21_4" word="(" lemma="--" pos="pu" morph="--" extra="--"/>
			<t id="s21_5" word="." lemma="--" pos="pu" morph="--" extra="--"/>
			<t id="s21_6" word=")" lemma="--" pos="pu" morph="--" extra="--"/>
		</terminals>

		<nonterminals>
			<nt id="s21_500" cat="s">
				<edge label="UTT" idref="s21_501"/>
			</nt>
			<nt id="s21_501" cat="icl">
				<edge label="P" idref="s21_1"/>
				<edge label="Od" idref="s21_2"/>
				<edge label="PU" idref="s21_3"/>
				<edge label="PU" idref="s21_4"/>
				<edge label="PU" idref="s21_5"/>
				<edge label="PU" idref="s21_6"/>
			</nt>
		</nonterminals>
	</graph>
</s>

<s id="s22" ref="22" source="Running text" forest="1" text="Deixo De Deliberar A Cerca da Partilha Por NãO Constar do Pedido Inicial(...)">
	<graph root="s22_500">
		<terminals>
			<t id="s22_1" word="Deixo_De_Deliberar_A_Cerca" lemma="Deixo_De_Deliberar_A_Cerca" pos="prop" morph="M S" extra="org * heur"/>
			<t id="s22_2" word="de" lemma="de" pos="prp" morph="--" extra="sam- np-close"/>
			<t id="s22_3" word="a" lemma="o" pos="art" morph="F S" extra="-sam "/>
			<t id="s22_4" word="Partilha_Por_NãO_Constar" lemma="Partilha_Por_NãO_Constar" pos="prop" morph="F S" extra="org * heur"/>
			<t id="s22_5" word="de" lemma="de" pos="prp" morph="--" extra="sam- np-close"/>
			<t id="s22_6" word="o" lemma="o" pos="art" morph="M S" extra="-sam "/>
			<t id="s22_7" word="Pedido_Inicial" lemma="Pedido_Inicial" pos="prop" morph="M S" sem="inst" extra="* heur"/>
			<t id="s22_8" word="(" lemma="--" pos="pu" morph="--" extra="--"/>
			<t id="s22_9" word="." lemma="--" pos="pu" morph="--" extra="--"/>
			<t id="s22_10" word=")" lemma="--" pos="pu" morph="--" extra="--"/>
		</terminals>

		<nonterminals>
			<nt id="s22_500" cat="s">
				<edge label="S" idref="s22_501"/>
			</nt>
			<nt id="s22_501" cat="np">
				<edge label="H" idref="s22_1"/>
				<edge label="DN" idref="s22_502"/>
				<edge label="PU" idref="s22_8"/>
				<edge label="PU" idref="s22_9"/>
				<edge label="PU" idref="s22_10"/>
			</nt>
			<nt id="s22_502" cat="pp">
				<edge label="H" idref="s22_2"/>
				<edge label="DP" idref="s22_503"/>
			</nt>
			<nt id="s22_503" cat="np">
				<edge label="DN" idref="s22_3"/>
				<edge label="H" idref="s22_4"/>
				<edge label="DN" idref="s22_504"/>
			</nt>
			<nt id="s22_504" cat="pp">
				<edge label="H" idref="s22_5"/>
				<edge label="DP" idref="s22_505"/>
			</nt>
			<nt id="s22_505" cat="np">
				<edge label="DN" idref="s22_6"/>
				<edge label="H" idref="s22_7"/>
			</nt>
		</nonterminals>
	</graph>
</s>

<s id="s23" ref="23" source="Running text" forest="1" text="Compartilhar enviar nova definição enviar nova imagem denunciar abuso 6 sobe, 3 desce 4. Deliberada Por Dicionário inFormal(SP) em 19-06-2013 ADJ.">
	<graph root="s23_500">
		<terminals>
			<t id="s23_1" word="Compartilhar" lemma="Compartilhar" pos="prop" morph="M/F S" extra="hum *"/>
			<t id="s23_2" word="enviar" lemma="enviar" pos="v-inf" morph="3S" extra="vH mv"/>
			<t id="s23_3" word="nova" lemma="novo" pos="adj" morph="F S" extra="jh"/>
			<t id="s23_4" word="definição" lemma="definição" pos="n" morph="F S" sem="sem-c" extra="--"/>
			<t id="s23_5" word="enviar" lemma="enviar" pos="v-inf" morph="--" extra="vH mv"/>
			<t id="s23_6" word="nova" lemma="novo" pos="adj" morph="F S" extra="jh"/>
			<t id="s23_7" word="imagem" lemma="imagem" pos="n" morph="F S" sem="pict sem-c ac-cat" extra="--"/>
			<t id="s23_8" word="denunciar" lemma="denunciar" pos="v-inf" morph="--" extra="vH mv"/>
			<t id="s23_9" word="abuso" lemma="abuso" pos="n" morph="M S" sem="activity" extra="--"/>
			<t id="s23_10" word="6" lemma="6" pos="num" morph="M/F P" extra="card"/>
			<t id="s23_11" word="sobe" lemma="subir" pos="v-fin" morph="PR 3S IND VFIN" extra="cjt-head cjt-head-STA fmc mv"/>
			<t id="s23_12" word="," lemma="--" pos="pu" morph="--" extra="--"/>
			<t id="s23_13" word="3" lemma="3" pos="num" morph="M/F P" extra="card"/>
			<t id="s23_14" word="desce" lemma="descer" pos="v-fin" morph="PR 3S IND VFIN" extra="cjt-STA fmc mv"/>
			<t id="s23_15" word="4." lemma="4." pos="adj" morph="M/F S" extra="NUM-ord"/>
			<t id="s23_16" word="Deliberada_Por_Dicionário" lemma="Deliberada_Por_Dicionário" pos="prop" morph="M S" extra="tit *"/>
			<t id="s23_17" word="inFormal" lemma="inFormal" pos="adj" morph="M S" extra="np-close"/>
			<t id="s23_18" word="(" lemma="--" pos="pu" morph="--" extra="--"/>
			<t id="s23_19" word="SP" lemma="SP" pos="prop" morph="M S" extra="civ * np-close"/>
			<t id="s23_20" word=")" lemma="--" pos="pu" morph="--" extra="--"/>
			<t id="s23_21" word="em" lemma="em" pos="prp" morph="--" extra="--"/>
			<t id="s23_22" word="19-06-2013" lemma="19-06-2013" pos="num" morph="M/F S" extra="card"/>
			<t id="s23_23" word="ADJ" lemma="ADJ" pos="prop" morph="M/F S/P" extra="org *"/>
			<t id="s23_24" word="." lemma="--" pos="pu" morph="--" extra="--"/>
		</terminals>

		<nonterminals>
			<nt id="s23_500" cat="s">
				<edge label="STA" idref="s23_501"/>
			</nt>
			<nt id="s23_501" cat="par">
				<edge label="CJT" idref="s23_502"/>
				<edge label="PU" idref="s23_12"/>
				<edge label="CJT" idref="s23_508"/>
				<edge label="PU" idref="s23_24"/>
			</nt>
			<nt id="s23_502" cat="fcl">
				<edge label="S" idref="s23_1"/>
				<edge label="S" idref="s23_503"/>
				<edge label="Od" idref="s23_10"/>
				<edge label="P" idref="s23_11"/>
			</nt>
			<nt id="s23_503" cat="fcl">
				<edge label="S" idref="s23_504"/>
				<edge label="P" idref="s23_8"/>
				<edge label="Od" idref="s23_9"/>
			</nt>
			<nt id="s23_504" cat="fcl">
				<edge label="S" idref="s23_505"/>
				<edge label="P" idref="s23_5"/>
				<edge label="Od" idref="s23_507"/>
			</nt>
			<nt id="s23_505" cat="icl">
				<edge label="P" idref="s23_2"/>
				<edge label="Od" idref="s23_506"/>
			</nt>
			<nt id="s23_506" cat="np">
				<edge label="DN" idref="s23_3"/>
				<edge label="H" idref="s23_4"/>
			</nt>
			<nt id="s23_507" cat="np">
				<edge label="DN" idref="s23_6"/>
				<edge label="H" idref="s23_7"/>
			</nt>
			<nt id="s23_508" cat="fcl">
				<edge label="Od" idref="s23_13"/>
				<edge label="P" idref="s23_14"/>
				<edge label="fCs" idref="s23_15"/>
				<edge label="S" idref="s23_509"/>
				<edge label="fA" idref="s23_510"/>
				<edge label="Od" idref="s23_23"/>
			</nt>
			<nt id="s23_509" cat="np">
				<edge label="H" idref="s23_16"/>
				<edge label="DN" idref="s23_17"/>
				<edge label="PU" idref="s23_18"/>
				<edge label="DNapp" idref="s23_19"/>
				<edge label="PU" idref="s23_20"/>
			</nt>
			<nt id="s23_510" cat="pp">
				<edge label="H" idref="s23_21"/>
				<edge label="DP" idref="s23_22"/>
			</nt>
		</nonterminals>
	</graph>
</s>

<s id="s24" ref="24" source="Running text" forest="1" text="Aquilo que foi definido, concluído ou realizado após célebres discussões.">
	<graph root="s24_500">
		<terminals>
			<t id="s24_1" word="Aquilo" lemma="aquilo" pos="spec" morph="M S" extra="* dem"/>
			<t id="s24_2" word="que" lemma="que" pos="spec" morph="M S" extra="clb clb-fs rel"/>
			<t id="s24_3" word="foi" lemma="ser" pos="v-fin" morph="PS 3S IND VFIN" extra="aux np-close"/>
			<t id="s24_4" word="definido" lemma="definir" pos="v-pcp" morph="M S" extra="vH mv"/>
			<t id="s24_5" word="," lemma="--" pos="pu" morph="--" extra="--"/>
			<t id="s24_6" word="concluído" lemma="concluir" pos="v-pcp" morph="M S" extra="vH"/>
			<t id="s24_7" word="ou" lemma="ou" pos="conj-c" morph="--" extra="--"/>
			<t id="s24_8" word="realizado" lemma="realizar" pos="v-pcp" morph="M S" extra="vH"/>
			<t id="s24_9" word="após" lemma="após" pos="prp" morph="--" extra="--"/>
			<t id="s24_10" word="célebres" lemma="célebre" pos="adj" morph="F P" extra="--"/>
			<t id="s24_11" word="discussões" lemma="discussão" pos="n" morph="F P" sem="talk" extra="--"/>
			<t id="s24_12" word="." lemma="--" pos="pu" morph="--" extra="--"/>
		</terminals>

		<nonterminals>
			<nt id="s24_500" cat="s">
				<edge label="UTT" idref="s24_501"/>
			</nt>
			<nt id="s24_501" cat="x">
				<edge label="X" idref="s24_1"/>
				<edge label="DN" idref="s24_502"/>
				<edge label="S" idref="s24_2"/>
				<edge label="P" idref="s24_503"/>
				<edge label="PU" idref="s24_5"/>
				<edge label="fCs" idref="s24_6"/>
				<edge label="fCs" idref="s24_504"/>
				<edge label="fA" idref="s24_505"/>
				<edge label="PU" idref="s24_12"/>
			</nt>
			<nt id="s24_502" cat="fcl">
			</nt>
			<nt id="s24_503" cat="vp">
				<edge label="Vaux" idref="s24_3"/>
				<edge label="Vm" idref="s24_4"/>
			</nt>
			<nt id="s24_504" cat="adjp">
				<edge label="CO" idref="s24_7"/>
				<edge label="H" idref="s24_8"/>
			</nt>
			<nt id="s24_505" cat="pp">
				<edge label="H" idref="s24_9"/>
				<edge label="DP" idref="s24_506"/>
			</nt>
			<nt id="s24_506" cat="np">
				<edge label="DN" idref="s24_10"/>
				<edge label="H" idref="s24_11"/>
			</nt>
		</nonterminals>
	</graph>
</s>

<s id="s25" ref="25" source="Running text" forest="1" text="Foi deliberada a permanência de ele na empresa.">
	<graph root="s25_500">
		<terminals>
			<t id="s25_1" word="Foi" lemma="ser" pos="v-fin" morph="PS 3S IND VFIN" extra="* fmc aux"/>
			<t id="s25_2" word="deliberada" lemma="deliberar" pos="v-pcp" morph="F S" extra="vH mv"/>
			<t id="s25_3" word="a" lemma="o" pos="art" morph="F S" extra="--"/>
			<t id="s25_4" word="permanência" lemma="permanência" pos="n" morph="F S" sem="percep-f activity" extra="--"/>
			<t id="s25_5" word="de" lemma="de" pos="prp" morph="--" extra="sam- np-close"/>
			<t id="s25_6" word="ele" lemma="ele" pos="pron-pers" morph="M 3S NOM/PIV" extra="-sam"/>
			<t id="s25_7" word="em" lemma="em" pos="prp" morph="--" extra="sam-"/>
			<t id="s25_8" word="a" lemma="o" pos="art" morph="F S" extra="-sam "/>
			<t id="s25_9" word="empresa" lemma="empresa" pos="n" morph="F S" sem="HH" extra="--"/>
			<t id="s25_10" word="." lemma="--" pos="pu" morph="--" extra="--"/>
		</terminals>

		<nonterminals>
			<nt id="s25_500" cat="s">
				<edge label="STA" idref="s25_501"/>
			</nt>
			<nt id="s25_501" cat="fcl">
				<edge label="P" idref="s25_502"/>
				<edge label="S" idref="s25_503"/>
				<edge label="fA" idref="s25_505"/>
				<edge label="PU" idref="s25_10"/>
			</nt>
			<nt id="s25_502" cat="vp">
				<edge label="Vaux" idref="s25_1"/>
				<edge label="Vm" idref="s25_2"/>
			</nt>
			<nt id="s25_503" cat="np">
				<edge label="DN" idref="s25_3"/>
				<edge label="H" idref="s25_4"/>
				<edge label="DN" idref="s25_504"/>
			</nt>
			<nt id="s25_504" cat="pp">
				<edge label="H" idref="s25_5"/>
				<edge label="DP" idref="s25_6"/>
			</nt>
			<nt id="s25_505" cat="pp">
				<edge label="H" idref="s25_7"/>
				<edge label="DP" idref="s25_506"/>
			</nt>
			<nt id="s25_506" cat="np">
				<edge label="DN" idref="s25_8"/>
				<edge label="H" idref="s25_9"/>
			</nt>
		</nonterminals>
	</graph>
</s>

<s id="s26" ref="26" source="Running text" forest="1" text="Compartilhar enviar nova definição enviar nova imagem denunciar abuso 1 sobe, 0 desce 5. Deliberadas Por Dicionário inFormal(SP) em 07-11-2013 ADJ.">
	<graph root="s26_500">
		<terminals>
			<t id="s26_1" word="Compartilhar" lemma="compartilhar" pos="v-inf" morph="--" extra="* vH mv"/>
			<t id="s26_2" word="enviar" lemma="enviar" pos="v-inf" morph="--" extra="vH mv"/>
			<t id="s26_3" word="nova" lemma="novo" pos="adj" morph="F S" extra="jh"/>
			<t id="s26_4" word="definição" lemma="definição" pos="n" morph="F S" sem="sem-c" extra="--"/>
			<t id="s26_5" word="enviar" lemma="enviar" pos="v-inf" morph="--" extra="vH mv"/>
			<t id="s26_6" word="nova" lemma="novo" pos="adj" morph="F S" extra="jh"/>
			<t id="s26_7" word="imagem" lemma="imagem" pos="n" morph="F S" sem="pict sem-c ac-cat" extra="--"/>
			<t id="s26_8" word="denunciar" lemma="denunciar" pos="v-inf" morph="--" extra="vH mv"/>
			<t id="s26_9" word="abuso" lemma="abuso" pos="n" morph="M S" sem="activity" extra="--"/>
			<t id="s26_10" word="1" lemma="1" pos="num" morph="M/F S" extra="card"/>
			<t id="s26_11" word="sobe" lemma="subir" pos="v-fin" morph="PR 3S IND VFIN" extra="cjt-head cjt-head-STA fmc mv"/>
			<t id="s26_12" word="," lemma="--" pos="pu" morph="--" extra="--"/>
			<t id="s26_13" word="0" lemma="xx" pos="num" morph="M/F P" extra="card"/>
			<t id="s26_14" word="desce" lemma="descer" pos="v-fin" morph="PR 3S IND VFIN" extra="cjt-STA fmc mv"/>
			<t id="s26_15" word="5." lemma="5." pos="adj" morph="M/F S" extra="NUM-ord"/>
			<t id="s26_16" word="Deliberadas_Por_Dicionário" lemma="Deliberadas_Por_Dicionário" pos="prop" morph="M S" extra="tit *"/>
			<t id="s26_17" word="inFormal" lemma="inFormal" pos="adj" morph="M S" extra="np-close"/>
			<t id="s26_18" word="(" lemma="--" pos="pu" morph="--" extra="--"/>
			<t id="s26_19" word="SP" lemma="SP" pos="prop" morph="M S" extra="civ * np-close"/>
			<t id="s26_20" word=")" lemma="--" pos="pu" morph="--" extra="--"/>
			<t id="s26_21" word="em" lemma="em" pos="prp" morph="--" extra="--"/>
			<t id="s26_22" word="07-11-2013" lemma="07-11-2013" pos="num" morph="M/F S" extra="card"/>
			<t id="s26_23" word="ADJ" lemma="ADJ" pos="prop" morph="M/F S/P" extra="org *"/>
			<t id="s26_24" word="." lemma="--" pos="pu" morph="--" extra="--"/>
		</terminals>

		<nonterminals>
			<nt id="s26_500" cat="s">
				<edge label="UTT" idref="s26_501"/>
			</nt>
			<nt id="s26_501" cat="icl">
				<edge label="P" idref="s26_1"/>
				<edge label="Od" idref="s26_502"/>
				<edge label="PU" idref="s26_24"/>
			</nt>
			<nt id="s26_502" cat="icl">
				<edge label="P" idref="s26_2"/>
				<edge label="Od" idref="s26_503"/>
				<edge label="UTT" idref="s26_504"/>
				<edge label="UTT" idref="s26_506"/>
				<edge label="STA" idref="s26_507"/>
			</nt>
			<nt id="s26_503" cat="np">
				<edge label="DN" idref="s26_3"/>
				<edge label="H" idref="s26_4"/>
			</nt>
			<nt id="s26_504" cat="icl">
				<edge label="P" idref="s26_5"/>
				<edge label="Od" idref="s26_505"/>
			</nt>
			<nt id="s26_505" cat="np">
				<edge label="DN" idref="s26_6"/>
				<edge label="H" idref="s26_7"/>
			</nt>
			<nt id="s26_506" cat="icl">
				<edge label="P" idref="s26_8"/>
				<edge label="Od" idref="s26_9"/>
			</nt>
			<nt id="s26_507" cat="par">
				<edge label="CJT" idref="s26_508"/>
				<edge label="PU" idref="s26_12"/>
				<edge label="CJT" idref="s26_509"/>
			</nt>
			<nt id="s26_508" cat="fcl">
				<edge label="S" idref="s26_10"/>
				<edge label="P" idref="s26_11"/>
			</nt>
			<nt id="s26_509" cat="fcl">
				<edge label="Od" idref="s26_13"/>
				<edge label="P" idref="s26_14"/>
				<edge label="fCs" idref="s26_15"/>
				<edge label="S" idref="s26_510"/>
				<edge label="fA" idref="s26_511"/>
				<edge label="Od" idref="s26_23"/>
			</nt>
			<nt id="s26_510" cat="np">
				<edge label="H" idref="s26_16"/>
				<edge label="DN" idref="s26_17"/>
				<edge label="PU" idref="s26_18"/>
				<edge label="DNapp" idref="s26_19"/>
				<edge label="PU" idref="s26_20"/>
			</nt>
			<nt id="s26_511" cat="pp">
				<edge label="H" idref="s26_21"/>
				<edge label="DP" idref="s26_22"/>
			</nt>
		</nonterminals>
	</graph>
</s>

<s id="s27" ref="27" source="Running text" forest="1" text="Que passou por deliberação, que foi determinado, definido, decidido.">
	<graph root="s27_500">
		<terminals>
			<t id="s27_1" word="Que" lemma="que" pos="conj-s" morph="--" extra="clb *"/>
			<t id="s27_2" word="passou" lemma="passar" pos="v-fin" morph="PS 3S IND VFIN" extra="fmc mv"/>
			<t id="s27_3" word="por" lemma="por" pos="prp" morph="--" extra="--"/>
			<t id="s27_4" word="deliberação" lemma="deliberação" pos="n" morph="F S" sem="activity" extra="--"/>
			<t id="s27_5" word="," lemma="--" pos="pu" morph="--" extra="--"/>
			<t id="s27_6" word="que" lemma="que" pos="spec" morph="M S" extra="clb clb-fs rel"/>
			<t id="s27_7" word="foi" lemma="ser" pos="v-fin" morph="PS 3S IND VFIN" extra="aux np-close"/>
			<t id="s27_8" word="determinado" lemma="determinar" pos="v-pcp" morph="M S" extra="vH mv"/>
			<t id="s27_9" word="," lemma="--" pos="pu" morph="--" extra="--"/>
			<t id="s27_10" word="definido" lemma="definido" pos="adj" morph="M S" extra="nh"/>
			<t id="s27_11" word="," lemma="--" pos="pu" morph="--" extra="--"/>
			<t id="s27_12" word="decidido" lemma="decidido" pos="adj" morph="M S" extra="--"/>
			<t id="s27_13" word="." lemma="--" pos="pu" morph="--" extra="--"/>
		</terminals>

		<nonterminals>
			<nt id="s27_500" cat="s">
				<edge label="STA" idref="s27_501"/>
			</nt>
			<nt id="s27_501" cat="fcl">
				<edge label="SUB" idref="s27_1"/>
				<edge label="P" idref="s27_2"/>
				<edge label="Op" idref="s27_502"/>
				<edge label="PU" idref="s27_13"/>
			</nt>
			<nt id="s27_502" cat="pp">
				<edge label="H" idref="s27_3"/>
				<edge label="DP" idref="s27_503"/>
			</nt>
			<nt id="s27_503" cat="np">
				<edge label="H" idref="s27_4"/>
				<edge label="PU" idref="s27_5"/>
				<edge label="DN" idref="s27_504"/>
			</nt>
			<nt id="s27_504" cat="fcl">
				<edge label="S" idref="s27_6"/>
				<edge label="P" idref="s27_505"/>
				<edge label="PU" idref="s27_9"/>
				<edge label="fCs" idref="s27_10"/>
				<edge label="PU" idref="s27_11"/>
				<edge label="fCs" idref="s27_12"/>
			</nt>
			<nt id="s27_505" cat="vp">
				<edge label="Vaux" idref="s27_7"/>
				<edge label="Vm" idref="s27_8"/>
			</nt>
		</nonterminals>
	</graph>
</s>

<s id="s28" ref="28" source="Running text" forest="1" text="Foram deliberadas novas leis para o país.">
	<graph root="s28_500">
		<terminals>
			<t id="s28_1" word="Foram" lemma="ser" pos="v-fin" morph="PS/MQP 3P IND VFIN" extra="* fmc aux"/>
			<t id="s28_2" word="deliberadas" lemma="deliberar" pos="v-pcp" morph="F P" extra="vH mv"/>
			<t id="s28_3" word="novas" lemma="novo" pos="adj" morph="F P" extra="jh"/>
			<t id="s28_4" word="leis" lemma="lei" pos="n" morph="F P" sem="conv percep-f" extra="--"/>
			<t id="s28_5" word="para" lemma="para" pos="prp" morph="--" extra="--"/>
			<t id="s28_6" word="o" lemma="o" pos="art" morph="M S" extra="--"/>
			<t id="s28_7" word="país" lemma="país" pos="n" morph="M S" sem="Lciv" extra="--"/>
			<t id="s28_8" word="." lemma="--" pos="pu" morph="--" extra="--"/>
		</terminals>

		<nonterminals>
			<nt id="s28_500" cat="s">
				<edge label="STA" idref="s28_501"/>
			</nt>
			<nt id="s28_501" cat="fcl">
				<edge label="P" idref="s28_502"/>
				<edge label="S" idref="s28_503"/>
				<edge label="fA" idref="s28_504"/>
				<edge label="PU" idref="s28_8"/>
			</nt>
			<nt id="s28_502" cat="vp">
				<edge label="Vaux" idref="s28_1"/>
				<edge label="Vm" idref="s28_2"/>
			</nt>
			<nt id="s28_503" cat="np">
				<edge label="DN" idref="s28_3"/>
				<edge label="H" idref="s28_4"/>
			</nt>
			<nt id="s28_504" cat="pp">
				<edge label="H" idref="s28_5"/>
				<edge label="DP" idref="s28_505"/>
			</nt>
			<nt id="s28_505" cat="np">
				<edge label="DN" idref="s28_6"/>
				<edge label="H" idref="s28_7"/>
			</nt>
		</nonterminals>
	</graph>
</s>

<s id="s29" ref="29" source="Running text" forest="1" text="Compartilhar enviar nova definição enviar nova imagem denunciar abuso Outras Informações:Palavras com 10 letras A palavra possui 5 vogais -- e i e ao A palavra possui 5 consoantes -- d l b r d 1 página -- 5 Definições xenotima crocodilo-da-américa estreito de bósforo orgasmo manchete.">
	<graph root="s29_500">
		<terminals>
			<t id="s29_1" word="Compartilhar" lemma="compartilhar" pos="v-inf" morph="--" extra="* vH mv"/>
			<t id="s29_2" word="enviar" lemma="enviar" pos="v-inf" morph="--" extra="vH mv"/>
			<t id="s29_3" word="nova" lemma="novo" pos="adj" morph="F S" extra="jh"/>
			<t id="s29_4" word="definição" lemma="definição" pos="n" morph="F S" sem="sem-c" extra="--"/>
			<t id="s29_5" word="enviar" lemma="enviar" pos="v-inf" morph="--" extra="vH mv"/>
			<t id="s29_6" word="nova" lemma="novo" pos="adj" morph="F S" extra="jh"/>
			<t id="s29_7" word="imagem" lemma="imagem" pos="n" morph="F S" sem="pict sem-c ac-cat" extra="--"/>
			<t id="s29_8" word="denunciar" lemma="denunciar" pos="v-inf" morph="--" extra="vH mv"/>
			<t id="s29_9" word="abuso" lemma="abuso" pos="n" morph="M S" sem="activity" extra="--"/>
			<t id="s29_10" word="Outras_Informações" lemma="Outras_Informações" pos="prop" morph="M S" extra="hum * heur np-close"/>
			<t id="s29_11" word=":Palavras" lemma=":Palavras" pos="n" morph="M S" extra="cjt-head cjt-head-S"/>
			<t id="s29_12" word="com" lemma="com" pos="prp" morph="--" extra="--"/>
			<t id="s29_13" word="10" lemma="10" pos="num" morph="F P" extra="card"/>
			<t id="s29_14" word="letras" lemma="letra" pos="n" morph="F P" sem="ac-sign sem-r domain" extra="--"/>
			<t id="s29_15" word="A" lemma="o" pos="art" morph="F S" extra="* "/>
			<t id="s29_16" word="palavra" lemma="palavra" pos="n" morph="F S" sem="ac-cat act-s" extra="cjt-S"/>
			<t id="s29_17" word="possui" lemma="possuir" pos="v-fin" morph="PR 3S IND VFIN" extra="cjt-head cjt-head-STA vH fmc mv"/>
			<t id="s29_18" word="5" lemma="5" pos="num" morph="M P" extra="card"/>
			<t id="s29_19" word="vogais" lemma="vogal" pos="n" morph="M P" sem="ac-cat H" extra="--"/>
			<t id="s29_20" word="--" lemma="--" pos="pu" morph="--" extra="--"/>
			<t id="s29_21" word="e" lemma="e" pos="conj-c" morph="--" extra="--"/>
			<t id="s29_22" word="i" lemma="i" pos="n" morph="M S" sem="ac-sign" extra="--"/>
			<t id="s29_23" word="e" lemma="e" pos="conj-c" morph="--" extra="--"/>
			<t id="s29_24" word="a" lemma="a" pos="prp" morph="--" extra="--"/>
			<t id="s29_25" word="o" lemma="o" pos="art" morph="M S" extra="--"/>
			<t id="s29_26" word="A" lemma="o" pos="art" morph="F S" extra="* "/>
			<t id="s29_27" word="palavra" lemma="palavra" pos="n" morph="F S" sem="ac-cat act-s" extra="--"/>
			<t id="s29_28" word="possui" lemma="possuir" pos="v-fin" morph="PR 3S IND VFIN" extra="cjt-STA vH fmc mv"/>
			<t id="s29_29" word="5" lemma="5" pos="num" morph="F P" extra="card"/>
			<t id="s29_30" word="consoantes" lemma="consoante" pos="n" morph="F P" sem="ac-cat" extra="--"/>
			<t id="s29_31" word="--" lemma="--" pos="pu" morph="--" extra="--"/>
			<t id="s29_32" word="d" lemma="d" pos="n" morph="M S" sem="ac-sign" extra="cjt-head cjt-head-S"/>
			<t id="s29_33" word="l" lemma="l" pos="n" morph="M S" sem="ac-sign" extra="cjt-S"/>
			<t id="s29_34" word="b" lemma="b" pos="n" morph="M S" sem="ac-sign" extra="cjt-S"/>
			<t id="s29_35" word="r" lemma="r" pos="n" morph="M S" sem="ac-sign" extra="cjt-S"/>
			<t id="s29_36" word="d" lemma="d" pos="n" morph="M S" sem="ac-sign" extra="cjt-S"/>
			<t id="s29_37" word="1" lemma="1" pos="num" morph="F S" extra="card"/>
			<t id="s29_38" word="página" lemma="página" pos="n" morph="F S" sem="cc-r" extra="cjt-S"/>
			<t id="s29_39" word="--" lemma="--" pos="pu" morph="--" extra="--"/>
			<t id="s29_40" word="5" lemma="5" pos="num" morph="F P" extra="card"/>
			<t id="s29_41" word="Definições" lemma="definição" pos="n" morph="F P" sem="sem-c" extra="prop *"/>
			<t id="s29_42" word="xenotima" lemma="xenotimo" pos="adj" morph="F S" extra="SUP DERP"/>
			<t id="s29_43" word="crocodilo-da-américa" lemma="crocodilo-da-américa" pos="n" morph="M S" sem="Azo Aich" extra="--"/>
			<t id="s29_44" word="estreito" lemma="estreito" pos="adj" morph="M S" extra="nh np-close"/>
			<t id="s29_45" word="de" lemma="de" pos="prp" morph="--" extra="np-close"/>
			<t id="s29_46" word="bósforo" lemma="bósforar" pos="v-fin" morph="PR 1S IND VFIN" extra="cjt-STA DERS fmc mv"/>
			<t id="s29_47" word="orgasmo" lemma="orgasmo" pos="n" morph="M S" sem="event" extra="--"/>
			<t id="s29_48" word="manchete" lemma="manchete" pos="n" morph="F S" sem="sem-r" extra="--"/>
			<t id="s29_49" word="." lemma="--" pos="pu" morph="--" extra="--"/>
		</terminals>

		<nonterminals>
			<nt id="s29_500" cat="s">
				<edge label="UTT" idref="s29_501"/>
			</nt>
			<nt id="s29_501" cat="x">
				<edge label="UTT" idref="s29_507"/>
				<edge label="P" idref="s29_5"/>
				<edge label="Od" idref="s29_508"/>
				<edge label="UTT" idref="s29_509"/>
				<edge label="PU" idref="s29_49"/>
			</nt>
			<nt id="s29_502" cat="par">
				<edge label="CJT" idref="s29_503"/>
			</nt>
			<nt id="s29_503" cat="fcl">
				<edge label="S" idref="s29_504"/>
			</nt>
			<nt id="s29_504" cat="icl">
				<edge label="P" idref="s29_1"/>
				<edge label="Od" idref="s29_505"/>
			</nt>
			<nt id="s29_505" cat="icl">
				<edge label="P" idref="s29_2"/>
				<edge label="Od" idref="s29_506"/>
			</nt>
			<nt id="s29_506" cat="np">
				<edge label="DN" idref="s29_3"/>
				<edge label="H" idref="s29_4"/>
			</nt>
			<nt id="s29_507" cat="icl">
			</nt>
			<nt id="s29_508" cat="np">
				<edge label="DN" idref="s29_6"/>
				<edge label="H" idref="s29_7"/>
			</nt>
			<nt id="s29_509" cat="fcl">
				<edge label="P" idref="s29_8"/>
				<edge label="Od" idref="s29_510"/>
				<edge label="S" idref="s29_511"/>
				<edge label="fA" idref="s29_512"/>
				<edge label="CJT" idref="s29_516"/>
				<edge label="CJT" idref="s29_522"/>
			</nt>
			<nt id="s29_510" cat="np">
				<edge label="H" idref="s29_9"/>
				<edge label="DN" idref="s29_10"/>
			</nt>
			<nt id="s29_511" cat="par">
				<edge label="CJT" idref="s29_11"/>
			</nt>
			<nt id="s29_512" cat="pp">
				<edge label="H" idref="s29_12"/>
				<edge label="DP" idref="s29_513"/>
				<edge label="CJT" idref="s29_514"/>
				<edge label="P" idref="s29_17"/>
				<edge label="Od" idref="s29_515"/>
			</nt>
			<nt id="s29_513" cat="np">
				<edge label="DN" idref="s29_13"/>
				<edge label="H" idref="s29_14"/>
			</nt>
			<nt id="s29_514" cat="np">
				<edge label="DN" idref="s29_15"/>
				<edge label="H" idref="s29_16"/>
			</nt>
			<nt id="s29_515" cat="np">
				<edge label="DN" idref="s29_18"/>
				<edge label="H" idref="s29_19"/>
				<edge label="PU" idref="s29_20"/>
				<edge label="CO" idref="s29_21"/>
				<edge label="CO" idref="s29_23"/>
				<edge label="FOC" idref="s29_517"/>
				<edge label="H" idref="s29_24"/>
				<edge label="DP" idref="s29_518"/>
			</nt>
			<nt id="s29_516" cat="fcl">
				<edge label="S" idref="s29_22"/>
				<edge label="P" idref="s29_28"/>
				<edge label="Od" idref="s29_519"/>
				<edge label="S" idref="s29_520"/>
			</nt>
			<nt id="s29_517" cat="pp">
			</nt>
			<nt id="s29_518" cat="np">
				<edge label="DN" idref="s29_25"/>
				<edge label="DN" idref="s29_26"/>
				<edge label="H" idref="s29_27"/>
			</nt>
			<nt id="s29_519" cat="np">
				<edge label="DN" idref="s29_29"/>
				<edge label="H" idref="s29_30"/>
				<edge label="PU" idref="s29_31"/>
			</nt>
			<nt id="s29_520" cat="par">
				<edge label="CJT" idref="s29_32"/>
				<edge label="CJT" idref="s29_33"/>
				<edge label="CJT" idref="s29_34"/>
				<edge label="CJT" idref="s29_35"/>
				<edge label="CJT" idref="s29_36"/>
				<edge label="CJT" idref="s29_521"/>
			</nt>
			<nt id="s29_521" cat="np">
				<edge label="DN" idref="s29_37"/>
				<edge label="H" idref="s29_38"/>
				<edge label="PU" idref="s29_39"/>
			</nt>
			<nt id="s29_522" cat="fcl">
				<edge label="fCs" idref="s29_523"/>
				<edge label="fCs" idref="s29_42"/>
				<edge label="S" idref="s29_524"/>
				<edge label="P" idref="s29_46"/>
				<edge label="Od" idref="s29_47"/>
				<edge label="S" idref="s29_48"/>
			</nt>
			<nt id="s29_523" cat="np">
				<edge label="DN" idref="s29_40"/>
				<edge label="H" idref="s29_41"/>
			</nt>
			<nt id="s29_524" cat="np">
				<edge label="H" idref="s29_43"/>
				<edge label="DN" idref="s29_44"/>
				<edge label="DN" idref="s29_45"/>
			</nt>
		</nonterminals>
	</graph>
</s>

	</body>
</corpus>
