<?xml version="1.0" encoding="UTF-8"?>
<corpus>

	<body>
<s id="s1" ref="1" source="Running text" forest="1" text="Desolação 2 Definições encontradas.">
	<graph root="s1_500">
		<terminals>
			<t id="s1_1" word="Desolação" lemma="desolação" pos="n" morph="F S" sem="state-h" extra="cjt-head cjt-head-X *"/>
			<t id="s1_2" word="2" lemma="2" pos="num" morph="F P" extra="card"/>
			<t id="s1_3" word="Definições" lemma="definição" pos="n" morph="F P" sem="sem-c" extra="cjt-X prop *"/>
			<t id="s1_4" word="encontradas" lemma="encontrado" pos="adj" morph="F P" extra="nh np-close"/>
			<t id="s1_5" word="." lemma="--" pos="pu" morph="--" extra="--"/>
		</terminals>

		<nonterminals>
			<nt id="s1_500" cat="s">
				<edge label="X" idref="s1_501"/>
			</nt>
			<nt id="s1_501" cat="par">
				<edge label="CJT" idref="s1_1"/>
				<edge label="CJT" idref="s1_502"/>
				<edge label="PU" idref="s1_5"/>
			</nt>
			<nt id="s1_502" cat="np">
				<edge label="DN" idref="s1_2"/>
				<edge label="H" idref="s1_3"/>
				<edge label="DN" idref="s1_4"/>
			</nt>
		</nonterminals>
	</graph>
</s>

<s id="s2" ref="2" source="Running text" forest="1" text="Tweet Classificação morfossintática:">
	<graph root="s2_500">
		<terminals>
			<t id="s2_1" word="Tweet_Classificação" lemma="Tweet_Classificação" pos="prop" morph="M S" extra="common * heur"/>
			<t id="s2_2" word="morfossintática" lemma="morfossintático" pos="adj" morph="F S" extra="DERS jh np-close"/>
			<t id="s2_3" word=":" lemma="--" pos="pu" morph="--" extra="--"/>
		</terminals>

		<nonterminals>
			<nt id="s2_500" cat="s">
				<edge label="X" idref="s2_501"/>
			</nt>
			<nt id="s2_501" cat="np">
				<edge label="H" idref="s2_1"/>
				<edge label="DN" idref="s2_2"/>
				<edge label="PU" idref="s2_3"/>
			</nt>
		</nonterminals>
	</graph>
</s>

<s id="s3" ref="3" source="Running text" forest="1" text="Substantivo, feminino singular Flexões da palavra Desolação Significados de Desolação:">
	<graph root="s3_500">
		<terminals>
			<t id="s3_1" word="Substantivo" lemma="substantivar" pos="v-fin" morph="PR 1S IND VFIN" extra="* vH fmc mv"/>
			<t id="s3_2" word="," lemma="--" pos="pu" morph="--" extra="--"/>
			<t id="s3_3" word="feminino" lemma="feminino" pos="adj" morph="M S" extra="jh"/>
			<t id="s3_4" word="singular" lemma="singular" pos="adj" morph="F S" extra="jh"/>
			<t id="s3_5" word="Flexões" lemma="flexão" pos="n" morph="F P" sem="act" extra="prop *"/>
			<t id="s3_6" word="de" lemma="de" pos="prp" morph="--" extra="sam- np-close"/>
			<t id="s3_7" word="a" lemma="o" pos="art" morph="F S" extra="-sam "/>
			<t id="s3_8" word="palavra" lemma="palavra" pos="n" morph="F S" sem="ac-cat act-s" extra="--"/>
			<t id="s3_9" word="Desolação_Significados_de_Desolação" lemma="Desolação_Significados_de_Desolação" pos="prop" morph="F S" extra="org * heur np-close"/>
			<t id="s3_10" word=":" lemma="--" pos="pu" morph="--" extra="--"/>
		</terminals>

		<nonterminals>
			<nt id="s3_500" cat="s">
				<edge label="STA" idref="s3_501"/>
			</nt>
			<nt id="s3_501" cat="fcl">
				<edge label="P" idref="s3_1"/>
				<edge label="PU" idref="s3_2"/>
				<edge label="fCs" idref="s3_3"/>
				<edge label="fCs" idref="s3_502"/>
				<edge label="PU" idref="s3_10"/>
			</nt>
			<nt id="s3_502" cat="np">
				<edge label="DN" idref="s3_4"/>
				<edge label="H" idref="s3_5"/>
				<edge label="DN" idref="s3_503"/>
			</nt>
			<nt id="s3_503" cat="pp">
				<edge label="H" idref="s3_6"/>
				<edge label="DP" idref="s3_504"/>
			</nt>
			<nt id="s3_504" cat="np">
				<edge label="DN" idref="s3_7"/>
				<edge label="H" idref="s3_8"/>
				<edge label="DN" idref="s3_9"/>
			</nt>
		</nonterminals>
	</graph>
</s>

<s id="s4" ref="4" source="Running text" forest="1" text="13 sobe, 4 desce 1. Desolação Por jk(CE) em 15-11-2009 S.">
	<graph root="s4_500">
		<terminals>
			<t id="s4_1" word="13" lemma="13" pos="num" morph="M/F S" extra="card"/>
			<t id="s4_2" word="sobe" lemma="subir" pos="v-fin" morph="PR 3S IND VFIN" extra="cjt-head cjt-head-STA fmc mv"/>
			<t id="s4_3" word="," lemma="--" pos="pu" morph="--" extra="--"/>
			<t id="s4_4" word="4" lemma="4" pos="num" morph="M/F P" extra="card"/>
			<t id="s4_5" word="desce" lemma="descer" pos="v-fin" morph="PR 3S IND VFIN" extra="cjt-STA fmc mv"/>
			<t id="s4_6" word="1." lemma="1." pos="adj" morph="M/F S" extra="NUM-ord"/>
			<t id="s4_7" word="Desolação_Por" lemma="Desolação_Por" pos="prop" morph="F S" extra="top * heur"/>
			<t id="s4_8" word="jk" lemma="jk" pos="n" morph="M S" extra="foreign"/>
			<t id="s4_9" word="(" lemma="--" pos="pu" morph="--" extra="--"/>
			<t id="s4_10" word="CE" lemma="CE" pos="prop" morph="M S" extra="civ * np-close"/>
			<t id="s4_11" word=")" lemma="--" pos="pu" morph="--" extra="--"/>
			<t id="s4_12" word="em" lemma="em" pos="prp" morph="--" extra="--"/>
			<t id="s4_13" word="15-11-2009" lemma="15-11-2009" pos="num" morph="M/F S" extra="card"/>
			<t id="s4_14" word="S" lemma="s" pos="prop" morph="M/F S" extra="hum * np-close"/>
			<t id="s4_15" word="." lemma="--" pos="pu" morph="--" extra="--"/>
		</terminals>

		<nonterminals>
			<nt id="s4_500" cat="s">
				<edge label="STA" idref="s4_501"/>
			</nt>
			<nt id="s4_501" cat="par">
				<edge label="CJT" idref="s4_502"/>
				<edge label="PU" idref="s4_3"/>
				<edge label="CJT" idref="s4_503"/>
				<edge label="PU" idref="s4_15"/>
			</nt>
			<nt id="s4_502" cat="fcl">
				<edge label="S" idref="s4_1"/>
				<edge label="P" idref="s4_2"/>
			</nt>
			<nt id="s4_503" cat="fcl">
				<edge label="Od" idref="s4_4"/>
				<edge label="P" idref="s4_5"/>
				<edge label="fCs" idref="s4_6"/>
				<edge label="S" idref="s4_7"/>
				<edge label="Od" idref="s4_504"/>
				<edge label="fA" idref="s4_505"/>
			</nt>
			<nt id="s4_504" cat="np">
				<edge label="H" idref="s4_8"/>
				<edge label="PU" idref="s4_9"/>
				<edge label="DNapp" idref="s4_10"/>
				<edge label="PU" idref="s4_11"/>
			</nt>
			<nt id="s4_505" cat="pp">
				<edge label="H" idref="s4_12"/>
				<edge label="DP" idref="s4_506"/>
			</nt>
			<nt id="s4_506" cat="np">
				<edge label="H" idref="s4_13"/>
				<edge label="DN" idref="s4_14"/>
			</nt>
		</nonterminals>
	</graph>
</s>

<s id="s5" ref="5" source="Running text" forest="1" text="f..">
	<graph root="s5_500">
		<terminals>
			<t id="s5_1" word="f." lemma="f." pos="n" morph="F S" extra="--"/>
			<t id="s5_2" word="." lemma="--" pos="pu" morph="--" extra="--"/>
		</terminals>

		<nonterminals>
			<nt id="s5_500" cat="s">
				<edge label="UTT" idref="s5_501"/>
			</nt>
			<nt id="s5_501" cat="x">
				<edge label="X" idref="s5_1"/>
				<edge label="PU" idref="s5_2"/>
			</nt>
		</nonterminals>
	</graph>
</s>

<s id="s6" ref="6" source="Running text" forest="1" text="Isolamento;">
	<graph root="s6_500">
		<terminals>
			<t id="s6_1" word="Isolamento" lemma="isolamento" pos="n" morph="M S" extra="* act"/>
			<t id="s6_2" word=";" lemma="--" pos="pu" morph="--" extra="--"/>
		</terminals>

		<nonterminals>
			<nt id="s6_500" cat="s">
				<edge label="UTT" idref="s6_501"/>
			</nt>
			<nt id="s6_501" cat="x">
				<edge label="X" idref="s6_1"/>
				<edge label="PU" idref="s6_2"/>
			</nt>
		</nonterminals>
	</graph>
</s>

<s id="s7" ref="7" source="Running text" forest="1" text="desamparo.">
	<graph root="s7_500">
		<terminals>
			<t id="s7_1" word="desamparo" lemma="desamparo" pos="n" morph="M S" sem="f-psych" extra="--"/>
			<t id="s7_2" word="." lemma="--" pos="pu" morph="--" extra="--"/>
		</terminals>

		<nonterminals>
			<nt id="s7_500" cat="s">
				<edge label="UTT" idref="s7_501"/>
			</nt>
			<nt id="s7_501" cat="x">
				<edge label="X" idref="s7_1"/>
				<edge label="PU" idref="s7_2"/>
			</nt>
		</nonterminals>
	</graph>
</s>

<s id="s8" ref="8" source="Running text" forest="1" text="Devastação, ruína.">
	<graph root="s8_500">
		<terminals>
			<t id="s8_1" word="Devastação" lemma="devastação" pos="n" morph="F S" sem="event act" extra="cjt-head cjt-head-X *"/>
			<t id="s8_2" word="," lemma="--" pos="pu" morph="--" extra="--"/>
			<t id="s8_3" word="ruína" lemma="ruína" pos="n" morph="F S" sem="build sit" extra="cjt-X"/>
			<t id="s8_4" word="." lemma="--" pos="pu" morph="--" extra="--"/>
		</terminals>

		<nonterminals>
			<nt id="s8_500" cat="s">
				<edge label="X" idref="s8_501"/>
			</nt>
			<nt id="s8_501" cat="par">
				<edge label="CJT" idref="s8_1"/>
				<edge label="PU" idref="s8_2"/>
				<edge label="CJT" idref="s8_3"/>
				<edge label="PU" idref="s8_4"/>
			</nt>
		</nonterminals>
	</graph>
</s>

<s id="s9" ref="9" source="Running text" forest="1" text="Extrema tristeza, aflição, consternação.">
	<graph root="s9_500">
		<terminals>
			<t id="s9_1" word="Extrema" lemma="extremo" pos="adj" morph="F S" extra="*"/>
			<t id="s9_2" word="tristeza" lemma="tristeza" pos="n" morph="F S" sem="percep-f" extra="cjt-head cjt-head-X"/>
			<t id="s9_3" word="," lemma="--" pos="pu" morph="--" extra="--"/>
			<t id="s9_4" word="aflição" lemma="aflição" pos="n" morph="F S" sem="percep-f" extra="cjt-X"/>
			<t id="s9_5" word="," lemma="--" pos="pu" morph="--" extra="--"/>
			<t id="s9_6" word="consternação" lemma="consternação" pos="n" morph="F S" sem="am" extra="cjt-X"/>
			<t id="s9_7" word="." lemma="--" pos="pu" morph="--" extra="--"/>
		</terminals>

		<nonterminals>
			<nt id="s9_500" cat="s">
				<edge label="X" idref="s9_501"/>
			</nt>
			<nt id="s9_501" cat="par">
				<edge label="CJT" idref="s9_502"/>
				<edge label="PU" idref="s9_3"/>
				<edge label="CJT" idref="s9_4"/>
				<edge label="PU" idref="s9_5"/>
				<edge label="CJT" idref="s9_6"/>
				<edge label="PU" idref="s9_7"/>
			</nt>
			<nt id="s9_502" cat="np">
				<edge label="DN" idref="s9_1"/>
				<edge label="H" idref="s9_2"/>
			</nt>
		</nonterminals>
	</graph>
</s>

<s id="s10" ref="10" source="Running text" forest="1" text="Quem ama a áurea moderação,/ seguramente não sente falta da desolação do vil abrigo,/ nem do esplendor frugal do palácio invejado. --">
	<graph root="s10_500">
		<terminals>
			<t id="s10_1" word="Quem" lemma="quem" pos="spec" morph="M/F S" extra="clb clb-fs * rel"/>
			<t id="s10_2" word="ama" lemma="amar" pos="v-fin" morph="PR 3S IND VFIN" extra="vH mv"/>
			<t id="s10_3" word="a" lemma="o" pos="art" morph="F S" extra="--"/>
			<t id="s10_4" word="áurea" lemma="áureo" pos="adj" morph="F S" sem="col" extra="jh"/>
			<t id="s10_5" word="moderação" lemma="moderação" pos="n" morph="F S" sem="act" extra="--"/>
			<t id="s10_6" word="," lemma="--" pos="pu" morph="--" extra="--"/>
			<t id="s10_7" word="/" lemma="$/" pos="conj-c" morph="--" extra="nofirstcjt co-fin"/>
			<t id="s10_8" word="seguramente" lemma="seguramente" pos="adv" morph="--" extra="--"/>
			<t id="s10_9" word="não" lemma="não" pos="adv" morph="--" extra="--"/>
			<t id="s10_10" word="sente" lemma="sentir" pos="v-fin" morph="PR 3S IND VFIN" extra="vH fmc mv"/>
			<t id="s10_11" word="falta" lemma="falta" pos="n" morph="F S" sem="f-c sit event" extra="--"/>
			<t id="s10_12" word="de" lemma="de" pos="prp" morph="--" extra="sam- np-close"/>
			<t id="s10_13" word="a" lemma="o" pos="art" morph="F S" extra="-sam "/>
			<t id="s10_14" word="desolação" lemma="desolação" pos="n" morph="F S" sem="state-h" extra="--"/>
			<t id="s10_15" word="de" lemma="de" pos="prp" morph="--" extra="sam- np-long"/>
			<t id="s10_16" word="o" lemma="o" pos="art" morph="M S" extra="-sam "/>
			<t id="s10_17" word="vil" lemma="vil" pos="adj" morph="M S" extra="--"/>
			<t id="s10_18" word="abrigo" lemma="abrigo" pos="n" morph="M S" sem="Lh" extra="--"/>
			<t id="s10_19" word="," lemma="--" pos="pu" morph="--" extra="--"/>
			<t id="s10_20" word="/" lemma="$/" pos="conj-c" morph="--" extra="--"/>
			<t id="s10_21" word="nem" lemma="nem" pos="conj-c" morph="--" extra="--"/>
			<t id="s10_22" word="de" lemma="de" pos="prp" morph="--" extra="sam- np-close"/>
			<t id="s10_23" word="o" lemma="o" pos="art" morph="M S" extra="-sam "/>
			<t id="s10_24" word="esplendor" lemma="esplendor" pos="n" morph="M S" sem="am" extra="--"/>
			<t id="s10_25" word="frugal" lemma="frugal" pos="adj" morph="M S" extra="np-close"/>
			<t id="s10_26" word="de" lemma="de" pos="prp" morph="--" extra="sam- np-close"/>
			<t id="s10_27" word="o" lemma="o" pos="art" morph="M S" extra="-sam "/>
			<t id="s10_28" word="palácio" lemma="palácio" pos="n" morph="M S" sem="build" extra="--"/>
			<t id="s10_29" word="invejado" lemma="invejado" pos="adj" morph="M S" extra="nh np-close"/>
			<t id="s10_30" word="." lemma="--" pos="pu" morph="--" extra="--"/>
			<t id="s10_31" word="--" lemma="--" pos="pu" morph="--" extra="--"/>
		</terminals>

		<nonterminals>
			<nt id="s10_500" cat="s">
				<edge label="STA" idref="s10_501"/>
			</nt>
			<nt id="s10_501" cat="fcl">
				<edge label="S" idref="s10_502"/>
				<edge label="PU" idref="s10_6"/>
				<edge label="CO" idref="s10_7"/>
				<edge label="fA" idref="s10_8"/>
				<edge label="fA" idref="s10_9"/>
				<edge label="P" idref="s10_10"/>
				<edge label="Od" idref="s10_504"/>
				<edge label="PU" idref="s10_30"/>
				<edge label="PU" idref="s10_31"/>
			</nt>
			<nt id="s10_502" cat="fcl">
				<edge label="S" idref="s10_1"/>
				<edge label="P" idref="s10_2"/>
				<edge label="Od" idref="s10_503"/>
			</nt>
			<nt id="s10_503" cat="np">
				<edge label="DN" idref="s10_3"/>
				<edge label="DN" idref="s10_4"/>
				<edge label="H" idref="s10_5"/>
			</nt>
			<nt id="s10_504" cat="np">
				<edge label="H" idref="s10_11"/>
				<edge label="DN" idref="s10_505"/>
				<edge label="DN" idref="s10_507"/>
			</nt>
			<nt id="s10_505" cat="pp">
				<edge label="H" idref="s10_12"/>
				<edge label="DP" idref="s10_506"/>
			</nt>
			<nt id="s10_506" cat="np">
				<edge label="DN" idref="s10_13"/>
				<edge label="H" idref="s10_14"/>
			</nt>
			<nt id="s10_507" cat="pp">
				<edge label="H" idref="s10_15"/>
				<edge label="DP" idref="s10_508"/>
			</nt>
			<nt id="s10_508" cat="np">
				<edge label="DN" idref="s10_16"/>
				<edge label="DN" idref="s10_17"/>
				<edge label="H" idref="s10_18"/>
				<edge label="PU" idref="s10_19"/>
				<edge label="DNc" idref="s10_509"/>
			</nt>
			<nt id="s10_509" cat="pp">
				<edge label="CO" idref="s10_20"/>
				<edge label="CO" idref="s10_21"/>
				<edge label="H" idref="s10_22"/>
				<edge label="DP" idref="s10_510"/>
			</nt>
			<nt id="s10_510" cat="np">
				<edge label="DN" idref="s10_23"/>
				<edge label="H" idref="s10_24"/>
				<edge label="DN" idref="s10_25"/>
				<edge label="DN" idref="s10_511"/>
			</nt>
			<nt id="s10_511" cat="pp">
				<edge label="H" idref="s10_26"/>
				<edge label="DP" idref="s10_512"/>
			</nt>
			<nt id="s10_512" cat="np">
				<edge label="DN" idref="s10_27"/>
				<edge label="H" idref="s10_28"/>
				<edge label="DN" idref="s10_29"/>
			</nt>
		</nonterminals>
	</graph>
</s>

<s id="s11" ref="11" source="Running text" forest="1" text="Horácio Compartilhar enviar nova definição enviar nova imagem denunciar abuso Sinônimos:">
	<graph root="s11_500">
		<terminals>
			<t id="s11_1" word="Horácio_Compartilhar" lemma="Horácio_Compartilhar" pos="prop" morph="M S" extra="hum *"/>
			<t id="s11_2" word="enviar" lemma="enviar" pos="v-inf" morph="3S" extra="vH mv"/>
			<t id="s11_3" word="nova" lemma="novo" pos="adj" morph="F S" extra="jh"/>
			<t id="s11_4" word="definição" lemma="definição" pos="n" morph="F S" sem="sem-c" extra="--"/>
			<t id="s11_5" word="enviar" lemma="enviar" pos="v-inf" morph="--" extra="vH mv"/>
			<t id="s11_6" word="nova" lemma="novo" pos="adj" morph="F S" extra="jh"/>
			<t id="s11_7" word="imagem" lemma="imagem" pos="n" morph="F S" sem="pict sem-c ac-cat" extra="--"/>
			<t id="s11_8" word="denunciar" lemma="denunciar" pos="v-inf" morph="--" extra="vH mv"/>
			<t id="s11_9" word="abuso" lemma="abuso" pos="n" morph="M S" sem="activity" extra="--"/>
			<t id="s11_10" word="Sinônimos" lemma="Sinônimos" pos="prop" morph="M S" extra="hum * np-close"/>
			<t id="s11_11" word=":" lemma="--" pos="pu" morph="--" extra="--"/>
		</terminals>

		<nonterminals>
			<nt id="s11_500" cat="s">
				<edge label="UTT" idref="s11_501"/>
			</nt>
			<nt id="s11_501" cat="fcl">
				<edge label="S" idref="s11_1"/>
				<edge label="P" idref="s11_2"/>
				<edge label="Od" idref="s11_502"/>
				<edge label="UTT" idref="s11_503"/>
				<edge label="UTT" idref="s11_505"/>
				<edge label="PU" idref="s11_11"/>
			</nt>
			<nt id="s11_502" cat="np">
				<edge label="DN" idref="s11_3"/>
				<edge label="H" idref="s11_4"/>
			</nt>
			<nt id="s11_503" cat="icl">
				<edge label="P" idref="s11_5"/>
				<edge label="Od" idref="s11_504"/>
			</nt>
			<nt id="s11_504" cat="np">
				<edge label="DN" idref="s11_6"/>
				<edge label="H" idref="s11_7"/>
			</nt>
			<nt id="s11_505" cat="icl">
				<edge label="P" idref="s11_8"/>
				<edge label="Od" idref="s11_506"/>
			</nt>
			<nt id="s11_506" cat="np">
				<edge label="H" idref="s11_9"/>
				<edge label="DN" idref="s11_10"/>
			</nt>
		</nonterminals>
	</graph>
</s>

<s id="s12" ref="12" source="Running text" forest="1" text="aflição assolação destroços devastação dor melancolia mágoa pesar ruína e tristeza afogo agonia amargura amarume angústia ânsia ansiedade aperto apertura apoquentação atormentaçâo atribuição atribulação brasa consternação desconsolação desesperação desinquietação desolação dolência exacerbação mais...">
	<graph root="s12_500">
		<terminals>
			<t id="s12_1" word="aflição" lemma="aflição" pos="n" morph="F S" sem="percep-f" extra="cjt-head cjt-head-S"/>
			<t id="s12_2" word="assolação" lemma="assolação" pos="n" morph="F S" sem="act" extra="cjt-S"/>
			<t id="s12_3" word="destroços" lemma="destroço" pos="n" morph="M P" sem="cc event" extra="--"/>
			<t id="s12_4" word="devastação" lemma="devastação" pos="n" morph="F S" sem="event act" extra="cjt-S"/>
			<t id="s12_5" word="dor" lemma="dor" pos="n" morph="F S" sem="percep-f" extra="cjt-S"/>
			<t id="s12_6" word="melancolia" lemma="melancolia" pos="n" morph="F S" sem="state-h" extra="--"/>
			<t id="s12_7" word="mágoa" lemma="mágoa" pos="n" morph="F S" sem="am percep-f" extra="--"/>
			<t id="s12_8" word="pesar" lemma="pesar" pos="v-inf" morph="3S" extra="mv"/>
			<t id="s12_9" word="ruína" lemma="ruína" pos="n" morph="F S" sem="build sit" extra="--"/>
			<t id="s12_10" word="e" lemma="e" pos="conj-c" morph="--" extra="--"/>
			<t id="s12_11" word="tristeza" lemma="tristeza" pos="n" morph="F S" sem="percep-f" extra="--"/>
			<t id="s12_12" word="afogo" lemma="afogar" pos="v-fin" morph="PR 1S IND VFIN" extra="predco fmc mv"/>
			<t id="s12_13" word="agonia" lemma="agonia" pos="n" morph="F S" sem="percep-f" extra="cjt-head cjt-head-Od"/>
			<t id="s12_14" word="amargura" lemma="amargura" pos="n" morph="F S" sem="percep-f" extra="cjt-Od"/>
			<t id="s12_15" word="amarume" lemma="amarume" pos="n" morph="M S" extra="cjt-Od DERS"/>
			<t id="s12_16" word="angústia" lemma="angústia" pos="n" morph="F S" sem="H" extra="np-close"/>
			<t id="s12_17" word="ânsia" lemma="�=nsia" pos="n" morph="F S" sem="state-h" extra="cjt-head cjt-head-S"/>
			<t id="s12_18" word="ansiedade" lemma="ansiedade" pos="n" morph="F S" sem="percep-f" extra="cjt-S"/>
			<t id="s12_19" word="aperto" lemma="apertar" pos="v-fin" morph="PR 1S IND VFIN" extra="cjt-STA fmc mv"/>
			<t id="s12_20" word="apertura" lemma="apertura" pos="n" morph="F S" sem="Lopening" extra="cjt-head cjt-head-Od"/>
			<t id="s12_21" word="apoquentação" lemma="apoquentação" pos="n" morph="F S" sem="event" extra="cjt-Od"/>
			<t id="s12_22" word="atormentaçâo" lemma="atormentaç�=o" pos="adj" morph="M S" extra="heur"/>
			<t id="s12_23" word="atribuição" lemma="atribuição" pos="n" morph="F S" sem="act f-right" extra="cjt-Od"/>
			<t id="s12_24" word="atribulação" lemma="atribulação" pos="n" morph="F S" sem="ac" extra="cjt-Od"/>
			<t id="s12_25" word="brasa" lemma="brasa" pos="n" morph="F S" sem="cm am" extra="cjt-Od"/>
			<t id="s12_26" word="consternação" lemma="consternação" pos="n" morph="F S" sem="am" extra="cjt-Od"/>
			<t id="s12_27" word="desconsolação" lemma="desconsolação" pos="n" morph="F S" sem="sit" extra="cjt-Od"/>
			<t id="s12_28" word="desesperação" lemma="desesperação" pos="n" morph="F S" sem="sit" extra="cjt-Od"/>
			<t id="s12_29" word="desinquietação" lemma="desinquietação" pos="n" morph="F S" sem="act" extra="cjt-Od DERP"/>
			<t id="s12_30" word="desolação" lemma="desolação" pos="n" morph="F S" sem="state-h" extra="cjt-Od"/>
			<t id="s12_31" word="dolência" lemma="dolência" pos="n" morph="F S" sem="percep-f" extra="cjt-Od"/>
			<t id="s12_32" word="exacerbação" lemma="exacerbação" pos="n" morph="F S" sem="act" extra="cjt-Od"/>
			<t id="s12_33" word="mais" lemma="mais" pos="adv" morph="--" extra="--"/>
			<t id="s12_34" word="." lemma="--" pos="pu" morph="--" extra="--"/>
		</terminals>

		<nonterminals>
			<nt id="s12_500" cat="s">
				<edge label="UTT" idref="s12_501"/>
			</nt>
			<nt id="s12_501" cat="fcl">
				<edge label="S" idref="s12_502"/>
				<edge label="fCs" idref="s12_3"/>
				<edge label="P" idref="s12_8"/>
				<edge label="Od" idref="s12_9"/>
				<edge label="PU" idref="s12_34"/>
			</nt>
			<nt id="s12_502" cat="par">
				<edge label="CJT" idref="s12_1"/>
				<edge label="CJT" idref="s12_2"/>
				<edge label="CJT" idref="s12_4"/>
				<edge label="CJT" idref="s12_5"/>
				<edge label="STA" idref="s12_503"/>
				<edge label="S" idref="s12_7"/>
				<edge label="CO" idref="s12_10"/>
				<edge label="S" idref="s12_11"/>
				<edge label="X" idref="s12_505"/>
				<edge label="S" idref="s12_509"/>
			</nt>
			<nt id="s12_503" cat="fcl">
				<edge label="CJT" idref="s12_504"/>
			</nt>
			<nt id="s12_504" cat="fcl">
				<edge label="S" idref="s12_6"/>
			</nt>
			<nt id="s12_505" cat="par">
				<edge label="CJT" idref="s12_506"/>
			</nt>
			<nt id="s12_506" cat="x">
				<edge label="P" idref="s12_12"/>
				<edge label="Od" idref="s12_507"/>
			</nt>
			<nt id="s12_507" cat="par">
				<edge label="CJT" idref="s12_13"/>
				<edge label="CJT" idref="s12_14"/>
				<edge label="CJT" idref="s12_508"/>
				<edge label="CJT" idref="s12_18"/>
			</nt>
			<nt id="s12_508" cat="np">
				<edge label="H" idref="s12_15"/>
				<edge label="DN" idref="s12_16"/>
			</nt>
			<nt id="s12_509" cat="par">
				<edge label="CJT" idref="s12_17"/>
				<edge label="CJT" idref="s12_510"/>
				<edge label="fCs" idref="s12_22"/>
			</nt>
			<nt id="s12_510" cat="fcl">
				<edge label="P" idref="s12_19"/>
				<edge label="Od" idref="s12_511"/>
				<edge label="fA" idref="s12_33"/>
			</nt>
			<nt id="s12_511" cat="par">
				<edge label="CJT" idref="s12_20"/>
				<edge label="CJT" idref="s12_21"/>
				<edge label="CJT" idref="s12_23"/>
				<edge label="CJT" idref="s12_24"/>
				<edge label="CJT" idref="s12_25"/>
				<edge label="CJT" idref="s12_26"/>
				<edge label="CJT" idref="s12_27"/>
				<edge label="CJT" idref="s12_28"/>
				<edge label="CJT" idref="s12_29"/>
				<edge label="CJT" idref="s12_30"/>
				<edge label="CJT" idref="s12_31"/>
				<edge label="CJT" idref="s12_32"/>
			</nt>
		</nonterminals>
	</graph>
</s>

<s id="s13" ref="13" source="Running text" forest="1" text="Antônimos:">
	<graph root="s13_500">
		<terminals>
			<t id="s13_1" word="Antônimos" lemma="antônimo" pos="adj" morph="M P" extra="* nh"/>
			<t id="s13_2" word=":" lemma="--" pos="pu" morph="--" extra="--"/>
		</terminals>

		<nonterminals>
			<nt id="s13_500" cat="s">
				<edge label="UTT" idref="s13_501"/>
			</nt>
			<nt id="s13_501" cat="x">
				<edge label="X" idref="s13_1"/>
				<edge label="PU" idref="s13_2"/>
			</nt>
		</nonterminals>
	</graph>
</s>

<s id="s14" ref="14" source="Running text" forest="1" text="conforto reconforto acalento consolação alívio consolo felicidade mais...">
	<graph root="s14_500">
		<terminals>
			<t id="s14_1" word="conforto" lemma="conforto" pos="n" morph="M S" sem="am" extra="--"/>
			<t id="s14_2" word="reconforto" lemma="reconfortar" pos="v-fin" morph="PR 1S IND VFIN" extra="vH fmc mv"/>
			<t id="s14_3" word="acalento" lemma="acalento" pos="n" morph="M S" sem="sem-l" extra="--"/>
			<t id="s14_4" word="consolação" lemma="consolação" pos="n" morph="F S" sem="act" extra="--"/>
			<t id="s14_5" word="alívio" lemma="alívio" pos="n" morph="M S" sem="state-h event" extra="--"/>
			<t id="s14_6" word="consolo" lemma="consolo" pos="n" morph="M S" sem="am furn" extra="--"/>
			<t id="s14_7" word="felicidade" lemma="felicidade" pos="n" morph="F S" sem="am" extra="--"/>
			<t id="s14_8" word="mais" lemma="mais" pos="adv" morph="--" extra="--"/>
			<t id="s14_9" word="." lemma="--" pos="pu" morph="--" extra="--"/>
		</terminals>

		<nonterminals>
			<nt id="s14_500" cat="s">
				<edge label="STA" idref="s14_501"/>
			</nt>
			<nt id="s14_501" cat="fcl">
				<edge label="S" idref="s14_1"/>
				<edge label="P" idref="s14_2"/>
				<edge label="Od" idref="s14_3"/>
				<edge label="fCs" idref="s14_4"/>
				<edge label="fCs" idref="s14_5"/>
				<edge label="fCs" idref="s14_6"/>
				<edge label="fCs" idref="s14_7"/>
				<edge label="fA" idref="s14_8"/>
				<edge label="PU" idref="s14_9"/>
			</nt>
		</nonterminals>
	</graph>
</s>

<s id="s15" ref="15" source="Running text" forest="1" text="2 sobe, 0 desce 2. Desolação Por Dicionário inFormal(SP) em 12-02-2014 S.">
	<graph root="s15_500">
		<terminals>
			<t id="s15_1" word="2" lemma="2" pos="num" morph="M/F P" extra="card"/>
			<t id="s15_2" word="sobe" lemma="subir" pos="v-fin" morph="PR 3S IND VFIN" extra="cjt-head cjt-head-STA fmc mv"/>
			<t id="s15_3" word="," lemma="--" pos="pu" morph="--" extra="--"/>
			<t id="s15_4" word="0" lemma="xx" pos="num" morph="M/F P" extra="card"/>
			<t id="s15_5" word="desce" lemma="descer" pos="v-fin" morph="PR 3S IND VFIN" extra="cjt-STA fmc mv"/>
			<t id="s15_6" word="2." lemma="2." pos="adj" morph="M/F S" extra="NUM-ord"/>
			<t id="s15_7" word="Desolação_Por_Dicionário" lemma="Desolação_Por_Dicionário" pos="prop" morph="M S" extra="tit *"/>
			<t id="s15_8" word="inFormal" lemma="inFormal" pos="adj" morph="M S" extra="np-close"/>
			<t id="s15_9" word="(" lemma="--" pos="pu" morph="--" extra="--"/>
			<t id="s15_10" word="SP" lemma="SP" pos="prop" morph="M S" extra="civ * np-close"/>
			<t id="s15_11" word=")" lemma="--" pos="pu" morph="--" extra="--"/>
			<t id="s15_12" word="em" lemma="em" pos="prp" morph="--" extra="--"/>
			<t id="s15_13" word="12-02-2014" lemma="12-02-2014" pos="num" morph="M/F S" extra="card"/>
			<t id="s15_14" word="S" lemma="s" pos="prop" morph="M/F S" extra="hum * np-close"/>
			<t id="s15_15" word="." lemma="--" pos="pu" morph="--" extra="--"/>
		</terminals>

		<nonterminals>
			<nt id="s15_500" cat="s">
				<edge label="STA" idref="s15_501"/>
			</nt>
			<nt id="s15_501" cat="par">
				<edge label="CJT" idref="s15_502"/>
				<edge label="PU" idref="s15_3"/>
				<edge label="CJT" idref="s15_503"/>
				<edge label="PU" idref="s15_15"/>
			</nt>
			<nt id="s15_502" cat="fcl">
				<edge label="Od" idref="s15_1"/>
				<edge label="P" idref="s15_2"/>
			</nt>
			<nt id="s15_503" cat="fcl">
				<edge label="Od" idref="s15_4"/>
				<edge label="P" idref="s15_5"/>
				<edge label="fCs" idref="s15_6"/>
				<edge label="S" idref="s15_504"/>
				<edge label="fA" idref="s15_505"/>
			</nt>
			<nt id="s15_504" cat="np">
				<edge label="H" idref="s15_7"/>
				<edge label="DN" idref="s15_8"/>
				<edge label="PU" idref="s15_9"/>
				<edge label="DNapp" idref="s15_10"/>
				<edge label="PU" idref="s15_11"/>
			</nt>
			<nt id="s15_505" cat="pp">
				<edge label="H" idref="s15_12"/>
				<edge label="DP" idref="s15_506"/>
			</nt>
			<nt id="s15_506" cat="np">
				<edge label="H" idref="s15_13"/>
				<edge label="DN" idref="s15_14"/>
			</nt>
		</nonterminals>
	</graph>
</s>

<s id="s16" ref="16" source="Running text" forest="1" text="f..">
	<graph root="s16_500">
		<terminals>
			<t id="s16_1" word="f." lemma="f." pos="n" morph="F S" extra="--"/>
			<t id="s16_2" word="." lemma="--" pos="pu" morph="--" extra="--"/>
		</terminals>

		<nonterminals>
			<nt id="s16_500" cat="s">
				<edge label="UTT" idref="s16_501"/>
			</nt>
			<nt id="s16_501" cat="x">
				<edge label="X" idref="s16_1"/>
				<edge label="PU" idref="s16_2"/>
			</nt>
		</nonterminals>
	</graph>
</s>

<s id="s17" ref="17" source="Running text" forest="1" text="Isolamento;">
	<graph root="s17_500">
		<terminals>
			<t id="s17_1" word="Isolamento" lemma="isolamento" pos="n" morph="M S" extra="* act"/>
			<t id="s17_2" word=";" lemma="--" pos="pu" morph="--" extra="--"/>
		</terminals>

		<nonterminals>
			<nt id="s17_500" cat="s">
				<edge label="UTT" idref="s17_501"/>
			</nt>
			<nt id="s17_501" cat="x">
				<edge label="X" idref="s17_1"/>
				<edge label="PU" idref="s17_2"/>
			</nt>
		</nonterminals>
	</graph>
</s>

<s id="s18" ref="18" source="Running text" forest="1" text="desamparo.">
	<graph root="s18_500">
		<terminals>
			<t id="s18_1" word="desamparo" lemma="desamparo" pos="n" morph="M S" sem="f-psych" extra="--"/>
			<t id="s18_2" word="." lemma="--" pos="pu" morph="--" extra="--"/>
		</terminals>

		<nonterminals>
			<nt id="s18_500" cat="s">
				<edge label="UTT" idref="s18_501"/>
			</nt>
			<nt id="s18_501" cat="x">
				<edge label="X" idref="s18_1"/>
				<edge label="PU" idref="s18_2"/>
			</nt>
		</nonterminals>
	</graph>
</s>

<s id="s19" ref="19" source="Running text" forest="1" text="Devastação, ruína.">
	<graph root="s19_500">
		<terminals>
			<t id="s19_1" word="Devastação" lemma="devastação" pos="n" morph="F S" sem="event act" extra="cjt-head cjt-head-X *"/>
			<t id="s19_2" word="," lemma="--" pos="pu" morph="--" extra="--"/>
			<t id="s19_3" word="ruína" lemma="ruína" pos="n" morph="F S" sem="build sit" extra="cjt-X"/>
			<t id="s19_4" word="." lemma="--" pos="pu" morph="--" extra="--"/>
		</terminals>

		<nonterminals>
			<nt id="s19_500" cat="s">
				<edge label="X" idref="s19_501"/>
			</nt>
			<nt id="s19_501" cat="par">
				<edge label="CJT" idref="s19_1"/>
				<edge label="PU" idref="s19_2"/>
				<edge label="CJT" idref="s19_3"/>
				<edge label="PU" idref="s19_4"/>
			</nt>
		</nonterminals>
	</graph>
</s>

<s id="s20" ref="20" source="Running text" forest="1" text="Extrema tristeza, aflição, consternação.">
	<graph root="s20_500">
		<terminals>
			<t id="s20_1" word="Extrema" lemma="extremo" pos="adj" morph="F S" extra="*"/>
			<t id="s20_2" word="tristeza" lemma="tristeza" pos="n" morph="F S" sem="percep-f" extra="cjt-head cjt-head-X"/>
			<t id="s20_3" word="," lemma="--" pos="pu" morph="--" extra="--"/>
			<t id="s20_4" word="aflição" lemma="aflição" pos="n" morph="F S" sem="percep-f" extra="cjt-X"/>
			<t id="s20_5" word="," lemma="--" pos="pu" morph="--" extra="--"/>
			<t id="s20_6" word="consternação" lemma="consternação" pos="n" morph="F S" sem="am" extra="cjt-X"/>
			<t id="s20_7" word="." lemma="--" pos="pu" morph="--" extra="--"/>
		</terminals>

		<nonterminals>
			<nt id="s20_500" cat="s">
				<edge label="X" idref="s20_501"/>
			</nt>
			<nt id="s20_501" cat="par">
				<edge label="CJT" idref="s20_502"/>
				<edge label="PU" idref="s20_3"/>
				<edge label="CJT" idref="s20_4"/>
				<edge label="PU" idref="s20_5"/>
				<edge label="CJT" idref="s20_6"/>
				<edge label="PU" idref="s20_7"/>
			</nt>
			<nt id="s20_502" cat="np">
				<edge label="DN" idref="s20_1"/>
				<edge label="H" idref="s20_2"/>
			</nt>
		</nonterminals>
	</graph>
</s>

<s id="s21" ref="21" source="Running text" forest="1" text="Quem ama a áurea moderação,/ seguramente não sente falta da desolação do vil abrigo,/ nem do esplendor frugal do palácio invejado. --">
	<graph root="s21_500">
		<terminals>
			<t id="s21_1" word="Quem" lemma="quem" pos="spec" morph="M/F S" extra="clb clb-fs * rel"/>
			<t id="s21_2" word="ama" lemma="amar" pos="v-fin" morph="PR 3S IND VFIN" extra="vH mv"/>
			<t id="s21_3" word="a" lemma="o" pos="art" morph="F S" extra="--"/>
			<t id="s21_4" word="áurea" lemma="áureo" pos="adj" morph="F S" sem="col" extra="jh"/>
			<t id="s21_5" word="moderação" lemma="moderação" pos="n" morph="F S" sem="act" extra="--"/>
			<t id="s21_6" word="," lemma="--" pos="pu" morph="--" extra="--"/>
			<t id="s21_7" word="/" lemma="$/" pos="conj-c" morph="--" extra="nofirstcjt co-fin"/>
			<t id="s21_8" word="seguramente" lemma="seguramente" pos="adv" morph="--" extra="--"/>
			<t id="s21_9" word="não" lemma="não" pos="adv" morph="--" extra="--"/>
			<t id="s21_10" word="sente" lemma="sentir" pos="v-fin" morph="PR 3S IND VFIN" extra="vH fmc mv"/>
			<t id="s21_11" word="falta" lemma="falta" pos="n" morph="F S" sem="f-c sit event" extra="--"/>
			<t id="s21_12" word="de" lemma="de" pos="prp" morph="--" extra="sam- np-close"/>
			<t id="s21_13" word="a" lemma="o" pos="art" morph="F S" extra="-sam "/>
			<t id="s21_14" word="desolação" lemma="desolação" pos="n" morph="F S" sem="state-h" extra="--"/>
			<t id="s21_15" word="de" lemma="de" pos="prp" morph="--" extra="sam- np-long"/>
			<t id="s21_16" word="o" lemma="o" pos="art" morph="M S" extra="-sam "/>
			<t id="s21_17" word="vil" lemma="vil" pos="adj" morph="M S" extra="--"/>
			<t id="s21_18" word="abrigo" lemma="abrigo" pos="n" morph="M S" sem="Lh" extra="--"/>
			<t id="s21_19" word="," lemma="--" pos="pu" morph="--" extra="--"/>
			<t id="s21_20" word="/" lemma="$/" pos="conj-c" morph="--" extra="--"/>
			<t id="s21_21" word="nem" lemma="nem" pos="conj-c" morph="--" extra="--"/>
			<t id="s21_22" word="de" lemma="de" pos="prp" morph="--" extra="sam- np-close"/>
			<t id="s21_23" word="o" lemma="o" pos="art" morph="M S" extra="-sam "/>
			<t id="s21_24" word="esplendor" lemma="esplendor" pos="n" morph="M S" sem="am" extra="--"/>
			<t id="s21_25" word="frugal" lemma="frugal" pos="adj" morph="M S" extra="np-close"/>
			<t id="s21_26" word="de" lemma="de" pos="prp" morph="--" extra="sam- np-close"/>
			<t id="s21_27" word="o" lemma="o" pos="art" morph="M S" extra="-sam "/>
			<t id="s21_28" word="palácio" lemma="palácio" pos="n" morph="M S" sem="build" extra="--"/>
			<t id="s21_29" word="invejado" lemma="invejado" pos="adj" morph="M S" extra="nh np-close"/>
			<t id="s21_30" word="." lemma="--" pos="pu" morph="--" extra="--"/>
			<t id="s21_31" word="--" lemma="--" pos="pu" morph="--" extra="--"/>
		</terminals>

		<nonterminals>
			<nt id="s21_500" cat="s">
				<edge label="STA" idref="s21_501"/>
			</nt>
			<nt id="s21_501" cat="fcl">
				<edge label="S" idref="s21_502"/>
				<edge label="PU" idref="s21_6"/>
				<edge label="CO" idref="s21_7"/>
				<edge label="fA" idref="s21_8"/>
				<edge label="fA" idref="s21_9"/>
				<edge label="P" idref="s21_10"/>
				<edge label="Od" idref="s21_504"/>
				<edge label="PU" idref="s21_30"/>
				<edge label="PU" idref="s21_31"/>
			</nt>
			<nt id="s21_502" cat="fcl">
				<edge label="S" idref="s21_1"/>
				<edge label="P" idref="s21_2"/>
				<edge label="Od" idref="s21_503"/>
			</nt>
			<nt id="s21_503" cat="np">
				<edge label="DN" idref="s21_3"/>
				<edge label="DN" idref="s21_4"/>
				<edge label="H" idref="s21_5"/>
			</nt>
			<nt id="s21_504" cat="np">
				<edge label="H" idref="s21_11"/>
				<edge label="DN" idref="s21_505"/>
				<edge label="DN" idref="s21_507"/>
			</nt>
			<nt id="s21_505" cat="pp">
				<edge label="H" idref="s21_12"/>
				<edge label="DP" idref="s21_506"/>
			</nt>
			<nt id="s21_506" cat="np">
				<edge label="DN" idref="s21_13"/>
				<edge label="H" idref="s21_14"/>
			</nt>
			<nt id="s21_507" cat="pp">
				<edge label="H" idref="s21_15"/>
				<edge label="DP" idref="s21_508"/>
			</nt>
			<nt id="s21_508" cat="np">
				<edge label="DN" idref="s21_16"/>
				<edge label="DN" idref="s21_17"/>
				<edge label="H" idref="s21_18"/>
				<edge label="PU" idref="s21_19"/>
				<edge label="DNc" idref="s21_509"/>
			</nt>
			<nt id="s21_509" cat="pp">
				<edge label="CO" idref="s21_20"/>
				<edge label="CO" idref="s21_21"/>
				<edge label="H" idref="s21_22"/>
				<edge label="DP" idref="s21_510"/>
			</nt>
			<nt id="s21_510" cat="np">
				<edge label="DN" idref="s21_23"/>
				<edge label="H" idref="s21_24"/>
				<edge label="DN" idref="s21_25"/>
				<edge label="DN" idref="s21_511"/>
			</nt>
			<nt id="s21_511" cat="pp">
				<edge label="H" idref="s21_26"/>
				<edge label="DP" idref="s21_512"/>
			</nt>
			<nt id="s21_512" cat="np">
				<edge label="DN" idref="s21_27"/>
				<edge label="H" idref="s21_28"/>
				<edge label="DN" idref="s21_29"/>
			</nt>
		</nonterminals>
	</graph>
</s>

<s id="s22" ref="22" source="Running text" forest="1" text="Horácio Compartilhar enviar nova definição enviar nova imagem denunciar abuso Outras Informações:Palavras com 9 letras A palavra possui 5 vogais -- e o a ao A palavra possui 4 consoantes -- d s l c 1 página -- 2 Definições gamela dar a cria sarraceno crocodilo-da-américa orgasmo.">
	<graph root="s22_500">
		<terminals>
			<t id="s22_1" word="Horácio_Compartilhar" lemma="Horácio_Compartilhar" pos="prop" morph="M S" extra="hum *"/>
			<t id="s22_2" word="enviar" lemma="enviar" pos="v-inf" morph="3S" extra="vH mv"/>
			<t id="s22_3" word="nova" lemma="novo" pos="adj" morph="F S" extra="jh"/>
			<t id="s22_4" word="definição" lemma="definição" pos="n" morph="F S" sem="sem-c" extra="--"/>
			<t id="s22_5" word="enviar" lemma="enviar" pos="v-inf" morph="--" extra="vH mv"/>
			<t id="s22_6" word="nova" lemma="novo" pos="adj" morph="F S" extra="jh"/>
			<t id="s22_7" word="imagem" lemma="imagem" pos="n" morph="F S" sem="pict sem-c ac-cat" extra="--"/>
			<t id="s22_8" word="denunciar" lemma="denunciar" pos="v-inf" morph="--" extra="vH mv"/>
			<t id="s22_9" word="abuso" lemma="abuso" pos="n" morph="M S" sem="activity" extra="--"/>
			<t id="s22_10" word="Outras_Informações" lemma="Outras_Informações" pos="prop" morph="M/F S" extra="hum * heur"/>
			<t id="s22_11" word=":Palavras" lemma=":Palavras" pos="n" morph="M S" extra="--"/>
			<t id="s22_12" word="com" lemma="com" pos="prp" morph="--" extra="--"/>
			<t id="s22_13" word="9" lemma="9" pos="num" morph="F P" extra="card"/>
			<t id="s22_14" word="letras" lemma="letra" pos="n" morph="F P" sem="ac-sign sem-r domain" extra="--"/>
			<t id="s22_15" word="A" lemma="o" pos="art" morph="F S" extra="* "/>
			<t id="s22_16" word="palavra" lemma="palavra" pos="n" morph="F S" sem="ac-cat act-s" extra="--"/>
			<t id="s22_17" word="possui" lemma="possuir" pos="v-fin" morph="PR 3S IND VFIN" extra="cjt-head cjt-head-STA vH fmc mv"/>
			<t id="s22_18" word="5" lemma="5" pos="num" morph="M P" extra="card"/>
			<t id="s22_19" word="vogais" lemma="vogal" pos="n" morph="M P" sem="ac-cat H" extra="--"/>
			<t id="s22_20" word="--" lemma="--" pos="pu" morph="--" extra="--"/>
			<t id="s22_21" word="e" lemma="e" pos="conj-c" morph="--" extra="--"/>
			<t id="s22_22" word="o" lemma="o" pos="art" morph="M S" extra="--"/>
			<t id="s22_23" word="a" lemma="o" pos="pron-dem" morph="DET F S" extra="dem"/>
			<t id="s22_24" word="a" lemma="a" pos="prp" morph="--" extra="sam- np-close"/>
			<t id="s22_25" word="o" lemma="o" pos="art" morph="M S" extra="-sam "/>
			<t id="s22_26" word="A" lemma="o" pos="art" morph="F S" extra="* "/>
			<t id="s22_27" word="palavra" lemma="palavra" pos="n" morph="F S" sem="ac-cat act-s" extra="--"/>
			<t id="s22_28" word="possui" lemma="possuir" pos="v-fin" morph="PR 3S IND VFIN" extra="cjt-STA vH fmc mv"/>
			<t id="s22_29" word="4" lemma="4" pos="num" morph="F P" extra="card"/>
			<t id="s22_30" word="consoantes" lemma="consoante" pos="n" morph="F P" sem="ac-cat" extra="--"/>
			<t id="s22_31" word="--" lemma="--" pos="pu" morph="--" extra="--"/>
			<t id="s22_32" word="d" lemma="d" pos="n" morph="M S" sem="ac-sign" extra="cjt-head cjt-head-S"/>
			<t id="s22_33" word="s" lemma="s" pos="prop" morph="M S" extra="hum np-close"/>
			<t id="s22_34" word="l" lemma="l" pos="n" morph="M S" sem="ac-sign" extra="cjt-S"/>
			<t id="s22_35" word="c" lemma="c" pos="n" morph="M S" sem="ac-sign" extra="cjt-S"/>
			<t id="s22_36" word="1" lemma="1" pos="num" morph="F S" extra="card"/>
			<t id="s22_37" word="página" lemma="página" pos="n" morph="F S" sem="cc-r" extra="cjt-S"/>
			<t id="s22_38" word="--" lemma="--" pos="pu" morph="--" extra="--"/>
			<t id="s22_39" word="2" lemma="2" pos="num" morph="F P" extra="card"/>
			<t id="s22_40" word="Definições" lemma="definição" pos="n" morph="F P" sem="sem-c" extra="prop *"/>
			<t id="s22_41" word="gamela" lemma="gamela" pos="n" morph="F S" sem="con sem-s an Adom" extra="--"/>
			<t id="s22_42" word="dar" lemma="dar" pos="v-inf" morph="3S" extra="mv"/>
			<t id="s22_43" word="a" lemma="a" pos="prp" morph="--" extra="--"/>
			<t id="s22_44" word="cria" lemma="criar" pos="v-fin" morph="PR 3S IND VFIN" extra="cjt-STA fmc mv"/>
			<t id="s22_45" word="sarraceno" lemma="sarraceno" pos="adj" morph="M S" extra="nat"/>
			<t id="s22_46" word="crocodilo-da-américa" lemma="crocodilo-da-américa" pos="n" morph="M S" sem="Azo Aich" extra="--"/>
			<t id="s22_47" word="orgasmo" lemma="orgasmo" pos="n" morph="M S" sem="event" extra="--"/>
			<t id="s22_48" word="." lemma="--" pos="pu" morph="--" extra="--"/>
		</terminals>

		<nonterminals>
			<nt id="s22_500" cat="s">
				<edge label="UTT" idref="s22_501"/>
			</nt>
			<nt id="s22_501" cat="x">
				<edge label="UTT" idref="s22_505"/>
				<edge label="P" idref="s22_2"/>
				<edge label="Od" idref="s22_506"/>
				<edge label="UTT" idref="s22_507"/>
				<edge label="UTT" idref="s22_509"/>
				<edge label="PU" idref="s22_48"/>
			</nt>
			<nt id="s22_502" cat="par">
				<edge label="CJT" idref="s22_503"/>
			</nt>
			<nt id="s22_503" cat="fcl">
				<edge label="CJT" idref="s22_504"/>
			</nt>
			<nt id="s22_504" cat="fcl">
				<edge label="S" idref="s22_1"/>
			</nt>
			<nt id="s22_505" cat="icl">
			</nt>
			<nt id="s22_506" cat="np">
				<edge label="DN" idref="s22_3"/>
				<edge label="H" idref="s22_4"/>
			</nt>
			<nt id="s22_507" cat="icl">
				<edge label="P" idref="s22_5"/>
				<edge label="Od" idref="s22_508"/>
			</nt>
			<nt id="s22_508" cat="np">
				<edge label="DN" idref="s22_6"/>
				<edge label="H" idref="s22_7"/>
			</nt>
			<nt id="s22_509" cat="icl">
				<edge label="P" idref="s22_8"/>
				<edge label="Od" idref="s22_9"/>
				<edge label="CJT" idref="s22_510"/>
				<edge label="fA" idref="s22_511"/>
			</nt>
			<nt id="s22_510" cat="fcl">
				<edge label="S" idref="s22_10"/>
				<edge label="S" idref="s22_11"/>
				<edge label="Od" idref="s22_515"/>
				<edge label="P" idref="s22_28"/>
				<edge label="Od" idref="s22_518"/>
				<edge label="S" idref="s22_519"/>
				<edge label="S" idref="s22_521"/>
				<edge label="S" idref="s22_41"/>
				<edge label="P" idref="s22_44"/>
				<edge label="Od" idref="s22_523"/>
				<edge label="Co" idref="s22_47"/>
			</nt>
			<nt id="s22_511" cat="pp">
				<edge label="H" idref="s22_12"/>
				<edge label="DP" idref="s22_512"/>
				<edge label="S" idref="s22_513"/>
				<edge label="P" idref="s22_17"/>
				<edge label="Od" idref="s22_514"/>
			</nt>
			<nt id="s22_512" cat="np">
				<edge label="DN" idref="s22_13"/>
				<edge label="H" idref="s22_14"/>
			</nt>
			<nt id="s22_513" cat="np">
				<edge label="DN" idref="s22_15"/>
				<edge label="H" idref="s22_16"/>
			</nt>
			<nt id="s22_514" cat="np">
				<edge label="DN" idref="s22_18"/>
				<edge label="H" idref="s22_19"/>
				<edge label="PU" idref="s22_20"/>
				<edge label="CO" idref="s22_21"/>
			</nt>
			<nt id="s22_515" cat="np">
				<edge label="DN" idref="s22_22"/>
				<edge label="H" idref="s22_23"/>
				<edge label="DN" idref="s22_516"/>
			</nt>
			<nt id="s22_516" cat="pp">
				<edge label="H" idref="s22_24"/>
				<edge label="DP" idref="s22_517"/>
			</nt>
			<nt id="s22_517" cat="np">
				<edge label="DN" idref="s22_25"/>
				<edge label="DN" idref="s22_26"/>
				<edge label="H" idref="s22_27"/>
			</nt>
			<nt id="s22_518" cat="np">
				<edge label="DN" idref="s22_29"/>
				<edge label="H" idref="s22_30"/>
				<edge label="PU" idref="s22_31"/>
			</nt>
			<nt id="s22_519" cat="par">
				<edge label="CJT" idref="s22_32"/>
				<edge label="DN" idref="s22_33"/>
				<edge label="CJT" idref="s22_34"/>
				<edge label="CJT" idref="s22_35"/>
				<edge label="CJT" idref="s22_520"/>
			</nt>
			<nt id="s22_520" cat="np">
				<edge label="DN" idref="s22_36"/>
				<edge label="H" idref="s22_37"/>
				<edge label="PU" idref="s22_38"/>
			</nt>
			<nt id="s22_521" cat="icl">
				<edge label="fCs" idref="s22_522"/>
				<edge label="P" idref="s22_42"/>
				<edge label="Op" idref="s22_43"/>
			</nt>
			<nt id="s22_522" cat="np">
				<edge label="DN" idref="s22_39"/>
				<edge label="H" idref="s22_40"/>
			</nt>
			<nt id="s22_523" cat="np">
				<edge label="DN" idref="s22_45"/>
				<edge label="H" idref="s22_46"/>
			</nt>
		</nonterminals>
	</graph>
</s>

	</body>
</corpus>
