<?xml version="1.0" encoding="UTF-8"?>
<corpus>

	<body>
<s id="s1" ref="1" source="Running text" forest="1" text="Despojamento 2 Definições encontradas.">
	<graph root="s1_500">
		<terminals>
			<t id="s1_1" word="Despojamento" lemma="despojamento" pos="n" morph="M S" sem="act" extra="cjt-head cjt-head-X *"/>
			<t id="s1_2" word="2" lemma="2" pos="num" morph="F P" extra="card"/>
			<t id="s1_3" word="Definições" lemma="definição" pos="n" morph="F P" sem="sem-c" extra="cjt-X prop *"/>
			<t id="s1_4" word="encontradas" lemma="encontrado" pos="adj" morph="F P" extra="nh np-close"/>
			<t id="s1_5" word="." lemma="--" pos="pu" morph="--" extra="--"/>
		</terminals>

		<nonterminals>
			<nt id="s1_500" cat="s">
				<edge label="X" idref="s1_501"/>
			</nt>
			<nt id="s1_501" cat="par">
				<edge label="CJT" idref="s1_1"/>
				<edge label="CJT" idref="s1_502"/>
				<edge label="PU" idref="s1_5"/>
			</nt>
			<nt id="s1_502" cat="np">
				<edge label="DN" idref="s1_2"/>
				<edge label="H" idref="s1_3"/>
				<edge label="DN" idref="s1_4"/>
			</nt>
		</nonterminals>
	</graph>
</s>

<s id="s2" ref="2" source="Running text" forest="1" text="Tweet Classificação morfossintática:">
	<graph root="s2_500">
		<terminals>
			<t id="s2_1" word="Tweet_Classificação" lemma="Tweet_Classificação" pos="prop" morph="M S" extra="common * heur"/>
			<t id="s2_2" word="morfossintática" lemma="morfossintático" pos="adj" morph="F S" extra="DERS jh np-close"/>
			<t id="s2_3" word=":" lemma="--" pos="pu" morph="--" extra="--"/>
		</terminals>

		<nonterminals>
			<nt id="s2_500" cat="s">
				<edge label="X" idref="s2_501"/>
			</nt>
			<nt id="s2_501" cat="np">
				<edge label="H" idref="s2_1"/>
				<edge label="DN" idref="s2_2"/>
				<edge label="PU" idref="s2_3"/>
			</nt>
		</nonterminals>
	</graph>
</s>

<s id="s3" ref="3" source="Running text" forest="1" text="Substantivo, masculino singular Flexões da palavra Despojamento Significados de Despojamento:">
	<graph root="s3_500">
		<terminals>
			<t id="s3_1" word="Substantivo" lemma="substantivar" pos="v-fin" morph="PR 1S IND VFIN" extra="* vH fmc mv"/>
			<t id="s3_2" word="," lemma="--" pos="pu" morph="--" extra="--"/>
			<t id="s3_3" word="masculino" lemma="masculino" pos="adj" morph="M S" extra="jh"/>
			<t id="s3_4" word="singular" lemma="singular" pos="adj" morph="F S" extra="jh"/>
			<t id="s3_5" word="Flexões" lemma="flexão" pos="n" morph="F P" sem="act" extra="prop *"/>
			<t id="s3_6" word="de" lemma="de" pos="prp" morph="--" extra="sam- np-close"/>
			<t id="s3_7" word="a" lemma="o" pos="art" morph="F S" extra="-sam "/>
			<t id="s3_8" word="palavra" lemma="palavra" pos="n" morph="F S" sem="ac-cat act-s" extra="--"/>
			<t id="s3_9" word="Despojamento_Significados_de_Despojamento" lemma="Despojamento_Significados_de_Despojamento" pos="prop" morph="F S" extra="org * heur np-close"/>
			<t id="s3_10" word=":" lemma="--" pos="pu" morph="--" extra="--"/>
		</terminals>

		<nonterminals>
			<nt id="s3_500" cat="s">
				<edge label="STA" idref="s3_501"/>
			</nt>
			<nt id="s3_501" cat="fcl">
				<edge label="P" idref="s3_1"/>
				<edge label="PU" idref="s3_2"/>
				<edge label="fCs" idref="s3_3"/>
				<edge label="fCs" idref="s3_502"/>
				<edge label="PU" idref="s3_10"/>
			</nt>
			<nt id="s3_502" cat="np">
				<edge label="DN" idref="s3_4"/>
				<edge label="H" idref="s3_5"/>
				<edge label="DN" idref="s3_503"/>
			</nt>
			<nt id="s3_503" cat="pp">
				<edge label="H" idref="s3_6"/>
				<edge label="DP" idref="s3_504"/>
			</nt>
			<nt id="s3_504" cat="np">
				<edge label="DN" idref="s3_7"/>
				<edge label="H" idref="s3_8"/>
				<edge label="DN" idref="s3_9"/>
			</nt>
		</nonterminals>
	</graph>
</s>

<s id="s4" ref="4" source="Running text" forest="1" text="11 sobe, 9 desce 1. Despojamento Por Dicionário inFormal(SP) em 03-08-2010 Ato de Despojar Também aqui houve o despojamento radical de um clássico Compartilhar enviar nova definição enviar nova imagem denunciar abuso Sinônimos:">
	<graph root="s4_500">
		<terminals>
			<t id="s4_1" word="11" lemma="11" pos="num" morph="M/F S" extra="card"/>
			<t id="s4_2" word="sobe" lemma="subir" pos="v-fin" morph="PR 3S IND VFIN" extra="cjt-head cjt-head-STA fmc mv"/>
			<t id="s4_3" word="," lemma="--" pos="pu" morph="--" extra="--"/>
			<t id="s4_4" word="9" lemma="9" pos="num" morph="M/F P" extra="card"/>
			<t id="s4_5" word="desce" lemma="descer" pos="v-fin" morph="PR 3S IND VFIN" extra="cjt-STA fmc mv"/>
			<t id="s4_6" word="1." lemma="1." pos="adj" morph="M/F S" extra="NUM-ord"/>
			<t id="s4_7" word="Despojamento_Por_Dicionário" lemma="Despojamento_Por_Dicionário" pos="prop" morph="M S" extra="tit *"/>
			<t id="s4_8" word="inFormal" lemma="inFormal" pos="adj" morph="M S" extra="np-close"/>
			<t id="s4_9" word="(" lemma="--" pos="pu" morph="--" extra="--"/>
			<t id="s4_10" word="SP" lemma="SP" pos="prop" morph="M S" extra="civ * np-close"/>
			<t id="s4_11" word=")" lemma="--" pos="pu" morph="--" extra="--"/>
			<t id="s4_12" word="em" lemma="em" pos="prp" morph="--" extra="--"/>
			<t id="s4_13" word="03-08-2010" lemma="03-08-2010" pos="num" morph="M/F S" extra="card"/>
			<t id="s4_14" word="Ato_de_Despojar_Também" lemma="Ato_de_Despojar_Também" pos="prop" morph="M S" extra="tit *"/>
			<t id="s4_15" word="aqui" lemma="aqui" pos="adv" morph="--" extra="--"/>
			<t id="s4_16" word="houve" lemma="haver" pos="v-fin" morph="PS 3S IND VFIN" extra="nosubj cjt-STA fmc mv"/>
			<t id="s4_17" word="o" lemma="o" pos="art" morph="M S" extra="--"/>
			<t id="s4_18" word="despojamento" lemma="despojamento" pos="n" morph="M S" sem="act" extra="--"/>
			<t id="s4_19" word="radical" lemma="radical" pos="adj" morph="M S" extra="jh np-close"/>
			<t id="s4_20" word="de" lemma="de" pos="prp" morph="--" extra="np-close"/>
			<t id="s4_21" word="um" lemma="um" pos="art" morph="M S" extra="--"/>
			<t id="s4_22" word="clássico" lemma="clássico" pos="n" morph="M S" sem="sem-r H" extra="--"/>
			<t id="s4_23" word="Compartilhar" lemma="Compartilhar" pos="prop" morph="M S" extra="tit * np-close"/>
			<t id="s4_24" word="enviar" lemma="enviar" pos="v-inf" morph="3S" extra="vH mv"/>
			<t id="s4_25" word="nova" lemma="novo" pos="adj" morph="F S" extra="jh"/>
			<t id="s4_26" word="definição" lemma="definição" pos="n" morph="F S" sem="sem-c" extra="--"/>
			<t id="s4_27" word="enviar" lemma="enviar" pos="v-inf" morph="--" extra="vH mv"/>
			<t id="s4_28" word="nova" lemma="novo" pos="adj" morph="F S" extra="jh"/>
			<t id="s4_29" word="imagem" lemma="imagem" pos="n" morph="F S" sem="pict sem-c ac-cat" extra="--"/>
			<t id="s4_30" word="denunciar" lemma="denunciar" pos="v-inf" morph="--" extra="vH mv"/>
			<t id="s4_31" word="abuso" lemma="abuso" pos="n" morph="M S" sem="activity" extra="--"/>
			<t id="s4_32" word="Sinônimos" lemma="Sinônimos" pos="prop" morph="M S" extra="hum * np-close"/>
			<t id="s4_33" word=":" lemma="--" pos="pu" morph="--" extra="--"/>
		</terminals>

		<nonterminals>
			<nt id="s4_500" cat="s">
				<edge label="STA" idref="s4_501"/>
			</nt>
			<nt id="s4_501" cat="par">
				<edge label="CJT" idref="s4_502"/>
				<edge label="PU" idref="s4_3"/>
				<edge label="CJT" idref="s4_503"/>
				<edge label="CJT" idref="s4_506"/>
				<edge label="PU" idref="s4_33"/>
			</nt>
			<nt id="s4_502" cat="fcl">
				<edge label="S" idref="s4_1"/>
				<edge label="P" idref="s4_2"/>
			</nt>
			<nt id="s4_503" cat="fcl">
				<edge label="Od" idref="s4_4"/>
				<edge label="P" idref="s4_5"/>
				<edge label="fCs" idref="s4_6"/>
				<edge label="S" idref="s4_504"/>
				<edge label="fA" idref="s4_505"/>
				<edge label="Od" idref="s4_14"/>
				<edge label="fA" idref="s4_15"/>
			</nt>
			<nt id="s4_504" cat="np">
				<edge label="H" idref="s4_7"/>
				<edge label="DN" idref="s4_8"/>
				<edge label="PU" idref="s4_9"/>
				<edge label="DNapp" idref="s4_10"/>
				<edge label="PU" idref="s4_11"/>
			</nt>
			<nt id="s4_505" cat="pp">
				<edge label="H" idref="s4_12"/>
				<edge label="DP" idref="s4_13"/>
			</nt>
			<nt id="s4_506" cat="x">
				<edge label="P" idref="s4_16"/>
				<edge label="Od" idref="s4_507"/>
				<edge label="UTT" idref="s4_508"/>
				<edge label="UTT" idref="s4_511"/>
				<edge label="UTT" idref="s4_513"/>
			</nt>
			<nt id="s4_507" cat="np">
				<edge label="DN" idref="s4_17"/>
				<edge label="H" idref="s4_18"/>
				<edge label="DN" idref="s4_19"/>
				<edge label="DN" idref="s4_20"/>
			</nt>
			<nt id="s4_508" cat="fcl">
				<edge label="S" idref="s4_509"/>
				<edge label="P" idref="s4_24"/>
				<edge label="Od" idref="s4_510"/>
			</nt>
			<nt id="s4_509" cat="np">
				<edge label="DN" idref="s4_21"/>
				<edge label="H" idref="s4_22"/>
				<edge label="DN" idref="s4_23"/>
			</nt>
			<nt id="s4_510" cat="np">
				<edge label="DN" idref="s4_25"/>
				<edge label="H" idref="s4_26"/>
			</nt>
			<nt id="s4_511" cat="icl">
				<edge label="P" idref="s4_27"/>
				<edge label="Od" idref="s4_512"/>
			</nt>
			<nt id="s4_512" cat="np">
				<edge label="DN" idref="s4_28"/>
				<edge label="H" idref="s4_29"/>
			</nt>
			<nt id="s4_513" cat="icl">
				<edge label="P" idref="s4_30"/>
				<edge label="Od" idref="s4_514"/>
			</nt>
			<nt id="s4_514" cat="np">
				<edge label="H" idref="s4_31"/>
				<edge label="DN" idref="s4_32"/>
			</nt>
		</nonterminals>
	</graph>
</s>

<s id="s5" ref="5" source="Running text" forest="1" text="despimento desapossamento despojo despir burlar desnudar enganar esbulhar espoliar falsificar fraudar lesar e usurpar mais...">
	<graph root="s5_500">
		<terminals>
			<t id="s5_1" word="despimento" lemma="despimento" pos="n" morph="M S" sem="act" extra="--"/>
			<t id="s5_2" word="desapossamento" lemma="desapossamento" pos="n" morph="M S" sem="act" extra="--"/>
			<t id="s5_3" word="despojo" lemma="despojar" pos="v-fin" morph="PR 1S IND VFIN" extra="vH fmc mv"/>
			<t id="s5_4" word="despir" lemma="despir" pos="v-inf" morph="--" extra="vH mv"/>
			<t id="s5_5" word="burlar" lemma="burlar" pos="v-inf" morph="--" extra="vH mv"/>
			<t id="s5_6" word="desnudar" lemma="desnudar" pos="v-inf" morph="--" extra="vH mv"/>
			<t id="s5_7" word="enganar" lemma="enganar" pos="v-inf" morph="--" extra="vH mv"/>
			<t id="s5_8" word="esbulhar" lemma="esbulhar" pos="v-inf" morph="--" extra="vH mv"/>
			<t id="s5_9" word="espoliar" lemma="espoliar" pos="v-inf" morph="--" extra="vH mv"/>
			<t id="s5_10" word="falsificar" lemma="falsificar" pos="v-inf" morph="--" extra="vH mv"/>
			<t id="s5_11" word="fraudar" lemma="fraudar" pos="v-inf" morph="--" extra="vH mv"/>
			<t id="s5_12" word="lesar" lemma="lesar" pos="v-inf" morph="--" extra="mv"/>
			<t id="s5_13" word="e" lemma="e" pos="conj-c" morph="--" extra="--"/>
			<t id="s5_14" word="usurpar" lemma="usurpar" pos="v-inf" morph="--" extra="vH mv"/>
			<t id="s5_15" word="mais" lemma="mais" pos="adv" morph="--" extra="--"/>
			<t id="s5_16" word="." lemma="--" pos="pu" morph="--" extra="--"/>
		</terminals>

		<nonterminals>
			<nt id="s5_500" cat="s">
				<edge label="STA" idref="s5_501"/>
			</nt>
			<nt id="s5_501" cat="fcl">
				<edge label="S" idref="s5_1"/>
				<edge label="P" idref="s5_3"/>
				<edge label="Od" idref="s5_502"/>
				<edge label="S" idref="s5_511"/>
				<edge label="PU" idref="s5_16"/>
			</nt>
			<nt id="s5_502" cat="icl">
				<edge label="P" idref="s5_4"/>
				<edge label="Od" idref="s5_503"/>
			</nt>
			<nt id="s5_503" cat="icl">
				<edge label="P" idref="s5_5"/>
				<edge label="Od" idref="s5_504"/>
			</nt>
			<nt id="s5_504" cat="icl">
				<edge label="P" idref="s5_6"/>
				<edge label="Od" idref="s5_505"/>
			</nt>
			<nt id="s5_505" cat="icl">
				<edge label="P" idref="s5_7"/>
				<edge label="Od" idref="s5_506"/>
			</nt>
			<nt id="s5_506" cat="icl">
				<edge label="P" idref="s5_8"/>
				<edge label="Od" idref="s5_507"/>
			</nt>
			<nt id="s5_507" cat="icl">
				<edge label="P" idref="s5_9"/>
				<edge label="Od" idref="s5_508"/>
			</nt>
			<nt id="s5_508" cat="icl">
				<edge label="P" idref="s5_10"/>
				<edge label="Od" idref="s5_509"/>
			</nt>
			<nt id="s5_509" cat="icl">
				<edge label="P" idref="s5_11"/>
				<edge label="Od" idref="s5_510"/>
			</nt>
			<nt id="s5_510" cat="icl">
				<edge label="P" idref="s5_12"/>
				<edge label="Od" idref="s5_512"/>
			</nt>
			<nt id="s5_511" cat="np">
				<edge label="CO" idref="s5_13"/>
			</nt>
			<nt id="s5_512" cat="icl">
				<edge label="P" idref="s5_14"/>
				<edge label="fA" idref="s5_15"/>
			</nt>
		</nonterminals>
	</graph>
</s>

<s id="s6" ref="6" source="Running text" forest="1" text="Antônimos:">
	<graph root="s6_500">
		<terminals>
			<t id="s6_1" word="Antônimos" lemma="antônimo" pos="adj" morph="M P" extra="* nh"/>
			<t id="s6_2" word=":" lemma="--" pos="pu" morph="--" extra="--"/>
		</terminals>

		<nonterminals>
			<nt id="s6_500" cat="s">
				<edge label="UTT" idref="s6_501"/>
			</nt>
			<nt id="s6_501" cat="x">
				<edge label="X" idref="s6_1"/>
				<edge label="PU" idref="s6_2"/>
			</nt>
		</nonterminals>
	</graph>
</s>

<s id="s7" ref="7" source="Running text" forest="1" text="posse assenhoreamento mais...">
	<graph root="s7_500">
		<terminals>
			<t id="s7_1" word="posse" lemma="posse" pos="n" morph="F S" sem="ac-cat act" extra="cjt-head cjt-head-X"/>
			<t id="s7_2" word="assenhoreamento" lemma="assenhoreamento" pos="n" morph="M S" extra="cjt-X DERS"/>
			<t id="s7_3" word="mais" lemma="mais" pos="adv" morph="--" extra="--"/>
			<t id="s7_4" word="." lemma="--" pos="pu" morph="--" extra="--"/>
		</terminals>

		<nonterminals>
			<nt id="s7_500" cat="s">
				<edge label="X" idref="s7_501"/>
			</nt>
			<nt id="s7_501" cat="par">
				<edge label="CJT" idref="s7_1"/>
				<edge label="CJT" idref="s7_502"/>
				<edge label="PU" idref="s7_4"/>
			</nt>
			<nt id="s7_502" cat="np">
				<edge label="H" idref="s7_2"/>
				<edge label="fA" idref="s7_3"/>
			</nt>
		</nonterminals>
	</graph>
</s>

<s id="s8" ref="8" source="Running text" forest="1" text="Relacionadas:">
	<graph root="s8_500">
		<terminals>
			<t id="s8_1" word="Relacionadas" lemma="relacionado" pos="adj" morph="F P" extra="* nh"/>
			<t id="s8_2" word=":" lemma="--" pos="pu" morph="--" extra="--"/>
		</terminals>

		<nonterminals>
			<nt id="s8_500" cat="s">
				<edge label="UTT" idref="s8_501"/>
			</nt>
			<nt id="s8_501" cat="x">
				<edge label="X" idref="s8_1"/>
				<edge label="PU" idref="s8_2"/>
			</nt>
		</nonterminals>
	</graph>
</s>

<s id="s9" ref="9" source="Running text" forest="1" text="desapossar privação despojar mais...">
	<graph root="s9_500">
		<terminals>
			<t id="s9_1" word="desapossar" lemma="desapossar" pos="v-inf" morph="--" extra="vH mv"/>
			<t id="s9_2" word="privação" lemma="privação" pos="n" morph="F S" sem="act" extra="--"/>
			<t id="s9_3" word="despojar" lemma="despojar" pos="v-inf" morph="--" extra="vH mv"/>
			<t id="s9_4" word="mais" lemma="mais" pos="adv" morph="--" extra="--"/>
			<t id="s9_5" word="." lemma="--" pos="pu" morph="--" extra="--"/>
		</terminals>

		<nonterminals>
			<nt id="s9_500" cat="s">
				<edge label="S" idref="s9_501"/>
			</nt>
			<nt id="s9_501" cat="fcl">
				<edge label="S" idref="s9_502"/>
				<edge label="P" idref="s9_3"/>
				<edge label="fA" idref="s9_4"/>
				<edge label="PU" idref="s9_5"/>
			</nt>
			<nt id="s9_502" cat="icl">
				<edge label="P" idref="s9_1"/>
				<edge label="Od" idref="s9_2"/>
			</nt>
		</nonterminals>
	</graph>
</s>

<s id="s10" ref="10" source="Running text" forest="1" text="6 sobe, 5 desce 2. Despojamento Por Dicionário inFormal(SP) em 25-03-2010 1. Desapossar;">
	<graph root="s10_500">
		<terminals>
			<t id="s10_1" word="6" lemma="6" pos="num" morph="M/F P" extra="card"/>
			<t id="s10_2" word="sobe" lemma="subir" pos="v-fin" morph="PR 3S IND VFIN" extra="cjt-head cjt-head-STA fmc mv"/>
			<t id="s10_3" word="," lemma="--" pos="pu" morph="--" extra="--"/>
			<t id="s10_4" word="5" lemma="5" pos="num" morph="M/F P" extra="card"/>
			<t id="s10_5" word="desce" lemma="descer" pos="v-fin" morph="PR 3S IND VFIN" extra="cjt-STA fmc mv"/>
			<t id="s10_6" word="2." lemma="2." pos="adj" morph="M/F S" extra="NUM-ord"/>
			<t id="s10_7" word="Despojamento_Por_Dicionário" lemma="Despojamento_Por_Dicionário" pos="prop" morph="M S" extra="tit *"/>
			<t id="s10_8" word="inFormal" lemma="inFormal" pos="adj" morph="M S" extra="np-close"/>
			<t id="s10_9" word="(" lemma="--" pos="pu" morph="--" extra="--"/>
			<t id="s10_10" word="SP" lemma="SP" pos="prop" morph="M S" extra="civ * np-close"/>
			<t id="s10_11" word=")" lemma="--" pos="pu" morph="--" extra="--"/>
			<t id="s10_12" word="em" lemma="em" pos="prp" morph="--" extra="--"/>
			<t id="s10_13" word="25-03-2010_1." lemma="25-03-2010_1." pos="adj" morph="M/F S" extra="NUM-ord np-close"/>
			<t id="s10_14" word="Desapossar" lemma="desapossar" pos="v-inf" morph="--" extra="* vH mv"/>
			<t id="s10_15" word=";" lemma="--" pos="pu" morph="--" extra="--"/>
		</terminals>

		<nonterminals>
			<nt id="s10_500" cat="s">
				<edge label="UTT" idref="s10_501"/>
			</nt>
			<nt id="s10_501" cat="x">
				<edge label="Od" idref="s10_1"/>
				<edge label="STA" idref="s10_502"/>
				<edge label="CJT" idref="s10_2"/>
				<edge label="PU" idref="s10_3"/>
				<edge label="CJT" idref="s10_503"/>
				<edge label="PU" idref="s10_15"/>
			</nt>
			<nt id="s10_502" cat="par">
			</nt>
			<nt id="s10_503" cat="fcl">
				<edge label="Od" idref="s10_4"/>
				<edge label="P" idref="s10_5"/>
				<edge label="fCs" idref="s10_6"/>
				<edge label="S" idref="s10_504"/>
				<edge label="fA" idref="s10_505"/>
				<edge label="DP" idref="s10_14"/>
			</nt>
			<nt id="s10_504" cat="np">
				<edge label="H" idref="s10_7"/>
				<edge label="DN" idref="s10_8"/>
				<edge label="PU" idref="s10_9"/>
				<edge label="DNapp" idref="s10_10"/>
				<edge label="PU" idref="s10_11"/>
			</nt>
			<nt id="s10_505" cat="pp">
				<edge label="H" idref="s10_12"/>
				<edge label="DP" idref="s10_13"/>
			</nt>
		</nonterminals>
	</graph>
</s>

<s id="s11" ref="11" source="Running text" forest="1" text="privar de.">
	<graph root="s11_500">
		<terminals>
			<t id="s11_1" word="privar" lemma="privar" pos="v-inf" morph="--" extra="vH mv"/>
			<t id="s11_2" word="de" lemma="de" pos="prp" morph="--" extra="--"/>
			<t id="s11_3" word="." lemma="--" pos="pu" morph="--" extra="--"/>
		</terminals>

		<nonterminals>
			<nt id="s11_500" cat="s">
				<edge label="UTT" idref="s11_501"/>
			</nt>
			<nt id="s11_501" cat="icl">
				<edge label="P" idref="s11_1"/>
				<edge label="fA" idref="s11_2"/>
				<edge label="PU" idref="s11_3"/>
			</nt>
		</nonterminals>
	</graph>
</s>

<s id="s12" ref="12" source="Running text" forest="1" text="2. Despir.">
	<graph root="s12_500">
		<terminals>
			<t id="s12_1" word="2." lemma="2." pos="adj" morph="M/F S" extra="NUM-ord jh"/>
			<t id="s12_2" word="Despir" lemma="despir" pos="v-inf" morph="3S" extra="* vH mv"/>
			<t id="s12_3" word="." lemma="--" pos="pu" morph="--" extra="--"/>
		</terminals>

		<nonterminals>
			<nt id="s12_500" cat="s">
				<edge label="UTT" idref="s12_501"/>
			</nt>
			<nt id="s12_501" cat="fcl">
				<edge label="S" idref="s12_1"/>
				<edge label="P" idref="s12_2"/>
				<edge label="PU" idref="s12_3"/>
			</nt>
		</nonterminals>
	</graph>
</s>

<s id="s13" ref="13" source="Running text" forest="1" text="Procuro, pelo contrário, o despojamento, a simplicidade, a transparência.">
	<graph root="s13_500">
		<terminals>
			<t id="s13_1" word="Procuro" lemma="procurar" pos="v-fin" morph="PR 1S IND VFIN" extra="* vH fmc mv"/>
			<t id="s13_2" word="," lemma="--" pos="pu" morph="--" extra="--"/>
			<t id="s13_3" word="pelo_contrário" lemma="pelo_contrário" pos="adv" morph="--" extra="--"/>
			<t id="s13_4" word="," lemma="--" pos="pu" morph="--" extra="--"/>
			<t id="s13_5" word="o" lemma="o" pos="art" morph="M S" extra="--"/>
			<t id="s13_6" word="despojamento" lemma="despojamento" pos="n" morph="M S" sem="act" extra="cjt-head cjt-head-Od"/>
			<t id="s13_7" word="," lemma="--" pos="pu" morph="--" extra="--"/>
			<t id="s13_8" word="a" lemma="o" pos="art" morph="F S" extra="--"/>
			<t id="s13_9" word="simplicidade" lemma="simplicidade" pos="n" morph="F S" sem="am" extra="cjt-Od"/>
			<t id="s13_10" word="," lemma="--" pos="pu" morph="--" extra="--"/>
			<t id="s13_11" word="a" lemma="o" pos="art" morph="F S" extra="--"/>
			<t id="s13_12" word="transparência" lemma="transparência" pos="n" morph="F S" sem="am" extra="np-close"/>
			<t id="s13_13" word="." lemma="--" pos="pu" morph="--" extra="--"/>
		</terminals>

		<nonterminals>
			<nt id="s13_500" cat="s">
				<edge label="STA" idref="s13_501"/>
			</nt>
			<nt id="s13_501" cat="fcl">
				<edge label="P" idref="s13_1"/>
				<edge label="PU" idref="s13_2"/>
				<edge label="fA" idref="s13_3"/>
				<edge label="PU" idref="s13_4"/>
				<edge label="Od" idref="s13_502"/>
				<edge label="PU" idref="s13_13"/>
			</nt>
			<nt id="s13_502" cat="par">
				<edge label="CJT" idref="s13_503"/>
				<edge label="PU" idref="s13_7"/>
				<edge label="CJT" idref="s13_504"/>
			</nt>
			<nt id="s13_503" cat="np">
				<edge label="DN" idref="s13_5"/>
				<edge label="H" idref="s13_6"/>
			</nt>
			<nt id="s13_504" cat="np">
				<edge label="DN" idref="s13_8"/>
				<edge label="H" idref="s13_9"/>
				<edge label="PU" idref="s13_10"/>
				<edge label="DNapp" idref="s13_505"/>
			</nt>
			<nt id="s13_505" cat="np">
				<edge label="DN" idref="s13_11"/>
				<edge label="H" idref="s13_12"/>
			</nt>
		</nonterminals>
	</graph>
</s>

<s id="s14" ref="14" source="Running text" forest="1" text="Compartilhar enviar nova definição enviar nova imagem denunciar abuso Outras Informações:Palavras com 12 letras A palavra possui 5 vogais -- e o a e o A palavra possui 7 consoantes -- d sp j m nt 1 página -- 2 Definições xifópago respeito navassa uricuriba manchete.">
	<graph root="s14_500">
		<terminals>
			<t id="s14_1" word="Compartilhar" lemma="compartilhar" pos="v-inf" morph="--" extra="* vH mv"/>
			<t id="s14_2" word="enviar" lemma="enviar" pos="v-inf" morph="--" extra="vH mv"/>
			<t id="s14_3" word="nova" lemma="novo" pos="adj" morph="F S" extra="jh"/>
			<t id="s14_4" word="definição" lemma="definição" pos="n" morph="F S" sem="sem-c" extra="--"/>
			<t id="s14_5" word="enviar" lemma="enviar" pos="v-inf" morph="--" extra="vH mv"/>
			<t id="s14_6" word="nova" lemma="novo" pos="adj" morph="F S" extra="jh"/>
			<t id="s14_7" word="imagem" lemma="imagem" pos="n" morph="F S" sem="pict sem-c ac-cat" extra="--"/>
			<t id="s14_8" word="denunciar" lemma="denunciar" pos="v-inf" morph="--" extra="vH mv"/>
			<t id="s14_9" word="abuso" lemma="abuso" pos="n" morph="M S" sem="activity" extra="--"/>
			<t id="s14_10" word="Outras_Informações" lemma="Outras_Informações" pos="prop" morph="M S" extra="hum * heur np-close"/>
			<t id="s14_11" word=":Palavras" lemma=":Palavras" pos="n" morph="M S" extra="cjt-head cjt-head-S"/>
			<t id="s14_12" word="com" lemma="com" pos="prp" morph="--" extra="--"/>
			<t id="s14_13" word="12" lemma="12" pos="num" morph="F P" extra="card"/>
			<t id="s14_14" word="letras" lemma="letra" pos="n" morph="F P" sem="ac-sign sem-r domain" extra="--"/>
			<t id="s14_15" word="A" lemma="o" pos="art" morph="F S" extra="* "/>
			<t id="s14_16" word="palavra" lemma="palavra" pos="n" morph="F S" sem="ac-cat act-s" extra="cjt-S"/>
			<t id="s14_17" word="possui" lemma="possuir" pos="v-fin" morph="PR 3S IND VFIN" extra="predco vH fmc mv"/>
			<t id="s14_18" word="5" lemma="5" pos="num" morph="M P" extra="card"/>
			<t id="s14_19" word="vogais" lemma="vogal" pos="n" morph="M P" sem="ac-cat H" extra="--"/>
			<t id="s14_20" word="--" lemma="--" pos="pu" morph="--" extra="--"/>
			<t id="s14_21" word="e" lemma="e" pos="conj-c" morph="--" extra="--"/>
			<t id="s14_22" word="o" lemma="o" pos="pron-dem" morph="DET M S" extra="dem"/>
			<t id="s14_23" word="a" lemma="a" pos="prp" morph="--" extra="np-close"/>
			<t id="s14_24" word="e" lemma="e" pos="conj-c" morph="--" extra="--"/>
			<t id="s14_25" word="o" lemma="o" pos="art" morph="M S" extra="--"/>
			<t id="s14_26" word="A" lemma="o" pos="art" morph="F S" extra="* "/>
			<t id="s14_27" word="palavra" lemma="palavra" pos="n" morph="F S" sem="ac-cat act-s" extra="--"/>
			<t id="s14_28" word="possui" lemma="possuir" pos="v-fin" morph="PR 3S IND VFIN" extra="cjt-STA vH fmc mv"/>
			<t id="s14_29" word="7" lemma="7" pos="num" morph="F P" extra="card"/>
			<t id="s14_30" word="consoantes" lemma="consoante" pos="n" morph="F P" sem="ac-cat" extra="--"/>
			<t id="s14_31" word="--" lemma="--" pos="pu" morph="--" extra="--"/>
			<t id="s14_32" word="d" lemma="d" pos="n" morph="M S" sem="ac-sign" extra="cjt-head cjt-head-S"/>
			<t id="s14_33" word="sp" lemma="sp" pos="n" morph="M/F S" extra="cjt-S foreign"/>
			<t id="s14_34" word="j" lemma="j" pos="n" morph="M S" sem="ac-sign" extra="cjt-S"/>
			<t id="s14_35" word="m" lemma="m" pos="n" morph="M S" sem="unit ac-sign" extra="cjt-S"/>
			<t id="s14_36" word="nt" lemma="nt" pos="n" morph="M/F S" extra="cjt-S foreign"/>
			<t id="s14_37" word="1" lemma="1" pos="num" morph="F S" extra="card"/>
			<t id="s14_38" word="página" lemma="página" pos="n" morph="F S" sem="cc-r" extra="cjt-S"/>
			<t id="s14_39" word="--" lemma="--" pos="pu" morph="--" extra="--"/>
			<t id="s14_40" word="2" lemma="2" pos="num" morph="F P" extra="card"/>
			<t id="s14_41" word="Definições" lemma="definição" pos="n" morph="F P" sem="sem-c" extra="prop *"/>
			<t id="s14_42" word="xifópago" lemma="xifópago" pos="adj" morph="M S" extra="--"/>
			<t id="s14_43" word="respeito" lemma="respeito" pos="n" morph="M S" sem="am ac sem-r" extra="--"/>
			<t id="s14_44" word="navassa" lemma="navassar" pos="v-fin" morph="PR 3S IND VFIN" extra="cjt-STA heur fmc mv"/>
			<t id="s14_45" word="uricuriba" lemma="uricuribo" pos="adj" morph="F S" extra="heur jh"/>
			<t id="s14_46" word="manchete" lemma="manchete" pos="n" morph="F S" sem="sem-r" extra="--"/>
			<t id="s14_47" word="." lemma="--" pos="pu" morph="--" extra="--"/>
		</terminals>

		<nonterminals>
			<nt id="s14_500" cat="s">
				<edge label="UTT" idref="s14_501"/>
			</nt>
			<nt id="s14_501" cat="x">
				<edge label="UTT" idref="s14_506"/>
				<edge label="P" idref="s14_5"/>
				<edge label="Od" idref="s14_507"/>
				<edge label="UTT" idref="s14_508"/>
				<edge label="fCs" idref="s14_526"/>
				<edge label="PU" idref="s14_47"/>
			</nt>
			<nt id="s14_502" cat="fcl">
				<edge label="S" idref="s14_503"/>
			</nt>
			<nt id="s14_503" cat="icl">
				<edge label="P" idref="s14_1"/>
				<edge label="Od" idref="s14_504"/>
			</nt>
			<nt id="s14_504" cat="icl">
				<edge label="P" idref="s14_2"/>
				<edge label="Od" idref="s14_505"/>
			</nt>
			<nt id="s14_505" cat="np">
				<edge label="DN" idref="s14_3"/>
				<edge label="H" idref="s14_4"/>
			</nt>
			<nt id="s14_506" cat="icl">
			</nt>
			<nt id="s14_507" cat="np">
				<edge label="DN" idref="s14_6"/>
				<edge label="H" idref="s14_7"/>
			</nt>
			<nt id="s14_508" cat="fcl">
				<edge label="P" idref="s14_8"/>
				<edge label="Od" idref="s14_509"/>
				<edge label="S" idref="s14_510"/>
				<edge label="fA" idref="s14_511"/>
				<edge label="X" idref="s14_514"/>
			</nt>
			<nt id="s14_509" cat="np">
				<edge label="H" idref="s14_9"/>
				<edge label="DN" idref="s14_10"/>
			</nt>
			<nt id="s14_510" cat="par">
				<edge label="CJT" idref="s14_11"/>
			</nt>
			<nt id="s14_511" cat="pp">
				<edge label="H" idref="s14_12"/>
				<edge label="DP" idref="s14_512"/>
				<edge label="CJT" idref="s14_513"/>
			</nt>
			<nt id="s14_512" cat="np">
				<edge label="DN" idref="s14_13"/>
				<edge label="H" idref="s14_14"/>
			</nt>
			<nt id="s14_513" cat="np">
				<edge label="DN" idref="s14_15"/>
				<edge label="H" idref="s14_16"/>
			</nt>
			<nt id="s14_514" cat="par">
				<edge label="CJT" idref="s14_515"/>
				<edge label="CJT" idref="s14_517"/>
				<edge label="CJT" idref="s14_524"/>
			</nt>
			<nt id="s14_515" cat="x">
				<edge label="P" idref="s14_17"/>
				<edge label="Od" idref="s14_516"/>
			</nt>
			<nt id="s14_516" cat="np">
				<edge label="DN" idref="s14_18"/>
				<edge label="H" idref="s14_19"/>
				<edge label="PU" idref="s14_20"/>
				<edge label="CO" idref="s14_21"/>
			</nt>
			<nt id="s14_517" cat="fcl">
				<edge label="Od" idref="s14_518"/>
				<edge label="P" idref="s14_28"/>
				<edge label="Od" idref="s14_521"/>
				<edge label="S" idref="s14_522"/>
			</nt>
			<nt id="s14_518" cat="np">
				<edge label="H" idref="s14_22"/>
				<edge label="DN" idref="s14_519"/>
				<edge label="CO" idref="s14_24"/>
			</nt>
			<nt id="s14_519" cat="pp">
				<edge label="H" idref="s14_23"/>
				<edge label="DP" idref="s14_520"/>
			</nt>
			<nt id="s14_520" cat="np">
				<edge label="DN" idref="s14_25"/>
				<edge label="DN" idref="s14_26"/>
				<edge label="H" idref="s14_27"/>
			</nt>
			<nt id="s14_521" cat="np">
				<edge label="DN" idref="s14_29"/>
				<edge label="H" idref="s14_30"/>
				<edge label="PU" idref="s14_31"/>
			</nt>
			<nt id="s14_522" cat="par">
				<edge label="CJT" idref="s14_32"/>
				<edge label="CJT" idref="s14_33"/>
				<edge label="CJT" idref="s14_34"/>
				<edge label="CJT" idref="s14_35"/>
				<edge label="CJT" idref="s14_36"/>
				<edge label="CJT" idref="s14_523"/>
			</nt>
			<nt id="s14_523" cat="np">
				<edge label="DN" idref="s14_37"/>
				<edge label="H" idref="s14_38"/>
				<edge label="PU" idref="s14_39"/>
			</nt>
			<nt id="s14_524" cat="fcl">
				<edge label="fCs" idref="s14_525"/>
				<edge label="fCs" idref="s14_42"/>
				<edge label="S" idref="s14_43"/>
				<edge label="P" idref="s14_44"/>
			</nt>
			<nt id="s14_525" cat="np">
				<edge label="DN" idref="s14_40"/>
				<edge label="H" idref="s14_41"/>
			</nt>
			<nt id="s14_526" cat="np">
				<edge label="DN" idref="s14_45"/>
				<edge label="H" idref="s14_46"/>
			</nt>
		</nonterminals>
	</graph>
</s>

	</body>
</corpus>
