<?xml version="1.0" encoding="UTF-8"?>
<corpus>

	<body>
<s id="s1" ref="1" source="Running text" forest="1" text="Diacrônico 3 Definições encontradas.">
	<graph root="s1_500">
		<terminals>
			<t id="s1_1" word="Diacrônico" lemma="diacrônico" pos="adj" morph="M S" extra="cjt-head cjt-head-X * nh"/>
			<t id="s1_2" word="3" lemma="3" pos="num" morph="F P" extra="card"/>
			<t id="s1_3" word="Definições" lemma="definição" pos="n" morph="F P" sem="sem-c" extra="cjt-X prop *"/>
			<t id="s1_4" word="encontradas" lemma="encontrado" pos="adj" morph="F P" extra="nh np-close"/>
			<t id="s1_5" word="." lemma="--" pos="pu" morph="--" extra="--"/>
		</terminals>

		<nonterminals>
			<nt id="s1_500" cat="s">
				<edge label="X" idref="s1_501"/>
			</nt>
			<nt id="s1_501" cat="par">
				<edge label="CJT" idref="s1_1"/>
				<edge label="CJT" idref="s1_502"/>
				<edge label="PU" idref="s1_5"/>
			</nt>
			<nt id="s1_502" cat="np">
				<edge label="DN" idref="s1_2"/>
				<edge label="H" idref="s1_3"/>
				<edge label="DN" idref="s1_4"/>
			</nt>
		</nonterminals>
	</graph>
</s>

<s id="s2" ref="2" source="Running text" forest="1" text="Tweet Classificação morfossintática:">
	<graph root="s2_500">
		<terminals>
			<t id="s2_1" word="Tweet_Classificação" lemma="Tweet_Classificação" pos="prop" morph="M S" extra="common * heur"/>
			<t id="s2_2" word="morfossintática" lemma="morfossintático" pos="adj" morph="F S" extra="DERS jh np-close"/>
			<t id="s2_3" word=":" lemma="--" pos="pu" morph="--" extra="--"/>
		</terminals>

		<nonterminals>
			<nt id="s2_500" cat="s">
				<edge label="X" idref="s2_501"/>
			</nt>
			<nt id="s2_501" cat="np">
				<edge label="H" idref="s2_1"/>
				<edge label="DN" idref="s2_2"/>
				<edge label="PU" idref="s2_3"/>
			</nt>
		</nonterminals>
	</graph>
</s>

<s id="s3" ref="3" source="Running text" forest="1" text="Adjetivo, masculino singular Flexões da palavra Diacrônico Significados de Diacrônico:">
	<graph root="s3_500">
		<terminals>
			<t id="s3_1" word="Adjetivo" lemma="adjetivar" pos="v-fin" morph="PR 1S IND VFIN" extra="* vH fmc mv"/>
			<t id="s3_2" word="," lemma="--" pos="pu" morph="--" extra="--"/>
			<t id="s3_3" word="masculino" lemma="masculino" pos="n" morph="M S" sem="ac-cat" extra="--"/>
			<t id="s3_4" word="singular" lemma="singular" pos="adj" morph="M/F S" extra="jh"/>
			<t id="s3_5" word="Flexões" lemma="flexão" pos="n" morph="F P" sem="act" extra="prop *"/>
			<t id="s3_6" word="de" lemma="de" pos="prp" morph="--" extra="sam- np-close"/>
			<t id="s3_7" word="a" lemma="o" pos="art" morph="F S" extra="-sam "/>
			<t id="s3_8" word="palavra" lemma="palavra" pos="n" morph="F S" sem="ac-cat act-s" extra="--"/>
			<t id="s3_9" word="Diacrônico_Significados_de_Diacrônico" lemma="Diacrônico_Significados_de_Diacrônico" pos="prop" morph="F S" extra="org * heur np-close"/>
			<t id="s3_10" word=":" lemma="--" pos="pu" morph="--" extra="--"/>
		</terminals>

		<nonterminals>
			<nt id="s3_500" cat="s">
				<edge label="STA" idref="s3_501"/>
			</nt>
			<nt id="s3_501" cat="fcl">
				<edge label="P" idref="s3_1"/>
				<edge label="PU" idref="s3_2"/>
				<edge label="fCs" idref="s3_3"/>
				<edge label="fCs" idref="s3_4"/>
				<edge label="fCs" idref="s3_502"/>
				<edge label="PU" idref="s3_10"/>
			</nt>
			<nt id="s3_502" cat="np">
				<edge label="H" idref="s3_5"/>
				<edge label="DN" idref="s3_503"/>
			</nt>
			<nt id="s3_503" cat="pp">
				<edge label="H" idref="s3_6"/>
				<edge label="DP" idref="s3_504"/>
			</nt>
			<nt id="s3_504" cat="np">
				<edge label="DN" idref="s3_7"/>
				<edge label="H" idref="s3_8"/>
				<edge label="DN" idref="s3_9"/>
			</nt>
		</nonterminals>
	</graph>
</s>

<s id="s4" ref="4" source="Running text" forest="1" text="26 sobe, 15 desce 1. Diacrônico Por Bouéri, F.(SP) em 28-09-2009 Deriva do substantivo feminino diacronia, que para a linguística indica mudanças ou desenvolvimento num sistema linguístico num certo período de tempo.">
	<graph root="s4_500">
		<terminals>
			<t id="s4_1" word="26" lemma="26" pos="num" morph="M/F S" extra="card"/>
			<t id="s4_2" word="sobe" lemma="subir" pos="v-fin" morph="PR 3S IND VFIN" extra="cjt-head cjt-head-STA fmc mv"/>
			<t id="s4_3" word="," lemma="--" pos="pu" morph="--" extra="--"/>
			<t id="s4_4" word="15" lemma="15" pos="num" morph="M/F P" extra="card"/>
			<t id="s4_5" word="desce" lemma="descer" pos="v-fin" morph="PR 3S IND VFIN" extra="cjt-STA fmc mv"/>
			<t id="s4_6" word="1." lemma="1." pos="adj" morph="M/F S" extra="NUM-ord"/>
			<t id="s4_7" word="Diacrônico_Por_Bouéri" lemma="Diacrônico_Por_Bouéri" pos="prop" morph="M S" extra="hum * heur"/>
			<t id="s4_8" word="," lemma="--" pos="pu" morph="--" extra="--"/>
			<t id="s4_9" word="F." lemma="F." pos="prop" morph="M/F S" extra="hum * np-close"/>
			<t id="s4_10" word="(" lemma="--" pos="pu" morph="--" extra="--"/>
			<t id="s4_11" word="SP" lemma="SP" pos="prop" morph="M S" extra="civ * np-close"/>
			<t id="s4_12" word=")" lemma="--" pos="pu" morph="--" extra="--"/>
			<t id="s4_13" word="em" lemma="em" pos="prp" morph="--" extra="--"/>
			<t id="s4_14" word="28-09-2009" lemma="28-09-2009" pos="num" morph="F P" extra="card"/>
			<t id="s4_15" word="Deriva" lemma="deriva" pos="n" morph="F P" sem="process" extra="prop *"/>
			<t id="s4_16" word="de" lemma="de" pos="prp" morph="--" extra="sam- np-close"/>
			<t id="s4_17" word="o" lemma="o" pos="art" morph="M S" extra="-sam "/>
			<t id="s4_18" word="substantivo" lemma="substantivo" pos="n" morph="M S" sem="ac-cat" extra="--"/>
			<t id="s4_19" word="feminino" lemma="feminino" pos="adj" morph="M S" extra="np-close"/>
			<t id="s4_20" word="diacronia" lemma="diacronia" pos="n" morph="F S" sem="sit" extra="--"/>
			<t id="s4_21" word="," lemma="--" pos="pu" morph="--" extra="--"/>
			<t id="s4_22" word="que" lemma="que" pos="spec" morph="M S" extra="clb clb-fs rel"/>
			<t id="s4_23" word="para" lemma="para" pos="prp" morph="--" extra="--"/>
			<t id="s4_24" word="a" lemma="o" pos="art" morph="F S" extra="--"/>
			<t id="s4_25" word="linguística" lemma="linguística" pos="n" morph="F S" sem="domain" extra="--"/>
			<t id="s4_26" word="indica" lemma="indicar" pos="v-fin" morph="PR 3S IND VFIN" extra="mv np-close"/>
			<t id="s4_27" word="mudanças" lemma="mudança" pos="n" morph="F P" sem="event act-d" extra="cjt-head cjt-head-Od"/>
			<t id="s4_28" word="ou" lemma="ou" pos="conj-c" morph="--" extra="--"/>
			<t id="s4_29" word="desenvolvimento" lemma="desenvolvimento" pos="n" morph="M S" sem="process act" extra="cjt-Od"/>
			<t id="s4_30" word="em" lemma="em" pos="prp" morph="--" extra="--"/>
			<t id="s4_31" word="um" lemma="um" pos="art" morph="M S" extra="--"/>
			<t id="s4_32" word="sistema" lemma="sistema" pos="n" morph="M S" sem="ac" extra="--"/>
			<t id="s4_33" word="linguístico" lemma="lingüístico" pos="adj" morph="M S" extra="nh np-close"/>
			<t id="s4_34" word="em" lemma="em" pos="prp" morph="--" extra="sam- np-long"/>
			<t id="s4_35" word="um" lemma="um" pos="art" morph="M S" extra="-sam "/>
			<t id="s4_36" word="certo" lemma="certo" pos="adj" morph="M S" extra="--"/>
			<t id="s4_37" word="período" lemma="período" pos="n" morph="M S" sem="per" extra="--"/>
			<t id="s4_38" word="de" lemma="de" pos="prp" morph="--" extra="np-close"/>
			<t id="s4_39" word="tempo" lemma="tempo" pos="n" morph="M S" sem="am temp per ac-cat wea" extra="--"/>
			<t id="s4_40" word="." lemma="--" pos="pu" morph="--" extra="--"/>
		</terminals>

		<nonterminals>
			<nt id="s4_500" cat="s">
				<edge label="STA" idref="s4_501"/>
			</nt>
			<nt id="s4_501" cat="par">
				<edge label="CJT" idref="s4_502"/>
				<edge label="PU" idref="s4_3"/>
				<edge label="CJT" idref="s4_503"/>
				<edge label="PU" idref="s4_40"/>
			</nt>
			<nt id="s4_502" cat="fcl">
				<edge label="S" idref="s4_1"/>
				<edge label="P" idref="s4_2"/>
			</nt>
			<nt id="s4_503" cat="fcl">
				<edge label="Od" idref="s4_4"/>
				<edge label="P" idref="s4_5"/>
				<edge label="fCs" idref="s4_6"/>
				<edge label="S" idref="s4_504"/>
				<edge label="fA" idref="s4_506"/>
				<edge label="fCs" idref="s4_20"/>
			</nt>
			<nt id="s4_504" cat="np">
				<edge label="H" idref="s4_7"/>
				<edge label="PU" idref="s4_8"/>
				<edge label="DNapp" idref="s4_505"/>
			</nt>
			<nt id="s4_505" cat="np">
				<edge label="H" idref="s4_9"/>
				<edge label="PU" idref="s4_10"/>
				<edge label="DNc" idref="s4_11"/>
				<edge label="PU" idref="s4_12"/>
			</nt>
			<nt id="s4_506" cat="pp">
				<edge label="H" idref="s4_13"/>
				<edge label="DP" idref="s4_507"/>
			</nt>
			<nt id="s4_507" cat="np">
				<edge label="DN" idref="s4_14"/>
				<edge label="H" idref="s4_15"/>
				<edge label="DN" idref="s4_508"/>
			</nt>
			<nt id="s4_508" cat="pp">
				<edge label="H" idref="s4_16"/>
				<edge label="DP" idref="s4_509"/>
			</nt>
			<nt id="s4_509" cat="np">
				<edge label="DN" idref="s4_17"/>
				<edge label="H" idref="s4_18"/>
				<edge label="DN" idref="s4_19"/>
				<edge label="PU" idref="s4_21"/>
				<edge label="DN" idref="s4_510"/>
			</nt>
			<nt id="s4_510" cat="fcl">
				<edge label="S" idref="s4_22"/>
				<edge label="fA" idref="s4_511"/>
				<edge label="P" idref="s4_26"/>
				<edge label="Od" idref="s4_513"/>
				<edge label="fA" idref="s4_514"/>
			</nt>
			<nt id="s4_511" cat="pp">
				<edge label="H" idref="s4_23"/>
				<edge label="DP" idref="s4_512"/>
			</nt>
			<nt id="s4_512" cat="np">
				<edge label="DN" idref="s4_24"/>
				<edge label="H" idref="s4_25"/>
			</nt>
			<nt id="s4_513" cat="par">
				<edge label="CJT" idref="s4_27"/>
				<edge label="CO" idref="s4_28"/>
				<edge label="CJT" idref="s4_29"/>
			</nt>
			<nt id="s4_514" cat="pp">
				<edge label="H" idref="s4_30"/>
				<edge label="DP" idref="s4_515"/>
			</nt>
			<nt id="s4_515" cat="np">
				<edge label="DN" idref="s4_31"/>
				<edge label="H" idref="s4_32"/>
				<edge label="DN" idref="s4_33"/>
				<edge label="DN" idref="s4_516"/>
			</nt>
			<nt id="s4_516" cat="pp">
				<edge label="H" idref="s4_34"/>
				<edge label="DP" idref="s4_517"/>
			</nt>
			<nt id="s4_517" cat="np">
				<edge label="DN" idref="s4_35"/>
				<edge label="DN" idref="s4_36"/>
				<edge label="H" idref="s4_37"/>
				<edge label="DN" idref="s4_518"/>
			</nt>
			<nt id="s4_518" cat="pp">
				<edge label="H" idref="s4_38"/>
				<edge label="DP" idref="s4_39"/>
			</nt>
		</nonterminals>
	</graph>
</s>

<s id="s5" ref="5" source="Running text" forest="1" text="Baseada na cooperação, a comunicação no conceito histórico funciona como instrumento de equilíbrio entre a humanidade, neutralizando forças contraditórias.">
	<graph root="s5_500">
		<terminals>
			<t id="s5_1" word="Baseada" lemma="basear" pos="v-pcp" morph="F S" extra="* mv"/>
			<t id="s5_2" word="em" lemma="em" pos="prp" morph="--" extra="sam-"/>
			<t id="s5_3" word="a" lemma="o" pos="art" morph="F S" extra="-sam "/>
			<t id="s5_4" word="cooperação" lemma="cooperação" pos="n" morph="F S" sem="activity" extra="--"/>
			<t id="s5_5" word="," lemma="--" pos="pu" morph="--" extra="--"/>
			<t id="s5_6" word="a" lemma="o" pos="art" morph="F S" extra="--"/>
			<t id="s5_7" word="comunicação" lemma="comunicação" pos="n" morph="F S" sem="activity sem-s ac" extra="--"/>
			<t id="s5_8" word="em" lemma="em" pos="prp" morph="--" extra="sam- np-close"/>
			<t id="s5_9" word="o" lemma="o" pos="art" morph="M S" extra="-sam "/>
			<t id="s5_10" word="conceito" lemma="conceito" pos="n" morph="M S" sem="ac sem-c" extra="--"/>
			<t id="s5_11" word="histórico" lemma="histórico" pos="adj" morph="M S" extra="jh np-close"/>
			<t id="s5_12" word="funciona" lemma="funcionar" pos="v-fin" morph="PR 3S IND VFIN" extra="fmc mv"/>
			<t id="s5_13" word="como" lemma="como" pos="prp" morph="--" extra="prd adv-rel"/>
			<t id="s5_14" word="instrumento" lemma="instrumento" pos="n" morph="M S" sem="tool-mus tool" extra="asarg"/>
			<t id="s5_15" word="de" lemma="de" pos="prp" morph="--" extra="np-close"/>
			<t id="s5_16" word="equilíbrio" lemma="equilíbrio" pos="n" morph="M S" sem="state" extra="--"/>
			<t id="s5_17" word="entre" lemma="entre" pos="prp" morph="--" extra="np-close"/>
			<t id="s5_18" word="a" lemma="o" pos="art" morph="F S" extra="--"/>
			<t id="s5_19" word="humanidade" lemma="humanidade" pos="n" morph="F S" sem="HH am" extra="--"/>
			<t id="s5_20" word="," lemma="--" pos="pu" morph="--" extra="--"/>
			<t id="s5_21" word="neutralizando" lemma="neutralizar" pos="v-ger" morph="--" extra="clb mv"/>
			<t id="s5_22" word="forças" lemma="força" pos="n" morph="F P" sem="am HH" extra="--"/>
			<t id="s5_23" word="contraditórias" lemma="contraditório" pos="adj" morph="F P" extra="nh np-close"/>
			<t id="s5_24" word="." lemma="--" pos="pu" morph="--" extra="--"/>
		</terminals>

		<nonterminals>
			<nt id="s5_500" cat="s">
				<edge label="STA" idref="s5_501"/>
			</nt>
			<nt id="s5_501" cat="np">
				<edge label="fCs" idref="s5_502"/>
				<edge label="PU" idref="s5_5"/>
				<edge label="S" idref="s5_505"/>
				<edge label="P" idref="s5_12"/>
				<edge label="Cs" idref="s5_508"/>
				<edge label="DN" idref="s5_511"/>
				<edge label="PU" idref="s5_20"/>
				<edge label="fA" idref="s5_513"/>
				<edge label="PU" idref="s5_24"/>
			</nt>
			<nt id="s5_502" cat="icl">
				<edge label="P" idref="s5_1"/>
				<edge label="Op" idref="s5_503"/>
			</nt>
			<nt id="s5_503" cat="pp">
				<edge label="H" idref="s5_2"/>
				<edge label="DP" idref="s5_504"/>
			</nt>
			<nt id="s5_504" cat="np">
				<edge label="DN" idref="s5_3"/>
				<edge label="H" idref="s5_4"/>
			</nt>
			<nt id="s5_505" cat="np">
				<edge label="DN" idref="s5_6"/>
				<edge label="H" idref="s5_7"/>
				<edge label="DN" idref="s5_506"/>
			</nt>
			<nt id="s5_506" cat="pp">
				<edge label="H" idref="s5_8"/>
				<edge label="DP" idref="s5_507"/>
			</nt>
			<nt id="s5_507" cat="np">
				<edge label="DN" idref="s5_9"/>
				<edge label="H" idref="s5_10"/>
				<edge label="DN" idref="s5_11"/>
			</nt>
			<nt id="s5_508" cat="pp">
				<edge label="H" idref="s5_13"/>
				<edge label="DP" idref="s5_509"/>
			</nt>
			<nt id="s5_509" cat="np">
				<edge label="H" idref="s5_14"/>
				<edge label="DN" idref="s5_510"/>
			</nt>
			<nt id="s5_510" cat="pp">
				<edge label="H" idref="s5_15"/>
				<edge label="DP" idref="s5_16"/>
			</nt>
			<nt id="s5_511" cat="pp">
				<edge label="H" idref="s5_17"/>
				<edge label="DP" idref="s5_512"/>
			</nt>
			<nt id="s5_512" cat="np">
				<edge label="DN" idref="s5_18"/>
				<edge label="H" idref="s5_19"/>
			</nt>
			<nt id="s5_513" cat="advp">
				<edge label="P" idref="s5_21"/>
				<edge label="Od" idref="s5_514"/>
			</nt>
			<nt id="s5_514" cat="np">
				<edge label="H" idref="s5_22"/>
				<edge label="DN" idref="s5_23"/>
			</nt>
		</nonterminals>
	</graph>
</s>

<s id="s6" ref="6" source="Running text" forest="1" text="De esse ponto de vista, o conceito propicia o resgate diacrônico imprescindível ao avanço do homem em direção a o futuro.">
	<graph root="s6_500">
		<terminals>
			<t id="s6_1" word="De" lemma="de" pos="prp" morph="--" extra="sam- *"/>
			<t id="s6_2" word="esse" lemma="esse" pos="pron-dem" morph="DET M S" extra="dem -sam"/>
			<t id="s6_3" word="ponto_de_vista" lemma="ponto_de_vista" pos="n" morph="M S" sem="sem-c" extra="--"/>
			<t id="s6_4" word="," lemma="--" pos="pu" morph="--" extra="--"/>
			<t id="s6_5" word="o" lemma="o" pos="art" morph="M S" extra="--"/>
			<t id="s6_6" word="conceito" lemma="conceito" pos="n" morph="M S" sem="ac sem-c" extra="--"/>
			<t id="s6_7" word="propicia" lemma="propiciar" pos="v-fin" morph="PR 3S IND VFIN" extra="fmc mv"/>
			<t id="s6_8" word="o" lemma="o" pos="art" morph="M S" extra="--"/>
			<t id="s6_9" word="resgate" lemma="resgate" pos="n" morph="M S" sem="mon act" extra="--"/>
			<t id="s6_10" word="diacrônico" lemma="diacrônico" pos="adj" morph="M S" extra="nh np-close"/>
			<t id="s6_11" word="imprescindível" lemma="imprescindível" pos="adj" morph="M S" extra="nh np-long"/>
			<t id="s6_12" word="a" lemma="a" pos="prp" morph="--" extra="sam-"/>
			<t id="s6_13" word="o" lemma="o" pos="art" morph="M S" extra="-sam "/>
			<t id="s6_14" word="avanço" lemma="avanço" pos="n" morph="M S" sem="act mon" extra="--"/>
			<t id="s6_15" word="de" lemma="de" pos="prp" morph="--" extra="sam- np-close"/>
			<t id="s6_16" word="o" lemma="o" pos="art" morph="M S" extra="-sam "/>
			<t id="s6_17" word="homem" lemma="homem" pos="n" morph="M S" sem="Hbio" extra="--"/>
			<t id="s6_18" word="em_direção_a" lemma="em_direção_a" pos="prp" morph="--" extra="sam- np-close"/>
			<t id="s6_19" word="o" lemma="o" pos="art" morph="M S" extra=" -sam"/>
			<t id="s6_20" word="futuro" lemma="futuro" pos="n" morph="M S" sem="per" extra="--"/>
			<t id="s6_21" word="." lemma="--" pos="pu" morph="--" extra="--"/>
		</terminals>

		<nonterminals>
			<nt id="s6_500" cat="s">
				<edge label="STA" idref="s6_501"/>
			</nt>
			<nt id="s6_501" cat="np">
				<edge label="fA" idref="s6_502"/>
				<edge label="PU" idref="s6_4"/>
				<edge label="S" idref="s6_504"/>
				<edge label="P" idref="s6_7"/>
				<edge label="Od" idref="s6_505"/>
				<edge label="fA" idref="s6_506"/>
				<edge label="DN" idref="s6_510"/>
				<edge label="PU" idref="s6_21"/>
			</nt>
			<nt id="s6_502" cat="pp">
				<edge label="H" idref="s6_1"/>
				<edge label="DP" idref="s6_503"/>
			</nt>
			<nt id="s6_503" cat="np">
				<edge label="DN" idref="s6_2"/>
				<edge label="H" idref="s6_3"/>
			</nt>
			<nt id="s6_504" cat="np">
				<edge label="DN" idref="s6_5"/>
				<edge label="H" idref="s6_6"/>
			</nt>
			<nt id="s6_505" cat="np">
				<edge label="DN" idref="s6_8"/>
				<edge label="H" idref="s6_9"/>
				<edge label="DN" idref="s6_10"/>
				<edge label="DN" idref="s6_11"/>
			</nt>
			<nt id="s6_506" cat="pp">
				<edge label="H" idref="s6_12"/>
				<edge label="DP" idref="s6_507"/>
			</nt>
			<nt id="s6_507" cat="np">
				<edge label="DN" idref="s6_13"/>
				<edge label="H" idref="s6_14"/>
				<edge label="DN" idref="s6_508"/>
			</nt>
			<nt id="s6_508" cat="pp">
				<edge label="H" idref="s6_15"/>
				<edge label="DP" idref="s6_509"/>
			</nt>
			<nt id="s6_509" cat="np">
				<edge label="DN" idref="s6_16"/>
				<edge label="H" idref="s6_17"/>
			</nt>
			<nt id="s6_510" cat="pp">
				<edge label="H" idref="s6_18"/>
				<edge label="DP" idref="s6_511"/>
			</nt>
			<nt id="s6_511" cat="np">
				<edge label="DN" idref="s6_19"/>
				<edge label="H" idref="s6_20"/>
			</nt>
		</nonterminals>
	</graph>
</s>

<s id="s7" ref="7" source="Running text" forest="1" text="Compartilhar enviar nova definição enviar nova imagem denunciar abuso Significados de diacrônico(Flexões):">
	<graph root="s7_500">
		<terminals>
			<t id="s7_1" word="Compartilhar" lemma="compartilhar" pos="v-inf" morph="--" extra="* vH mv"/>
			<t id="s7_2" word="enviar" lemma="enviar" pos="v-inf" morph="--" extra="vH mv"/>
			<t id="s7_3" word="nova" lemma="novo" pos="adj" morph="F S" extra="jh"/>
			<t id="s7_4" word="definição" lemma="definição" pos="n" morph="F S" sem="sem-c" extra="--"/>
			<t id="s7_5" word="enviar" lemma="enviar" pos="v-inf" morph="--" extra="vH mv"/>
			<t id="s7_6" word="nova" lemma="novo" pos="adj" morph="F S" extra="jh"/>
			<t id="s7_7" word="imagem" lemma="imagem" pos="n" morph="F S" sem="pict sem-c ac-cat" extra="--"/>
			<t id="s7_8" word="denunciar" lemma="denunciar" pos="v-inf" morph="--" extra="vH mv"/>
			<t id="s7_9" word="abuso" lemma="abuso" pos="n" morph="M S" sem="activity" extra="--"/>
			<t id="s7_10" word="Significados" lemma="Significados" pos="prop" morph="M S" extra="hum * np-close"/>
			<t id="s7_11" word="de" lemma="de" pos="prp" morph="--" extra="np-close"/>
			<t id="s7_12" word="diacrônico" lemma="diacrônico" pos="adj" morph="M S" extra="nh"/>
			<t id="s7_13" word="(" lemma="--" pos="pu" morph="--" extra="--"/>
			<t id="s7_14" word="Flexões" lemma="Flexões" pos="prop" morph="M/F S" extra="hum *"/>
			<t id="s7_15" word=")" lemma="--" pos="pu" morph="--" extra="--"/>
			<t id="s7_16" word=":" lemma="--" pos="pu" morph="--" extra="--"/>
		</terminals>

		<nonterminals>
			<nt id="s7_500" cat="s">
				<edge label="UTT" idref="s7_501"/>
			</nt>
			<nt id="s7_501" cat="icl">
				<edge label="P" idref="s7_1"/>
				<edge label="Od" idref="s7_502"/>
				<edge label="PU" idref="s7_16"/>
			</nt>
			<nt id="s7_502" cat="icl">
				<edge label="P" idref="s7_2"/>
				<edge label="Od" idref="s7_503"/>
				<edge label="UTT" idref="s7_504"/>
				<edge label="UTT" idref="s7_506"/>
			</nt>
			<nt id="s7_503" cat="np">
				<edge label="DN" idref="s7_3"/>
				<edge label="H" idref="s7_4"/>
			</nt>
			<nt id="s7_504" cat="icl">
				<edge label="P" idref="s7_5"/>
				<edge label="Od" idref="s7_505"/>
			</nt>
			<nt id="s7_505" cat="np">
				<edge label="DN" idref="s7_6"/>
				<edge label="H" idref="s7_7"/>
			</nt>
			<nt id="s7_506" cat="icl">
				<edge label="P" idref="s7_8"/>
				<edge label="Od" idref="s7_507"/>
				<edge label="PU" idref="s7_13"/>
				<edge label="X" idref="s7_14"/>
				<edge label="PU" idref="s7_15"/>
			</nt>
			<nt id="s7_507" cat="np">
				<edge label="H" idref="s7_9"/>
				<edge label="DN" idref="s7_508"/>
			</nt>
			<nt id="s7_508" cat="np">
				<edge label="H" idref="s7_10"/>
				<edge label="DN" idref="s7_509"/>
			</nt>
			<nt id="s7_509" cat="pp">
				<edge label="H" idref="s7_11"/>
				<edge label="DP" idref="s7_12"/>
			</nt>
		</nonterminals>
	</graph>
</s>

<s id="s8" ref="8" source="Running text" forest="1" text="1 sobe, 0 desce 2. Diacrônicos Por Dicionário inFormal(SP) em 17-06-2014 Termo da Linguística, os fatos diacrônicos são aqueles que ocorrem no passar do tempo, durante a evolução.">
	<graph root="s8_500">
		<terminals>
			<t id="s8_1" word="1" lemma="1" pos="num" morph="M S" extra="card"/>
			<t id="s8_2" word="sobe" lemma="subir" pos="v-fin" morph="PR 3S IND VFIN" extra="cjt-head cjt-head-STA fmc mv"/>
			<t id="s8_3" word="," lemma="--" pos="pu" morph="--" extra="--"/>
			<t id="s8_4" word="0" lemma="xx" pos="num" morph="M/F P" extra="card"/>
			<t id="s8_5" word="desce" lemma="descer" pos="v-fin" morph="PR 3S IND VFIN" extra="cjt-STA fmc mv"/>
			<t id="s8_6" word="2." lemma="2." pos="adj" morph="M/F S" extra="NUM-ord"/>
			<t id="s8_7" word="Diacrônicos_Por_Dicionário" lemma="Diacrônicos_Por_Dicionário" pos="prop" morph="M S" extra="tit *"/>
			<t id="s8_8" word="inFormal" lemma="inFormal" pos="adj" morph="M S" extra="np-close"/>
			<t id="s8_9" word="(" lemma="--" pos="pu" morph="--" extra="--"/>
			<t id="s8_10" word="SP" lemma="SP" pos="prop" morph="M S" extra="civ * np-close"/>
			<t id="s8_11" word=")" lemma="--" pos="pu" morph="--" extra="--"/>
			<t id="s8_12" word="em" lemma="em" pos="prp" morph="--" extra="--"/>
			<t id="s8_13" word="17-06-2014" lemma="17-06-2014" pos="num" morph="M/F S" extra="card"/>
			<t id="s8_14" word="Termo_da_Linguística" lemma="Termo_da_Linguística" pos="prop" morph="M S" extra="hum * heur"/>
			<t id="s8_15" word="," lemma="--" pos="pu" morph="--" extra="--"/>
			<t id="s8_16" word="os" lemma="o" pos="art" morph="M P" extra="--"/>
			<t id="s8_17" word="fatos" lemma="fato" pos="n" morph="M P" sem="ac cloH AAdom" extra="--"/>
			<t id="s8_18" word="diacrônicos" lemma="diacrônico" pos="adj" morph="M P" extra="nh np-close"/>
			<t id="s8_19" word="são" lemma="ser" pos="v-fin" morph="PR 3P IND VFIN" extra="cjt-STA vK fmc mv"/>
			<t id="s8_20" word="aqueles" lemma="aquele" pos="pron-dem" morph="DET M P" extra="dem"/>
			<t id="s8_21" word="que" lemma="que" pos="spec" morph="M S" extra="clb clb-fs rel"/>
			<t id="s8_22" word="ocorrem" lemma="ocorrer" pos="v-fin" morph="PR 3P IND VFIN" extra="vN mv np-close"/>
			<t id="s8_23" word="em" lemma="em" pos="prp" morph="--" extra="sam-"/>
			<t id="s8_24" word="o" lemma="o" pos="art" morph="M S" extra="-sam "/>
			<t id="s8_25" word="passar" lemma="passar" pos="v-inf" morph="--" extra="mv"/>
			<t id="s8_26" word="de" lemma="de" pos="prp" morph="--" extra="sam- np-close"/>
			<t id="s8_27" word="o" lemma="o" pos="art" morph="M S" extra="-sam "/>
			<t id="s8_28" word="tempo" lemma="tempo" pos="n" morph="M S" sem="am temp per ac-cat wea" extra="--"/>
			<t id="s8_29" word="," lemma="--" pos="pu" morph="--" extra="--"/>
			<t id="s8_30" word="durante" lemma="durante" pos="prp" morph="--" extra="--"/>
			<t id="s8_31" word="a" lemma="o" pos="art" morph="F S" extra="--"/>
			<t id="s8_32" word="evolução" lemma="evolução" pos="n" morph="F S" sem="process" extra="--"/>
			<t id="s8_33" word="." lemma="--" pos="pu" morph="--" extra="--"/>
		</terminals>

		<nonterminals>
			<nt id="s8_500" cat="s">
				<edge label="STA" idref="s8_501"/>
			</nt>
			<nt id="s8_501" cat="par">
				<edge label="CJT" idref="s8_502"/>
				<edge label="PU" idref="s8_3"/>
				<edge label="CJT" idref="s8_503"/>
				<edge label="PU" idref="s8_15"/>
				<edge label="CJT" idref="s8_506"/>
				<edge label="PU" idref="s8_33"/>
			</nt>
			<nt id="s8_502" cat="fcl">
				<edge label="S" idref="s8_1"/>
				<edge label="P" idref="s8_2"/>
			</nt>
			<nt id="s8_503" cat="fcl">
				<edge label="Od" idref="s8_4"/>
				<edge label="P" idref="s8_5"/>
				<edge label="fCs" idref="s8_6"/>
				<edge label="S" idref="s8_504"/>
				<edge label="fA" idref="s8_505"/>
				<edge label="Od" idref="s8_14"/>
			</nt>
			<nt id="s8_504" cat="np">
				<edge label="H" idref="s8_7"/>
				<edge label="DN" idref="s8_8"/>
				<edge label="PU" idref="s8_9"/>
				<edge label="DNapp" idref="s8_10"/>
				<edge label="PU" idref="s8_11"/>
			</nt>
			<nt id="s8_505" cat="pp">
				<edge label="H" idref="s8_12"/>
				<edge label="DP" idref="s8_13"/>
			</nt>
			<nt id="s8_506" cat="fcl">
				<edge label="S" idref="s8_507"/>
				<edge label="P" idref="s8_19"/>
				<edge label="Cs" idref="s8_508"/>
			</nt>
			<nt id="s8_507" cat="np">
				<edge label="DN" idref="s8_16"/>
				<edge label="H" idref="s8_17"/>
				<edge label="DN" idref="s8_18"/>
			</nt>
			<nt id="s8_508" cat="np">
				<edge label="H" idref="s8_20"/>
				<edge label="DN" idref="s8_509"/>
			</nt>
			<nt id="s8_509" cat="fcl">
				<edge label="S" idref="s8_510"/>
				<edge label="P" idref="s8_22"/>
				<edge label="fA" idref="s8_511"/>
			</nt>
			<nt id="s8_510" cat="np">
				<edge label="H" idref="s8_21"/>
				<edge label="DN" idref="s8_513"/>
			</nt>
			<nt id="s8_511" cat="pp">
				<edge label="H" idref="s8_23"/>
				<edge label="DP" idref="s8_512"/>
			</nt>
			<nt id="s8_512" cat="np">
				<edge label="DN" idref="s8_24"/>
				<edge label="P" idref="s8_25"/>
			</nt>
			<nt id="s8_513" cat="pp">
				<edge label="H" idref="s8_26"/>
				<edge label="DP" idref="s8_514"/>
				<edge label="PU" idref="s8_29"/>
				<edge label="fA" idref="s8_515"/>
			</nt>
			<nt id="s8_514" cat="np">
				<edge label="DN" idref="s8_27"/>
				<edge label="H" idref="s8_28"/>
			</nt>
			<nt id="s8_515" cat="pp">
				<edge label="H" idref="s8_30"/>
				<edge label="DP" idref="s8_516"/>
			</nt>
			<nt id="s8_516" cat="np">
				<edge label="DN" idref="s8_31"/>
				<edge label="H" idref="s8_32"/>
			</nt>
		</nonterminals>
	</graph>
</s>

<s id="s9" ref="9" source="Running text" forest="1" text="A o estudar história estudamos os eventos diacrônicos da evolução do homem.">
	<graph root="s9_500">
		<terminals>
			<t id="s9_1" word="A" lemma="a" pos="prp" morph="--" extra="* sam-"/>
			<t id="s9_2" word="o" lemma="o" pos="art" morph="M S" extra="-sam "/>
			<t id="s9_3" word="estudar" lemma="estudar" pos="v-inf" morph="--" extra="vH mv"/>
			<t id="s9_4" word="história" lemma="história" pos="n" morph="F S" sem="per domain sem-r" extra="--"/>
			<t id="s9_5" word="estudamos" lemma="estudar" pos="v-fin" morph="PR 1P IND VFIN" extra="vH fmc mv"/>
			<t id="s9_6" word="os" lemma="o" pos="art" morph="M P" extra="--"/>
			<t id="s9_7" word="eventos" lemma="evento" pos="n" morph="M P" sem="event occ" extra="--"/>
			<t id="s9_8" word="diacrônicos" lemma="diacrônico" pos="adj" morph="M P" extra="nh np-close"/>
			<t id="s9_9" word="de" lemma="de" pos="prp" morph="--" extra="sam- np-close"/>
			<t id="s9_10" word="a" lemma="o" pos="art" morph="F S" extra="-sam "/>
			<t id="s9_11" word="evolução" lemma="evolução" pos="n" morph="F S" sem="process" extra="--"/>
			<t id="s9_12" word="de" lemma="de" pos="prp" morph="--" extra="sam- np-close"/>
			<t id="s9_13" word="o" lemma="o" pos="art" morph="M S" extra="-sam "/>
			<t id="s9_14" word="homem" lemma="homem" pos="n" morph="M S" sem="Hbio" extra="--"/>
			<t id="s9_15" word="." lemma="--" pos="pu" morph="--" extra="--"/>
		</terminals>

		<nonterminals>
			<nt id="s9_500" cat="s">
				<edge label="STA" idref="s9_501"/>
			</nt>
			<nt id="s9_501" cat="fcl">
				<edge label="fA" idref="s9_502"/>
				<edge label="P" idref="s9_5"/>
				<edge label="Od" idref="s9_504"/>
				<edge label="PU" idref="s9_15"/>
			</nt>
			<nt id="s9_502" cat="pp">
				<edge label="H" idref="s9_1"/>
				<edge label="DP" idref="s9_503"/>
			</nt>
			<nt id="s9_503" cat="np">
				<edge label="DN" idref="s9_2"/>
				<edge label="P" idref="s9_3"/>
				<edge label="Od" idref="s9_4"/>
			</nt>
			<nt id="s9_504" cat="np">
				<edge label="DN" idref="s9_6"/>
				<edge label="H" idref="s9_7"/>
				<edge label="DN" idref="s9_8"/>
				<edge label="DN" idref="s9_505"/>
			</nt>
			<nt id="s9_505" cat="pp">
				<edge label="H" idref="s9_9"/>
				<edge label="DP" idref="s9_506"/>
			</nt>
			<nt id="s9_506" cat="np">
				<edge label="DN" idref="s9_10"/>
				<edge label="H" idref="s9_11"/>
				<edge label="DN" idref="s9_507"/>
			</nt>
			<nt id="s9_507" cat="pp">
				<edge label="H" idref="s9_12"/>
				<edge label="DP" idref="s9_508"/>
			</nt>
			<nt id="s9_508" cat="np">
				<edge label="DN" idref="s9_13"/>
				<edge label="H" idref="s9_14"/>
			</nt>
		</nonterminals>
	</graph>
</s>

<s id="s10" ref="10" source="Running text" forest="1" text="Compartilhar enviar nova definição enviar nova imagem denunciar abuso 3 sobe, 2 desce 3. Diacrônica Por Dicionário inFormal(SP) em 03-10-2013 ADJ.">
	<graph root="s10_500">
		<terminals>
			<t id="s10_1" word="Compartilhar" lemma="compartilhar" pos="v-inf" morph="--" extra="cjt-head cjt-head-S * vH mv"/>
			<t id="s10_2" word="enviar" lemma="enviar" pos="v-inf" morph="--" extra="vH mv"/>
			<t id="s10_3" word="nova" lemma="novo" pos="adj" morph="F S" extra="jh"/>
			<t id="s10_4" word="definição" lemma="definição" pos="n" morph="F S" sem="sem-c" extra="--"/>
			<t id="s10_5" word="enviar" lemma="enviar" pos="v-inf" morph="--" extra="vH mv"/>
			<t id="s10_6" word="nova" lemma="novo" pos="adj" morph="F S" extra="jh"/>
			<t id="s10_7" word="imagem" lemma="imagem" pos="n" morph="F S" sem="pict sem-c ac-cat" extra="--"/>
			<t id="s10_8" word="denunciar" lemma="denunciar" pos="v-inf" morph="--" extra="cjt-S vH mv"/>
			<t id="s10_9" word="abuso" lemma="abuso" pos="n" morph="M S" sem="activity" extra="--"/>
			<t id="s10_10" word="3" lemma="3" pos="num" morph="M/F P" extra="card"/>
			<t id="s10_11" word="sobe" lemma="subir" pos="v-fin" morph="PR 3S IND VFIN" extra="cjt-head cjt-head-STA fmc mv"/>
			<t id="s10_12" word="," lemma="--" pos="pu" morph="--" extra="--"/>
			<t id="s10_13" word="2" lemma="2" pos="num" morph="M/F P" extra="card"/>
			<t id="s10_14" word="desce" lemma="descer" pos="v-fin" morph="PR 3S IND VFIN" extra="cjt-STA fmc mv"/>
			<t id="s10_15" word="3." lemma="3." pos="adj" morph="M/F S" extra="NUM-ord"/>
			<t id="s10_16" word="Diacrônica_Por_Dicionário" lemma="Diacrônica_Por_Dicionário" pos="prop" morph="M S" extra="tit *"/>
			<t id="s10_17" word="inFormal" lemma="inFormal" pos="adj" morph="M S" extra="np-close"/>
			<t id="s10_18" word="(" lemma="--" pos="pu" morph="--" extra="--"/>
			<t id="s10_19" word="SP" lemma="SP" pos="prop" morph="M S" extra="civ * np-close"/>
			<t id="s10_20" word=")" lemma="--" pos="pu" morph="--" extra="--"/>
			<t id="s10_21" word="em" lemma="em" pos="prp" morph="--" extra="--"/>
			<t id="s10_22" word="03-10-2013" lemma="03-10-2013" pos="num" morph="M/F S" extra="card"/>
			<t id="s10_23" word="ADJ" lemma="ADJ" pos="prop" morph="M/F S/P" extra="org *"/>
			<t id="s10_24" word="." lemma="--" pos="pu" morph="--" extra="--"/>
		</terminals>

		<nonterminals>
			<nt id="s10_500" cat="s">
				<edge label="STA" idref="s10_501"/>
			</nt>
			<nt id="s10_501" cat="par">
				<edge label="CJT" idref="s10_502"/>
				<edge label="PU" idref="s10_12"/>
				<edge label="CJT" idref="s10_510"/>
				<edge label="PU" idref="s10_24"/>
			</nt>
			<nt id="s10_502" cat="fcl">
				<edge label="S" idref="s10_503"/>
				<edge label="Od" idref="s10_10"/>
				<edge label="P" idref="s10_11"/>
			</nt>
			<nt id="s10_503" cat="par">
				<edge label="CJT" idref="s10_504"/>
				<edge label="CJT" idref="s10_507"/>
			</nt>
			<nt id="s10_504" cat="icl">
				<edge label="P" idref="s10_1"/>
				<edge label="Od" idref="s10_505"/>
			</nt>
			<nt id="s10_505" cat="icl">
				<edge label="P" idref="s10_2"/>
				<edge label="Od" idref="s10_506"/>
			</nt>
			<nt id="s10_506" cat="np">
				<edge label="DN" idref="s10_3"/>
				<edge label="H" idref="s10_4"/>
			</nt>
			<nt id="s10_507" cat="fcl">
				<edge label="S" idref="s10_508"/>
				<edge label="P" idref="s10_8"/>
				<edge label="Od" idref="s10_9"/>
			</nt>
			<nt id="s10_508" cat="icl">
				<edge label="P" idref="s10_5"/>
				<edge label="Od" idref="s10_509"/>
			</nt>
			<nt id="s10_509" cat="np">
				<edge label="DN" idref="s10_6"/>
				<edge label="H" idref="s10_7"/>
			</nt>
			<nt id="s10_510" cat="fcl">
				<edge label="Od" idref="s10_13"/>
				<edge label="P" idref="s10_14"/>
				<edge label="fCs" idref="s10_15"/>
				<edge label="S" idref="s10_511"/>
				<edge label="fA" idref="s10_512"/>
				<edge label="Od" idref="s10_23"/>
			</nt>
			<nt id="s10_511" cat="np">
				<edge label="H" idref="s10_16"/>
				<edge label="DN" idref="s10_17"/>
				<edge label="PU" idref="s10_18"/>
				<edge label="DNapp" idref="s10_19"/>
				<edge label="PU" idref="s10_20"/>
			</nt>
			<nt id="s10_512" cat="pp">
				<edge label="H" idref="s10_21"/>
				<edge label="DP" idref="s10_22"/>
			</nt>
		</nonterminals>
	</graph>
</s>

<s id="s11" ref="11" source="Running text" forest="1" text="Referente a diacronia.">
	<graph root="s11_500">
		<terminals>
			<t id="s11_1" word="Referente_a" lemma="referente_a" pos="prp" morph="--" extra="*"/>
			<t id="s11_2" word="diacronia" lemma="diacronia" pos="n" morph="F S" sem="sit" extra="--"/>
			<t id="s11_3" word="." lemma="--" pos="pu" morph="--" extra="--"/>
		</terminals>

		<nonterminals>
			<nt id="s11_500" cat="s">
				<edge label="fA" idref="s11_501"/>
			</nt>
			<nt id="s11_501" cat="pp">
				<edge label="H" idref="s11_1"/>
				<edge label="DP" idref="s11_2"/>
				<edge label="PU" idref="s11_3"/>
			</nt>
		</nonterminals>
	</graph>
</s>

<s id="s12" ref="12" source="Running text" forest="1" text="A linguística possui muitas relações diacrônicas.">
	<graph root="s12_500">
		<terminals>
			<t id="s12_1" word="A" lemma="o" pos="art" morph="F S" extra="* "/>
			<t id="s12_2" word="linguística" lemma="linguística" pos="n" morph="F S" sem="domain" extra="--"/>
			<t id="s12_3" word="possui" lemma="possuir" pos="v-fin" morph="PR 3S IND VFIN" extra="vH fmc mv"/>
			<t id="s12_4" word="muitas" lemma="muito" pos="pron-indef" morph="DET F P" extra="quant"/>
			<t id="s12_5" word="relações" lemma="relação" pos="n" morph="F P" sem="ac sem-r" extra="--"/>
			<t id="s12_6" word="diacrônicas" lemma="diacrônico" pos="adj" morph="F P" extra="nh np-close"/>
			<t id="s12_7" word="." lemma="--" pos="pu" morph="--" extra="--"/>
		</terminals>

		<nonterminals>
			<nt id="s12_500" cat="s">
				<edge label="STA" idref="s12_501"/>
			</nt>
			<nt id="s12_501" cat="fcl">
				<edge label="S" idref="s12_502"/>
				<edge label="P" idref="s12_3"/>
				<edge label="Od" idref="s12_503"/>
				<edge label="PU" idref="s12_7"/>
			</nt>
			<nt id="s12_502" cat="np">
				<edge label="DN" idref="s12_1"/>
				<edge label="H" idref="s12_2"/>
			</nt>
			<nt id="s12_503" cat="np">
				<edge label="DN" idref="s12_4"/>
				<edge label="H" idref="s12_5"/>
				<edge label="DN" idref="s12_6"/>
			</nt>
		</nonterminals>
	</graph>
</s>

<s id="s13" ref="13" source="Running text" forest="1" text="Compartilhar enviar nova definição enviar nova imagem denunciar abuso Outras Informações:Palavras com 10 letras A palavra possui 5 vogais -- ia o i o A palavra possui 5 consoantes -- d cr n c 1 página -- 3 Definições navassa langite uricuriba arte huron.">
	<graph root="s13_500">
		<terminals>
			<t id="s13_1" word="Compartilhar" lemma="compartilhar" pos="v-inf" morph="--" extra="* vH mv"/>
			<t id="s13_2" word="enviar" lemma="enviar" pos="v-inf" morph="--" extra="vH mv"/>
			<t id="s13_3" word="nova" lemma="novo" pos="adj" morph="F S" extra="jh"/>
			<t id="s13_4" word="definição" lemma="definição" pos="n" morph="F S" sem="sem-c" extra="--"/>
			<t id="s13_5" word="enviar" lemma="enviar" pos="v-inf" morph="--" extra="vH mv"/>
			<t id="s13_6" word="nova" lemma="novo" pos="adj" morph="F S" extra="jh"/>
			<t id="s13_7" word="imagem" lemma="imagem" pos="n" morph="F S" sem="pict sem-c ac-cat" extra="--"/>
			<t id="s13_8" word="denunciar" lemma="denunciar" pos="v-inf" morph="--" extra="vH mv"/>
			<t id="s13_9" word="abuso" lemma="abuso" pos="n" morph="M S" sem="activity" extra="--"/>
			<t id="s13_10" word="Outras_Informações" lemma="Outras_Informações" pos="prop" morph="M S" extra="hum * heur np-close"/>
			<t id="s13_11" word=":Palavras" lemma=":Palavras" pos="n" morph="M S" extra="cjt-head cjt-head-S"/>
			<t id="s13_12" word="com" lemma="com" pos="prp" morph="--" extra="--"/>
			<t id="s13_13" word="10" lemma="10" pos="num" morph="F P" extra="card"/>
			<t id="s13_14" word="letras" lemma="letra" pos="n" morph="F P" sem="ac-sign sem-r domain" extra="--"/>
			<t id="s13_15" word="A" lemma="o" pos="art" morph="F S" extra="* "/>
			<t id="s13_16" word="palavra" lemma="palavra" pos="n" morph="F S" sem="ac-cat act-s" extra="cjt-S"/>
			<t id="s13_17" word="possui" lemma="possuir" pos="v-fin" morph="PR 3S IND VFIN" extra="predco vH fmc mv"/>
			<t id="s13_18" word="5" lemma="5" pos="num" morph="M P" extra="card"/>
			<t id="s13_19" word="vogais" lemma="vogal" pos="n" morph="M P" sem="ac-cat H" extra="--"/>
			<t id="s13_20" word="--" lemma="--" pos="pu" morph="--" extra="--"/>
			<t id="s13_21" word="ia" lemma="ir" pos="v-fin" morph="IMPF 3S IND VFIN" extra="cjt-STA fmc mv"/>
			<t id="s13_22" word="o" lemma="o" pos="art" morph="M S" extra="--"/>
			<t id="s13_23" word="i" lemma="i" pos="n" morph="M S" sem="ac-sign" extra="cjt-head cjt-head-S"/>
			<t id="s13_24" word="o" lemma="o" pos="art" morph="M S" extra="--"/>
			<t id="s13_25" word="A" lemma="o" pos="art" morph="F S" extra="* "/>
			<t id="s13_26" word="palavra" lemma="palavra" pos="n" morph="F S" sem="ac-cat act-s" extra="cjt-S"/>
			<t id="s13_27" word="possui" lemma="possuir" pos="v-fin" morph="PR 3S IND VFIN" extra="cjt-STA vH fmc mv"/>
			<t id="s13_28" word="5" lemma="5" pos="num" morph="F P" extra="card"/>
			<t id="s13_29" word="consoantes" lemma="consoante" pos="n" morph="F P" sem="ac-cat" extra="--"/>
			<t id="s13_30" word="--" lemma="--" pos="pu" morph="--" extra="--"/>
			<t id="s13_31" word="d" lemma="d" pos="n" morph="M S" sem="ac-sign" extra="cjt-head cjt-head-S"/>
			<t id="s13_32" word="cr" lemma="cr" pos="n" morph="M/F S" extra="cjt-S foreign"/>
			<t id="s13_33" word="n" lemma="n" pos="n" morph="M S" sem="ac-sign" extra="cjt-S"/>
			<t id="s13_34" word="c" lemma="c" pos="n" morph="M S" sem="ac-sign" extra="cjt-S"/>
			<t id="s13_35" word="1" lemma="1" pos="num" morph="F S" extra="card"/>
			<t id="s13_36" word="página" lemma="página" pos="n" morph="F S" sem="cc-r" extra="cjt-S"/>
			<t id="s13_37" word="--" lemma="--" pos="pu" morph="--" extra="--"/>
			<t id="s13_38" word="3" lemma="3" pos="num" morph="F P" extra="card"/>
			<t id="s13_39" word="Definições" lemma="definição" pos="n" morph="F P" sem="sem-c" extra="prop *"/>
			<t id="s13_40" word="navassa" lemma="navassar" pos="v-fin" morph="PR 3S IND VFIN" extra="cjt-STA heur fmc mv"/>
			<t id="s13_41" word="langite" lemma="langite" pos="n" morph="F S" extra="DERS"/>
			<t id="s13_42" word="uricuriba" lemma="uricuribo" pos="adj" morph="F S" extra="heur jh"/>
			<t id="s13_43" word="arte" lemma="arte" pos="n" morph="F S" sem="domain" extra="--"/>
			<t id="s13_44" word="huron" lemma="huron" pos="n" morph="F S" extra="heur"/>
			<t id="s13_45" word="." lemma="--" pos="pu" morph="--" extra="--"/>
		</terminals>

		<nonterminals>
			<nt id="s13_500" cat="s">
				<edge label="UTT" idref="s13_501"/>
			</nt>
			<nt id="s13_501" cat="x">
				<edge label="STA" idref="s13_502"/>
				<edge label="UTT" idref="s13_506"/>
				<edge label="P" idref="s13_5"/>
				<edge label="Od" idref="s13_507"/>
				<edge label="UTT" idref="s13_508"/>
				<edge label="fCs" idref="s13_41"/>
				<edge label="fCs" idref="s13_43"/>
				<edge label="fCs" idref="s13_44"/>
				<edge label="PU" idref="s13_45"/>
			</nt>
			<nt id="s13_502" cat="fcl">
				<edge label="S" idref="s13_503"/>
			</nt>
			<nt id="s13_503" cat="icl">
				<edge label="P" idref="s13_1"/>
				<edge label="Od" idref="s13_504"/>
			</nt>
			<nt id="s13_504" cat="icl">
				<edge label="P" idref="s13_2"/>
				<edge label="Od" idref="s13_505"/>
			</nt>
			<nt id="s13_505" cat="np">
				<edge label="DN" idref="s13_3"/>
				<edge label="H" idref="s13_4"/>
			</nt>
			<nt id="s13_506" cat="icl">
			</nt>
			<nt id="s13_507" cat="np">
				<edge label="DN" idref="s13_6"/>
				<edge label="H" idref="s13_7"/>
			</nt>
			<nt id="s13_508" cat="fcl">
				<edge label="P" idref="s13_8"/>
				<edge label="Od" idref="s13_509"/>
				<edge label="S" idref="s13_510"/>
				<edge label="fA" idref="s13_511"/>
				<edge label="X" idref="s13_514"/>
			</nt>
			<nt id="s13_509" cat="np">
				<edge label="H" idref="s13_9"/>
				<edge label="DN" idref="s13_10"/>
			</nt>
			<nt id="s13_510" cat="par">
				<edge label="CJT" idref="s13_11"/>
			</nt>
			<nt id="s13_511" cat="pp">
				<edge label="H" idref="s13_12"/>
				<edge label="DP" idref="s13_512"/>
				<edge label="CJT" idref="s13_513"/>
			</nt>
			<nt id="s13_512" cat="np">
				<edge label="DN" idref="s13_13"/>
				<edge label="H" idref="s13_14"/>
			</nt>
			<nt id="s13_513" cat="np">
				<edge label="DN" idref="s13_15"/>
				<edge label="H" idref="s13_16"/>
			</nt>
			<nt id="s13_514" cat="par">
				<edge label="CJT" idref="s13_515"/>
				<edge label="CJT" idref="s13_517"/>
				<edge label="CJT" idref="s13_521"/>
				<edge label="CJT" idref="s13_525"/>
			</nt>
			<nt id="s13_515" cat="x">
				<edge label="P" idref="s13_17"/>
				<edge label="Od" idref="s13_516"/>
			</nt>
			<nt id="s13_516" cat="np">
				<edge label="DN" idref="s13_18"/>
				<edge label="H" idref="s13_19"/>
				<edge label="PU" idref="s13_20"/>
			</nt>
			<nt id="s13_517" cat="fcl">
				<edge label="P" idref="s13_21"/>
				<edge label="S" idref="s13_518"/>
			</nt>
			<nt id="s13_518" cat="par">
				<edge label="CJT" idref="s13_519"/>
				<edge label="CJT" idref="s13_520"/>
			</nt>
			<nt id="s13_519" cat="np">
				<edge label="DN" idref="s13_22"/>
				<edge label="H" idref="s13_23"/>
			</nt>
			<nt id="s13_520" cat="np">
				<edge label="DN" idref="s13_24"/>
				<edge label="DN" idref="s13_25"/>
				<edge label="H" idref="s13_26"/>
			</nt>
			<nt id="s13_521" cat="fcl">
				<edge label="P" idref="s13_27"/>
				<edge label="Od" idref="s13_522"/>
				<edge label="S" idref="s13_523"/>
			</nt>
			<nt id="s13_522" cat="np">
				<edge label="DN" idref="s13_28"/>
				<edge label="H" idref="s13_29"/>
				<edge label="PU" idref="s13_30"/>
			</nt>
			<nt id="s13_523" cat="par">
				<edge label="CJT" idref="s13_31"/>
				<edge label="CJT" idref="s13_32"/>
				<edge label="CJT" idref="s13_33"/>
				<edge label="CJT" idref="s13_34"/>
				<edge label="CJT" idref="s13_524"/>
			</nt>
			<nt id="s13_524" cat="np">
				<edge label="DN" idref="s13_35"/>
				<edge label="H" idref="s13_36"/>
				<edge label="PU" idref="s13_37"/>
			</nt>
			<nt id="s13_525" cat="fcl">
				<edge label="S" idref="s13_526"/>
				<edge label="P" idref="s13_40"/>
				<edge label="fCs" idref="s13_42"/>
			</nt>
			<nt id="s13_526" cat="np">
				<edge label="DN" idref="s13_38"/>
				<edge label="H" idref="s13_39"/>
			</nt>
		</nonterminals>
	</graph>
</s>

	</body>
</corpus>
