<?xml version="1.0" encoding="UTF-8"?>
<corpus>

	<body>
<s id="s1" ref="1" source="Running text" forest="1" text="Difuso 2 Definições encontradas.">
	<graph root="s1_500">
		<terminals>
			<t id="s1_1" word="Difuso" lemma="difuso" pos="adj" morph="M S" extra="cjt-head cjt-head-X * nh"/>
			<t id="s1_2" word="2" lemma="2" pos="num" morph="F P" extra="card"/>
			<t id="s1_3" word="Definições" lemma="definição" pos="n" morph="F P" sem="sem-c" extra="cjt-X prop *"/>
			<t id="s1_4" word="encontradas" lemma="encontrado" pos="adj" morph="F P" extra="nh np-close"/>
			<t id="s1_5" word="." lemma="--" pos="pu" morph="--" extra="--"/>
		</terminals>

		<nonterminals>
			<nt id="s1_500" cat="s">
				<edge label="X" idref="s1_501"/>
			</nt>
			<nt id="s1_501" cat="par">
				<edge label="CJT" idref="s1_1"/>
				<edge label="CJT" idref="s1_502"/>
				<edge label="PU" idref="s1_5"/>
			</nt>
			<nt id="s1_502" cat="np">
				<edge label="DN" idref="s1_2"/>
				<edge label="H" idref="s1_3"/>
				<edge label="DN" idref="s1_4"/>
			</nt>
		</nonterminals>
	</graph>
</s>

<s id="s2" ref="2" source="Running text" forest="1" text="Tweet Classificação morfossintática:">
	<graph root="s2_500">
		<terminals>
			<t id="s2_1" word="Tweet_Classificação" lemma="Tweet_Classificação" pos="prop" morph="M S" extra="common * heur"/>
			<t id="s2_2" word="morfossintática" lemma="morfossintático" pos="adj" morph="F S" extra="DERS jh np-close"/>
			<t id="s2_3" word=":" lemma="--" pos="pu" morph="--" extra="--"/>
		</terminals>

		<nonterminals>
			<nt id="s2_500" cat="s">
				<edge label="X" idref="s2_501"/>
			</nt>
			<nt id="s2_501" cat="np">
				<edge label="H" idref="s2_1"/>
				<edge label="DN" idref="s2_2"/>
				<edge label="PU" idref="s2_3"/>
			</nt>
		</nonterminals>
	</graph>
</s>

<s id="s3" ref="3" source="Running text" forest="1" text="Verbo, particípio de difundir Adjetivo, masculino singular Flexões da palavra Difuso Significados de Difuso:">
	<graph root="s3_500">
		<terminals>
			<t id="s3_1" word="Verbo" lemma="verbo" pos="n" morph="M S" sem="ac-cat" extra="cjt-head cjt-head-X *"/>
			<t id="s3_2" word="," lemma="--" pos="pu" morph="--" extra="--"/>
			<t id="s3_3" word="particípio" lemma="particípio" pos="n" morph="M S" sem="ac-cat" extra="cjt-X"/>
			<t id="s3_4" word="de" lemma="de" pos="prp" morph="--" extra="np-close"/>
			<t id="s3_5" word="difundir" lemma="difundir" pos="v-inf" morph="--" extra="vH mv"/>
			<t id="s3_6" word="Adjetivo" lemma="Adjetivo" pos="prop" morph="M S" extra="hum *"/>
			<t id="s3_7" word="," lemma="--" pos="pu" morph="--" extra="--"/>
			<t id="s3_8" word="masculino" lemma="masculino" pos="n" morph="M S" sem="ac-cat" extra="np-close"/>
			<t id="s3_9" word="singular" lemma="singular" pos="adj" morph="M/F S" extra="np-close"/>
			<t id="s3_10" word="Flexões" lemma="flexão" pos="n" morph="F P" sem="act" extra="prop * np-close"/>
			<t id="s3_11" word="de" lemma="de" pos="prp" morph="--" extra="sam- np-close"/>
			<t id="s3_12" word="a" lemma="o" pos="art" morph="F S" extra="-sam "/>
			<t id="s3_13" word="palavra" lemma="palavra" pos="n" morph="F S" sem="ac-cat act-s" extra="--"/>
			<t id="s3_14" word="Difuso_Significados_de_Difuso" lemma="Difuso_Significados_de_Difuso" pos="prop" morph="F S" extra="org * heur np-close"/>
			<t id="s3_15" word=":" lemma="--" pos="pu" morph="--" extra="--"/>
		</terminals>

		<nonterminals>
			<nt id="s3_500" cat="s">
				<edge label="X" idref="s3_501"/>
			</nt>
			<nt id="s3_501" cat="par">
				<edge label="CJT" idref="s3_1"/>
				<edge label="PU" idref="s3_2"/>
				<edge label="CJT" idref="s3_502"/>
				<edge label="PU" idref="s3_15"/>
			</nt>
			<nt id="s3_502" cat="np">
				<edge label="H" idref="s3_3"/>
				<edge label="DN" idref="s3_503"/>
			</nt>
			<nt id="s3_503" cat="pp">
				<edge label="H" idref="s3_4"/>
				<edge label="DP" idref="s3_504"/>
			</nt>
			<nt id="s3_504" cat="icl">
				<edge label="P" idref="s3_5"/>
				<edge label="Od" idref="s3_505"/>
			</nt>
			<nt id="s3_505" cat="np">
				<edge label="H" idref="s3_6"/>
				<edge label="PU" idref="s3_7"/>
				<edge label="DNc" idref="s3_506"/>
			</nt>
			<nt id="s3_506" cat="np">
				<edge label="H" idref="s3_8"/>
				<edge label="DNc" idref="s3_507"/>
			</nt>
			<nt id="s3_507" cat="np">
				<edge label="H" idref="s3_9"/>
				<edge label="DNc" idref="s3_508"/>
			</nt>
			<nt id="s3_508" cat="np">
				<edge label="H" idref="s3_10"/>
				<edge label="DN" idref="s3_509"/>
			</nt>
			<nt id="s3_509" cat="pp">
				<edge label="H" idref="s3_11"/>
				<edge label="DP" idref="s3_510"/>
			</nt>
			<nt id="s3_510" cat="np">
				<edge label="DN" idref="s3_12"/>
				<edge label="H" idref="s3_13"/>
				<edge label="DN" idref="s3_14"/>
			</nt>
		</nonterminals>
	</graph>
</s>

<s id="s4" ref="4" source="Running text" forest="1" text="43 sobe, 34 desce 1. Difuso Por Ana(Portugal) em 22-10-2009 Espalhado;">
	<graph root="s4_500">
		<terminals>
			<t id="s4_1" word="43" lemma="43" pos="num" morph="M/F S" extra="card"/>
			<t id="s4_2" word="sobe" lemma="subir" pos="v-fin" morph="PR 3S IND VFIN" extra="cjt-head cjt-head-STA fmc mv"/>
			<t id="s4_3" word="," lemma="--" pos="pu" morph="--" extra="--"/>
			<t id="s4_4" word="34" lemma="34" pos="num" morph="M/F P" extra="card"/>
			<t id="s4_5" word="desce" lemma="descer" pos="v-fin" morph="PR 3S IND VFIN" extra="cjt-STA fmc mv"/>
			<t id="s4_6" word="1." lemma="1." pos="adj" morph="M/F S" extra="NUM-ord"/>
			<t id="s4_7" word="Difuso_Por_Ana" lemma="Difuso_Por_Ana" pos="prop" morph="M S" extra="civ * heur"/>
			<t id="s4_8" word="(" lemma="--" pos="pu" morph="--" extra="--"/>
			<t id="s4_9" word="Portugal" lemma="Portugal" pos="prop" morph="M S" extra="civ * np-close"/>
			<t id="s4_10" word=")" lemma="--" pos="pu" morph="--" extra="--"/>
			<t id="s4_11" word="em" lemma="em" pos="prp" morph="--" extra="--"/>
			<t id="s4_12" word="22-10-2009" lemma="22-10-2009" pos="num" morph="M/F P" extra="card"/>
			<t id="s4_13" word="Espalhado" lemma="espalhar" pos="v-pcp" morph="M S" extra="prop n *"/>
			<t id="s4_14" word=";" lemma="--" pos="pu" morph="--" extra="--"/>
		</terminals>

		<nonterminals>
			<nt id="s4_500" cat="s">
				<edge label="STA" idref="s4_501"/>
			</nt>
			<nt id="s4_501" cat="par">
				<edge label="CJT" idref="s4_502"/>
				<edge label="PU" idref="s4_3"/>
				<edge label="CJT" idref="s4_503"/>
				<edge label="PU" idref="s4_14"/>
			</nt>
			<nt id="s4_502" cat="fcl">
				<edge label="S" idref="s4_1"/>
				<edge label="P" idref="s4_2"/>
			</nt>
			<nt id="s4_503" cat="fcl">
				<edge label="Od" idref="s4_4"/>
				<edge label="P" idref="s4_5"/>
				<edge label="fCs" idref="s4_6"/>
				<edge label="S" idref="s4_504"/>
				<edge label="fA" idref="s4_505"/>
			</nt>
			<nt id="s4_504" cat="np">
				<edge label="H" idref="s4_7"/>
				<edge label="PU" idref="s4_8"/>
				<edge label="DNc" idref="s4_9"/>
				<edge label="PU" idref="s4_10"/>
			</nt>
			<nt id="s4_505" cat="pp">
				<edge label="H" idref="s4_11"/>
				<edge label="DP" idref="s4_506"/>
			</nt>
			<nt id="s4_506" cat="np">
				<edge label="DN" idref="s4_12"/>
				<edge label="H" idref="s4_13"/>
			</nt>
		</nonterminals>
	</graph>
</s>

<s id="s5" ref="5" source="Running text" forest="1" text="Indescritível;">
	<graph root="s5_500">
		<terminals>
			<t id="s5_1" word="Indescritível" lemma="indescritível" pos="adj" morph="M/F S" extra="* nh"/>
			<t id="s5_2" word=";" lemma="--" pos="pu" morph="--" extra="--"/>
		</terminals>

		<nonterminals>
			<nt id="s5_500" cat="s">
				<edge label="UTT" idref="s5_501"/>
			</nt>
			<nt id="s5_501" cat="x">
				<edge label="X" idref="s5_1"/>
				<edge label="PU" idref="s5_2"/>
			</nt>
		</nonterminals>
	</graph>
</s>

<s id="s6" ref="6" source="Running text" forest="1" text="Inefável.">
	<graph root="s6_500">
		<terminals>
			<t id="s6_1" word="Inefável" lemma="inefável" pos="adj" morph="M/F S" extra="* nh"/>
			<t id="s6_2" word="." lemma="--" pos="pu" morph="--" extra="--"/>
		</terminals>

		<nonterminals>
			<nt id="s6_500" cat="s">
				<edge label="UTT" idref="s6_501"/>
			</nt>
			<nt id="s6_501" cat="x">
				<edge label="X" idref="s6_1"/>
				<edge label="PU" idref="s6_2"/>
			</nt>
		</nonterminals>
	</graph>
</s>

<s id="s7" ref="7" source="Running text" forest="1" text="Um sentimentop difuso.">
	<graph root="s7_500">
		<terminals>
			<t id="s7_1" word="Um" lemma="um" pos="art" morph="M S" extra="* "/>
			<t id="s7_2" word="sentimentop" lemma="sentimentop" pos="n" morph="M S" extra="heur"/>
			<t id="s7_3" word="difuso" lemma="difuso" pos="adj" morph="M S" extra="nh np-close"/>
			<t id="s7_4" word="." lemma="--" pos="pu" morph="--" extra="--"/>
		</terminals>

		<nonterminals>
			<nt id="s7_500" cat="s">
				<edge label="X" idref="s7_501"/>
			</nt>
			<nt id="s7_501" cat="np">
				<edge label="DN" idref="s7_1"/>
				<edge label="H" idref="s7_2"/>
				<edge label="DN" idref="s7_3"/>
				<edge label="PU" idref="s7_4"/>
			</nt>
		</nonterminals>
	</graph>
</s>

<s id="s8" ref="8" source="Running text" forest="1" text="Compartilhar enviar nova definição enviar nova imagem denunciar abuso Sinônimos:">
	<graph root="s8_500">
		<terminals>
			<t id="s8_1" word="Compartilhar" lemma="compartilhar" pos="v-inf" morph="--" extra="* vH mv"/>
			<t id="s8_2" word="enviar" lemma="enviar" pos="v-inf" morph="--" extra="vH mv"/>
			<t id="s8_3" word="nova" lemma="novo" pos="adj" morph="F S" extra="jh"/>
			<t id="s8_4" word="definição" lemma="definição" pos="n" morph="F S" sem="sem-c" extra="--"/>
			<t id="s8_5" word="enviar" lemma="enviar" pos="v-inf" morph="--" extra="vH mv"/>
			<t id="s8_6" word="nova" lemma="novo" pos="adj" morph="F S" extra="jh"/>
			<t id="s8_7" word="imagem" lemma="imagem" pos="n" morph="F S" sem="pict sem-c ac-cat" extra="--"/>
			<t id="s8_8" word="denunciar" lemma="denunciar" pos="v-inf" morph="--" extra="vH mv"/>
			<t id="s8_9" word="abuso" lemma="abuso" pos="n" morph="M S" sem="activity" extra="--"/>
			<t id="s8_10" word="Sinônimos" lemma="Sinônimos" pos="prop" morph="M S" extra="hum * np-close"/>
			<t id="s8_11" word=":" lemma="--" pos="pu" morph="--" extra="--"/>
		</terminals>

		<nonterminals>
			<nt id="s8_500" cat="s">
				<edge label="UTT" idref="s8_501"/>
			</nt>
			<nt id="s8_501" cat="icl">
				<edge label="P" idref="s8_1"/>
				<edge label="Od" idref="s8_502"/>
				<edge label="PU" idref="s8_11"/>
			</nt>
			<nt id="s8_502" cat="icl">
				<edge label="P" idref="s8_2"/>
				<edge label="Od" idref="s8_503"/>
				<edge label="UTT" idref="s8_504"/>
				<edge label="UTT" idref="s8_506"/>
			</nt>
			<nt id="s8_503" cat="np">
				<edge label="DN" idref="s8_3"/>
				<edge label="H" idref="s8_4"/>
			</nt>
			<nt id="s8_504" cat="icl">
				<edge label="P" idref="s8_5"/>
				<edge label="Od" idref="s8_505"/>
			</nt>
			<nt id="s8_505" cat="np">
				<edge label="DN" idref="s8_6"/>
				<edge label="H" idref="s8_7"/>
			</nt>
			<nt id="s8_506" cat="icl">
				<edge label="P" idref="s8_8"/>
				<edge label="Od" idref="s8_507"/>
			</nt>
			<nt id="s8_507" cat="np">
				<edge label="H" idref="s8_9"/>
				<edge label="DN" idref="s8_10"/>
			</nt>
		</nonterminals>
	</graph>
</s>

<s id="s9" ref="9" source="Running text" forest="1" text="esparramado abundancia de palavras prolixo derramado alastrado difuso disperso espalhado espargido esparso extenso divulgadoespalhado generalizado longo comprido demorado dilatado duradouro estirado demasiado enfadonho excessivo fastidioso meticuloso minucioso palavroso superabundante verboso redundante expletivo mais...">
	<graph root="s9_500">
		<terminals>
			<t id="s9_1" word="esparramado" lemma="esparramar" pos="v-pcp" morph="M S" extra="vH"/>
			<t id="s9_2" word="abundancia" lemma="abundancia" pos="n" morph="F S" extra="cjt-head cjt-head-X DERS"/>
			<t id="s9_3" word="de" lemma="de" pos="prp" morph="--" extra="np-close"/>
			<t id="s9_4" word="palavras" lemma="palavra" pos="n" morph="F P" sem="ac-cat act-s" extra="--"/>
			<t id="s9_5" word="prolixo" lemma="prolixo" pos="adj" morph="M S" extra="nh np-long"/>
			<t id="s9_6" word="derramado" lemma="derramado" pos="adj" morph="M S" extra="np-long"/>
			<t id="s9_7" word="alastrado" lemma="alastrar" pos="v-pcp" morph="M S" extra="np-long"/>
			<t id="s9_8" word="difuso" lemma="difuso" pos="adj" morph="M S" extra="cjt-DN n nh np-long"/>
			<t id="s9_9" word="disperso" lemma="dispersar" pos="v-pcp" morph="M S" extra="vH np-long"/>
			<t id="s9_10" word="espalhado" lemma="espalhar" pos="v-pcp" morph="M S" extra="np-long"/>
			<t id="s9_11" word="espargido" lemma="espargir" pos="v-pcp" morph="M S" extra="np-long"/>
			<t id="s9_12" word="esparso" lemma="espargir" pos="v-pcp" morph="M S" extra="np-long"/>
			<t id="s9_13" word="extenso" lemma="extenso" pos="adj" morph="M S" extra="cjt-DN n nh np-long"/>
			<t id="s9_14" word="divulgadoespalhado" lemma="divulgadoespalhar" pos="v-pcp" morph="M S" extra="heur np-long"/>
			<t id="s9_15" word="generalizado" lemma="generalizar" pos="v-pcp" morph="M S" extra="np-long"/>
			<t id="s9_16" word="longo" lemma="longo" pos="adj" morph="M S" extra="cjt-DN n np-long"/>
			<t id="s9_17" word="comprido" lemma="comprido" pos="adj" morph="M S" extra="nh np-long"/>
			<t id="s9_18" word="demorado" lemma="demorado" pos="adj" morph="M S" extra="cjt-DN n nh np-long"/>
			<t id="s9_19" word="dilatado" lemma="dilatar" pos="v-pcp" morph="M S" extra="vH np-long"/>
			<t id="s9_20" word="duradouro" lemma="duradouro" pos="adj" morph="M S" extra="cjt-DN n nh np-long"/>
			<t id="s9_21" word="estirado" lemma="estirado" pos="adj" morph="M S" extra="cjt-DN n"/>
			<t id="s9_22" word="demasiado" lemma="demasiado" pos="adv" morph="--" extra="--"/>
			<t id="s9_23" word="enfadonho" lemma="enfadonho" pos="adj" morph="M S" extra="cjt-DN n np-close"/>
			<t id="s9_24" word="excessivo" lemma="excessivo" pos="adj" morph="M S" extra="nh np-long"/>
			<t id="s9_25" word="fastidioso" lemma="fastidioso" pos="adj" morph="M S" extra="cjt-DN n np-long"/>
			<t id="s9_26" word="meticuloso" lemma="meticuloso" pos="adj" morph="M S" extra="--"/>
			<t id="s9_27" word="minucioso" lemma="minucioso" pos="adj" morph="M S" extra="nh"/>
			<t id="s9_28" word="palavroso" lemma="palavroso" pos="adj" morph="M S" extra="--"/>
			<t id="s9_29" word="superabundante" lemma="superabundante" pos="adj" morph="M S" extra="nh"/>
			<t id="s9_30" word="verboso" lemma="verboso" pos="adj" morph="M S" extra="--"/>
			<t id="s9_31" word="redundante" lemma="redundante" pos="adj" morph="M S" extra="--"/>
			<t id="s9_32" word="expletivo" lemma="expletivo" pos="n" morph="M S" sem="cm" extra="cjt-fCs"/>
			<t id="s9_33" word="mais" lemma="mais" pos="adv" morph="--" extra="--"/>
			<t id="s9_34" word="." lemma="--" pos="pu" morph="--" extra="--"/>
		</terminals>

		<nonterminals>
			<nt id="s9_500" cat="s">
				<edge label="X" idref="s9_501"/>
			</nt>
			<nt id="s9_501" cat="par">
				<edge label="CJT" idref="s9_502"/>
				<edge label="CJT" idref="s9_8"/>
				<edge label="CJT" idref="s9_13"/>
				<edge label="CJT" idref="s9_16"/>
				<edge label="CJT" idref="s9_18"/>
				<edge label="CJT" idref="s9_20"/>
				<edge label="CJT" idref="s9_504"/>
				<edge label="CJT" idref="s9_23"/>
				<edge label="CJT" idref="s9_25"/>
				<edge label="CJT" idref="s9_505"/>
				<edge label="PU" idref="s9_34"/>
			</nt>
			<nt id="s9_502" cat="np">
				<edge label="DN" idref="s9_1"/>
				<edge label="H" idref="s9_2"/>
				<edge label="DN" idref="s9_503"/>
				<edge label="DN" idref="s9_5"/>
				<edge label="DN" idref="s9_6"/>
				<edge label="DN" idref="s9_7"/>
				<edge label="DN" idref="s9_9"/>
				<edge label="DN" idref="s9_10"/>
				<edge label="DN" idref="s9_11"/>
				<edge label="DN" idref="s9_12"/>
				<edge label="DN" idref="s9_14"/>
				<edge label="DN" idref="s9_15"/>
				<edge label="DN" idref="s9_17"/>
				<edge label="DN" idref="s9_19"/>
			</nt>
			<nt id="s9_503" cat="pp">
				<edge label="H" idref="s9_3"/>
				<edge label="DP" idref="s9_4"/>
			</nt>
			<nt id="s9_504" cat="adjp">
				<edge label="H" idref="s9_21"/>
				<edge label="fA" idref="s9_22"/>
				<edge label="DN" idref="s9_24"/>
			</nt>
			<nt id="s9_505" cat="np">
				<edge label="DN" idref="s9_26"/>
				<edge label="DN" idref="s9_27"/>
				<edge label="DN" idref="s9_28"/>
				<edge label="DN" idref="s9_29"/>
				<edge label="DN" idref="s9_30"/>
				<edge label="DN" idref="s9_31"/>
				<edge label="H" idref="s9_32"/>
				<edge label="fA" idref="s9_33"/>
			</nt>
		</nonterminals>
	</graph>
</s>

<s id="s10" ref="10" source="Running text" forest="1" text="Antônimos:">
	<graph root="s10_500">
		<terminals>
			<t id="s10_1" word="Antônimos" lemma="antônimo" pos="adj" morph="M P" extra="* nh"/>
			<t id="s10_2" word=":" lemma="--" pos="pu" morph="--" extra="--"/>
		</terminals>

		<nonterminals>
			<nt id="s10_500" cat="s">
				<edge label="UTT" idref="s10_501"/>
			</nt>
			<nt id="s10_501" cat="x">
				<edge label="X" idref="s10_1"/>
				<edge label="PU" idref="s10_2"/>
			</nt>
		</nonterminals>
	</graph>
</s>

<s id="s11" ref="11" source="Running text" forest="1" text="junto concentrado mais...">
	<graph root="s11_500">
		<terminals>
			<t id="s11_1" word="junto" lemma="junto" pos="adv" morph="--" extra="--"/>
			<t id="s11_2" word="concentrado" lemma="concentrar" pos="v-pcp" morph="M S" extra="vH jh mv"/>
			<t id="s11_3" word="mais" lemma="muito" pos="pron-indef" morph="DET M/F S/P" extra="quant KOMP"/>
			<t id="s11_4" word="." lemma="--" pos="pu" morph="--" extra="--"/>
		</terminals>

		<nonterminals>
			<nt id="s11_500" cat="s">
				<edge label="UTT" idref="s11_501"/>
			</nt>
			<nt id="s11_501" cat="icl">
				<edge label="fA" idref="s11_1"/>
				<edge label="P" idref="s11_2"/>
				<edge label="S" idref="s11_3"/>
				<edge label="PU" idref="s11_4"/>
			</nt>
		</nonterminals>
	</graph>
</s>

<s id="s12" ref="12" source="Running text" forest="1" text="Relacionadas:">
	<graph root="s12_500">
		<terminals>
			<t id="s12_1" word="Relacionadas" lemma="relacionado" pos="adj" morph="F P" extra="* nh"/>
			<t id="s12_2" word=":" lemma="--" pos="pu" morph="--" extra="--"/>
		</terminals>

		<nonterminals>
			<nt id="s12_500" cat="s">
				<edge label="UTT" idref="s12_501"/>
			</nt>
			<nt id="s12_501" cat="x">
				<edge label="X" idref="s12_1"/>
				<edge label="PU" idref="s12_2"/>
			</nt>
		</nonterminals>
	</graph>
</s>

<s id="s13" ref="13" source="Running text" forest="1" text="disseminado indescritível mais...">
	<graph root="s13_500">
		<terminals>
			<t id="s13_1" word="disseminado" lemma="disseminar" pos="v-pcp" morph="M S" extra="--"/>
			<t id="s13_2" word="indescritível" lemma="indescritível" pos="adj" morph="M S" extra="n nh"/>
			<t id="s13_3" word="mais" lemma="muito" pos="pron-indef" morph="DET M/F S" extra="quant KOMP"/>
			<t id="s13_4" word="." lemma="--" pos="pu" morph="--" extra="--"/>
		</terminals>

		<nonterminals>
			<nt id="s13_500" cat="s">
				<edge label="S" idref="s13_501"/>
			</nt>
			<nt id="s13_501" cat="np">
				<edge label="DN" idref="s13_1"/>
				<edge label="H" idref="s13_2"/>
				<edge label="S" idref="s13_3"/>
				<edge label="PU" idref="s13_4"/>
			</nt>
		</nonterminals>
	</graph>
</s>

<s id="s14" ref="14" source="Running text" forest="1" text="35 sobe, 49 desce 2. Difuso Por Rayane(SE) em 07-05-2008 Espalhado, esparramado, abundantes em palavras.">
	<graph root="s14_500">
		<terminals>
			<t id="s14_1" word="35" lemma="35" pos="num" morph="M P" extra="card"/>
			<t id="s14_2" word="sobe" lemma="subir" pos="v-fin" morph="PR 3S IND VFIN" extra="cjt-head cjt-head-STA fmc mv"/>
			<t id="s14_3" word="," lemma="--" pos="pu" morph="--" extra="--"/>
			<t id="s14_4" word="49" lemma="49" pos="num" morph="M/F P" extra="card"/>
			<t id="s14_5" word="desce" lemma="descer" pos="v-fin" morph="PR 3S IND VFIN" extra="cjt-STA fmc mv"/>
			<t id="s14_6" word="2." lemma="2." pos="adj" morph="M/F S" extra="NUM-ord"/>
			<t id="s14_7" word="Difuso_Por_Rayane" lemma="Difuso_Por_Rayane" pos="prop" morph="M S" extra="hum * heur"/>
			<t id="s14_8" word="(" lemma="--" pos="pu" morph="--" extra="--"/>
			<t id="s14_9" word="SE" lemma="SE" pos="prop" morph="M S" extra="civ * np-close"/>
			<t id="s14_10" word=")" lemma="--" pos="pu" morph="--" extra="--"/>
			<t id="s14_11" word="em" lemma="em" pos="prp" morph="--" extra="--"/>
			<t id="s14_12" word="07-05-2008" lemma="07-05-2008" pos="num" morph="M/F P" extra="card"/>
			<t id="s14_13" word="Espalhado" lemma="espalhar" pos="v-pcp" morph="M S" extra="prop n *"/>
			<t id="s14_14" word="," lemma="--" pos="pu" morph="--" extra="--"/>
			<t id="s14_15" word="esparramado" lemma="esparramar" pos="v-pcp" morph="M S" extra="vH np-close"/>
			<t id="s14_16" word="," lemma="--" pos="pu" morph="--" extra="--"/>
			<t id="s14_17" word="abundantes" lemma="abundante" pos="adj" morph="M/F P" extra="nh np-close"/>
			<t id="s14_18" word="em" lemma="em" pos="prp" morph="--" extra="--"/>
			<t id="s14_19" word="palavras" lemma="palavra" pos="n" morph="F P" sem="ac-cat act-s" extra="--"/>
			<t id="s14_20" word="." lemma="--" pos="pu" morph="--" extra="--"/>
		</terminals>

		<nonterminals>
			<nt id="s14_500" cat="s">
				<edge label="STA" idref="s14_501"/>
			</nt>
			<nt id="s14_501" cat="par">
				<edge label="CJT" idref="s14_502"/>
				<edge label="PU" idref="s14_3"/>
				<edge label="CJT" idref="s14_503"/>
				<edge label="PU" idref="s14_20"/>
			</nt>
			<nt id="s14_502" cat="fcl">
				<edge label="Od" idref="s14_1"/>
				<edge label="P" idref="s14_2"/>
			</nt>
			<nt id="s14_503" cat="fcl">
				<edge label="Od" idref="s14_4"/>
				<edge label="P" idref="s14_5"/>
				<edge label="fCs" idref="s14_6"/>
				<edge label="S" idref="s14_504"/>
				<edge label="fA" idref="s14_505"/>
			</nt>
			<nt id="s14_504" cat="np">
				<edge label="H" idref="s14_7"/>
				<edge label="PU" idref="s14_8"/>
				<edge label="DNc" idref="s14_9"/>
				<edge label="PU" idref="s14_10"/>
			</nt>
			<nt id="s14_505" cat="pp">
				<edge label="H" idref="s14_11"/>
				<edge label="DP" idref="s14_506"/>
			</nt>
			<nt id="s14_506" cat="np">
				<edge label="DN" idref="s14_12"/>
				<edge label="H" idref="s14_13"/>
				<edge label="PU" idref="s14_14"/>
				<edge label="DNc" idref="s14_507"/>
			</nt>
			<nt id="s14_507" cat="np">
				<edge label="H" idref="s14_15"/>
				<edge label="PU" idref="s14_16"/>
				<edge label="DNc" idref="s14_508"/>
			</nt>
			<nt id="s14_508" cat="adjp">
				<edge label="H" idref="s14_17"/>
				<edge label="DA" idref="s14_509"/>
			</nt>
			<nt id="s14_509" cat="pp">
				<edge label="H" idref="s14_18"/>
				<edge label="DP" idref="s14_19"/>
			</nt>
		</nonterminals>
	</graph>
</s>

<s id="s15" ref="15" source="Running text" forest="1" text="Seria mais fácil definir o terror se ele não fosse tão difuso.">
	<graph root="s15_500">
		<terminals>
			<t id="s15_1" word="Seria" lemma="ser" pos="v-fin" morph="COND 1/3S VFIN" extra="* vK fmc mv"/>
			<t id="s15_2" word="mais" lemma="mais" pos="adv" morph="--" extra="--"/>
			<t id="s15_3" word="fácil" lemma="fácil" pos="adj" morph="M S" extra="jh"/>
			<t id="s15_4" word="definir" lemma="definir" pos="v-inf" morph="--" extra="vH mv"/>
			<t id="s15_5" word="o" lemma="o" pos="art" morph="M S" extra="--"/>
			<t id="s15_6" word="terror" lemma="terror" pos="n" morph="M S" sem="am" extra="--"/>
			<t id="s15_7" word="se" lemma="se" pos="conj-s" morph="--" extra="clb clb-fs"/>
			<t id="s15_8" word="ele" lemma="ele" pos="pron-pers" morph="M 3S NOM" extra="--"/>
			<t id="s15_9" word="não" lemma="não" pos="adv" morph="--" extra="--"/>
			<t id="s15_10" word="fosse" lemma="ser" pos="v-fin" morph="IMPF 3S SUBJ VFIN" extra="vK mv"/>
			<t id="s15_11" word="tão" lemma="tão" pos="adv" morph="--" extra="dem quant"/>
			<t id="s15_12" word="difuso" lemma="difuso" pos="adj" morph="M S" extra="nh"/>
			<t id="s15_13" word="." lemma="--" pos="pu" morph="--" extra="--"/>
		</terminals>

		<nonterminals>
			<nt id="s15_500" cat="s">
				<edge label="STA" idref="s15_501"/>
			</nt>
			<nt id="s15_501" cat="fcl">
				<edge label="P" idref="s15_1"/>
				<edge label="fA" idref="s15_2"/>
				<edge label="Cs" idref="s15_3"/>
				<edge label="S" idref="s15_502"/>
				<edge label="PU" idref="s15_13"/>
			</nt>
			<nt id="s15_502" cat="icl">
				<edge label="P" idref="s15_4"/>
				<edge label="Od" idref="s15_503"/>
				<edge label="fA" idref="s15_504"/>
			</nt>
			<nt id="s15_503" cat="np">
				<edge label="DN" idref="s15_5"/>
				<edge label="H" idref="s15_6"/>
			</nt>
			<nt id="s15_504" cat="fcl">
				<edge label="SUB" idref="s15_7"/>
				<edge label="S" idref="s15_8"/>
				<edge label="fA" idref="s15_9"/>
				<edge label="P" idref="s15_10"/>
				<edge label="Cs" idref="s15_505"/>
			</nt>
			<nt id="s15_505" cat="adjp">
				<edge label="DA" idref="s15_11"/>
				<edge label="H" idref="s15_12"/>
			</nt>
		</nonterminals>
	</graph>
</s>

<s id="s16" ref="16" source="Running text" forest="1" text="Compartilhar enviar nova definição enviar nova imagem denunciar abuso Outras Informações:Palavras com 6 letras A palavra possui 3 vogais -- i u o A palavra possui 3 consoantes -- d f s 1 página -- 2 Definições mandubé lichia huron sarraceno dar a cria.">
	<graph root="s16_500">
		<terminals>
			<t id="s16_1" word="Compartilhar" lemma="compartilhar" pos="v-inf" morph="--" extra="* vH mv"/>
			<t id="s16_2" word="enviar" lemma="enviar" pos="v-inf" morph="--" extra="vH mv"/>
			<t id="s16_3" word="nova" lemma="novo" pos="adj" morph="F S" extra="jh"/>
			<t id="s16_4" word="definição" lemma="definição" pos="n" morph="F S" sem="sem-c" extra="--"/>
			<t id="s16_5" word="enviar" lemma="enviar" pos="v-inf" morph="--" extra="vH mv"/>
			<t id="s16_6" word="nova" lemma="novo" pos="adj" morph="F S" extra="jh"/>
			<t id="s16_7" word="imagem" lemma="imagem" pos="n" morph="F S" sem="pict sem-c ac-cat" extra="--"/>
			<t id="s16_8" word="denunciar" lemma="denunciar" pos="v-inf" morph="--" extra="vH mv"/>
			<t id="s16_9" word="abuso" lemma="abuso" pos="n" morph="M S" sem="activity" extra="--"/>
			<t id="s16_10" word="Outras_Informações" lemma="Outras_Informações" pos="prop" morph="M S" extra="hum * heur np-close"/>
			<t id="s16_11" word=":Palavras" lemma=":Palavras" pos="n" morph="M S" extra="cjt-head cjt-head-S"/>
			<t id="s16_12" word="com" lemma="com" pos="prp" morph="--" extra="--"/>
			<t id="s16_13" word="6" lemma="6" pos="num" morph="F P" extra="card"/>
			<t id="s16_14" word="letras" lemma="letra" pos="n" morph="F P" sem="ac-sign sem-r domain" extra="--"/>
			<t id="s16_15" word="A" lemma="o" pos="art" morph="F S" extra="* "/>
			<t id="s16_16" word="palavra" lemma="palavra" pos="n" morph="F S" sem="ac-cat act-s" extra="cjt-S"/>
			<t id="s16_17" word="possui" lemma="possuir" pos="v-fin" morph="PR 3S IND VFIN" extra="predco vH fmc mv"/>
			<t id="s16_18" word="3" lemma="3" pos="num" morph="M P" extra="card"/>
			<t id="s16_19" word="vogais" lemma="vogal" pos="n" morph="M P" sem="ac-cat H" extra="--"/>
			<t id="s16_20" word="--" lemma="--" pos="pu" morph="--" extra="--"/>
			<t id="s16_21" word="i" lemma="i" pos="n" morph="M S" sem="ac-sign" extra="--"/>
			<t id="s16_22" word="u" lemma="u" pos="n" morph="M S" sem="ac-sign" extra="--"/>
			<t id="s16_23" word="o" lemma="o" pos="art" morph="M S" extra="--"/>
			<t id="s16_24" word="A" lemma="o" pos="art" morph="F S" extra="* "/>
			<t id="s16_25" word="palavra" lemma="palavra" pos="n" morph="F S" sem="ac-cat act-s" extra="--"/>
			<t id="s16_26" word="possui" lemma="possuir" pos="v-fin" morph="PR 3S IND VFIN" extra="cjt-STA vH fmc mv"/>
			<t id="s16_27" word="3" lemma="3" pos="num" morph="F P" extra="card"/>
			<t id="s16_28" word="consoantes" lemma="consoante" pos="n" morph="F P" sem="ac-cat" extra="--"/>
			<t id="s16_29" word="--" lemma="--" pos="pu" morph="--" extra="--"/>
			<t id="s16_30" word="d" lemma="d" pos="n" morph="M S" sem="ac-sign" extra="cjt-head cjt-head-S"/>
			<t id="s16_31" word="f" lemma="f" pos="n" morph="M S" sem="ac-sign" extra="cjt-S"/>
			<t id="s16_32" word="s" lemma="s" pos="prop" morph="M S" extra="hum np-close"/>
			<t id="s16_33" word="1" lemma="1" pos="num" morph="F S" extra="card"/>
			<t id="s16_34" word="página" lemma="página" pos="n" morph="F S" sem="cc-r" extra="cjt-S"/>
			<t id="s16_35" word="--" lemma="--" pos="pu" morph="--" extra="--"/>
			<t id="s16_36" word="2" lemma="2" pos="num" morph="F P" extra="card"/>
			<t id="s16_37" word="Definições" lemma="definição" pos="n" morph="F P" sem="sem-c" extra="prop *"/>
			<t id="s16_38" word="mandubé" lemma="mandubé" pos="n" morph="M S" extra="heur"/>
			<t id="s16_39" word="lichia" lemma="licher" pos="v-fin" morph="IMPF 3S IND VFIN" extra="cjt-STA heur fmc mv"/>
			<t id="s16_40" word="huron" lemma="huron" pos="n" morph="M S" extra="heur"/>
			<t id="s16_41" word="sarraceno" lemma="sarraceno" pos="adj" morph="M S" extra="nat np-close"/>
			<t id="s16_42" word="dar" lemma="dar" pos="v-inf" morph="--" extra="mv"/>
			<t id="s16_43" word="a" lemma="o" pos="art" morph="F S" extra="--"/>
			<t id="s16_44" word="cria" lemma="cria" pos="n" morph="F S" sem="Adom" extra="--"/>
			<t id="s16_45" word="." lemma="--" pos="pu" morph="--" extra="--"/>
		</terminals>

		<nonterminals>
			<nt id="s16_500" cat="s">
				<edge label="UTT" idref="s16_501"/>
			</nt>
			<nt id="s16_501" cat="x">
				<edge label="UTT" idref="s16_506"/>
				<edge label="P" idref="s16_5"/>
				<edge label="Od" idref="s16_507"/>
				<edge label="UTT" idref="s16_508"/>
				<edge label="UTT" idref="s16_526"/>
				<edge label="PU" idref="s16_45"/>
			</nt>
			<nt id="s16_502" cat="fcl">
				<edge label="S" idref="s16_503"/>
			</nt>
			<nt id="s16_503" cat="icl">
				<edge label="P" idref="s16_1"/>
				<edge label="Od" idref="s16_504"/>
			</nt>
			<nt id="s16_504" cat="icl">
				<edge label="P" idref="s16_2"/>
				<edge label="Od" idref="s16_505"/>
			</nt>
			<nt id="s16_505" cat="np">
				<edge label="DN" idref="s16_3"/>
				<edge label="H" idref="s16_4"/>
			</nt>
			<nt id="s16_506" cat="icl">
			</nt>
			<nt id="s16_507" cat="np">
				<edge label="DN" idref="s16_6"/>
				<edge label="H" idref="s16_7"/>
			</nt>
			<nt id="s16_508" cat="fcl">
				<edge label="P" idref="s16_8"/>
				<edge label="Od" idref="s16_509"/>
				<edge label="S" idref="s16_510"/>
				<edge label="fA" idref="s16_511"/>
				<edge label="X" idref="s16_514"/>
			</nt>
			<nt id="s16_509" cat="np">
				<edge label="H" idref="s16_9"/>
				<edge label="DN" idref="s16_10"/>
			</nt>
			<nt id="s16_510" cat="par">
				<edge label="CJT" idref="s16_11"/>
			</nt>
			<nt id="s16_511" cat="pp">
				<edge label="H" idref="s16_12"/>
				<edge label="DP" idref="s16_512"/>
				<edge label="CJT" idref="s16_513"/>
			</nt>
			<nt id="s16_512" cat="np">
				<edge label="DN" idref="s16_13"/>
				<edge label="H" idref="s16_14"/>
			</nt>
			<nt id="s16_513" cat="np">
				<edge label="DN" idref="s16_15"/>
				<edge label="H" idref="s16_16"/>
			</nt>
			<nt id="s16_514" cat="par">
				<edge label="CJT" idref="s16_515"/>
				<edge label="CJT" idref="s16_517"/>
				<edge label="CJT" idref="s16_523"/>
			</nt>
			<nt id="s16_515" cat="x">
				<edge label="P" idref="s16_17"/>
				<edge label="Od" idref="s16_516"/>
				<edge label="fCs" idref="s16_21"/>
				<edge label="fCs" idref="s16_22"/>
			</nt>
			<nt id="s16_516" cat="np">
				<edge label="DN" idref="s16_18"/>
				<edge label="H" idref="s16_19"/>
				<edge label="PU" idref="s16_20"/>
			</nt>
			<nt id="s16_517" cat="fcl">
				<edge label="S" idref="s16_518"/>
				<edge label="P" idref="s16_26"/>
				<edge label="Od" idref="s16_519"/>
				<edge label="S" idref="s16_520"/>
			</nt>
			<nt id="s16_518" cat="np">
				<edge label="DN" idref="s16_23"/>
				<edge label="DN" idref="s16_24"/>
				<edge label="H" idref="s16_25"/>
			</nt>
			<nt id="s16_519" cat="np">
				<edge label="DN" idref="s16_27"/>
				<edge label="H" idref="s16_28"/>
				<edge label="PU" idref="s16_29"/>
			</nt>
			<nt id="s16_520" cat="par">
				<edge label="CJT" idref="s16_30"/>
				<edge label="CJT" idref="s16_521"/>
				<edge label="CJT" idref="s16_522"/>
			</nt>
			<nt id="s16_521" cat="np">
				<edge label="H" idref="s16_31"/>
				<edge label="DN" idref="s16_32"/>
			</nt>
			<nt id="s16_522" cat="np">
				<edge label="DN" idref="s16_33"/>
				<edge label="H" idref="s16_34"/>
				<edge label="PU" idref="s16_35"/>
			</nt>
			<nt id="s16_523" cat="fcl">
				<edge label="fCs" idref="s16_524"/>
				<edge label="S" idref="s16_38"/>
				<edge label="P" idref="s16_39"/>
				<edge label="Od" idref="s16_525"/>
			</nt>
			<nt id="s16_524" cat="np">
				<edge label="DN" idref="s16_36"/>
				<edge label="H" idref="s16_37"/>
			</nt>
			<nt id="s16_525" cat="np">
				<edge label="H" idref="s16_40"/>
				<edge label="DN" idref="s16_41"/>
			</nt>
			<nt id="s16_526" cat="icl">
				<edge label="P" idref="s16_42"/>
				<edge label="Od" idref="s16_527"/>
			</nt>
			<nt id="s16_527" cat="np">
				<edge label="DN" idref="s16_43"/>
				<edge label="H" idref="s16_44"/>
			</nt>
		</nonterminals>
	</graph>
</s>

	</body>
</corpus>
