<?xml version="1.0" encoding="UTF-8"?>
<corpus>

	<body>
<s id="s1" ref="1" source="Running text" forest="1" text="Embusteiro 4 Definições encontradas.">
	<graph root="s1_500">
		<terminals>
			<t id="s1_1" word="Embusteiro" lemma="embusteiro" pos="adj" morph="M S" extra="cjt-head cjt-head-X * jh"/>
			<t id="s1_2" word="4" lemma="4" pos="num" morph="F P" extra="card"/>
			<t id="s1_3" word="Definições" lemma="definição" pos="n" morph="F P" sem="sem-c" extra="cjt-X prop *"/>
			<t id="s1_4" word="encontradas" lemma="encontrado" pos="adj" morph="F P" extra="nh np-close"/>
			<t id="s1_5" word="." lemma="--" pos="pu" morph="--" extra="--"/>
		</terminals>

		<nonterminals>
			<nt id="s1_500" cat="s">
				<edge label="X" idref="s1_501"/>
			</nt>
			<nt id="s1_501" cat="par">
				<edge label="CJT" idref="s1_1"/>
				<edge label="CJT" idref="s1_502"/>
				<edge label="PU" idref="s1_5"/>
			</nt>
			<nt id="s1_502" cat="np">
				<edge label="DN" idref="s1_2"/>
				<edge label="H" idref="s1_3"/>
				<edge label="DN" idref="s1_4"/>
			</nt>
		</nonterminals>
	</graph>
</s>

<s id="s2" ref="2" source="Running text" forest="1" text="Tweet Classificação morfossintática:">
	<graph root="s2_500">
		<terminals>
			<t id="s2_1" word="Tweet_Classificação" lemma="Tweet_Classificação" pos="prop" morph="M S" extra="common * heur"/>
			<t id="s2_2" word="morfossintática" lemma="morfossintático" pos="adj" morph="F S" extra="DERS jh np-close"/>
			<t id="s2_3" word=":" lemma="--" pos="pu" morph="--" extra="--"/>
		</terminals>

		<nonterminals>
			<nt id="s2_500" cat="s">
				<edge label="X" idref="s2_501"/>
			</nt>
			<nt id="s2_501" cat="np">
				<edge label="H" idref="s2_1"/>
				<edge label="DN" idref="s2_2"/>
				<edge label="PU" idref="s2_3"/>
			</nt>
		</nonterminals>
	</graph>
</s>

<s id="s3" ref="3" source="Running text" forest="1" text="Substantivo, masculino singular Adjetivo, masculino singular Flexões da palavra Embusteiro Significados de Embusteiro:">
	<graph root="s3_500">
		<terminals>
			<t id="s3_1" word="Substantivo" lemma="substantivar" pos="v-fin" morph="PR 1S IND VFIN" extra="* vH fmc mv"/>
			<t id="s3_2" word="," lemma="--" pos="pu" morph="--" extra="--"/>
			<t id="s3_3" word="masculino" lemma="masculino" pos="adj" morph="M S" extra="--"/>
			<t id="s3_4" word="singular" lemma="singular" pos="adj" morph="M S" extra="--"/>
			<t id="s3_5" word="Adjetivo" lemma="adjetivo" pos="n" morph="M S" sem="ac-cat" extra="prop *"/>
			<t id="s3_6" word="," lemma="--" pos="pu" morph="--" extra="--"/>
			<t id="s3_7" word="masculino" lemma="masculino" pos="n" morph="M S" sem="ac-cat" extra="cjt-head cjt-head-Od"/>
			<t id="s3_8" word="singular" lemma="singular" pos="adj" morph="M S" extra="np-close"/>
			<t id="s3_9" word="Flexões" lemma="flexão" pos="n" morph="F P" sem="act" extra="cjt-Od prop *"/>
			<t id="s3_10" word="de" lemma="de" pos="prp" morph="--" extra="sam- np-close"/>
			<t id="s3_11" word="a" lemma="o" pos="art" morph="F S" extra="-sam "/>
			<t id="s3_12" word="palavra" lemma="palavra" pos="n" morph="F S" sem="ac-cat act-s" extra="--"/>
			<t id="s3_13" word="Embusteiro_Significados_de_Embusteiro" lemma="Embusteiro_Significados_de_Embusteiro" pos="prop" morph="F S" extra="org * heur np-close"/>
			<t id="s3_14" word=":" lemma="--" pos="pu" morph="--" extra="--"/>
		</terminals>

		<nonterminals>
			<nt id="s3_500" cat="s">
				<edge label="STA" idref="s3_501"/>
			</nt>
			<nt id="s3_501" cat="fcl">
				<edge label="P" idref="s3_1"/>
				<edge label="PU" idref="s3_2"/>
				<edge label="fCs" idref="s3_502"/>
				<edge label="PU" idref="s3_6"/>
				<edge label="Od" idref="s3_503"/>
				<edge label="PU" idref="s3_14"/>
			</nt>
			<nt id="s3_502" cat="np">
				<edge label="DN" idref="s3_3"/>
				<edge label="DN" idref="s3_4"/>
				<edge label="H" idref="s3_5"/>
			</nt>
			<nt id="s3_503" cat="par">
				<edge label="CJT" idref="s3_504"/>
				<edge label="CJT" idref="s3_505"/>
			</nt>
			<nt id="s3_504" cat="np">
				<edge label="H" idref="s3_7"/>
				<edge label="DN" idref="s3_8"/>
			</nt>
			<nt id="s3_505" cat="np">
				<edge label="H" idref="s3_9"/>
				<edge label="DN" idref="s3_506"/>
			</nt>
			<nt id="s3_506" cat="pp">
				<edge label="H" idref="s3_10"/>
				<edge label="DP" idref="s3_507"/>
			</nt>
			<nt id="s3_507" cat="np">
				<edge label="DN" idref="s3_11"/>
				<edge label="H" idref="s3_12"/>
				<edge label="DN" idref="s3_13"/>
			</nt>
		</nonterminals>
	</graph>
</s>

<s id="s4" ref="4" source="Running text" forest="1" text="40 sobe, 19 desce 1. Embusteiro Por marcelo a.(CE) em 08-10-2007 Em o meio militar, diz- se do sujeito que gosta de se sobressair dos demais com o uso de apetrechos e distintivos no uniforme, ou força situações para apresentar- se como tal.">
	<graph root="s4_500">
		<terminals>
			<t id="s4_1" word="40" lemma="40" pos="num" morph="M/F S" extra="card"/>
			<t id="s4_2" word="sobe" lemma="subir" pos="v-fin" morph="PR 3S IND VFIN" extra="cjt-head cjt-head-STA fmc mv"/>
			<t id="s4_3" word="," lemma="--" pos="pu" morph="--" extra="--"/>
			<t id="s4_4" word="19" lemma="19" pos="num" morph="M/F P" extra="card"/>
			<t id="s4_5" word="desce" lemma="descer" pos="v-fin" morph="PR 3S IND VFIN" extra="cjt-STA fmc mv"/>
			<t id="s4_6" word="1." lemma="1." pos="adj" morph="M/F S" extra="NUM-ord"/>
			<t id="s4_7" word="Embusteiro_Por" lemma="Embusteiro_Por" pos="prop" morph="M S" extra="common * heur"/>
			<t id="s4_8" word="marcelo" lemma="marcelo" pos="adj" morph="M S" extra="heur jh np-close"/>
			<t id="s4_9" word="a." lemma="a." pos="adv" morph="--" extra="--"/>
			<t id="s4_10" word="(" lemma="--" pos="pu" morph="--" extra="--"/>
			<t id="s4_11" word="CE" lemma="CE" pos="prop" morph="M S" extra="civ * np-close"/>
			<t id="s4_12" word=")" lemma="--" pos="pu" morph="--" extra="--"/>
			<t id="s4_13" word="em" lemma="em" pos="prp" morph="--" extra="--"/>
			<t id="s4_14" word="08-10-2007" lemma="08-10-2007" pos="num" morph="M/F S" extra="card"/>
			<t id="s4_15" word="Em" lemma="em" pos="prp" morph="--" extra="* sam-"/>
			<t id="s4_16" word="o" lemma="o" pos="art" morph="M S" extra="-sam "/>
			<t id="s4_17" word="meio" lemma="meio" pos="n" morph="M S" sem="Labs tool amount" extra="--"/>
			<t id="s4_18" word="militar" lemma="militar" pos="adj" morph="M S" extra="np-close"/>
			<t id="s4_19" word="," lemma="--" pos="pu" morph="--" extra="--"/>
			<t id="s4_20" word="diz-" lemma="dizer" pos="v-fin" morph="PR 3S IND VFIN" extra="cjt-STA hyfen vH fmc mv"/>
			<t id="s4_21" word="se" lemma="se" pos="pron-pers" morph="M/F 3S/P ACC" extra="--"/>
			<t id="s4_22" word="de" lemma="de" pos="prp" morph="--" extra="sam-"/>
			<t id="s4_23" word="o" lemma="o" pos="art" morph="M S" extra="-sam "/>
			<t id="s4_24" word="sujeito" lemma="sujeito" pos="n" morph="M S" sem="H ac-cat ac" extra="--"/>
			<t id="s4_25" word="que" lemma="que" pos="spec" morph="M S" extra="clb clb-fs rel"/>
			<t id="s4_26" word="gosta" lemma="gostar" pos="v-fin" morph="PR 3S IND VFIN" extra="vH mv np-close"/>
			<t id="s4_27" word="de" lemma="de" pos="prp" morph="--" extra="--"/>
			<t id="s4_28" word="se" lemma="se" pos="pron-pers" morph="M/F 3S ACC" extra="refl"/>
			<t id="s4_29" word="sobressair" lemma="sobressair" pos="v-inf" morph="--" extra="vN mv"/>
			<t id="s4_30" word="de" lemma="de" pos="prp" morph="--" extra="sam-"/>
			<t id="s4_31" word="os" lemma="o" pos="art" morph="M P" extra="-sam "/>
			<t id="s4_32" word="demais" lemma="demais" pos="pron-indef" morph="DET M/F S/P" extra="--"/>
			<t id="s4_33" word="com" lemma="com" pos="prp" morph="--" extra="--"/>
			<t id="s4_34" word="o" lemma="o" pos="art" morph="M S" extra="--"/>
			<t id="s4_35" word="uso" lemma="uso" pos="n" morph="M S" sem="act ac" extra="--"/>
			<t id="s4_36" word="de" lemma="de" pos="prp" morph="--" extra="np-close"/>
			<t id="s4_37" word="apetrechos" lemma="apetrechos" pos="n" morph="M P" sem="tool" extra="cjt-head cjt-head-DP"/>
			<t id="s4_38" word="e" lemma="e" pos="conj-c" morph="--" extra="--"/>
			<t id="s4_39" word="distintivos" lemma="distintivo" pos="n" morph="M P" sem="f-c" extra="cjt-DP"/>
			<t id="s4_40" word="em" lemma="em" pos="prp" morph="--" extra="sam-"/>
			<t id="s4_41" word="o" lemma="o" pos="art" morph="M S" extra="-sam "/>
			<t id="s4_42" word="uniforme" lemma="uniforme" pos="n" morph="M S" sem="cloH" extra="--"/>
			<t id="s4_43" word="," lemma="--" pos="pu" morph="--" extra="--"/>
			<t id="s4_44" word="ou" lemma="ou" pos="conj-c" morph="--" extra="--"/>
			<t id="s4_45" word="força" lemma="forçar" pos="v-fin" morph="PR 3S IND VFIN" extra="vH fmc mv np-close"/>
			<t id="s4_46" word="situações" lemma="situação" pos="n" morph="F P" sem="sit" extra="--"/>
			<t id="s4_47" word="para" lemma="para" pos="prp" morph="--" extra="--"/>
			<t id="s4_48" word="apresentar-" lemma="apresentar" pos="v-inf" morph="--" extra="hyfen vH mv"/>
			<t id="s4_49" word="se" lemma="se" pos="pron-pers" morph="M 3S ACC" extra="obj pass"/>
			<t id="s4_50" word="como" lemma="como" pos="prp" morph="--" extra="prd adv-rel"/>
			<t id="s4_51" word="tal" lemma="tal" pos="pron-indef" morph="DET M/F S" extra="asarg diff KOMP"/>
			<t id="s4_52" word="." lemma="--" pos="pu" morph="--" extra="--"/>
		</terminals>

		<nonterminals>
			<nt id="s4_500" cat="s">
				<edge label="STA" idref="s4_501"/>
			</nt>
			<nt id="s4_501" cat="par">
				<edge label="CJT" idref="s4_502"/>
				<edge label="PU" idref="s4_3"/>
				<edge label="CJT" idref="s4_503"/>
				<edge label="PU" idref="s4_19"/>
				<edge label="CJT" idref="s4_508"/>
				<edge label="PU" idref="s4_52"/>
			</nt>
			<nt id="s4_502" cat="fcl">
				<edge label="S" idref="s4_1"/>
				<edge label="P" idref="s4_2"/>
			</nt>
			<nt id="s4_503" cat="fcl">
				<edge label="Od" idref="s4_4"/>
				<edge label="P" idref="s4_5"/>
				<edge label="fCs" idref="s4_6"/>
				<edge label="S" idref="s4_504"/>
				<edge label="fA" idref="s4_9"/>
				<edge label="fA" idref="s4_505"/>
				<edge label="fA" idref="s4_506"/>
			</nt>
			<nt id="s4_504" cat="np">
				<edge label="H" idref="s4_7"/>
				<edge label="DN" idref="s4_8"/>
				<edge label="PU" idref="s4_10"/>
				<edge label="DNapp" idref="s4_11"/>
				<edge label="PU" idref="s4_12"/>
			</nt>
			<nt id="s4_505" cat="pp">
				<edge label="H" idref="s4_13"/>
				<edge label="DP" idref="s4_14"/>
			</nt>
			<nt id="s4_506" cat="pp">
				<edge label="H" idref="s4_15"/>
				<edge label="DP" idref="s4_507"/>
			</nt>
			<nt id="s4_507" cat="np">
				<edge label="DN" idref="s4_16"/>
				<edge label="H" idref="s4_17"/>
				<edge label="DN" idref="s4_18"/>
			</nt>
			<nt id="s4_508" cat="fcl">
				<edge label="P" idref="s4_20"/>
				<edge label="S" idref="s4_21"/>
				<edge label="fA" idref="s4_509"/>
			</nt>
			<nt id="s4_509" cat="pp">
				<edge label="H" idref="s4_22"/>
				<edge label="DP" idref="s4_510"/>
			</nt>
			<nt id="s4_510" cat="np">
				<edge label="DN" idref="s4_23"/>
				<edge label="H" idref="s4_24"/>
				<edge label="DN" idref="s4_511"/>
			</nt>
			<nt id="s4_511" cat="fcl">
				<edge label="S" idref="s4_25"/>
				<edge label="P" idref="s4_26"/>
				<edge label="Op" idref="s4_512"/>
			</nt>
			<nt id="s4_512" cat="pp">
				<edge label="H" idref="s4_27"/>
				<edge label="DP" idref="s4_513"/>
			</nt>
			<nt id="s4_513" cat="icl">
				<edge label="Od" idref="s4_28"/>
				<edge label="P" idref="s4_29"/>
				<edge label="fA" idref="s4_514"/>
				<edge label="fA" idref="s4_516"/>
				<edge label="fA" idref="s4_520"/>
			</nt>
			<nt id="s4_514" cat="pp">
				<edge label="H" idref="s4_30"/>
				<edge label="DP" idref="s4_515"/>
			</nt>
			<nt id="s4_515" cat="np">
				<edge label="DN" idref="s4_31"/>
				<edge label="H" idref="s4_32"/>
			</nt>
			<nt id="s4_516" cat="pp">
				<edge label="H" idref="s4_33"/>
				<edge label="DP" idref="s4_517"/>
			</nt>
			<nt id="s4_517" cat="np">
				<edge label="DN" idref="s4_34"/>
				<edge label="H" idref="s4_35"/>
				<edge label="DN" idref="s4_518"/>
			</nt>
			<nt id="s4_518" cat="pp">
				<edge label="H" idref="s4_36"/>
				<edge label="DP" idref="s4_519"/>
			</nt>
			<nt id="s4_519" cat="par">
				<edge label="CJT" idref="s4_37"/>
				<edge label="CO" idref="s4_38"/>
				<edge label="CJT" idref="s4_39"/>
			</nt>
			<nt id="s4_520" cat="pp">
				<edge label="H" idref="s4_40"/>
				<edge label="DP" idref="s4_521"/>
			</nt>
			<nt id="s4_521" cat="np">
				<edge label="DN" idref="s4_41"/>
				<edge label="H" idref="s4_42"/>
				<edge label="PU" idref="s4_43"/>
				<edge label="CO" idref="s4_44"/>
				<edge label="DN" idref="s4_522"/>
			</nt>
			<nt id="s4_522" cat="fcl">
				<edge label="P" idref="s4_45"/>
				<edge label="Od" idref="s4_46"/>
				<edge label="fA" idref="s4_523"/>
			</nt>
			<nt id="s4_523" cat="pp">
				<edge label="H" idref="s4_47"/>
				<edge label="DP" idref="s4_524"/>
			</nt>
			<nt id="s4_524" cat="icl">
				<edge label="P" idref="s4_48"/>
				<edge label="Od" idref="s4_49"/>
				<edge label="Co" idref="s4_525"/>
			</nt>
			<nt id="s4_525" cat="pp">
				<edge label="H" idref="s4_50"/>
				<edge label="DP" idref="s4_51"/>
			</nt>
		</nonterminals>
	</graph>
</s>

<s id="s5" ref="5" source="Running text" forest="1" text="A tal ato se diz:">
	<graph root="s5_500">
		<terminals>
			<t id="s5_1" word="A" lemma="o" pos="art" morph="F S" extra="* "/>
			<t id="s5_2" word="tal" lemma="tal" pos="pron-indef" morph="DET M S" extra="diff KOMP"/>
			<t id="s5_3" word="ato" lemma="ato" pos="n" morph="M S" sem="act cc-r" extra="--"/>
			<t id="s5_4" word="se" lemma="se" pos="pron-pers" morph="M/F 3S/P ACC" extra="--"/>
			<t id="s5_5" word="diz" lemma="dizer" pos="v-fin" morph="PR 3S IND VFIN" extra="vH fmc mv"/>
			<t id="s5_6" word=":" lemma="--" pos="pu" morph="--" extra="--"/>
		</terminals>

		<nonterminals>
			<nt id="s5_500" cat="s">
				<edge label="STA" idref="s5_501"/>
			</nt>
			<nt id="s5_501" cat="fcl">
				<edge label="fCs" idref="s5_502"/>
				<edge label="S" idref="s5_4"/>
				<edge label="P" idref="s5_5"/>
				<edge label="PU" idref="s5_6"/>
			</nt>
			<nt id="s5_502" cat="np">
				<edge label="DN" idref="s5_1"/>
				<edge label="DN" idref="s5_2"/>
				<edge label="H" idref="s5_3"/>
			</nt>
		</nonterminals>
	</graph>
</s>

<s id="s6" ref="6" source="Running text" forest="1" text="pagar embuste.">
	<graph root="s6_500">
		<terminals>
			<t id="s6_1" word="pagar" lemma="pagar" pos="v-inf" morph="--" extra="vH mv"/>
			<t id="s6_2" word="embuste" lemma="embuste" pos="n" morph="M S" sem="act-trick" extra="--"/>
			<t id="s6_3" word="." lemma="--" pos="pu" morph="--" extra="--"/>
		</terminals>

		<nonterminals>
			<nt id="s6_500" cat="s">
				<edge label="UTT" idref="s6_501"/>
			</nt>
			<nt id="s6_501" cat="icl">
				<edge label="P" idref="s6_1"/>
				<edge label="Od" idref="s6_2"/>
				<edge label="PU" idref="s6_3"/>
			</nt>
		</nonterminals>
	</graph>
</s>

<s id="s7" ref="7" source="Running text" forest="1" text="O major fulano é muito embusteiro com aquelas medalhas todas.">
	<graph root="s7_500">
		<terminals>
			<t id="s7_1" word="O" lemma="o" pos="art" morph="M S" extra="* "/>
			<t id="s7_2" word="major" lemma="major" pos="n" morph="M S" sem="Hprof" extra="--"/>
			<t id="s7_3" word="fulano" lemma="fulano" pos="n" morph="M S" sem="Hnat" extra="np-close"/>
			<t id="s7_4" word="é" lemma="ser" pos="v-fin" morph="PR 3S IND VFIN" extra="vK fmc mv"/>
			<t id="s7_5" word="muito" lemma="muito" pos="adv" morph="--" extra="quant"/>
			<t id="s7_6" word="embusteiro" lemma="embusteiro" pos="adj" morph="M S" extra="jh"/>
			<t id="s7_7" word="com" lemma="com" pos="prp" morph="--" extra="--"/>
			<t id="s7_8" word="aquelas" lemma="aquele" pos="pron-dem" morph="DET F P" extra="dem"/>
			<t id="s7_9" word="medalhas" lemma="medalha" pos="n" morph="F P" sem="cc" extra="--"/>
			<t id="s7_10" word="todas" lemma="todo" pos="pron-indef" morph="DET F P" extra="quant np-close"/>
			<t id="s7_11" word="." lemma="--" pos="pu" morph="--" extra="--"/>
		</terminals>

		<nonterminals>
			<nt id="s7_500" cat="s">
				<edge label="STA" idref="s7_501"/>
			</nt>
			<nt id="s7_501" cat="fcl">
				<edge label="S" idref="s7_502"/>
				<edge label="P" idref="s7_4"/>
				<edge label="Cs" idref="s7_503"/>
				<edge label="fA" idref="s7_504"/>
				<edge label="PU" idref="s7_11"/>
			</nt>
			<nt id="s7_502" cat="np">
				<edge label="DN" idref="s7_1"/>
				<edge label="H" idref="s7_2"/>
				<edge label="DN" idref="s7_3"/>
			</nt>
			<nt id="s7_503" cat="adjp">
				<edge label="DA" idref="s7_5"/>
				<edge label="H" idref="s7_6"/>
			</nt>
			<nt id="s7_504" cat="pp">
				<edge label="H" idref="s7_7"/>
				<edge label="DP" idref="s7_505"/>
			</nt>
			<nt id="s7_505" cat="np">
				<edge label="DN" idref="s7_8"/>
				<edge label="H" idref="s7_9"/>
				<edge label="DN" idref="s7_10"/>
			</nt>
		</nonterminals>
	</graph>
</s>

<s id="s8" ref="8" source="Running text" forest="1" text="Compartilhar enviar nova definição enviar nova imagem denunciar abuso Sinônimos:">
	<graph root="s8_500">
		<terminals>
			<t id="s8_1" word="Compartilhar" lemma="compartilhar" pos="v-inf" morph="--" extra="* vH mv"/>
			<t id="s8_2" word="enviar" lemma="enviar" pos="v-inf" morph="--" extra="vH mv"/>
			<t id="s8_3" word="nova" lemma="novo" pos="adj" morph="F S" extra="jh"/>
			<t id="s8_4" word="definição" lemma="definição" pos="n" morph="F S" sem="sem-c" extra="--"/>
			<t id="s8_5" word="enviar" lemma="enviar" pos="v-inf" morph="--" extra="vH mv"/>
			<t id="s8_6" word="nova" lemma="novo" pos="adj" morph="F S" extra="jh"/>
			<t id="s8_7" word="imagem" lemma="imagem" pos="n" morph="F S" sem="pict sem-c ac-cat" extra="--"/>
			<t id="s8_8" word="denunciar" lemma="denunciar" pos="v-inf" morph="--" extra="vH mv"/>
			<t id="s8_9" word="abuso" lemma="abuso" pos="n" morph="M S" sem="activity" extra="--"/>
			<t id="s8_10" word="Sinônimos" lemma="Sinônimos" pos="prop" morph="M S" extra="hum * np-close"/>
			<t id="s8_11" word=":" lemma="--" pos="pu" morph="--" extra="--"/>
		</terminals>

		<nonterminals>
			<nt id="s8_500" cat="s">
				<edge label="UTT" idref="s8_501"/>
			</nt>
			<nt id="s8_501" cat="icl">
				<edge label="P" idref="s8_1"/>
				<edge label="Od" idref="s8_502"/>
				<edge label="PU" idref="s8_11"/>
			</nt>
			<nt id="s8_502" cat="icl">
				<edge label="P" idref="s8_2"/>
				<edge label="Od" idref="s8_503"/>
				<edge label="UTT" idref="s8_504"/>
				<edge label="UTT" idref="s8_506"/>
			</nt>
			<nt id="s8_503" cat="np">
				<edge label="DN" idref="s8_3"/>
				<edge label="H" idref="s8_4"/>
			</nt>
			<nt id="s8_504" cat="icl">
				<edge label="P" idref="s8_5"/>
				<edge label="Od" idref="s8_505"/>
			</nt>
			<nt id="s8_505" cat="np">
				<edge label="DN" idref="s8_6"/>
				<edge label="H" idref="s8_7"/>
			</nt>
			<nt id="s8_506" cat="icl">
				<edge label="P" idref="s8_8"/>
				<edge label="Od" idref="s8_507"/>
			</nt>
			<nt id="s8_507" cat="np">
				<edge label="H" idref="s8_9"/>
				<edge label="DN" idref="s8_10"/>
			</nt>
		</nonterminals>
	</graph>
</s>

<s id="s9" ref="9" source="Running text" forest="1" text="intrujão impostor mentiroso fodão burlão embusteiro trapaceiro caborteiro manhoso velhaco charlatão curandeiro fariseu farmacopola embaidor enganador sedutor embromador chicaneiroouchicanista tapeador engazopador falaz ardiloso enganoso fraudulento frustratório aventurar cabotino candongueiro comediante mais...">
	<graph root="s9_500">
		<terminals>
			<t id="s9_1" word="intrujão" lemma="intrujão" pos="n" morph="M S" sem="Hattr" extra="cjt-head cjt-head-S"/>
			<t id="s9_2" word="impostor" lemma="impostor" pos="n" morph="M S" sem="H" extra="np-close"/>
			<t id="s9_3" word="mentiroso" lemma="mentiroso" pos="adj" morph="M S" extra="jh np-long"/>
			<t id="s9_4" word="fodão" lemma="fodão" pos="adj" morph="M S" extra="DERS jh"/>
			<t id="s9_5" word="burlão" lemma="burlão" pos="n" morph="M S" sem="Hattr" extra="cjt-S"/>
			<t id="s9_6" word="embusteiro" lemma="embusteiro" pos="adj" morph="M S" extra="jh"/>
			<t id="s9_7" word="trapaceiro" lemma="trapaceiro" pos="n" morph="M S" sem="H" extra="--"/>
			<t id="s9_8" word="caborteiro" lemma="caborteiro" pos="n" morph="M S" sem="H" extra="cjt-S"/>
			<t id="s9_9" word="manhoso" lemma="manhoso" pos="adj" morph="M S" extra="jh np-close"/>
			<t id="s9_10" word="velhaco" lemma="velhaco" pos="adj" morph="M S" extra="jh"/>
			<t id="s9_11" word="charlatão" lemma="charlatão" pos="n" morph="M S" sem="Hprof" extra="cjt-S"/>
			<t id="s9_12" word="curandeiro" lemma="curandeiro" pos="n" morph="M S" sem="Hprof" extra="np-close"/>
			<t id="s9_13" word="fariseu" lemma="fariseu" pos="n" morph="M S" sem="Hprof" extra="np-long"/>
			<t id="s9_14" word="farmacopola" lemma="farmacopola" pos="n" morph="M/F S" extra="cjt-S DERS"/>
			<t id="s9_15" word="embaidor" lemma="embaidor" pos="n" morph="M S" extra="DERS np-close"/>
			<t id="s9_16" word="enganador" lemma="enganador" pos="adj" morph="M S" extra="np-long"/>
			<t id="s9_17" word="sedutor" lemma="sedutor" pos="adj" morph="M S" extra="--"/>
			<t id="s9_18" word="embromador" lemma="embromador" pos="n" morph="M S" extra="cjt-S DERS"/>
			<t id="s9_19" word="chicaneiroouchicanista" lemma="chicaneiroouchicanista" pos="adj" morph="M S" extra="DERS foreign np-close"/>
			<t id="s9_20" word="tapeador" lemma="tapeador" pos="n" morph="M S" extra="DERS np-long"/>
			<t id="s9_21" word="engazopador" lemma="engazopador" pos="n" morph="M S" extra="DERS np-long"/>
			<t id="s9_22" word="falaz" lemma="falaz" pos="adj" morph="M S" extra="np-long"/>
			<t id="s9_23" word="ardiloso" lemma="ardiloso" pos="adj" morph="M S" extra="np-long"/>
			<t id="s9_24" word="enganoso" lemma="enganoso" pos="adj" morph="M S" extra="np-long"/>
			<t id="s9_25" word="fraudulento" lemma="fraudulento" pos="adj" morph="M S" extra="np-long"/>
			<t id="s9_26" word="frustratório" lemma="frustratório" pos="adj" morph="M S" extra="nh np-long"/>
			<t id="s9_27" word="aventurar" lemma="aventurar" pos="v-inf" morph="--" extra="vH mv"/>
			<t id="s9_28" word="cabotino" lemma="cabotino" pos="adj" morph="M S" extra="jh"/>
			<t id="s9_29" word="candongueiro" lemma="candongueiro" pos="n" morph="M S" sem="H" extra="--"/>
			<t id="s9_30" word="comediante" lemma="comediante" pos="n" morph="M/F S" sem="Hprof" extra="np-close"/>
			<t id="s9_31" word="mais" lemma="mais" pos="adv" morph="--" extra="--"/>
			<t id="s9_32" word="." lemma="--" pos="pu" morph="--" extra="--"/>
		</terminals>

		<nonterminals>
			<nt id="s9_500" cat="s">
				<edge label="UTT" idref="s9_501"/>
			</nt>
			<nt id="s9_501" cat="x">
				<edge label="fCs" idref="s9_6"/>
				<edge label="fCs" idref="s9_7"/>
				<edge label="P" idref="s9_27"/>
				<edge label="Od" idref="s9_510"/>
				<edge label="fA" idref="s9_31"/>
				<edge label="PU" idref="s9_32"/>
			</nt>
			<nt id="s9_502" cat="fcl">
				<edge label="S" idref="s9_503"/>
			</nt>
			<nt id="s9_503" cat="par">
				<edge label="CJT" idref="s9_504"/>
				<edge label="CJT" idref="s9_505"/>
			</nt>
			<nt id="s9_504" cat="np">
				<edge label="H" idref="s9_1"/>
				<edge label="DN" idref="s9_2"/>
				<edge label="DN" idref="s9_3"/>
			</nt>
			<nt id="s9_505" cat="np">
				<edge label="DN" idref="s9_4"/>
				<edge label="H" idref="s9_5"/>
			</nt>
			<nt id="s9_506" cat="np">
				<edge label="H" idref="s9_8"/>
				<edge label="DN" idref="s9_9"/>
			</nt>
			<nt id="s9_507" cat="np">
				<edge label="DN" idref="s9_10"/>
				<edge label="H" idref="s9_11"/>
				<edge label="DN" idref="s9_12"/>
				<edge label="DN" idref="s9_13"/>
			</nt>
			<nt id="s9_508" cat="np">
				<edge label="H" idref="s9_14"/>
				<edge label="DN" idref="s9_15"/>
				<edge label="DN" idref="s9_16"/>
			</nt>
			<nt id="s9_509" cat="np">
				<edge label="DN" idref="s9_17"/>
				<edge label="H" idref="s9_18"/>
				<edge label="DN" idref="s9_19"/>
				<edge label="DN" idref="s9_20"/>
				<edge label="DN" idref="s9_21"/>
				<edge label="DN" idref="s9_22"/>
				<edge label="DN" idref="s9_23"/>
				<edge label="DN" idref="s9_24"/>
				<edge label="DN" idref="s9_25"/>
				<edge label="DN" idref="s9_26"/>
			</nt>
			<nt id="s9_510" cat="np">
				<edge label="DN" idref="s9_28"/>
				<edge label="H" idref="s9_29"/>
				<edge label="DN" idref="s9_30"/>
			</nt>
		</nonterminals>
	</graph>
</s>

<s id="s10" ref="10" source="Running text" forest="1" text="Antônimos:">
	<graph root="s10_500">
		<terminals>
			<t id="s10_1" word="Antônimos" lemma="antônimo" pos="adj" morph="M P" extra="* nh"/>
			<t id="s10_2" word=":" lemma="--" pos="pu" morph="--" extra="--"/>
		</terminals>

		<nonterminals>
			<nt id="s10_500" cat="s">
				<edge label="UTT" idref="s10_501"/>
			</nt>
			<nt id="s10_501" cat="x">
				<edge label="X" idref="s10_1"/>
				<edge label="PU" idref="s10_2"/>
			</nt>
		</nonterminals>
	</graph>
</s>

<s id="s11" ref="11" source="Running text" forest="1" text="sem-saco honesto correto verdadeiro confiável mais...">
	<graph root="s11_500">
		<terminals>
			<t id="s11_1" word="sem-saco" lemma="sem-saco" pos="n" morph="M S" sem="con an" extra="--"/>
			<t id="s11_2" word="honesto" lemma="honesto" pos="adj" morph="M S" extra="np-close"/>
			<t id="s11_3" word="correto" lemma="correto" pos="adj" morph="M S" extra="nh np-long"/>
			<t id="s11_4" word="verdadeiro" lemma="verdadeiro" pos="adj" morph="M S" extra="np-long"/>
			<t id="s11_5" word="confiável" lemma="confiável" pos="adj" morph="M S" extra="np-long"/>
			<t id="s11_6" word="mais" lemma="mais" pos="adv" morph="--" extra="quant KOMP"/>
			<t id="s11_7" word="." lemma="--" pos="pu" morph="--" extra="--"/>
		</terminals>

		<nonterminals>
			<nt id="s11_500" cat="s">
				<edge label="X" idref="s11_501"/>
			</nt>
			<nt id="s11_501" cat="np">
				<edge label="H" idref="s11_1"/>
				<edge label="DN" idref="s11_2"/>
				<edge label="DN" idref="s11_3"/>
				<edge label="DN" idref="s11_4"/>
				<edge label="DN" idref="s11_5"/>
				<edge label="fA" idref="s11_6"/>
				<edge label="PU" idref="s11_7"/>
			</nt>
		</nonterminals>
	</graph>
</s>

<s id="s12" ref="12" source="Running text" forest="1" text="Relacionadas:">
	<graph root="s12_500">
		<terminals>
			<t id="s12_1" word="Relacionadas" lemma="relacionado" pos="adj" morph="F P" extra="* nh"/>
			<t id="s12_2" word=":" lemma="--" pos="pu" morph="--" extra="--"/>
		</terminals>

		<nonterminals>
			<nt id="s12_500" cat="s">
				<edge label="UTT" idref="s12_501"/>
			</nt>
			<nt id="s12_501" cat="x">
				<edge label="X" idref="s12_1"/>
				<edge label="PU" idref="s12_2"/>
			</nt>
		</nonterminals>
	</graph>
</s>

<s id="s13" ref="13" source="Running text" forest="1" text="pagar embuste dissimulação trapaça fingimento mais...">
	<graph root="s13_500">
		<terminals>
			<t id="s13_1" word="pagar" lemma="pagar" pos="v-inf" morph="--" extra="vH mv"/>
			<t id="s13_2" word="embuste" lemma="embuste" pos="n" morph="M S" sem="act-trick" extra="--"/>
			<t id="s13_3" word="dissimulação" lemma="dissimulação" pos="n" morph="F S" sem="act" extra="cjt-head cjt-head-S"/>
			<t id="s13_4" word="trapaça" lemma="trapaça" pos="n" morph="F S" sem="act-trick" extra="cjt-S"/>
			<t id="s13_5" word="fingimento" lemma="fingimento" pos="n" morph="M S" sem="act" extra="cjt-S"/>
			<t id="s13_6" word="mais" lemma="mais" pos="adv" morph="--" extra="--"/>
			<t id="s13_7" word="." lemma="--" pos="pu" morph="--" extra="--"/>
		</terminals>

		<nonterminals>
			<nt id="s13_500" cat="s">
				<edge label="S" idref="s13_501"/>
			</nt>
			<nt id="s13_501" cat="fcl">
				<edge label="P" idref="s13_1"/>
				<edge label="Od" idref="s13_2"/>
				<edge label="S" idref="s13_502"/>
				<edge label="fA" idref="s13_6"/>
				<edge label="PU" idref="s13_7"/>
			</nt>
			<nt id="s13_502" cat="par">
				<edge label="CJT" idref="s13_3"/>
				<edge label="CJT" idref="s13_4"/>
				<edge label="CJT" idref="s13_5"/>
			</nt>
		</nonterminals>
	</graph>
</s>

<s id="s14" ref="14" source="Running text" forest="1" text="24 sobe, 4 desce 2. Embusteiro Por Neilson(RJ) em 17-02-2008 Enganador.">
	<graph root="s14_500">
		<terminals>
			<t id="s14_1" word="24" lemma="24" pos="num" morph="M/F P" extra="card"/>
			<t id="s14_2" word="sobe" lemma="subir" pos="v-fin" morph="PR 3S IND VFIN" extra="cjt-head cjt-head-STA fmc mv"/>
			<t id="s14_3" word="," lemma="--" pos="pu" morph="--" extra="--"/>
			<t id="s14_4" word="4" lemma="4" pos="num" morph="M/F P" extra="card"/>
			<t id="s14_5" word="desce" lemma="descer" pos="v-fin" morph="PR 3S IND VFIN" extra="cjt-STA fmc mv"/>
			<t id="s14_6" word="2." lemma="2." pos="adj" morph="M/F S" extra="NUM-ord"/>
			<t id="s14_7" word="Embusteiro_Por_Neilson" lemma="Embusteiro_Por_Neilson" pos="prop" morph="M S" extra="hum * heur"/>
			<t id="s14_8" word="(" lemma="--" pos="pu" morph="--" extra="--"/>
			<t id="s14_9" word="RJ" lemma="RJ" pos="prop" morph="M S" extra="civ * np-close"/>
			<t id="s14_10" word=")" lemma="--" pos="pu" morph="--" extra="--"/>
			<t id="s14_11" word="em" lemma="em" pos="prp" morph="--" extra="--"/>
			<t id="s14_12" word="17-02-2008" lemma="17-02-2008" pos="num" morph="M/F P" extra="card"/>
			<t id="s14_13" word="Enganador" lemma="enganador" pos="adj" morph="M S" extra="prop n * jh"/>
			<t id="s14_14" word="." lemma="--" pos="pu" morph="--" extra="--"/>
		</terminals>

		<nonterminals>
			<nt id="s14_500" cat="s">
				<edge label="STA" idref="s14_501"/>
			</nt>
			<nt id="s14_501" cat="par">
				<edge label="CJT" idref="s14_502"/>
				<edge label="PU" idref="s14_3"/>
				<edge label="CJT" idref="s14_503"/>
				<edge label="PU" idref="s14_14"/>
			</nt>
			<nt id="s14_502" cat="fcl">
				<edge label="Od" idref="s14_1"/>
				<edge label="P" idref="s14_2"/>
			</nt>
			<nt id="s14_503" cat="fcl">
				<edge label="Od" idref="s14_4"/>
				<edge label="P" idref="s14_5"/>
				<edge label="fCs" idref="s14_6"/>
				<edge label="S" idref="s14_504"/>
				<edge label="fA" idref="s14_505"/>
			</nt>
			<nt id="s14_504" cat="np">
				<edge label="H" idref="s14_7"/>
				<edge label="PU" idref="s14_8"/>
				<edge label="DNc" idref="s14_9"/>
				<edge label="PU" idref="s14_10"/>
			</nt>
			<nt id="s14_505" cat="pp">
				<edge label="H" idref="s14_11"/>
				<edge label="DP" idref="s14_506"/>
			</nt>
			<nt id="s14_506" cat="np">
				<edge label="DN" idref="s14_12"/>
				<edge label="H" idref="s14_13"/>
			</nt>
		</nonterminals>
	</graph>
</s>

<s id="s15" ref="15" source="Running text" forest="1" text="Ele é um embusteiro.">
	<graph root="s15_500">
		<terminals>
			<t id="s15_1" word="Ele" lemma="ele" pos="pron-pers" morph="M 3S NOM" extra="*"/>
			<t id="s15_2" word="é" lemma="ser" pos="v-fin" morph="PR 3S IND VFIN" extra="vK fmc mv"/>
			<t id="s15_3" word="um" lemma="um" pos="art" morph="M S" extra="--"/>
			<t id="s15_4" word="embusteiro" lemma="embusteiro" pos="n" morph="M S" sem="H" extra="--"/>
			<t id="s15_5" word="." lemma="--" pos="pu" morph="--" extra="--"/>
		</terminals>

		<nonterminals>
			<nt id="s15_500" cat="s">
				<edge label="STA" idref="s15_501"/>
			</nt>
			<nt id="s15_501" cat="fcl">
				<edge label="S" idref="s15_1"/>
				<edge label="P" idref="s15_2"/>
				<edge label="Cs" idref="s15_502"/>
				<edge label="PU" idref="s15_5"/>
			</nt>
			<nt id="s15_502" cat="np">
				<edge label="DN" idref="s15_3"/>
				<edge label="H" idref="s15_4"/>
			</nt>
		</nonterminals>
	</graph>
</s>

<s id="s16" ref="16" source="Running text" forest="1" text="Enganar, é com ele mesmo.">
	<graph root="s16_500">
		<terminals>
			<t id="s16_1" word="Enganar" lemma="enganar" pos="v-inf" morph="--" extra="* vH mv"/>
			<t id="s16_2" word="," lemma="--" pos="pu" morph="--" extra="--"/>
			<t id="s16_3" word="é" lemma="ser" pos="v-fin" morph="PR 3S IND VFIN" extra="vK fmc mv"/>
			<t id="s16_4" word="com" lemma="com" pos="prp" morph="--" extra="--"/>
			<t id="s16_5" word="ele" lemma="ele" pos="pron-pers" morph="M 3S NOM/PIV" extra="--"/>
			<t id="s16_6" word="mesmo" lemma="mesmo" pos="pron-indef" morph="DET M S" extra="ident np-close"/>
			<t id="s16_7" word="." lemma="--" pos="pu" morph="--" extra="--"/>
		</terminals>

		<nonterminals>
			<nt id="s16_500" cat="s">
				<edge label="STA" idref="s16_501"/>
			</nt>
			<nt id="s16_501" cat="fcl">
				<edge label="S" idref="s16_1"/>
				<edge label="PU" idref="s16_2"/>
				<edge label="P" idref="s16_3"/>
				<edge label="Cs" idref="s16_502"/>
				<edge label="PU" idref="s16_7"/>
			</nt>
			<nt id="s16_502" cat="pp">
				<edge label="H" idref="s16_4"/>
				<edge label="DP" idref="s16_503"/>
			</nt>
			<nt id="s16_503" cat="np">
				<edge label="H" idref="s16_5"/>
				<edge label="DN" idref="s16_6"/>
			</nt>
		</nonterminals>
	</graph>
</s>

<s id="s17" ref="17" source="Running text" forest="1" text="Compartilhar enviar nova definição enviar nova imagem denunciar abuso 2 sobe, 0 desce 3. Embusteiro Por Inesani(RS) em 12-06-2013 Pessoa que trapaceia, engana, mente, que se utiliza de todo tipo de artimanha para ludibriar outra pessoa ou dissimular situação.">
	<graph root="s17_500">
		<terminals>
			<t id="s17_1" word="Compartilhar" lemma="compartilhar" pos="v-inf" morph="--" extra="cjt-head cjt-head-S * vH mv"/>
			<t id="s17_2" word="enviar" lemma="enviar" pos="v-inf" morph="--" extra="vH mv"/>
			<t id="s17_3" word="nova" lemma="novo" pos="adj" morph="F S" extra="jh"/>
			<t id="s17_4" word="definição" lemma="definição" pos="n" morph="F S" sem="sem-c" extra="--"/>
			<t id="s17_5" word="enviar" lemma="enviar" pos="v-inf" morph="--" extra="vH mv"/>
			<t id="s17_6" word="nova" lemma="novo" pos="adj" morph="F S" extra="jh"/>
			<t id="s17_7" word="imagem" lemma="imagem" pos="n" morph="F S" sem="pict sem-c ac-cat" extra="--"/>
			<t id="s17_8" word="denunciar" lemma="denunciar" pos="v-inf" morph="--" extra="cjt-S vH mv"/>
			<t id="s17_9" word="abuso" lemma="abuso" pos="n" morph="M S" sem="activity" extra="--"/>
			<t id="s17_10" word="2" lemma="2" pos="num" morph="M/F P" extra="card"/>
			<t id="s17_11" word="sobe" lemma="subir" pos="v-fin" morph="PR 3S IND VFIN" extra="predco fmc mv"/>
			<t id="s17_12" word="," lemma="--" pos="pu" morph="--" extra="--"/>
			<t id="s17_13" word="0" lemma="xx" pos="num" morph="M/F P" extra="card"/>
			<t id="s17_14" word="desce" lemma="descer" pos="v-fin" morph="PR 3S IND VFIN" extra="cjt-STA fmc mv"/>
			<t id="s17_15" word="3." lemma="3." pos="adj" morph="M/F S" extra="NUM-ord"/>
			<t id="s17_16" word="Embusteiro_Por_Inesani" lemma="Embusteiro_Por_Inesani" pos="prop" morph="M S" extra="hum * heur"/>
			<t id="s17_17" word="(" lemma="--" pos="pu" morph="--" extra="--"/>
			<t id="s17_18" word="RS" lemma="RS" pos="prop" morph="M S" extra="civ * np-close"/>
			<t id="s17_19" word=")" lemma="--" pos="pu" morph="--" extra="--"/>
			<t id="s17_20" word="em" lemma="em" pos="prp" morph="--" extra="--"/>
			<t id="s17_21" word="12-06-2013" lemma="12-06-2013" pos="num" morph="M/F S" extra="card"/>
			<t id="s17_22" word="Pessoa" lemma="Pessoa" pos="prop" morph="M S" extra="hum *"/>
			<t id="s17_23" word="que" lemma="que" pos="spec" morph="M S" extra="clb clb-fs rel"/>
			<t id="s17_24" word="trapaceia" lemma="trapaceu" pos="adj" morph="F S" extra="DERS jh"/>
			<t id="s17_25" word="," lemma="--" pos="pu" morph="--" extra="--"/>
			<t id="s17_26" word="engana" lemma="enganar" pos="v-fin" morph="PR 3S IND VFIN" extra="vH mv np-close"/>
			<t id="s17_27" word="," lemma="--" pos="pu" morph="--" extra="--"/>
			<t id="s17_28" word="mente" lemma="mentir" pos="v-fin" morph="PR 3S IND VFIN" extra="nosubj cjt-STA vH fmc mv"/>
			<t id="s17_29" word="," lemma="--" pos="pu" morph="--" extra="--"/>
			<t id="s17_30" word="que" lemma="que" pos="conj-s" morph="--" extra="clb clb-fs"/>
			<t id="s17_31" word="se" lemma="se" pos="pron-pers" morph="M/F 3S ACC" extra="refl"/>
			<t id="s17_32" word="utiliza" lemma="utilizar" pos="v-fin" morph="PR 3S IND VFIN" extra="vH mv v-pron"/>
			<t id="s17_33" word="de" lemma="de" pos="prp" morph="--" extra="--"/>
			<t id="s17_34" word="todo" lemma="todo" pos="adv" morph="--" extra="quant det"/>
			<t id="s17_35" word="tipo" lemma="tipo" pos="n" morph="M S" sem="meta H ac-sign" extra="--"/>
			<t id="s17_36" word="de" lemma="de" pos="prp" morph="--" extra="np-close"/>
			<t id="s17_37" word="artimanha" lemma="artimanha" pos="n" morph="F S" sem="sem-c" extra="--"/>
			<t id="s17_38" word="para" lemma="para" pos="prp" morph="--" extra="--"/>
			<t id="s17_39" word="ludibriar" lemma="ludibriar" pos="v-inf" morph="--" extra="cjt-head cjt-head-DP vH mv"/>
			<t id="s17_40" word="outra" lemma="outro" pos="pron-indef" morph="DET F S" extra="diff KOMP"/>
			<t id="s17_41" word="pessoa" lemma="pessoa" pos="n" morph="F S" sem="H" extra="--"/>
			<t id="s17_42" word="ou" lemma="ou" pos="conj-c" morph="--" extra="--"/>
			<t id="s17_43" word="dissimular" lemma="dissimular" pos="v-inf" morph="--" extra="cjt-DP vH mv"/>
			<t id="s17_44" word="situação" lemma="situação" pos="n" morph="F S" sem="sit" extra="--"/>
			<t id="s17_45" word="." lemma="--" pos="pu" morph="--" extra="--"/>
		</terminals>

		<nonterminals>
			<nt id="s17_500" cat="s">
				<edge label="STA" idref="s17_501"/>
			</nt>
			<nt id="s17_501" cat="fcl">
				<edge label="S" idref="s17_502"/>
				<edge label="Od" idref="s17_10"/>
				<edge label="X" idref="s17_509"/>
				<edge label="CJT" idref="s17_527"/>
				<edge label="PU" idref="s17_45"/>
			</nt>
			<nt id="s17_502" cat="par">
				<edge label="CJT" idref="s17_503"/>
				<edge label="CJT" idref="s17_506"/>
			</nt>
			<nt id="s17_503" cat="icl">
				<edge label="P" idref="s17_1"/>
				<edge label="Od" idref="s17_504"/>
			</nt>
			<nt id="s17_504" cat="icl">
				<edge label="P" idref="s17_2"/>
				<edge label="Od" idref="s17_505"/>
			</nt>
			<nt id="s17_505" cat="np">
				<edge label="DN" idref="s17_3"/>
				<edge label="H" idref="s17_4"/>
			</nt>
			<nt id="s17_506" cat="fcl">
				<edge label="S" idref="s17_507"/>
				<edge label="P" idref="s17_8"/>
				<edge label="Od" idref="s17_9"/>
			</nt>
			<nt id="s17_507" cat="icl">
				<edge label="P" idref="s17_5"/>
				<edge label="Od" idref="s17_508"/>
			</nt>
			<nt id="s17_508" cat="np">
				<edge label="DN" idref="s17_6"/>
				<edge label="H" idref="s17_7"/>
			</nt>
			<nt id="s17_509" cat="par">
				<edge label="CJT" idref="s17_510"/>
				<edge label="PU" idref="s17_12"/>
				<edge label="CJT" idref="s17_511"/>
				<edge label="PU" idref="s17_27"/>
				<edge label="CJT" idref="s17_516"/>
			</nt>
			<nt id="s17_510" cat="x">
				<edge label="P" idref="s17_11"/>
			</nt>
			<nt id="s17_511" cat="fcl">
				<edge label="Od" idref="s17_13"/>
				<edge label="P" idref="s17_14"/>
				<edge label="fCs" idref="s17_15"/>
				<edge label="S" idref="s17_512"/>
				<edge label="fA" idref="s17_513"/>
				<edge label="Od" idref="s17_514"/>
			</nt>
			<nt id="s17_512" cat="np">
				<edge label="H" idref="s17_16"/>
				<edge label="PU" idref="s17_17"/>
				<edge label="DNc" idref="s17_18"/>
				<edge label="PU" idref="s17_19"/>
			</nt>
			<nt id="s17_513" cat="pp">
				<edge label="H" idref="s17_20"/>
				<edge label="DP" idref="s17_21"/>
			</nt>
			<nt id="s17_514" cat="np">
				<edge label="H" idref="s17_22"/>
				<edge label="DN" idref="s17_515"/>
			</nt>
			<nt id="s17_515" cat="fcl">
				<edge label="Od" idref="s17_23"/>
				<edge label="fCs" idref="s17_24"/>
				<edge label="PU" idref="s17_25"/>
				<edge label="P" idref="s17_26"/>
			</nt>
			<nt id="s17_516" cat="x">
				<edge label="P" idref="s17_28"/>
				<edge label="PU" idref="s17_29"/>
				<edge label="fA" idref="s17_517"/>
			</nt>
			<nt id="s17_517" cat="fcl">
				<edge label="SUB" idref="s17_30"/>
				<edge label="Od" idref="s17_31"/>
				<edge label="P" idref="s17_32"/>
				<edge label="Op" idref="s17_518"/>
				<edge label="fA" idref="s17_519"/>
			</nt>
			<nt id="s17_518" cat="pp">
				<edge label="H" idref="s17_33"/>
			</nt>
			<nt id="s17_519" cat="pp">
				<edge label="DP" idref="s17_520"/>
				<edge label="DP" idref="s17_524"/>
				<edge label="H" idref="s17_38"/>
				<edge label="DP" idref="s17_526"/>
			</nt>
			<nt id="s17_520" cat="par">
				<edge label="CJT" idref="s17_521"/>
			</nt>
			<nt id="s17_521" cat="icl">
				<edge label="Od" idref="s17_522"/>
			</nt>
			<nt id="s17_522" cat="np">
				<edge label="DN" idref="s17_523"/>
			</nt>
			<nt id="s17_523" cat="adjp">
				<edge label="DA" idref="s17_34"/>
				<edge label="H" idref="s17_40"/>
			</nt>
			<nt id="s17_524" cat="np">
				<edge label="H" idref="s17_35"/>
				<edge label="DN" idref="s17_525"/>
			</nt>
			<nt id="s17_525" cat="pp">
				<edge label="H" idref="s17_36"/>
				<edge label="DP" idref="s17_37"/>
				<edge label="P" idref="s17_39"/>
				<edge label="Od" idref="s17_528"/>
			</nt>
			<nt id="s17_526" cat="par">
				<edge label="CJT" idref="s17_529"/>
			</nt>
			<nt id="s17_527" cat="icl">
			</nt>
			<nt id="s17_528" cat="np">
				<edge label="H" idref="s17_41"/>
				<edge label="CO" idref="s17_42"/>
			</nt>
			<nt id="s17_529" cat="icl">
				<edge label="P" idref="s17_43"/>
				<edge label="Od" idref="s17_44"/>
			</nt>
		</nonterminals>
	</graph>
</s>

<s id="s18" ref="18" source="Running text" forest="1" text="Finge ser o que não é.">
	<graph root="s18_500">
		<terminals>
			<t id="s18_1" word="Finge" lemma="fingir" pos="v-fin" morph="PR 3S IND VFIN" extra="* vH fmc mv"/>
			<t id="s18_2" word="ser" lemma="ser" pos="v-inf" morph="--" extra="vK mv"/>
			<t id="s18_3" word="o" lemma="o" pos="pron-dem" morph="DET M S" extra="dem"/>
			<t id="s18_4" word="que" lemma="que" pos="spec" morph="M S" extra="clb clb-fs rel"/>
			<t id="s18_5" word="não" lemma="não" pos="adv" morph="--" extra="--"/>
			<t id="s18_6" word="é" lemma="ser" pos="v-fin" morph="PR 3S IND VFIN" extra="mv np-close"/>
			<t id="s18_7" word="." lemma="--" pos="pu" morph="--" extra="--"/>
		</terminals>

		<nonterminals>
			<nt id="s18_500" cat="s">
				<edge label="STA" idref="s18_501"/>
			</nt>
			<nt id="s18_501" cat="fcl">
				<edge label="P" idref="s18_1"/>
				<edge label="Od" idref="s18_502"/>
				<edge label="PU" idref="s18_7"/>
			</nt>
			<nt id="s18_502" cat="icl">
				<edge label="P" idref="s18_2"/>
				<edge label="Cs" idref="s18_503"/>
			</nt>
			<nt id="s18_503" cat="np">
				<edge label="H" idref="s18_3"/>
				<edge label="DN" idref="s18_504"/>
			</nt>
			<nt id="s18_504" cat="fcl">
				<edge label="Cs" idref="s18_4"/>
				<edge label="fA" idref="s18_5"/>
				<edge label="P" idref="s18_6"/>
			</nt>
		</nonterminals>
	</graph>
</s>

<s id="s19" ref="19" source="Running text" forest="1" text="Esta advogada é uma embusteira.">
	<graph root="s19_500">
		<terminals>
			<t id="s19_1" word="Esta" lemma="este" pos="pron-dem" morph="DET F S" extra="* dem"/>
			<t id="s19_2" word="advogada" lemma="advogar" pos="v-pcp" morph="F S" extra="n vH"/>
			<t id="s19_3" word="é" lemma="ser" pos="v-fin" morph="PR 3S IND VFIN" extra="vK fmc mv"/>
			<t id="s19_4" word="uma" lemma="um" pos="art" morph="F S" extra="--"/>
			<t id="s19_5" word="embusteira" lemma="embusteira" pos="n" morph="F S" sem="H" extra="--"/>
			<t id="s19_6" word="." lemma="--" pos="pu" morph="--" extra="--"/>
		</terminals>

		<nonterminals>
			<nt id="s19_500" cat="s">
				<edge label="STA" idref="s19_501"/>
			</nt>
			<nt id="s19_501" cat="fcl">
				<edge label="S" idref="s19_502"/>
				<edge label="P" idref="s19_3"/>
				<edge label="Cs" idref="s19_503"/>
				<edge label="PU" idref="s19_6"/>
			</nt>
			<nt id="s19_502" cat="np">
				<edge label="DN" idref="s19_1"/>
				<edge label="H" idref="s19_2"/>
			</nt>
			<nt id="s19_503" cat="np">
				<edge label="DN" idref="s19_4"/>
				<edge label="H" idref="s19_5"/>
			</nt>
		</nonterminals>
	</graph>
</s>

<s id="s20" ref="20" source="Running text" forest="1" text="Compartilhar enviar nova definição enviar nova imagem denunciar abuso 8 sobe, 13 desce 4. Embusteiro Por renan fernandes jales da silva(RJ) em 12-09-2007 Elemento que gosta de ser visto como uma coisa que não é.">
	<graph root="s20_500">
		<terminals>
			<t id="s20_1" word="Compartilhar" lemma="compartilhar" pos="v-inf" morph="--" extra="cjt-head cjt-head-S * vH mv"/>
			<t id="s20_2" word="enviar" lemma="enviar" pos="v-inf" morph="--" extra="vH mv"/>
			<t id="s20_3" word="nova" lemma="novo" pos="adj" morph="F S" extra="jh"/>
			<t id="s20_4" word="definição" lemma="definição" pos="n" morph="F S" sem="sem-c" extra="--"/>
			<t id="s20_5" word="enviar" lemma="enviar" pos="v-inf" morph="--" extra="vH mv"/>
			<t id="s20_6" word="nova" lemma="novo" pos="adj" morph="F S" extra="jh"/>
			<t id="s20_7" word="imagem" lemma="imagem" pos="n" morph="F S" sem="pict sem-c ac-cat" extra="--"/>
			<t id="s20_8" word="denunciar" lemma="denunciar" pos="v-inf" morph="--" extra="cjt-S vH mv"/>
			<t id="s20_9" word="abuso" lemma="abuso" pos="n" morph="M S" sem="activity" extra="--"/>
			<t id="s20_10" word="8" lemma="8" pos="num" morph="M/F P" extra="card"/>
			<t id="s20_11" word="sobe" lemma="subir" pos="v-fin" morph="PR 3S IND VFIN" extra="cjt-head cjt-head-STA fmc mv"/>
			<t id="s20_12" word="," lemma="--" pos="pu" morph="--" extra="--"/>
			<t id="s20_13" word="13" lemma="13" pos="num" morph="M/F P" extra="card"/>
			<t id="s20_14" word="desce" lemma="descer" pos="v-fin" morph="PR 3S IND VFIN" extra="cjt-STA fmc mv"/>
			<t id="s20_15" word="4." lemma="4." pos="adj" morph="M/F S" extra="NUM-ord"/>
			<t id="s20_16" word="Embusteiro_Por" lemma="Embusteiro_Por" pos="prop" morph="M S" extra="hum * heur"/>
			<t id="s20_17" word="renan" lemma="renan" pos="n" morph="M S" extra="cjt-head cjt-head-Od heur"/>
			<t id="s20_18" word="fernandes" lemma="fernande" pos="n" morph="M P" extra="cjt-Od heur"/>
			<t id="s20_19" word="jales" lemma="jale" pos="n" morph="M P" extra="heur"/>
			<t id="s20_20" word="da_silva" lemma="da_silva" pos="adv" morph="--" sem="pp" extra="--"/>
			<t id="s20_21" word="(" lemma="--" pos="pu" morph="--" extra="--"/>
			<t id="s20_22" word="RJ" lemma="RJ" pos="prop" morph="M S" extra="civ * np-close"/>
			<t id="s20_23" word=")" lemma="--" pos="pu" morph="--" extra="--"/>
			<t id="s20_24" word="em" lemma="em" pos="prp" morph="--" extra="--"/>
			<t id="s20_25" word="12-09-2007" lemma="12-09-2007" pos="num" morph="M P" extra="card"/>
			<t id="s20_26" word="Elemento" lemma="elemento" pos="n" morph="M P" sem="ac H" extra="prop *"/>
			<t id="s20_27" word="que" lemma="que" pos="spec" morph="M S" extra="clb clb-fs rel"/>
			<t id="s20_28" word="gosta" lemma="gostar" pos="v-fin" morph="PR 3S IND VFIN" extra="vH mv np-close"/>
			<t id="s20_29" word="de" lemma="de" pos="prp" morph="--" extra="--"/>
			<t id="s20_30" word="ser" lemma="ser" pos="v-inf" morph="--" extra="aux"/>
			<t id="s20_31" word="visto" lemma="ver" pos="v-pcp" morph="M S" extra="vH mv"/>
			<t id="s20_32" word="como" lemma="como" pos="prp" morph="--" extra="prd adv-rel"/>
			<t id="s20_33" word="uma" lemma="um" pos="art" morph="F S" extra="--"/>
			<t id="s20_34" word="coisa" lemma="coisa" pos="n" morph="F S" sem="cc ac" extra="asarg"/>
			<t id="s20_35" word="que" lemma="que" pos="spec" morph="M S" extra="clb clb-fs rel"/>
			<t id="s20_36" word="não" lemma="não" pos="adv" morph="--" extra="--"/>
			<t id="s20_37" word="é" lemma="ser" pos="v-fin" morph="PR 3S IND VFIN" extra="mv np-close"/>
			<t id="s20_38" word="." lemma="--" pos="pu" morph="--" extra="--"/>
		</terminals>

		<nonterminals>
			<nt id="s20_500" cat="s">
				<edge label="STA" idref="s20_501"/>
			</nt>
			<nt id="s20_501" cat="par">
				<edge label="CJT" idref="s20_502"/>
				<edge label="PU" idref="s20_12"/>
				<edge label="CJT" idref="s20_510"/>
				<edge label="PU" idref="s20_38"/>
			</nt>
			<nt id="s20_502" cat="fcl">
				<edge label="S" idref="s20_503"/>
				<edge label="Od" idref="s20_10"/>
				<edge label="P" idref="s20_11"/>
			</nt>
			<nt id="s20_503" cat="par">
				<edge label="CJT" idref="s20_504"/>
				<edge label="CJT" idref="s20_507"/>
			</nt>
			<nt id="s20_504" cat="icl">
				<edge label="P" idref="s20_1"/>
				<edge label="Od" idref="s20_505"/>
			</nt>
			<nt id="s20_505" cat="icl">
				<edge label="P" idref="s20_2"/>
				<edge label="Od" idref="s20_506"/>
			</nt>
			<nt id="s20_506" cat="np">
				<edge label="DN" idref="s20_3"/>
				<edge label="H" idref="s20_4"/>
			</nt>
			<nt id="s20_507" cat="fcl">
				<edge label="S" idref="s20_508"/>
				<edge label="P" idref="s20_8"/>
				<edge label="Od" idref="s20_9"/>
			</nt>
			<nt id="s20_508" cat="icl">
				<edge label="P" idref="s20_5"/>
				<edge label="Od" idref="s20_509"/>
			</nt>
			<nt id="s20_509" cat="np">
				<edge label="DN" idref="s20_6"/>
				<edge label="H" idref="s20_7"/>
			</nt>
			<nt id="s20_510" cat="fcl">
				<edge label="Od" idref="s20_13"/>
				<edge label="P" idref="s20_14"/>
				<edge label="fCs" idref="s20_15"/>
				<edge label="S" idref="s20_16"/>
				<edge label="Od" idref="s20_511"/>
				<edge label="fA" idref="s20_512"/>
				<edge label="fA" idref="s20_20"/>
			</nt>
			<nt id="s20_511" cat="par">
				<edge label="CJT" idref="s20_17"/>
				<edge label="CJT" idref="s20_18"/>
			</nt>
			<nt id="s20_512" cat="pp">
				<edge label="DP" idref="s20_513"/>
				<edge label="H" idref="s20_24"/>
			</nt>
			<nt id="s20_513" cat="np">
				<edge label="DN" idref="s20_514"/>
			</nt>
			<nt id="s20_514" cat="fcl">
				<edge label="Op" idref="s20_515"/>
			</nt>
			<nt id="s20_515" cat="pp">
				<edge label="DP" idref="s20_516"/>
			</nt>
			<nt id="s20_516" cat="icl">
				<edge label="fCs" idref="s20_517"/>
				<edge label="DN" idref="s20_25"/>
				<edge label="H" idref="s20_26"/>
				<edge label="DN" idref="s20_518"/>
			</nt>
			<nt id="s20_517" cat="np">
				<edge label="H" idref="s20_19"/>
				<edge label="PU" idref="s20_21"/>
				<edge label="DNapp" idref="s20_22"/>
				<edge label="PU" idref="s20_23"/>
			</nt>
			<nt id="s20_518" cat="fcl">
				<edge label="S" idref="s20_27"/>
				<edge label="P" idref="s20_28"/>
				<edge label="Op" idref="s20_519"/>
			</nt>
			<nt id="s20_519" cat="pp">
				<edge label="H" idref="s20_29"/>
				<edge label="DP" idref="s20_520"/>
			</nt>
			<nt id="s20_520" cat="icl">
				<edge label="P" idref="s20_521"/>
				<edge label="Cs" idref="s20_522"/>
			</nt>
			<nt id="s20_521" cat="vp">
				<edge label="Vaux" idref="s20_30"/>
				<edge label="Vm" idref="s20_31"/>
			</nt>
			<nt id="s20_522" cat="pp">
				<edge label="H" idref="s20_32"/>
				<edge label="DP" idref="s20_523"/>
			</nt>
			<nt id="s20_523" cat="np">
				<edge label="DN" idref="s20_33"/>
				<edge label="H" idref="s20_34"/>
				<edge label="DN" idref="s20_524"/>
			</nt>
			<nt id="s20_524" cat="fcl">
				<edge label="Cs" idref="s20_35"/>
				<edge label="fA" idref="s20_36"/>
				<edge label="P" idref="s20_37"/>
			</nt>
		</nonterminals>
	</graph>
</s>

<s id="s21" ref="21" source="Running text" forest="1" text="Fulano é um embusteiro de marca maior!">
	<graph root="s21_500">
		<terminals>
			<t id="s21_1" word="Fulano" lemma="fulano" pos="n" morph="M S" extra="* Hnat"/>
			<t id="s21_2" word="é" lemma="ser" pos="v-fin" morph="PR 3S IND VFIN" extra="vK fmc mv"/>
			<t id="s21_3" word="um" lemma="um" pos="art" morph="M S" extra="--"/>
			<t id="s21_4" word="embusteiro" lemma="embusteiro" pos="n" morph="M S" sem="H" extra="--"/>
			<t id="s21_5" word="de_marca_maior" lemma="de_marca_maior" pos="adj" morph="--" sem="pp" extra="--"/>
			<t id="s21_6" word="!" lemma="--" pos="pu" morph="--" extra="--"/>
		</terminals>

		<nonterminals>
			<nt id="s21_500" cat="s">
				<edge label="STA" idref="s21_501"/>
			</nt>
			<nt id="s21_501" cat="fcl">
				<edge label="S" idref="s21_1"/>
				<edge label="P" idref="s21_2"/>
				<edge label="Cs" idref="s21_502"/>
				<edge label="PU" idref="s21_6"/>
			</nt>
			<nt id="s21_502" cat="np">
				<edge label="DN" idref="s21_3"/>
				<edge label="H" idref="s21_4"/>
				<edge label="DN" idref="s21_5"/>
			</nt>
		</nonterminals>
	</graph>
</s>

<s id="s22" ref="22" source="Running text" forest="1" text="Compartilhar enviar nova definição enviar nova imagem denunciar abuso Outras Informações:Palavras com 10 letras A palavra possui 5 vogais -- e u ei o A palavra possui 5 consoantes -- mb st r 1 página -- 4 Definições gamela manchete sarraceno wildiano zorba.">
	<graph root="s22_500">
		<terminals>
			<t id="s22_1" word="Compartilhar" lemma="compartilhar" pos="v-inf" morph="--" extra="* vH mv"/>
			<t id="s22_2" word="enviar" lemma="enviar" pos="v-inf" morph="--" extra="vH mv"/>
			<t id="s22_3" word="nova" lemma="novo" pos="adj" morph="F S" extra="jh"/>
			<t id="s22_4" word="definição" lemma="definição" pos="n" morph="F S" sem="sem-c" extra="--"/>
			<t id="s22_5" word="enviar" lemma="enviar" pos="v-inf" morph="--" extra="vH mv"/>
			<t id="s22_6" word="nova" lemma="novo" pos="adj" morph="F S" extra="jh"/>
			<t id="s22_7" word="imagem" lemma="imagem" pos="n" morph="F S" sem="pict sem-c ac-cat" extra="--"/>
			<t id="s22_8" word="denunciar" lemma="denunciar" pos="v-inf" morph="--" extra="vH mv"/>
			<t id="s22_9" word="abuso" lemma="abuso" pos="n" morph="M S" sem="activity" extra="--"/>
			<t id="s22_10" word="Outras_Informações" lemma="Outras_Informações" pos="prop" morph="M S" extra="hum * heur np-close"/>
			<t id="s22_11" word=":Palavras" lemma=":Palavras" pos="n" morph="M S" extra="cjt-head cjt-head-S"/>
			<t id="s22_12" word="com" lemma="com" pos="prp" morph="--" extra="--"/>
			<t id="s22_13" word="10" lemma="10" pos="num" morph="F P" extra="card"/>
			<t id="s22_14" word="letras" lemma="letra" pos="n" morph="F P" sem="ac-sign sem-r domain" extra="--"/>
			<t id="s22_15" word="A" lemma="o" pos="art" morph="F S" extra="* "/>
			<t id="s22_16" word="palavra" lemma="palavra" pos="n" morph="F S" sem="ac-cat act-s" extra="cjt-S"/>
			<t id="s22_17" word="possui" lemma="possuir" pos="v-fin" morph="PR 3S IND VFIN" extra="cjt-head cjt-head-STA vH fmc mv"/>
			<t id="s22_18" word="5" lemma="5" pos="num" morph="M P" extra="card"/>
			<t id="s22_19" word="vogais" lemma="vogal" pos="n" morph="M P" sem="ac-cat H" extra="--"/>
			<t id="s22_20" word="--" lemma="--" pos="pu" morph="--" extra="--"/>
			<t id="s22_21" word="e" lemma="e" pos="conj-c" morph="--" extra="--"/>
			<t id="s22_22" word="u" lemma="u" pos="n" morph="M S" sem="ac-sign" extra="--"/>
			<t id="s22_23" word="ei" lemma="ei" pos="intj" morph="--" extra="--"/>
			<t id="s22_24" word="o" lemma="o" pos="art" morph="M S" extra="--"/>
			<t id="s22_25" word="A" lemma="o" pos="art" morph="F S" extra="* "/>
			<t id="s22_26" word="palavra" lemma="palavra" pos="n" morph="F S" sem="ac-cat act-s" extra="--"/>
			<t id="s22_27" word="possui" lemma="possuir" pos="v-fin" morph="PR 3S IND VFIN" extra="cjt-STA vH fmc mv"/>
			<t id="s22_28" word="5" lemma="5" pos="num" morph="F P" extra="card"/>
			<t id="s22_29" word="consoantes" lemma="consoante" pos="n" morph="F P" sem="ac-cat" extra="--"/>
			<t id="s22_30" word="--" lemma="--" pos="pu" morph="--" extra="--"/>
			<t id="s22_31" word="mb" lemma="mb" pos="n" morph="M/F S" extra="cjt-head cjt-head-S foreign"/>
			<t id="s22_32" word="st" lemma="st" pos="n" morph="M/F S" extra="cjt-S foreign"/>
			<t id="s22_33" word="r" lemma="r" pos="n" morph="M S" sem="ac-sign" extra="cjt-S"/>
			<t id="s22_34" word="1" lemma="1" pos="num" morph="F S" extra="card"/>
			<t id="s22_35" word="página" lemma="página" pos="n" morph="F S" sem="cc-r" extra="cjt-S"/>
			<t id="s22_36" word="--" lemma="--" pos="pu" morph="--" extra="--"/>
			<t id="s22_37" word="4" lemma="4" pos="num" morph="F P" extra="card"/>
			<t id="s22_38" word="Definições" lemma="definição" pos="n" morph="F P" sem="sem-c" extra="prop *"/>
			<t id="s22_39" word="gamela" lemma="gamela" pos="n" morph="F S" sem="con sem-s an Adom" extra="--"/>
			<t id="s22_40" word="manchete" lemma="manchete" pos="n" morph="F S" sem="sem-r" extra="--"/>
			<t id="s22_41" word="sarraceno" lemma="sarraceno" pos="adj" morph="M S" extra="nat"/>
			<t id="s22_42" word="wildiano" lemma="wildiano" pos="adj" morph="M S" extra="DERS foreign"/>
			<t id="s22_43" word="zorba" lemma="zorbo" pos="adj" morph="F S" extra="heur"/>
			<t id="s22_44" word="." lemma="--" pos="pu" morph="--" extra="--"/>
		</terminals>

		<nonterminals>
			<nt id="s22_500" cat="s">
				<edge label="UTT" idref="s22_501"/>
			</nt>
			<nt id="s22_501" cat="x">
				<edge label="STA" idref="s22_502"/>
				<edge label="UTT" idref="s22_507"/>
				<edge label="P" idref="s22_5"/>
				<edge label="Od" idref="s22_508"/>
				<edge label="UTT" idref="s22_509"/>
				<edge label="PU" idref="s22_44"/>
			</nt>
			<nt id="s22_502" cat="par">
				<edge label="CJT" idref="s22_503"/>
			</nt>
			<nt id="s22_503" cat="fcl">
				<edge label="S" idref="s22_504"/>
			</nt>
			<nt id="s22_504" cat="icl">
				<edge label="P" idref="s22_1"/>
				<edge label="Od" idref="s22_505"/>
			</nt>
			<nt id="s22_505" cat="icl">
				<edge label="P" idref="s22_2"/>
				<edge label="Od" idref="s22_506"/>
			</nt>
			<nt id="s22_506" cat="np">
				<edge label="DN" idref="s22_3"/>
				<edge label="H" idref="s22_4"/>
			</nt>
			<nt id="s22_507" cat="icl">
			</nt>
			<nt id="s22_508" cat="np">
				<edge label="DN" idref="s22_6"/>
				<edge label="H" idref="s22_7"/>
			</nt>
			<nt id="s22_509" cat="fcl">
				<edge label="P" idref="s22_8"/>
				<edge label="Od" idref="s22_510"/>
				<edge label="S" idref="s22_511"/>
				<edge label="fA" idref="s22_512"/>
				<edge label="CJT" idref="s22_516"/>
			</nt>
			<nt id="s22_510" cat="np">
				<edge label="H" idref="s22_9"/>
				<edge label="DN" idref="s22_10"/>
			</nt>
			<nt id="s22_511" cat="par">
				<edge label="CJT" idref="s22_11"/>
			</nt>
			<nt id="s22_512" cat="pp">
				<edge label="H" idref="s22_12"/>
				<edge label="DP" idref="s22_513"/>
				<edge label="CJT" idref="s22_514"/>
				<edge label="P" idref="s22_17"/>
				<edge label="Od" idref="s22_515"/>
			</nt>
			<nt id="s22_513" cat="np">
				<edge label="DN" idref="s22_13"/>
				<edge label="H" idref="s22_14"/>
			</nt>
			<nt id="s22_514" cat="np">
				<edge label="DN" idref="s22_15"/>
				<edge label="H" idref="s22_16"/>
			</nt>
			<nt id="s22_515" cat="np">
				<edge label="DN" idref="s22_18"/>
				<edge label="H" idref="s22_19"/>
				<edge label="PU" idref="s22_20"/>
				<edge label="CO" idref="s22_21"/>
			</nt>
			<nt id="s22_516" cat="fcl">
				<edge label="S" idref="s22_22"/>
				<edge label="fA" idref="s22_23"/>
				<edge label="S" idref="s22_517"/>
				<edge label="P" idref="s22_27"/>
				<edge label="Od" idref="s22_518"/>
				<edge label="S" idref="s22_519"/>
				<edge label="fCsta" idref="s22_521"/>
				<edge label="fCs" idref="s22_39"/>
				<edge label="fCs" idref="s22_40"/>
				<edge label="fCs" idref="s22_41"/>
				<edge label="fCs" idref="s22_42"/>
				<edge label="fCs" idref="s22_43"/>
			</nt>
			<nt id="s22_517" cat="np">
				<edge label="DN" idref="s22_24"/>
				<edge label="DN" idref="s22_25"/>
				<edge label="H" idref="s22_26"/>
			</nt>
			<nt id="s22_518" cat="np">
				<edge label="DN" idref="s22_28"/>
				<edge label="H" idref="s22_29"/>
				<edge label="PU" idref="s22_30"/>
			</nt>
			<nt id="s22_519" cat="par">
				<edge label="CJT" idref="s22_31"/>
				<edge label="CJT" idref="s22_32"/>
				<edge label="CJT" idref="s22_33"/>
				<edge label="CJT" idref="s22_520"/>
			</nt>
			<nt id="s22_520" cat="np">
				<edge label="DN" idref="s22_34"/>
				<edge label="H" idref="s22_35"/>
				<edge label="PU" idref="s22_36"/>
			</nt>
			<nt id="s22_521" cat="np">
				<edge label="DN" idref="s22_37"/>
				<edge label="H" idref="s22_38"/>
			</nt>
		</nonterminals>
	</graph>
</s>

	</body>
</corpus>
