<?xml version="1.0" encoding="UTF-8"?>
<corpus>

	<body>
<s id="s1" ref="1" source="Running text" forest="1" text="Enrustido 4 Definições encontradas.">
	<graph root="s1_500">
		<terminals>
			<t id="s1_1" word="Enrustido" lemma="enrustido" pos="adj" morph="M S" extra="cjt-head cjt-head-X * jh"/>
			<t id="s1_2" word="4" lemma="4" pos="num" morph="F P" extra="card"/>
			<t id="s1_3" word="Definições" lemma="definição" pos="n" morph="F P" sem="sem-c" extra="cjt-X prop *"/>
			<t id="s1_4" word="encontradas" lemma="encontrado" pos="adj" morph="F P" extra="nh np-close"/>
			<t id="s1_5" word="." lemma="--" pos="pu" morph="--" extra="--"/>
		</terminals>

		<nonterminals>
			<nt id="s1_500" cat="s">
				<edge label="X" idref="s1_501"/>
			</nt>
			<nt id="s1_501" cat="par">
				<edge label="CJT" idref="s1_1"/>
				<edge label="CJT" idref="s1_502"/>
				<edge label="PU" idref="s1_5"/>
			</nt>
			<nt id="s1_502" cat="np">
				<edge label="DN" idref="s1_2"/>
				<edge label="H" idref="s1_3"/>
				<edge label="DN" idref="s1_4"/>
			</nt>
		</nonterminals>
	</graph>
</s>

<s id="s2" ref="2" source="Running text" forest="1" text="Tweet Classificação morfossintática:">
	<graph root="s2_500">
		<terminals>
			<t id="s2_1" word="Tweet_Classificação" lemma="Tweet_Classificação" pos="prop" morph="M S" extra="common * heur"/>
			<t id="s2_2" word="morfossintática" lemma="morfossintático" pos="adj" morph="F S" extra="DERS jh np-close"/>
			<t id="s2_3" word=":" lemma="--" pos="pu" morph="--" extra="--"/>
		</terminals>

		<nonterminals>
			<nt id="s2_500" cat="s">
				<edge label="X" idref="s2_501"/>
			</nt>
			<nt id="s2_501" cat="np">
				<edge label="H" idref="s2_1"/>
				<edge label="DN" idref="s2_2"/>
				<edge label="PU" idref="s2_3"/>
			</nt>
		</nonterminals>
	</graph>
</s>

<s id="s3" ref="3" source="Running text" forest="1" text="Verbo, particípio de enrustir Adjetivo, masculino singular Flexões da palavra Enrustido Imagens:">
	<graph root="s3_500">
		<terminals>
			<t id="s3_1" word="Verbo" lemma="verbo" pos="n" morph="M S" sem="ac-cat" extra="cjt-head cjt-head-X *"/>
			<t id="s3_2" word="," lemma="--" pos="pu" morph="--" extra="--"/>
			<t id="s3_3" word="particípio" lemma="particípio" pos="n" morph="M S" sem="ac-cat" extra="cjt-X"/>
			<t id="s3_4" word="de" lemma="de" pos="prp" morph="--" extra="np-close"/>
			<t id="s3_5" word="enrustir" lemma="enrustir" pos="v-inf" morph="--" extra="vH mv"/>
			<t id="s3_6" word="Adjetivo" lemma="Adjetivo" pos="prop" morph="M S" extra="hum *"/>
			<t id="s3_7" word="," lemma="--" pos="pu" morph="--" extra="--"/>
			<t id="s3_8" word="masculino" lemma="masculino" pos="n" morph="M S" sem="ac-cat" extra="np-close"/>
			<t id="s3_9" word="singular" lemma="singular" pos="adj" morph="M/F S" extra="np-close"/>
			<t id="s3_10" word="Flexões" lemma="flexão" pos="n" morph="F P" sem="act" extra="prop * np-close"/>
			<t id="s3_11" word="de" lemma="de" pos="prp" morph="--" extra="sam- np-close"/>
			<t id="s3_12" word="a" lemma="o" pos="art" morph="F S" extra="-sam "/>
			<t id="s3_13" word="palavra" lemma="palavra" pos="n" morph="F S" sem="ac-cat act-s" extra="--"/>
			<t id="s3_14" word="Enrustido_Imagens" lemma="Enrustido_Imagens" pos="prop" morph="F S" extra="org * heur np-close"/>
			<t id="s3_15" word=":" lemma="--" pos="pu" morph="--" extra="--"/>
		</terminals>

		<nonterminals>
			<nt id="s3_500" cat="s">
				<edge label="X" idref="s3_501"/>
			</nt>
			<nt id="s3_501" cat="par">
				<edge label="CJT" idref="s3_1"/>
				<edge label="PU" idref="s3_2"/>
				<edge label="CJT" idref="s3_502"/>
				<edge label="PU" idref="s3_15"/>
			</nt>
			<nt id="s3_502" cat="np">
				<edge label="H" idref="s3_3"/>
				<edge label="DN" idref="s3_503"/>
			</nt>
			<nt id="s3_503" cat="pp">
				<edge label="H" idref="s3_4"/>
				<edge label="DP" idref="s3_504"/>
			</nt>
			<nt id="s3_504" cat="icl">
				<edge label="P" idref="s3_5"/>
				<edge label="Od" idref="s3_505"/>
			</nt>
			<nt id="s3_505" cat="np">
				<edge label="H" idref="s3_6"/>
				<edge label="PU" idref="s3_7"/>
				<edge label="DNc" idref="s3_506"/>
			</nt>
			<nt id="s3_506" cat="np">
				<edge label="H" idref="s3_8"/>
				<edge label="DNc" idref="s3_507"/>
			</nt>
			<nt id="s3_507" cat="np">
				<edge label="H" idref="s3_9"/>
				<edge label="DNc" idref="s3_508"/>
			</nt>
			<nt id="s3_508" cat="np">
				<edge label="H" idref="s3_10"/>
				<edge label="DN" idref="s3_509"/>
			</nt>
			<nt id="s3_509" cat="pp">
				<edge label="H" idref="s3_11"/>
				<edge label="DP" idref="s3_510"/>
			</nt>
			<nt id="s3_510" cat="np">
				<edge label="DN" idref="s3_12"/>
				<edge label="H" idref="s3_13"/>
				<edge label="DN" idref="s3_14"/>
			</nt>
		</nonterminals>
	</graph>
</s>

<s id="s4" ref="4" source="Running text" forest="1" text="Significados de Enrustido:">
	<graph root="s4_500">
		<terminals>
			<t id="s4_1" word="Significados" lemma="significado" pos="n" morph="M P" extra="* sem-c"/>
			<t id="s4_2" word="de" lemma="de" pos="prp" morph="--" extra="np-close"/>
			<t id="s4_3" word="Enrustido" lemma="enrustido" pos="adj" morph="M S" extra="prop * jh"/>
			<t id="s4_4" word=":" lemma="--" pos="pu" morph="--" extra="--"/>
		</terminals>

		<nonterminals>
			<nt id="s4_500" cat="s">
				<edge label="X" idref="s4_501"/>
			</nt>
			<nt id="s4_501" cat="np">
				<edge label="H" idref="s4_1"/>
				<edge label="DN" idref="s4_502"/>
				<edge label="PU" idref="s4_4"/>
			</nt>
			<nt id="s4_502" cat="pp">
				<edge label="H" idref="s4_2"/>
				<edge label="DP" idref="s4_3"/>
			</nt>
		</nonterminals>
	</graph>
</s>

<s id="s5" ref="5" source="Running text" forest="1" text="178 sobe, 47 desce 1. Enrustido Por Khaleb(Portugal) em 22-01-2008 Todo o sentimento ou atitude disfarçada.">
	<graph root="s5_500">
		<terminals>
			<t id="s5_1" word="178" lemma="178" pos="num" morph="M/F S" extra="card"/>
			<t id="s5_2" word="sobe" lemma="subir" pos="v-fin" morph="PR 3S IND VFIN" extra="cjt-head cjt-head-STA fmc mv"/>
			<t id="s5_3" word="," lemma="--" pos="pu" morph="--" extra="--"/>
			<t id="s5_4" word="47" lemma="47" pos="num" morph="M/F P" extra="card"/>
			<t id="s5_5" word="desce" lemma="descer" pos="v-fin" morph="PR 3S IND VFIN" extra="cjt-STA fmc mv"/>
			<t id="s5_6" word="1." lemma="1." pos="adj" morph="M/F S" extra="NUM-ord"/>
			<t id="s5_7" word="Enrustido_Por_Khaleb" lemma="Enrustido_Por_Khaleb" pos="prop" morph="M S" extra="civ * heur"/>
			<t id="s5_8" word="(" lemma="--" pos="pu" morph="--" extra="--"/>
			<t id="s5_9" word="Portugal" lemma="Portugal" pos="prop" morph="M S" extra="civ * np-close"/>
			<t id="s5_10" word=")" lemma="--" pos="pu" morph="--" extra="--"/>
			<t id="s5_11" word="em" lemma="em" pos="prp" morph="--" extra="--"/>
			<t id="s5_12" word="22-01-2008" lemma="22-01-2008" pos="num" morph="M/F S" extra="cjt-head cjt-head-DP card"/>
			<t id="s5_13" word="Todo_o" lemma="todo_o" pos="pron-indef" morph="DET M S" extra="quant *"/>
			<t id="s5_14" word="sentimento" lemma="sentimento" pos="n" morph="M S" sem="percep-f f-psych" extra="cjt-DP"/>
			<t id="s5_15" word="ou" lemma="ou" pos="conj-c" morph="--" extra="--"/>
			<t id="s5_16" word="atitude" lemma="atitude" pos="n" morph="F S" sem="f-psych" extra="--"/>
			<t id="s5_17" word="disfarçada" lemma="disfarçado" pos="adj" morph="F S" extra="np-close"/>
			<t id="s5_18" word="." lemma="--" pos="pu" morph="--" extra="--"/>
		</terminals>

		<nonterminals>
			<nt id="s5_500" cat="s">
				<edge label="STA" idref="s5_501"/>
			</nt>
			<nt id="s5_501" cat="par">
				<edge label="CJT" idref="s5_502"/>
				<edge label="PU" idref="s5_3"/>
				<edge label="CJT" idref="s5_503"/>
				<edge label="PU" idref="s5_18"/>
			</nt>
			<nt id="s5_502" cat="fcl">
				<edge label="S" idref="s5_1"/>
				<edge label="P" idref="s5_2"/>
			</nt>
			<nt id="s5_503" cat="fcl">
				<edge label="Od" idref="s5_4"/>
				<edge label="P" idref="s5_5"/>
				<edge label="fCs" idref="s5_6"/>
				<edge label="S" idref="s5_504"/>
				<edge label="fA" idref="s5_505"/>
				<edge label="fCs" idref="s5_508"/>
			</nt>
			<nt id="s5_504" cat="np">
				<edge label="H" idref="s5_7"/>
				<edge label="PU" idref="s5_8"/>
				<edge label="DNc" idref="s5_9"/>
				<edge label="PU" idref="s5_10"/>
			</nt>
			<nt id="s5_505" cat="pp">
				<edge label="H" idref="s5_11"/>
				<edge label="DP" idref="s5_506"/>
			</nt>
			<nt id="s5_506" cat="par">
				<edge label="CJT" idref="s5_12"/>
				<edge label="CJT" idref="s5_507"/>
			</nt>
			<nt id="s5_507" cat="np">
				<edge label="DN" idref="s5_13"/>
				<edge label="H" idref="s5_14"/>
			</nt>
			<nt id="s5_508" cat="np">
				<edge label="CO" idref="s5_15"/>
				<edge label="H" idref="s5_16"/>
				<edge label="DN" idref="s5_17"/>
			</nt>
		</nonterminals>
	</graph>
</s>

<s id="s6" ref="6" source="Running text" forest="1" text="Hipócrita.">
	<graph root="s6_500">
		<terminals>
			<t id="s6_1" word="Hipócrita" lemma="hipócrita" pos="adj" morph="M S" extra="* jh"/>
			<t id="s6_2" word="." lemma="--" pos="pu" morph="--" extra="--"/>
		</terminals>

		<nonterminals>
			<nt id="s6_500" cat="s">
				<edge label="UTT" idref="s6_501"/>
			</nt>
			<nt id="s6_501" cat="x">
				<edge label="X" idref="s6_1"/>
				<edge label="PU" idref="s6_2"/>
			</nt>
		</nonterminals>
	</graph>
</s>

<s id="s7" ref="7" source="Running text" forest="1" text="Cínico.">
	<graph root="s7_500">
		<terminals>
			<t id="s7_1" word="Cínico" lemma="cínico" pos="adj" morph="M S" extra="* jh"/>
			<t id="s7_2" word="." lemma="--" pos="pu" morph="--" extra="--"/>
		</terminals>

		<nonterminals>
			<nt id="s7_500" cat="s">
				<edge label="UTT" idref="s7_501"/>
			</nt>
			<nt id="s7_501" cat="x">
				<edge label="X" idref="s7_1"/>
				<edge label="PU" idref="s7_2"/>
			</nt>
		</nonterminals>
	</graph>
</s>

<s id="s8" ref="8" source="Running text" forest="1" text="Todo aquele que esconde o óbvio é enrustido.">
	<graph root="s8_500">
		<terminals>
			<t id="s8_1" word="Todo" lemma="todo" pos="pron-indef" morph="DET M S" extra="* quant"/>
			<t id="s8_2" word="aquele" lemma="aquele" pos="pron-dem" morph="DET M S" extra="dem"/>
			<t id="s8_3" word="que" lemma="que" pos="spec" morph="M S" extra="clb clb-fs rel"/>
			<t id="s8_4" word="esconde" lemma="esconder" pos="v-fin" morph="PR 3S IND VFIN" extra="vH mv np-close"/>
			<t id="s8_5" word="o" lemma="o" pos="art" morph="M S" extra="--"/>
			<t id="s8_6" word="óbvio" lemma="óbvio" pos="adj" morph="M S" extra="n nh"/>
			<t id="s8_7" word="é" lemma="ser" pos="v-fin" morph="PR 3S IND VFIN" extra="fmc aux"/>
			<t id="s8_8" word="enrustido" lemma="enrustir" pos="v-pcp" morph="M S" extra="vH mv"/>
			<t id="s8_9" word="." lemma="--" pos="pu" morph="--" extra="--"/>
		</terminals>

		<nonterminals>
			<nt id="s8_500" cat="s">
				<edge label="STA" idref="s8_501"/>
			</nt>
			<nt id="s8_501" cat="fcl">
				<edge label="S" idref="s8_502"/>
				<edge label="P" idref="s8_505"/>
				<edge label="PU" idref="s8_9"/>
			</nt>
			<nt id="s8_502" cat="np">
				<edge label="DN" idref="s8_1"/>
				<edge label="H" idref="s8_2"/>
				<edge label="DN" idref="s8_503"/>
			</nt>
			<nt id="s8_503" cat="fcl">
				<edge label="S" idref="s8_3"/>
				<edge label="P" idref="s8_4"/>
				<edge label="Od" idref="s8_504"/>
			</nt>
			<nt id="s8_504" cat="np">
				<edge label="DN" idref="s8_5"/>
				<edge label="H" idref="s8_6"/>
			</nt>
			<nt id="s8_505" cat="vp">
				<edge label="Vaux" idref="s8_7"/>
				<edge label="Vm" idref="s8_8"/>
			</nt>
		</nonterminals>
	</graph>
</s>

<s id="s9" ref="9" source="Running text" forest="1" text="Todos vêem o enruste, menos o sujeito em questão.">
	<graph root="s9_500">
		<terminals>
			<t id="s9_1" word="Todos" lemma="todo" pos="pron-indef" morph="DET M P" extra="* quant"/>
			<t id="s9_2" word="vêem" lemma="ver" pos="v-fin" morph="PR 3P IND VFIN" extra="vH fmc mv"/>
			<t id="s9_3" word="o" lemma="ele" pos="pron-pers" morph="M 3S ACC" extra="--"/>
			<t id="s9_4" word="enruste" lemma="enrustir" pos="v-fin" morph="PR 3S IND VFIN" extra="clb-fs vH mv"/>
			<t id="s9_5" word="," lemma="--" pos="pu" morph="--" extra="--"/>
			<t id="s9_6" word="menos" lemma="menos" pos="prp" morph="--" extra="--"/>
			<t id="s9_7" word="o" lemma="o" pos="art" morph="M S" extra="--"/>
			<t id="s9_8" word="sujeito" lemma="sujeito" pos="n" morph="M S" sem="H ac-cat ac" extra="--"/>
			<t id="s9_9" word="em_questão" lemma="em_questão" pos="adj" morph="--" sem="pp" extra="--"/>
			<t id="s9_10" word="." lemma="--" pos="pu" morph="--" extra="--"/>
		</terminals>

		<nonterminals>
			<nt id="s9_500" cat="s">
				<edge label="STA" idref="s9_501"/>
			</nt>
			<nt id="s9_501" cat="fcl">
				<edge label="S" idref="s9_1"/>
				<edge label="P" idref="s9_2"/>
				<edge label="Od" idref="s9_502"/>
				<edge label="PU" idref="s9_10"/>
			</nt>
			<nt id="s9_502" cat="fcl">
				<edge label="Od" idref="s9_3"/>
				<edge label="P" idref="s9_4"/>
				<edge label="PU" idref="s9_5"/>
				<edge label="fA" idref="s9_503"/>
			</nt>
			<nt id="s9_503" cat="pp">
				<edge label="H" idref="s9_6"/>
				<edge label="DP" idref="s9_504"/>
			</nt>
			<nt id="s9_504" cat="np">
				<edge label="DN" idref="s9_7"/>
				<edge label="H" idref="s9_8"/>
				<edge label="DN" idref="s9_9"/>
			</nt>
		</nonterminals>
	</graph>
</s>

<s id="s10" ref="10" source="Running text" forest="1" text="Dar uma idéia falsa acerca de alguma coisa.">
	<graph root="s10_500">
		<terminals>
			<t id="s10_1" word="Dar" lemma="dar" pos="v-inf" morph="--" extra="* mv"/>
			<t id="s10_2" word="uma" lemma="um" pos="art" morph="F S" extra="--"/>
			<t id="s10_3" word="idéia" lemma="idéia" pos="n" morph="F S" sem="sem-c" extra="--"/>
			<t id="s10_4" word="falsa" lemma="falsar" pos="v-fin" morph="PR 3S IND VFIN" extra="vH fmc mv"/>
			<t id="s10_5" word="acerca_de" lemma="acerca_de" pos="prp" morph="--" extra="--"/>
			<t id="s10_6" word="alguma" lemma="algum" pos="pron-indef" morph="DET F S" extra="quant"/>
			<t id="s10_7" word="coisa" lemma="coisa" pos="n" morph="F S" sem="cc ac" extra="--"/>
			<t id="s10_8" word="." lemma="--" pos="pu" morph="--" extra="--"/>
		</terminals>

		<nonterminals>
			<nt id="s10_500" cat="s">
				<edge label="UTT" idref="s10_501"/>
			</nt>
			<nt id="s10_501" cat="x">
				<edge label="UTT" idref="s10_1"/>
				<edge label="STA" idref="s10_502"/>
				<edge label="S" idref="s10_503"/>
				<edge label="P" idref="s10_4"/>
				<edge label="fA" idref="s10_504"/>
				<edge label="PU" idref="s10_8"/>
			</nt>
			<nt id="s10_502" cat="fcl">
			</nt>
			<nt id="s10_503" cat="np">
				<edge label="DN" idref="s10_2"/>
				<edge label="H" idref="s10_3"/>
			</nt>
			<nt id="s10_504" cat="pp">
				<edge label="H" idref="s10_5"/>
				<edge label="DP" idref="s10_505"/>
			</nt>
			<nt id="s10_505" cat="np">
				<edge label="DN" idref="s10_6"/>
				<edge label="H" idref="s10_7"/>
			</nt>
		</nonterminals>
	</graph>
</s>

<s id="s11" ref="11" source="Running text" forest="1" text="Tentar encobrir o óbvio.">
	<graph root="s11_500">
		<terminals>
			<t id="s11_1" word="Tentar" lemma="tentar" pos="v-inf" morph="--" extra="* vH mv"/>
			<t id="s11_2" word="encobrir" lemma="encobrir" pos="v-inf" morph="--" extra="mv"/>
			<t id="s11_3" word="o" lemma="o" pos="art" morph="M S" extra="--"/>
			<t id="s11_4" word="óbvio" lemma="óbvio" pos="adj" morph="M S" extra="n nh"/>
			<t id="s11_5" word="." lemma="--" pos="pu" morph="--" extra="--"/>
		</terminals>

		<nonterminals>
			<nt id="s11_500" cat="s">
				<edge label="UTT" idref="s11_501"/>
			</nt>
			<nt id="s11_501" cat="icl">
				<edge label="P" idref="s11_1"/>
				<edge label="Od" idref="s11_502"/>
				<edge label="PU" idref="s11_5"/>
			</nt>
			<nt id="s11_502" cat="icl">
				<edge label="P" idref="s11_2"/>
				<edge label="Od" idref="s11_503"/>
			</nt>
			<nt id="s11_503" cat="np">
				<edge label="DN" idref="s11_3"/>
				<edge label="H" idref="s11_4"/>
			</nt>
		</nonterminals>
	</graph>
</s>

<s id="s12" ref="12" source="Running text" forest="1" text="Sujeito com psicose.">
	<graph root="s12_500">
		<terminals>
			<t id="s12_1" word="Sujeito" lemma="sujeito" pos="n" morph="M S" extra="* H ac-cat ac"/>
			<t id="s12_2" word="com" lemma="com" pos="prp" morph="--" extra="np-close"/>
			<t id="s12_3" word="psicose" lemma="psicose" pos="n" morph="F S" sem="sick" extra="--"/>
			<t id="s12_4" word="." lemma="--" pos="pu" morph="--" extra="--"/>
		</terminals>

		<nonterminals>
			<nt id="s12_500" cat="s">
				<edge label="X" idref="s12_501"/>
			</nt>
			<nt id="s12_501" cat="np">
				<edge label="H" idref="s12_1"/>
				<edge label="DN" idref="s12_502"/>
				<edge label="PU" idref="s12_4"/>
			</nt>
			<nt id="s12_502" cat="pp">
				<edge label="H" idref="s12_2"/>
				<edge label="DP" idref="s12_3"/>
			</nt>
		</nonterminals>
	</graph>
</s>

<s id="s13" ref="13" source="Running text" forest="1" text="Todos á volta de ele notam a psicose mais que evidente, menos ele próprio por que tenta esconder- la.">
	<graph root="s13_500">
		<terminals>
			<t id="s13_1" word="Todos" lemma="todo" pos="pron-indef" morph="DET M P" extra="* quant"/>
			<t id="s13_2" word="á" lemma="a" pos="prp" morph="--" extra="--"/>
			<t id="s13_3" word="volta" lemma="volta" pos="n" morph="F S" sem="act-d unit" extra="--"/>
			<t id="s13_4" word="de" lemma="de" pos="prp" morph="--" extra="sam- np-close"/>
			<t id="s13_5" word="ele" lemma="ele" pos="pron-pers" morph="M 3S NOM/PIV" extra="-sam"/>
			<t id="s13_6" word="notam" lemma="notar" pos="v-fin" morph="PR 3P IND VFIN" extra="cjt-head cjt-head-STA vH fmc mv"/>
			<t id="s13_7" word="a" lemma="o" pos="art" morph="F S" extra="--"/>
			<t id="s13_8" word="psicose" lemma="psicose" pos="n" morph="F S" sem="sick" extra="--"/>
			<t id="s13_9" word="mais" lemma="mais" pos="adv" morph="--" extra="quant KOMP"/>
			<t id="s13_10" word="que" lemma="que" pos="conj-s" morph="--" extra="com"/>
			<t id="s13_11" word="evidente" lemma="evidente" pos="adj" morph="M/F S" extra="nh"/>
			<t id="s13_12" word="," lemma="--" pos="pu" morph="--" extra="--"/>
			<t id="s13_13" word="menos" lemma="menos" pos="prp" morph="--" extra="--"/>
			<t id="s13_14" word="ele" lemma="ele" pos="pron-pers" morph="M 3S NOM/PIV" extra="--"/>
			<t id="s13_15" word="próprio" lemma="próprio" pos="pron-indef" morph="DET M S" extra="ident np-close"/>
			<t id="s13_16" word="por_que" lemma="por_que" pos="adv" morph="--" extra="clb interr"/>
			<t id="s13_17" word="tenta" lemma="tentar" pos="v-fin" morph="PR 3S IND VFIN" extra="nosubj cjt-STA vH fmc mv"/>
			<t id="s13_18" word="esconder-" lemma="esconder" pos="v-inf" morph="--" extra="hyfen vH mv"/>
			<t id="s13_19" word="la" lemma="ela" pos="pron-pers" morph="F 3S ACC" extra="--"/>
			<t id="s13_20" word="." lemma="--" pos="pu" morph="--" extra="--"/>
		</terminals>

		<nonterminals>
			<nt id="s13_500" cat="s">
				<edge label="STA" idref="s13_501"/>
			</nt>
			<nt id="s13_501" cat="par">
				<edge label="CJT" idref="s13_502"/>
				<edge label="CJT" idref="s13_511"/>
				<edge label="PU" idref="s13_20"/>
			</nt>
			<nt id="s13_502" cat="fcl">
				<edge label="S" idref="s13_1"/>
				<edge label="fA" idref="s13_503"/>
				<edge label="P" idref="s13_6"/>
				<edge label="Od" idref="s13_506"/>
				<edge label="fA" idref="s13_507"/>
				<edge label="PU" idref="s13_12"/>
				<edge label="fA" idref="s13_509"/>
			</nt>
			<nt id="s13_503" cat="pp">
				<edge label="H" idref="s13_2"/>
				<edge label="DP" idref="s13_504"/>
			</nt>
			<nt id="s13_504" cat="np">
				<edge label="H" idref="s13_3"/>
				<edge label="DN" idref="s13_505"/>
			</nt>
			<nt id="s13_505" cat="pp">
				<edge label="H" idref="s13_4"/>
				<edge label="DP" idref="s13_5"/>
			</nt>
			<nt id="s13_506" cat="np">
				<edge label="DN" idref="s13_7"/>
				<edge label="H" idref="s13_8"/>
			</nt>
			<nt id="s13_507" cat="advp">
				<edge label="H" idref="s13_9"/>
				<edge label="DAcom" idref="s13_508"/>
			</nt>
			<nt id="s13_508" cat="acl">
				<edge label="H" idref="s13_10"/>
				<edge label="X" idref="s13_11"/>
			</nt>
			<nt id="s13_509" cat="pp">
				<edge label="H" idref="s13_13"/>
				<edge label="DP" idref="s13_510"/>
			</nt>
			<nt id="s13_510" cat="np">
				<edge label="H" idref="s13_14"/>
				<edge label="DN" idref="s13_15"/>
			</nt>
			<nt id="s13_511" cat="x">
				<edge label="fA" idref="s13_16"/>
				<edge label="P" idref="s13_17"/>
				<edge label="Od" idref="s13_512"/>
			</nt>
			<nt id="s13_512" cat="icl">
				<edge label="P" idref="s13_18"/>
				<edge label="Od" idref="s13_19"/>
			</nt>
		</nonterminals>
	</graph>
</s>

<s id="s14" ref="14" source="Running text" forest="1" text="Diz- se também acerca de pessoas homosexuais do sexo masculino, mas efeminadas, onde os demais sabem a natureza homosexual do indivíduo mas este tenta, a todo o custo, disfarçar fazendo- se passar por heterosexual.">
	<graph root="s14_500">
		<terminals>
			<t id="s14_1" word="Diz-" lemma="dizer" pos="v-fin" morph="PR 3S IND VFIN" extra="predco * hyfen vH fmc mv"/>
			<t id="s14_2" word="se" lemma="se" pos="pron-pers" morph="M/F 3S/P ACC" extra="--"/>
			<t id="s14_3" word="também" lemma="também" pos="adv" morph="--" extra="--"/>
			<t id="s14_4" word="acerca_de" lemma="acerca_de" pos="prp" morph="--" extra="--"/>
			<t id="s14_5" word="pessoas" lemma="pessoa" pos="n" morph="F P" sem="H" extra="--"/>
			<t id="s14_6" word="homosexuais" lemma="homosexuais" pos="adj" morph="F P" extra="nh DERP np-close"/>
			<t id="s14_7" word="de" lemma="de" pos="prp" morph="--" extra="sam- np-close"/>
			<t id="s14_8" word="o" lemma="o" pos="art" morph="M S" extra="-sam "/>
			<t id="s14_9" word="sexo" lemma="sexo" pos="n" morph="M S" sem="activity f-h" extra="--"/>
			<t id="s14_10" word="masculino" lemma="masculino" pos="adj" morph="M S" extra="jh np-close"/>
			<t id="s14_11" word="," lemma="--" pos="pu" morph="--" extra="--"/>
			<t id="s14_12" word="mas" lemma="mas" pos="conj-c" morph="--" extra="--"/>
			<t id="s14_13" word="efeminadas" lemma="efeminado" pos="adj" morph="F P" extra="jh np-close"/>
			<t id="s14_14" word="," lemma="--" pos="pu" morph="--" extra="--"/>
			<t id="s14_15" word="onde" lemma="onde" pos="adv" morph="--" extra="clb clb-fs interr"/>
			<t id="s14_16" word="os_demais" lemma="os_demais" pos="pron-indef" morph="DET M P" extra="--"/>
			<t id="s14_17" word="sabem" lemma="saber" pos="v-fin" morph="PR 3P IND VFIN" extra="mv"/>
			<t id="s14_18" word="a" lemma="o" pos="art" morph="F S" extra="--"/>
			<t id="s14_19" word="natureza" lemma="natureza" pos="n" morph="F S" sem="Labs percep-f" extra="--"/>
			<t id="s14_20" word="homosexual" lemma="homosexual" pos="adj" morph="F S" extra="nh DERP np-close"/>
			<t id="s14_21" word="de" lemma="de" pos="prp" morph="--" extra="sam- np-close"/>
			<t id="s14_22" word="o" lemma="o" pos="art" morph="M S" extra="-sam "/>
			<t id="s14_23" word="indivíduo" lemma="indivíduo" pos="n" morph="M S" sem="H" extra="--"/>
			<t id="s14_24" word="mas" lemma="mas" pos="conj-c" morph="--" extra="--"/>
			<t id="s14_25" word="este" lemma="este" pos="pron-dem" morph="DET M S" extra="dem"/>
			<t id="s14_26" word="tenta" lemma="tentar" pos="v-fin" morph="PR 3S IND VFIN" extra="cjt-STA vH fmc mv"/>
			<t id="s14_27" word="," lemma="--" pos="pu" morph="--" extra="--"/>
			<t id="s14_28" word="a" lemma="a" pos="prp" morph="--" extra="--"/>
			<t id="s14_29" word="todo_o" lemma="todo_o" pos="pron-indef" morph="DET M S" extra="quant"/>
			<t id="s14_30" word="custo" lemma="custo" pos="n" morph="M S" sem="mon" extra="--"/>
			<t id="s14_31" word="," lemma="--" pos="pu" morph="--" extra="--"/>
			<t id="s14_32" word="disfarçar" lemma="disfarçar" pos="v-inf" morph="--" extra="vH mv"/>
			<t id="s14_33" word="fazendo-" lemma="fazer" pos="v-ger" morph="--" extra="hyfen mv"/>
			<t id="s14_34" word="se" lemma="se" pos="pron-pers" morph="M/F 3S/P ACC" extra="--"/>
			<t id="s14_35" word="passar" lemma="passar" pos="v-inf" morph="3S" extra="mv"/>
			<t id="s14_36" word="por" lemma="por" pos="prp" morph="--" extra="--"/>
			<t id="s14_37" word="heterosexual" lemma="heterosexual" pos="adj" morph="M/F S" extra="nh DERP"/>
			<t id="s14_38" word="." lemma="--" pos="pu" morph="--" extra="--"/>
		</terminals>

		<nonterminals>
			<nt id="s14_500" cat="s">
				<edge label="STA" idref="s14_501"/>
			</nt>
			<nt id="s14_501" cat="fcl">
				<edge label="X" idref="s14_502"/>
				<edge label="PU" idref="s14_38"/>
			</nt>
			<nt id="s14_502" cat="par">
				<edge label="CJT" idref="s14_503"/>
				<edge label="CJT" idref="s14_513"/>
			</nt>
			<nt id="s14_503" cat="x">
				<edge label="P" idref="s14_1"/>
				<edge label="S" idref="s14_2"/>
				<edge label="fA" idref="s14_504"/>
				<edge label="PU" idref="s14_14"/>
				<edge label="Od" idref="s14_509"/>
			</nt>
			<nt id="s14_504" cat="pp">
				<edge label="DPmod" idref="s14_3"/>
				<edge label="H" idref="s14_4"/>
				<edge label="DP" idref="s14_505"/>
			</nt>
			<nt id="s14_505" cat="np">
				<edge label="H" idref="s14_5"/>
				<edge label="DN" idref="s14_6"/>
				<edge label="DN" idref="s14_506"/>
			</nt>
			<nt id="s14_506" cat="pp">
				<edge label="H" idref="s14_7"/>
				<edge label="DP" idref="s14_507"/>
			</nt>
			<nt id="s14_507" cat="np">
				<edge label="DN" idref="s14_8"/>
				<edge label="H" idref="s14_9"/>
				<edge label="DN" idref="s14_10"/>
				<edge label="PU" idref="s14_11"/>
				<edge label="DNc" idref="s14_508"/>
			</nt>
			<nt id="s14_508" cat="adjp">
				<edge label="CO" idref="s14_12"/>
				<edge label="H" idref="s14_13"/>
			</nt>
			<nt id="s14_509" cat="fcl">
				<edge label="fA" idref="s14_15"/>
				<edge label="S" idref="s14_16"/>
				<edge label="P" idref="s14_17"/>
				<edge label="Od" idref="s14_510"/>
			</nt>
			<nt id="s14_510" cat="np">
				<edge label="DN" idref="s14_18"/>
				<edge label="H" idref="s14_19"/>
				<edge label="DN" idref="s14_20"/>
				<edge label="DN" idref="s14_511"/>
			</nt>
			<nt id="s14_511" cat="pp">
				<edge label="H" idref="s14_21"/>
				<edge label="DP" idref="s14_512"/>
			</nt>
			<nt id="s14_512" cat="np">
				<edge label="DN" idref="s14_22"/>
				<edge label="H" idref="s14_23"/>
				<edge label="CO" idref="s14_24"/>
			</nt>
			<nt id="s14_513" cat="fcl">
				<edge label="S" idref="s14_25"/>
				<edge label="P" idref="s14_26"/>
				<edge label="PU" idref="s14_27"/>
				<edge label="fA" idref="s14_514"/>
				<edge label="PU" idref="s14_31"/>
				<edge label="Od" idref="s14_516"/>
			</nt>
			<nt id="s14_514" cat="pp">
				<edge label="H" idref="s14_28"/>
				<edge label="DP" idref="s14_515"/>
			</nt>
			<nt id="s14_515" cat="np">
				<edge label="DN" idref="s14_29"/>
				<edge label="H" idref="s14_30"/>
			</nt>
			<nt id="s14_516" cat="icl">
				<edge label="P" idref="s14_32"/>
				<edge label="fA" idref="s14_517"/>
			</nt>
			<nt id="s14_517" cat="advp">
				<edge label="P" idref="s14_33"/>
				<edge label="Od" idref="s14_518"/>
			</nt>
			<nt id="s14_518" cat="fcl">
				<edge label="S" idref="s14_34"/>
				<edge label="P" idref="s14_35"/>
				<edge label="Op" idref="s14_519"/>
			</nt>
			<nt id="s14_519" cat="pp">
				<edge label="H" idref="s14_36"/>
				<edge label="DP" idref="s14_37"/>
			</nt>
		</nonterminals>
	</graph>
</s>

<s id="s15" ref="15" source="Running text" forest="1" text="Assim nascem, por exemplo, os psicóticos enrustidos, ou o gay enrustido, pois são, não negam devido ás atitudes que demonstram, mas mesmo assim tentam dar a idéia de ser outra coisa que não são.">
	<graph root="s15_500">
		<terminals>
			<t id="s15_1" word="Assim" lemma="assim" pos="adv" morph="--" extra="* kc"/>
			<t id="s15_2" word="nascem" lemma="nascer" pos="v-fin" morph="PR 3P IND VFIN" extra="predco predco predco vK fmc mv"/>
			<t id="s15_3" word="," lemma="--" pos="pu" morph="--" extra="--"/>
			<t id="s15_4" word="por_exemplo" lemma="por_exemplo" pos="adv" morph="--" extra="--"/>
			<t id="s15_5" word="," lemma="--" pos="pu" morph="--" extra="--"/>
			<t id="s15_6" word="os" lemma="o" pos="art" morph="M P" extra="--"/>
			<t id="s15_7" word="psicóticos" lemma="psicótico" pos="adj" morph="M P" extra="--"/>
			<t id="s15_8" word="enrustidos" lemma="enrustido" pos="adj" morph="M P" extra="n jh"/>
			<t id="s15_9" word="," lemma="--" pos="pu" morph="--" extra="--"/>
			<t id="s15_10" word="ou" lemma="ou" pos="conj-c" morph="--" extra="--"/>
			<t id="s15_11" word="o" lemma="o" pos="art" morph="M S" extra="--"/>
			<t id="s15_12" word="gay" lemma="gay" pos="n" morph="M S" sem="H" extra="--"/>
			<t id="s15_13" word="enrustido" lemma="enrustido" pos="adj" morph="M S" extra="jh np-close"/>
			<t id="s15_14" word="," lemma="--" pos="pu" morph="--" extra="--"/>
			<t id="s15_15" word="pois" lemma="pois" pos="conj-s" morph="--" extra="clb"/>
			<t id="s15_16" word="são" lemma="ser" pos="v-fin" morph="PR 3P IND VFIN" extra="nosubj cjt-STA vK fmc mv"/>
			<t id="s15_17" word="," lemma="--" pos="pu" morph="--" extra="--"/>
			<t id="s15_18" word="não" lemma="não" pos="adv" morph="--" extra="--"/>
			<t id="s15_19" word="negam" lemma="negar" pos="v-fin" morph="PR 3P IND VFIN" extra="nosubj cjt-STA vH fmc mv"/>
			<t id="s15_20" word="devido" lemma="dever" pos="v-pcp" morph="M S" extra="--"/>
			<t id="s15_21" word="ás" lemma="á" pos="n" morph="M S" sem="cc-r" extra="cjt-head cjt-head-Od"/>
			<t id="s15_22" word="atitudes" lemma="atitude" pos="n" morph="F P" sem="f-psych" extra="cjt-Od"/>
			<t id="s15_23" word="que" lemma="que" pos="spec" morph="M S" extra="clb clb-fs rel"/>
			<t id="s15_24" word="demonstram" lemma="demonstrar" pos="v-fin" morph="PR 3P IND VFIN" extra="mv np-close"/>
			<t id="s15_25" word="," lemma="--" pos="pu" morph="--" extra="--"/>
			<t id="s15_26" word="mas" lemma="mas" pos="conj-c" morph="--" extra="clb"/>
			<t id="s15_27" word="mesmo_assim" lemma="mesmo_assim" pos="adv" morph="--" extra="kc"/>
			<t id="s15_28" word="tentam" lemma="tentar" pos="v-fin" morph="PR 3P IND VFIN" extra="nosubj cjt-STA vH fmc mv"/>
			<t id="s15_29" word="dar" lemma="dar" pos="v-inf" morph="--" extra="mv"/>
			<t id="s15_30" word="a" lemma="o" pos="art" morph="F S" extra="--"/>
			<t id="s15_31" word="idéia" lemma="idéia" pos="n" morph="F S" sem="sem-c" extra="--"/>
			<t id="s15_32" word="de" lemma="de" pos="prp" morph="--" extra="np-close"/>
			<t id="s15_33" word="ser" lemma="ser" pos="v-inf" morph="--" extra="vK mv"/>
			<t id="s15_34" word="outra_coisa" lemma="outra_coisa" pos="n" morph="F S" sem="ac" extra="--"/>
			<t id="s15_35" word="que" lemma="que" pos="spec" morph="M S" extra="clb clb-fs rel"/>
			<t id="s15_36" word="não" lemma="não" pos="adv" morph="--" extra="--"/>
			<t id="s15_37" word="são" lemma="ser" pos="v-fin" morph="PR 3P IND VFIN" extra="mv np-close"/>
			<t id="s15_38" word="." lemma="--" pos="pu" morph="--" extra="--"/>
		</terminals>

		<nonterminals>
			<nt id="s15_500" cat="s">
				<edge label="STA" idref="s15_501"/>
			</nt>
			<nt id="s15_501" cat="fcl">
				<edge label="fA" idref="s15_1"/>
				<edge label="X" idref="s15_502"/>
				<edge label="PU" idref="s15_38"/>
			</nt>
			<nt id="s15_502" cat="par">
				<edge label="CJT" idref="s15_503"/>
				<edge label="PU" idref="s15_14"/>
				<edge label="CJT" idref="s15_506"/>
				<edge label="PU" idref="s15_17"/>
				<edge label="CJT" idref="s15_507"/>
				<edge label="PU" idref="s15_25"/>
				<edge label="CO" idref="s15_26"/>
				<edge label="CJT" idref="s15_512"/>
			</nt>
			<nt id="s15_503" cat="x">
				<edge label="P" idref="s15_2"/>
				<edge label="PU" idref="s15_3"/>
				<edge label="fA" idref="s15_4"/>
				<edge label="PU" idref="s15_5"/>
				<edge label="Cs" idref="s15_504"/>
				<edge label="S" idref="s15_505"/>
			</nt>
			<nt id="s15_504" cat="np">
				<edge label="DN" idref="s15_6"/>
				<edge label="DN" idref="s15_7"/>
				<edge label="H" idref="s15_8"/>
				<edge label="PU" idref="s15_9"/>
				<edge label="CO" idref="s15_10"/>
			</nt>
			<nt id="s15_505" cat="np">
				<edge label="DN" idref="s15_11"/>
				<edge label="H" idref="s15_12"/>
				<edge label="DN" idref="s15_13"/>
			</nt>
			<nt id="s15_506" cat="x">
				<edge label="fA" idref="s15_15"/>
				<edge label="P" idref="s15_16"/>
			</nt>
			<nt id="s15_507" cat="x">
				<edge label="fA" idref="s15_18"/>
				<edge label="P" idref="s15_19"/>
				<edge label="Od" idref="s15_508"/>
			</nt>
			<nt id="s15_508" cat="par">
				<edge label="CJT" idref="s15_509"/>
				<edge label="CJT" idref="s15_510"/>
			</nt>
			<nt id="s15_509" cat="np">
				<edge label="DN" idref="s15_20"/>
				<edge label="H" idref="s15_21"/>
			</nt>
			<nt id="s15_510" cat="np">
				<edge label="H" idref="s15_22"/>
				<edge label="DN" idref="s15_511"/>
			</nt>
			<nt id="s15_511" cat="fcl">
				<edge label="Od" idref="s15_23"/>
				<edge label="P" idref="s15_24"/>
			</nt>
			<nt id="s15_512" cat="x">
				<edge label="fA" idref="s15_27"/>
				<edge label="P" idref="s15_28"/>
				<edge label="Od" idref="s15_513"/>
			</nt>
			<nt id="s15_513" cat="icl">
				<edge label="P" idref="s15_29"/>
				<edge label="Od" idref="s15_514"/>
			</nt>
			<nt id="s15_514" cat="np">
				<edge label="DN" idref="s15_30"/>
				<edge label="H" idref="s15_31"/>
				<edge label="DN" idref="s15_515"/>
			</nt>
			<nt id="s15_515" cat="pp">
				<edge label="H" idref="s15_32"/>
				<edge label="DP" idref="s15_516"/>
			</nt>
			<nt id="s15_516" cat="icl">
				<edge label="P" idref="s15_33"/>
				<edge label="Cs" idref="s15_517"/>
			</nt>
			<nt id="s15_517" cat="np">
				<edge label="H" idref="s15_34"/>
				<edge label="DN" idref="s15_518"/>
			</nt>
			<nt id="s15_518" cat="fcl">
				<edge label="Cs" idref="s15_35"/>
				<edge label="fA" idref="s15_36"/>
				<edge label="P" idref="s15_37"/>
			</nt>
		</nonterminals>
	</graph>
</s>

<s id="s16" ref="16" source="Running text" forest="1" text="Compartilhar enviar nova definição enviar nova imagem denunciar abuso Sinônimos:">
	<graph root="s16_500">
		<terminals>
			<t id="s16_1" word="Compartilhar" lemma="compartilhar" pos="v-inf" morph="--" extra="* vH mv"/>
			<t id="s16_2" word="enviar" lemma="enviar" pos="v-inf" morph="--" extra="vH mv"/>
			<t id="s16_3" word="nova" lemma="novo" pos="adj" morph="F S" extra="jh"/>
			<t id="s16_4" word="definição" lemma="definição" pos="n" morph="F S" sem="sem-c" extra="--"/>
			<t id="s16_5" word="enviar" lemma="enviar" pos="v-inf" morph="--" extra="vH mv"/>
			<t id="s16_6" word="nova" lemma="novo" pos="adj" morph="F S" extra="jh"/>
			<t id="s16_7" word="imagem" lemma="imagem" pos="n" morph="F S" sem="pict sem-c ac-cat" extra="--"/>
			<t id="s16_8" word="denunciar" lemma="denunciar" pos="v-inf" morph="--" extra="vH mv"/>
			<t id="s16_9" word="abuso" lemma="abuso" pos="n" morph="M S" sem="activity" extra="--"/>
			<t id="s16_10" word="Sinônimos" lemma="Sinônimos" pos="prop" morph="M S" extra="hum * np-close"/>
			<t id="s16_11" word=":" lemma="--" pos="pu" morph="--" extra="--"/>
		</terminals>

		<nonterminals>
			<nt id="s16_500" cat="s">
				<edge label="UTT" idref="s16_501"/>
			</nt>
			<nt id="s16_501" cat="icl">
				<edge label="P" idref="s16_1"/>
				<edge label="Od" idref="s16_502"/>
				<edge label="PU" idref="s16_11"/>
			</nt>
			<nt id="s16_502" cat="icl">
				<edge label="P" idref="s16_2"/>
				<edge label="Od" idref="s16_503"/>
				<edge label="UTT" idref="s16_504"/>
				<edge label="UTT" idref="s16_506"/>
			</nt>
			<nt id="s16_503" cat="np">
				<edge label="DN" idref="s16_3"/>
				<edge label="H" idref="s16_4"/>
			</nt>
			<nt id="s16_504" cat="icl">
				<edge label="P" idref="s16_5"/>
				<edge label="Od" idref="s16_505"/>
			</nt>
			<nt id="s16_505" cat="np">
				<edge label="DN" idref="s16_6"/>
				<edge label="H" idref="s16_7"/>
			</nt>
			<nt id="s16_506" cat="icl">
				<edge label="P" idref="s16_8"/>
				<edge label="Od" idref="s16_507"/>
			</nt>
			<nt id="s16_507" cat="np">
				<edge label="H" idref="s16_9"/>
				<edge label="DN" idref="s16_10"/>
			</nt>
		</nonterminals>
	</graph>
</s>

<s id="s17" ref="17" source="Running text" forest="1" text="hipócrita cínico falso escondido dissimulado incubado mais...">
	<graph root="s17_500">
		<terminals>
			<t id="s17_1" word="hipócrita" lemma="hipócrita" pos="n" morph="M/F S" sem="H" extra="cjt-head cjt-head-X"/>
			<t id="s17_2" word="cínico" lemma="cínico" pos="n" morph="M S" sem="H" extra="np-close"/>
			<t id="s17_3" word="falso" lemma="falso" pos="adj" morph="M S" extra="jh np-long"/>
			<t id="s17_4" word="escondido" lemma="escondido" pos="adj" morph="M S" extra="jh np-long"/>
			<t id="s17_5" word="dissimulado" lemma="dissimulado" pos="adj" morph="M S" extra="nh np-long"/>
			<t id="s17_6" word="incubado" lemma="incubar" pos="v-pcp" morph="M S" extra="vH np-long"/>
			<t id="s17_7" word="mais" lemma="muito" pos="pron-indef" morph="DET M/F S/P" extra="cjt-X quant KOMP"/>
			<t id="s17_8" word="." lemma="--" pos="pu" morph="--" extra="--"/>
		</terminals>

		<nonterminals>
			<nt id="s17_500" cat="s">
				<edge label="X" idref="s17_501"/>
			</nt>
			<nt id="s17_501" cat="par">
				<edge label="CJT" idref="s17_502"/>
				<edge label="CJT" idref="s17_7"/>
				<edge label="PU" idref="s17_8"/>
			</nt>
			<nt id="s17_502" cat="np">
				<edge label="H" idref="s17_1"/>
				<edge label="DN" idref="s17_2"/>
				<edge label="DN" idref="s17_3"/>
				<edge label="DN" idref="s17_4"/>
				<edge label="DN" idref="s17_5"/>
				<edge label="DN" idref="s17_6"/>
			</nt>
		</nonterminals>
	</graph>
</s>

<s id="s18" ref="18" source="Running text" forest="1" text="Antônimos:">
	<graph root="s18_500">
		<terminals>
			<t id="s18_1" word="Antônimos" lemma="antônimo" pos="adj" morph="M P" extra="* nh"/>
			<t id="s18_2" word=":" lemma="--" pos="pu" morph="--" extra="--"/>
		</terminals>

		<nonterminals>
			<nt id="s18_500" cat="s">
				<edge label="UTT" idref="s18_501"/>
			</nt>
			<nt id="s18_501" cat="x">
				<edge label="X" idref="s18_1"/>
				<edge label="PU" idref="s18_2"/>
			</nt>
		</nonterminals>
	</graph>
</s>

<s id="s19" ref="19" source="Running text" forest="1" text="assumido realista divulgado conhecido transparente autêntico verdadeiro original mais...">
	<graph root="s19_500">
		<terminals>
			<t id="s19_1" word="assumido" lemma="assumir" pos="v-pcp" morph="M S" extra="vH"/>
			<t id="s19_2" word="realista" lemma="realista" pos="n" morph="M S" sem="H Hattr" extra="cjt-head cjt-head-X"/>
			<t id="s19_3" word="divulgado" lemma="divulgar" pos="v-pcp" morph="M S" extra="vH np-close"/>
			<t id="s19_4" word="conhecido" lemma="conhecido" pos="adj" morph="M S" extra="jh"/>
			<t id="s19_5" word="transparente" lemma="transparente" pos="n" morph="M S" sem="sem-w" extra="cjt-X"/>
			<t id="s19_6" word="autêntico" lemma="autêntico" pos="adj" morph="M S" extra="jh np-close"/>
			<t id="s19_7" word="verdadeiro" lemma="verdadeiro" pos="adj" morph="M S" extra="jh"/>
			<t id="s19_8" word="original" lemma="original" pos="n" morph="M S" sem="cc H" extra="cjt-X"/>
			<t id="s19_9" word="mais" lemma="mais" pos="adv" morph="--" extra="--"/>
			<t id="s19_10" word="." lemma="--" pos="pu" morph="--" extra="--"/>
		</terminals>

		<nonterminals>
			<nt id="s19_500" cat="s">
				<edge label="X" idref="s19_501"/>
			</nt>
			<nt id="s19_501" cat="par">
				<edge label="CJT" idref="s19_502"/>
				<edge label="CJT" idref="s19_503"/>
				<edge label="CJT" idref="s19_504"/>
				<edge label="PU" idref="s19_10"/>
			</nt>
			<nt id="s19_502" cat="np">
				<edge label="DN" idref="s19_1"/>
				<edge label="H" idref="s19_2"/>
				<edge label="DN" idref="s19_3"/>
			</nt>
			<nt id="s19_503" cat="np">
				<edge label="DN" idref="s19_4"/>
				<edge label="H" idref="s19_5"/>
				<edge label="DN" idref="s19_6"/>
			</nt>
			<nt id="s19_504" cat="np">
				<edge label="DN" idref="s19_7"/>
				<edge label="H" idref="s19_8"/>
				<edge label="fA" idref="s19_9"/>
			</nt>
		</nonterminals>
	</graph>
</s>

<s id="s20" ref="20" source="Running text" forest="1" text="Relacionadas:">
	<graph root="s20_500">
		<terminals>
			<t id="s20_1" word="Relacionadas" lemma="relacionado" pos="adj" morph="F P" extra="* nh"/>
			<t id="s20_2" word=":" lemma="--" pos="pu" morph="--" extra="--"/>
		</terminals>

		<nonterminals>
			<nt id="s20_500" cat="s">
				<edge label="UTT" idref="s20_501"/>
			</nt>
			<nt id="s20_501" cat="x">
				<edge label="X" idref="s20_1"/>
				<edge label="PU" idref="s20_2"/>
			</nt>
		</nonterminals>
	</graph>
</s>

<s id="s21" ref="21" source="Running text" forest="1" text="camaleão disfarçar dissimular mais...">
	<graph root="s21_500">
		<terminals>
			<t id="s21_1" word="camaleão" lemma="camaleão" pos="n" morph="M S" sem="Azo" extra="--"/>
			<t id="s21_2" word="disfarçar" lemma="disfarçar" pos="v-inf" morph="3S" extra="vH mv"/>
			<t id="s21_3" word="dissimular" lemma="dissimular" pos="v-inf" morph="--" extra="vH mv"/>
			<t id="s21_4" word="mais" lemma="mais" pos="adv" morph="--" extra="--"/>
			<t id="s21_5" word="." lemma="--" pos="pu" morph="--" extra="--"/>
		</terminals>

		<nonterminals>
			<nt id="s21_500" cat="s">
				<edge label="S" idref="s21_501"/>
			</nt>
			<nt id="s21_501" cat="fcl">
				<edge label="S" idref="s21_1"/>
				<edge label="P" idref="s21_2"/>
				<edge label="Od" idref="s21_502"/>
				<edge label="PU" idref="s21_5"/>
			</nt>
			<nt id="s21_502" cat="icl">
				<edge label="P" idref="s21_3"/>
				<edge label="fA" idref="s21_4"/>
			</nt>
		</nonterminals>
	</graph>
</s>

<s id="s22" ref="22" source="Running text" forest="1" text="79 sobe, 22 desce 2. Enrustido Por joão angelo(GO) em 02-09-2008 Indivíduo que não assume uma determinada conduta, seja porque a sociedade não aceita, ou por outros motivos.">
	<graph root="s22_500">
		<terminals>
			<t id="s22_1" word="79" lemma="79" pos="num" morph="M/F P" extra="card"/>
			<t id="s22_2" word="sobe" lemma="subir" pos="v-fin" morph="PR 3S IND VFIN" extra="nosubj nosubj cjt-head cjt-head-STA fmc mv"/>
			<t id="s22_3" word="," lemma="--" pos="pu" morph="--" extra="--"/>
			<t id="s22_4" word="22" lemma="22" pos="num" morph="M/F P" extra="card"/>
			<t id="s22_5" word="desce" lemma="descer" pos="v-fin" morph="PR 3S IND VFIN" extra="cjt-STA fmc mv"/>
			<t id="s22_6" word="2." lemma="2." pos="adj" morph="M/F S" extra="NUM-ord"/>
			<t id="s22_7" word="Enrustido_Por" lemma="Enrustido_Por" pos="prop" morph="M S" extra="hum * heur"/>
			<t id="s22_8" word="joão" lemma="joãar" pos="v-fin" morph="PR 1S IND VFIN" extra="nosubj cjt-STA DERS fmc mv"/>
			<t id="s22_9" word="angelo" lemma="angelo" pos="adj" morph="M S" extra="heur jh"/>
			<t id="s22_10" word="(" lemma="--" pos="pu" morph="--" extra="--"/>
			<t id="s22_11" word="GO" lemma="GO" pos="prop" morph="M S" extra="civ * np-close"/>
			<t id="s22_12" word=")" lemma="--" pos="pu" morph="--" extra="--"/>
			<t id="s22_13" word="em" lemma="em" pos="prp" morph="--" extra="--"/>
			<t id="s22_14" word="02-09-2008" lemma="02-09-2008" pos="num" morph="M P" extra="card"/>
			<t id="s22_15" word="Indivíduo" lemma="indivíduo" pos="n" morph="M P" sem="H" extra="prop *"/>
			<t id="s22_16" word="que" lemma="que" pos="spec" morph="M S" extra="clb clb-fs rel"/>
			<t id="s22_17" word="não" lemma="não" pos="adv" morph="--" extra="--"/>
			<t id="s22_18" word="assume" lemma="assumir" pos="v-fin" morph="PR 3S IND VFIN" extra="vH mv np-close"/>
			<t id="s22_19" word="uma" lemma="um" pos="art" morph="F S" extra="--"/>
			<t id="s22_20" word="determinada" lemma="determinar" pos="v-pcp" morph="F S" extra="jh vH"/>
			<t id="s22_21" word="conduta" lemma="conduta" pos="n" morph="F S" sem="activity" extra="--"/>
			<t id="s22_22" word="," lemma="--" pos="pu" morph="--" extra="--"/>
			<t id="s22_23" word="seja" lemma="ser" pos="v-fin" morph="PR 1/3S SUBJ VFIN" extra="nosubj cjt-STA fmc mv"/>
			<t id="s22_24" word="porque" lemma="porque" pos="conj-s" morph="--" extra="clb clb-fs"/>
			<t id="s22_25" word="a" lemma="o" pos="art" morph="F S" extra="--"/>
			<t id="s22_26" word="sociedade" lemma="sociedade" pos="n" morph="F S" sem="HH" extra="--"/>
			<t id="s22_27" word="não" lemma="não" pos="adv" morph="--" extra="--"/>
			<t id="s22_28" word="aceita" lemma="aceitar" pos="v-fin" morph="PR 3S IND VFIN" extra="vH mv"/>
			<t id="s22_29" word="," lemma="--" pos="pu" morph="--" extra="--"/>
			<t id="s22_30" word="ou" lemma="ou" pos="conj-c" morph="--" extra="--"/>
			<t id="s22_31" word="por" lemma="por" pos="prp" morph="--" extra="--"/>
			<t id="s22_32" word="outros" lemma="outro" pos="pron-indef" morph="DET M P" extra="diff KOMP"/>
			<t id="s22_33" word="motivos" lemma="motivo" pos="n" morph="M P" sem="ac" extra="--"/>
			<t id="s22_34" word="." lemma="--" pos="pu" morph="--" extra="--"/>
		</terminals>

		<nonterminals>
			<nt id="s22_500" cat="s">
				<edge label="UTT" idref="s22_501"/>
			</nt>
			<nt id="s22_501" cat="x">
				<edge label="Od" idref="s22_1"/>
				<edge label="STA" idref="s22_502"/>
				<edge label="CJT" idref="s22_2"/>
				<edge label="PU" idref="s22_3"/>
				<edge label="CJT" idref="s22_503"/>
				<edge label="CJT" idref="s22_505"/>
				<edge label="PU" idref="s22_22"/>
				<edge label="CJT" idref="s22_510"/>
				<edge label="PU" idref="s22_34"/>
			</nt>
			<nt id="s22_502" cat="par">
			</nt>
			<nt id="s22_503" cat="fcl">
				<edge label="Od" idref="s22_4"/>
				<edge label="P" idref="s22_5"/>
				<edge label="fCs" idref="s22_6"/>
				<edge label="S" idref="s22_504"/>
			</nt>
			<nt id="s22_504" cat="np">
				<edge label="H" idref="s22_7"/>
				<edge label="PU" idref="s22_10"/>
				<edge label="DNapp" idref="s22_11"/>
				<edge label="PU" idref="s22_12"/>
			</nt>
			<nt id="s22_505" cat="x">
				<edge label="P" idref="s22_8"/>
				<edge label="fCs" idref="s22_9"/>
				<edge label="fA" idref="s22_506"/>
			</nt>
			<nt id="s22_506" cat="pp">
				<edge label="H" idref="s22_13"/>
				<edge label="DP" idref="s22_507"/>
			</nt>
			<nt id="s22_507" cat="np">
				<edge label="DN" idref="s22_14"/>
				<edge label="H" idref="s22_15"/>
				<edge label="DN" idref="s22_508"/>
			</nt>
			<nt id="s22_508" cat="fcl">
				<edge label="Od" idref="s22_16"/>
				<edge label="fA" idref="s22_17"/>
				<edge label="P" idref="s22_18"/>
				<edge label="S" idref="s22_509"/>
			</nt>
			<nt id="s22_509" cat="np">
				<edge label="DN" idref="s22_19"/>
				<edge label="DN" idref="s22_20"/>
				<edge label="H" idref="s22_21"/>
			</nt>
			<nt id="s22_510" cat="x">
				<edge label="P" idref="s22_23"/>
				<edge label="fA" idref="s22_511"/>
			</nt>
			<nt id="s22_511" cat="fcl">
				<edge label="SUB" idref="s22_24"/>
				<edge label="S" idref="s22_512"/>
				<edge label="P" idref="s22_28"/>
				<edge label="PU" idref="s22_29"/>
				<edge label="fA" idref="s22_513"/>
				<edge label="fA" idref="s22_514"/>
			</nt>
			<nt id="s22_512" cat="np">
				<edge label="DN" idref="s22_25"/>
				<edge label="H" idref="s22_26"/>
				<edge label="H" idref="s22_27"/>
			</nt>
			<nt id="s22_513" cat="advp">
				<edge label="CO" idref="s22_30"/>
			</nt>
			<nt id="s22_514" cat="pp">
				<edge label="H" idref="s22_31"/>
				<edge label="DP" idref="s22_515"/>
			</nt>
			<nt id="s22_515" cat="np">
				<edge label="DN" idref="s22_32"/>
				<edge label="H" idref="s22_33"/>
			</nt>
		</nonterminals>
	</graph>
</s>

<s id="s23" ref="23" source="Running text" forest="1" text="Fulano de tal é gay enustido, não assume porque é deputado.. Compartilhar enviar nova definição enviar nova imagem denunciar abuso 10 sobe, 2 desce 3. Enrustido Por Dicionário inFormal(SP) em 16-08-2007 1-Escondido.">
	<graph root="s23_500">
		<terminals>
			<t id="s23_1" word="Fulano" lemma="fulano" pos="n" morph="M S" extra="* Hnat"/>
			<t id="s23_2" word="de" lemma="de" pos="prp" morph="--" extra="np-close"/>
			<t id="s23_3" word="tal" lemma="tal" pos="pron-indef" morph="DET M/F S" extra="diff KOMP"/>
			<t id="s23_4" word="é" lemma="ser" pos="v-fin" morph="PR 3S IND VFIN" extra="nosubj cjt-head cjt-head-STA vK fmc mv"/>
			<t id="s23_5" word="gay" lemma="gay" pos="n" morph="M S" sem="H" extra="--"/>
			<t id="s23_6" word="enustido" lemma="enuster" pos="v-pcp" morph="M S" extra="heur np-close"/>
			<t id="s23_7" word="," lemma="--" pos="pu" morph="--" extra="--"/>
			<t id="s23_8" word="não" lemma="não" pos="adv" morph="--" extra="--"/>
			<t id="s23_9" word="assume" lemma="assumir" pos="v-fin" morph="PR 3S IND VFIN" extra="nosubj cjt-STA vH fmc mv"/>
			<t id="s23_10" word="porque" lemma="porque" pos="conj-s" morph="--" extra="clb clb-fs"/>
			<t id="s23_11" word="é" lemma="ser" pos="v-fin" morph="PR 3S IND VFIN" extra="vK mv"/>
			<t id="s23_12" word="deputado.." lemma="deputado.." pos="n" morph="M S" extra="heur"/>
			<t id="s23_13" word="Compartilhar" lemma="Compartilhar" pos="prop" morph="M/F S" extra="hum *"/>
			<t id="s23_14" word="enviar" lemma="enviar" pos="v-inf" morph="3S" extra="vH mv"/>
			<t id="s23_15" word="nova" lemma="novo" pos="adj" morph="F S" extra="jh"/>
			<t id="s23_16" word="definição" lemma="definição" pos="n" morph="F S" sem="sem-c" extra="--"/>
			<t id="s23_17" word="enviar" lemma="enviar" pos="v-inf" morph="--" extra="vH mv"/>
			<t id="s23_18" word="nova" lemma="novo" pos="adj" morph="F S" extra="jh"/>
			<t id="s23_19" word="imagem" lemma="imagem" pos="n" morph="F S" sem="pict sem-c ac-cat" extra="--"/>
			<t id="s23_20" word="denunciar" lemma="denunciar" pos="v-inf" morph="--" extra="vH mv"/>
			<t id="s23_21" word="abuso" lemma="abuso" pos="n" morph="M S" sem="activity" extra="--"/>
			<t id="s23_22" word="10" lemma="10" pos="num" morph="M/F P" extra="card"/>
			<t id="s23_23" word="sobe" lemma="subir" pos="v-fin" morph="PR 3S IND VFIN" extra="cjt-STA fmc mv"/>
			<t id="s23_24" word="," lemma="--" pos="pu" morph="--" extra="--"/>
			<t id="s23_25" word="2" lemma="2" pos="num" morph="M/F P" extra="card"/>
			<t id="s23_26" word="desce" lemma="descer" pos="v-fin" morph="PR 3S IND VFIN" extra="nosubj cjt-STA fmc mv"/>
			<t id="s23_27" word="3." lemma="3." pos="adj" morph="M/F S" extra="NUM-ord"/>
			<t id="s23_28" word="Enrustido_Por_Dicionário" lemma="Enrustido_Por_Dicionário" pos="prop" morph="M S" extra="tit *"/>
			<t id="s23_29" word="inFormal" lemma="inFormal" pos="adj" morph="M S" extra="np-close"/>
			<t id="s23_30" word="(" lemma="--" pos="pu" morph="--" extra="--"/>
			<t id="s23_31" word="SP" lemma="SP" pos="prop" morph="M S" extra="civ * np-close"/>
			<t id="s23_32" word=")" lemma="--" pos="pu" morph="--" extra="--"/>
			<t id="s23_33" word="em" lemma="em" pos="prp" morph="--" extra="--"/>
			<t id="s23_34" word="16-08-2007_1-Escondido" lemma="16-08-2007_1-escondido" pos="num" morph="M/F S" extra="card"/>
			<t id="s23_35" word="." lemma="--" pos="pu" morph="--" extra="--"/>
		</terminals>

		<nonterminals>
			<nt id="s23_500" cat="s">
				<edge label="STA" idref="s23_501"/>
			</nt>
			<nt id="s23_501" cat="par">
				<edge label="CJT" idref="s23_502"/>
				<edge label="PU" idref="s23_7"/>
				<edge label="CJT" idref="s23_506"/>
				<edge label="CJT" idref="s23_508"/>
				<edge label="CJT" idref="s23_514"/>
				<edge label="PU" idref="s23_35"/>
			</nt>
			<nt id="s23_502" cat="fcl">
				<edge label="S" idref="s23_503"/>
				<edge label="P" idref="s23_4"/>
				<edge label="Cs" idref="s23_505"/>
			</nt>
			<nt id="s23_503" cat="np">
				<edge label="H" idref="s23_1"/>
				<edge label="DN" idref="s23_504"/>
			</nt>
			<nt id="s23_504" cat="pp">
				<edge label="H" idref="s23_2"/>
				<edge label="DP" idref="s23_3"/>
			</nt>
			<nt id="s23_505" cat="np">
				<edge label="H" idref="s23_5"/>
				<edge label="DN" idref="s23_6"/>
			</nt>
			<nt id="s23_506" cat="x">
				<edge label="fA" idref="s23_8"/>
				<edge label="P" idref="s23_9"/>
				<edge label="fA" idref="s23_507"/>
			</nt>
			<nt id="s23_507" cat="fcl">
				<edge label="SUB" idref="s23_10"/>
				<edge label="P" idref="s23_11"/>
				<edge label="Cs" idref="s23_12"/>
				<edge label="S" idref="s23_509"/>
			</nt>
			<nt id="s23_508" cat="fcl">
				<edge label="S" idref="s23_13"/>
				<edge label="S" idref="s23_511"/>
				<edge label="Od" idref="s23_22"/>
				<edge label="P" idref="s23_23"/>
				<edge label="PU" idref="s23_24"/>
				<edge label="Cs" idref="s23_25"/>
			</nt>
			<nt id="s23_509" cat="icl">
				<edge label="P" idref="s23_14"/>
				<edge label="Od" idref="s23_510"/>
			</nt>
			<nt id="s23_510" cat="np">
				<edge label="DN" idref="s23_15"/>
				<edge label="H" idref="s23_16"/>
			</nt>
			<nt id="s23_511" cat="fcl">
				<edge label="S" idref="s23_512"/>
				<edge label="P" idref="s23_20"/>
				<edge label="Od" idref="s23_21"/>
			</nt>
			<nt id="s23_512" cat="icl">
				<edge label="P" idref="s23_17"/>
				<edge label="Od" idref="s23_513"/>
			</nt>
			<nt id="s23_513" cat="np">
				<edge label="DN" idref="s23_18"/>
				<edge label="H" idref="s23_19"/>
			</nt>
			<nt id="s23_514" cat="x">
				<edge label="P" idref="s23_26"/>
				<edge label="fCs" idref="s23_27"/>
				<edge label="Cs" idref="s23_515"/>
				<edge label="fA" idref="s23_516"/>
			</nt>
			<nt id="s23_515" cat="np">
				<edge label="H" idref="s23_28"/>
				<edge label="DN" idref="s23_29"/>
				<edge label="PU" idref="s23_30"/>
				<edge label="DNapp" idref="s23_31"/>
				<edge label="PU" idref="s23_32"/>
			</nt>
			<nt id="s23_516" cat="pp">
				<edge label="H" idref="s23_33"/>
				<edge label="DP" idref="s23_34"/>
			</nt>
		</nonterminals>
	</graph>
</s>

<s id="s24" ref="24" source="Running text" forest="1" text="Normalmente por motivos de vergonha ou receio de castigo.">
	<graph root="s24_500">
		<terminals>
			<t id="s24_1" word="Normalmente" lemma="normalmente" pos="adv" morph="--" extra="*"/>
			<t id="s24_2" word="por_motivos_de" lemma="por_motivos_de" pos="prp" morph="--" extra="--"/>
			<t id="s24_3" word="vergonha" lemma="vergonha" pos="n" morph="F S" sem="percep-f" extra="--"/>
			<t id="s24_4" word="ou" lemma="ou" pos="conj-c" morph="--" extra="--"/>
			<t id="s24_5" word="receio" lemma="recear" pos="v-fin" morph="PR 1S IND VFIN" extra="vH fmc mv"/>
			<t id="s24_6" word="de" lemma="de" pos="prp" morph="--" extra="--"/>
			<t id="s24_7" word="castigo" lemma="castigo" pos="n" morph="M S" sem="act" extra="--"/>
			<t id="s24_8" word="." lemma="--" pos="pu" morph="--" extra="--"/>
		</terminals>

		<nonterminals>
			<nt id="s24_500" cat="s">
				<edge label="STA" idref="s24_501"/>
			</nt>
			<nt id="s24_501" cat="fcl">
				<edge label="fA" idref="s24_1"/>
				<edge label="fA" idref="s24_502"/>
				<edge label="P" idref="s24_5"/>
				<edge label="Op" idref="s24_503"/>
				<edge label="PU" idref="s24_8"/>
			</nt>
			<nt id="s24_502" cat="pp">
				<edge label="H" idref="s24_2"/>
				<edge label="DP" idref="s24_3"/>
			</nt>
			<nt id="s24_503" cat="pp">
				<edge label="H" idref="s24_6"/>
				<edge label="DP" idref="s24_7"/>
			</nt>
		</nonterminals>
	</graph>
</s>

<s id="s25" ref="25" source="Running text" forest="1" text="2-Forma vulgar de classificação por opção sexual.">
	<graph root="s25_500">
		<terminals>
			<t id="s25_1" word="2-Forma" lemma="2-forma" pos="num" morph="M/F P" extra="card"/>
			<t id="s25_2" word="vulgar" lemma="vulgar" pos="adj" morph="M/F S" extra="n jh"/>
			<t id="s25_3" word="de" lemma="de" pos="prp" morph="--" extra="np-close"/>
			<t id="s25_4" word="classificação" lemma="classificação" pos="n" morph="F S" sem="act" extra="--"/>
			<t id="s25_5" word="por" lemma="por" pos="prp" morph="--" extra="--"/>
			<t id="s25_6" word="opção" lemma="opção" pos="n" morph="F S" sem="sem-c" extra="--"/>
			<t id="s25_7" word="sexual" lemma="sexual" pos="adj" morph="F S" extra="nh np-close"/>
			<t id="s25_8" word="." lemma="--" pos="pu" morph="--" extra="--"/>
		</terminals>

		<nonterminals>
			<nt id="s25_500" cat="s">
				<edge label="X" idref="s25_501"/>
			</nt>
			<nt id="s25_501" cat="np">
				<edge label="DN" idref="s25_1"/>
				<edge label="H" idref="s25_2"/>
				<edge label="DN" idref="s25_502"/>
				<edge label="H" idref="s25_3"/>
				<edge label="DP" idref="s25_4"/>
				<edge label="fA" idref="s25_503"/>
				<edge label="PU" idref="s25_8"/>
			</nt>
			<nt id="s25_502" cat="pp">
			</nt>
			<nt id="s25_503" cat="pp">
				<edge label="H" idref="s25_5"/>
				<edge label="DP" idref="s25_504"/>
			</nt>
			<nt id="s25_504" cat="np">
				<edge label="H" idref="s25_6"/>
				<edge label="DN" idref="s25_7"/>
			</nt>
		</nonterminals>
	</graph>
</s>

<s id="s26" ref="26" source="Running text" forest="1" text="3-Em Vinhedo também utilizado para sinônimo de engripado.">
	<graph root="s26_500">
		<terminals>
			<t id="s26_1" word="3-Em" lemma="3-em" pos="num" morph="M P" extra="card"/>
			<t id="s26_2" word="Vinhedo" lemma="vinhedo" pos="n" morph="M P" sem="BB" extra="prop *"/>
			<t id="s26_3" word="também" lemma="também" pos="adv" morph="--" extra="--"/>
			<t id="s26_4" word="utilizado" lemma="utilizar" pos="v-pcp" morph="M S" extra="vH mv np-close"/>
			<t id="s26_5" word="para" lemma="para" pos="prp" morph="--" extra="--"/>
			<t id="s26_6" word="sinônimo" lemma="sinônimo" pos="n" morph="M S" sem="ac-cat" extra="--"/>
			<t id="s26_7" word="de" lemma="de" pos="prp" morph="--" extra="np-close"/>
			<t id="s26_8" word="engripado" lemma="engripado" pos="adj" morph="M S" extra="jh"/>
			<t id="s26_9" word="." lemma="--" pos="pu" morph="--" extra="--"/>
		</terminals>

		<nonterminals>
			<nt id="s26_500" cat="s">
				<edge label="X" idref="s26_501"/>
			</nt>
			<nt id="s26_501" cat="np">
				<edge label="DN" idref="s26_1"/>
				<edge label="H" idref="s26_2"/>
				<edge label="DN" idref="s26_502"/>
				<edge label="fA" idref="s26_503"/>
				<edge label="PU" idref="s26_9"/>
			</nt>
			<nt id="s26_502" cat="icl">
				<edge label="fA" idref="s26_3"/>
				<edge label="P" idref="s26_4"/>
			</nt>
			<nt id="s26_503" cat="pp">
				<edge label="H" idref="s26_5"/>
				<edge label="DP" idref="s26_504"/>
			</nt>
			<nt id="s26_504" cat="np">
				<edge label="H" idref="s26_6"/>
				<edge label="DN" idref="s26_505"/>
			</nt>
			<nt id="s26_505" cat="pp">
				<edge label="H" idref="s26_7"/>
				<edge label="DP" idref="s26_8"/>
			</nt>
		</nonterminals>
	</graph>
</s>

<s id="s27" ref="27" source="Running text" forest="1" text="Ele enrustiu o dinheiro que surrupiou da venda.">
	<graph root="s27_500">
		<terminals>
			<t id="s27_1" word="Ele" lemma="ele" pos="pron-pers" morph="M 3S NOM" extra="*"/>
			<t id="s27_2" word="enrustiu" lemma="enrustir" pos="v-fin" morph="PS 3S IND VFIN" extra="vH fmc mv"/>
			<t id="s27_3" word="o" lemma="o" pos="art" morph="M S" extra="--"/>
			<t id="s27_4" word="dinheiro" lemma="dinheiro" pos="n" morph="M S" sem="mon cm" extra="--"/>
			<t id="s27_5" word="que" lemma="que" pos="spec" morph="M S" extra="clb clb-fs rel"/>
			<t id="s27_6" word="surrupiou" lemma="surrupiar" pos="v-fin" morph="PS 3S IND VFIN" extra="vH mv np-close"/>
			<t id="s27_7" word="de" lemma="de" pos="prp" morph="--" extra="sam-"/>
			<t id="s27_8" word="a" lemma="o" pos="art" morph="F S" extra="-sam "/>
			<t id="s27_9" word="venda" lemma="venda" pos="n" morph="F S" sem="act inst cloH" extra="--"/>
			<t id="s27_10" word="." lemma="--" pos="pu" morph="--" extra="--"/>
		</terminals>

		<nonterminals>
			<nt id="s27_500" cat="s">
				<edge label="STA" idref="s27_501"/>
			</nt>
			<nt id="s27_501" cat="fcl">
				<edge label="S" idref="s27_1"/>
				<edge label="P" idref="s27_2"/>
				<edge label="Od" idref="s27_502"/>
				<edge label="PU" idref="s27_10"/>
			</nt>
			<nt id="s27_502" cat="np">
				<edge label="DN" idref="s27_3"/>
				<edge label="H" idref="s27_4"/>
				<edge label="DN" idref="s27_503"/>
			</nt>
			<nt id="s27_503" cat="fcl">
				<edge label="Od" idref="s27_5"/>
				<edge label="P" idref="s27_6"/>
				<edge label="fA" idref="s27_504"/>
			</nt>
			<nt id="s27_504" cat="pp">
				<edge label="H" idref="s27_7"/>
				<edge label="DP" idref="s27_505"/>
			</nt>
			<nt id="s27_505" cat="np">
				<edge label="DN" idref="s27_8"/>
				<edge label="H" idref="s27_9"/>
			</nt>
		</nonterminals>
	</graph>
</s>

<s id="s28" ref="28" source="Running text" forest="1" text="O moço é enrustido.">
	<graph root="s28_500">
		<terminals>
			<t id="s28_1" word="O" lemma="o" pos="art" morph="M S" extra="* "/>
			<t id="s28_2" word="moço" lemma="moço" pos="n" morph="M S" sem="Hbio" extra="--"/>
			<t id="s28_3" word="é" lemma="ser" pos="v-fin" morph="PR 3S IND VFIN" extra="fmc aux"/>
			<t id="s28_4" word="enrustido" lemma="enrustir" pos="v-pcp" morph="M S" extra="vH mv"/>
			<t id="s28_5" word="." lemma="--" pos="pu" morph="--" extra="--"/>
		</terminals>

		<nonterminals>
			<nt id="s28_500" cat="s">
				<edge label="STA" idref="s28_501"/>
			</nt>
			<nt id="s28_501" cat="fcl">
				<edge label="S" idref="s28_502"/>
				<edge label="P" idref="s28_503"/>
				<edge label="PU" idref="s28_5"/>
			</nt>
			<nt id="s28_502" cat="np">
				<edge label="DN" idref="s28_1"/>
				<edge label="H" idref="s28_2"/>
			</nt>
			<nt id="s28_503" cat="vp">
				<edge label="Vaux" idref="s28_3"/>
				<edge label="Vm" idref="s28_4"/>
			</nt>
		</nonterminals>
	</graph>
</s>

<s id="s29" ref="29" source="Running text" forest="1" text="Compartilhar enviar nova definição enviar nova imagem denunciar abuso 6 sobe, 2 desce 4. Enrustido Por Dicionário inFormal(SP) em 25-07-2010 Incubado Pareceu-me ser uma 'bichinha' enrustida Compartilhar enviar nova definição enviar nova imagem denunciar abuso Outras Informações:Palavras com 9 letras A palavra possui 4 vogais -- e u i o A palavra possui 5 consoantes -- nr st d 1 página -- 4 Definições manchete mandubé dar a cria xifópago xenotima.">
	<graph root="s29_500">
		<terminals>
			<t id="s29_1" word="Compartilhar" lemma="compartilhar" pos="v-inf" morph="--" extra="cjt-head cjt-head-S * vH mv"/>
			<t id="s29_2" word="enviar" lemma="enviar" pos="v-inf" morph="--" extra="vH mv"/>
			<t id="s29_3" word="nova" lemma="novo" pos="adj" morph="F S" extra="jh"/>
			<t id="s29_4" word="definição" lemma="definição" pos="n" morph="F S" sem="sem-c" extra="--"/>
			<t id="s29_5" word="enviar" lemma="enviar" pos="v-inf" morph="--" extra="vH mv"/>
			<t id="s29_6" word="nova" lemma="novo" pos="adj" morph="F S" extra="jh"/>
			<t id="s29_7" word="imagem" lemma="imagem" pos="n" morph="F S" sem="pict sem-c ac-cat" extra="--"/>
			<t id="s29_8" word="denunciar" lemma="denunciar" pos="v-inf" morph="--" extra="cjt-S vH mv"/>
			<t id="s29_9" word="abuso" lemma="abuso" pos="n" morph="M S" sem="activity" extra="--"/>
			<t id="s29_10" word="6" lemma="6" pos="num" morph="M/F P" extra="card"/>
			<t id="s29_11" word="sobe" lemma="subir" pos="v-fin" morph="PR 3S IND VFIN" extra="predco fmc mv"/>
			<t id="s29_12" word="," lemma="--" pos="pu" morph="--" extra="--"/>
			<t id="s29_13" word="2" lemma="2" pos="num" morph="M/F P" extra="card"/>
			<t id="s29_14" word="desce" lemma="descer" pos="v-fin" morph="PR 3S IND VFIN" extra="cjt-STA fmc mv"/>
			<t id="s29_15" word="4." lemma="4." pos="adj" morph="M/F S" extra="NUM-ord"/>
			<t id="s29_16" word="Enrustido_Por_Dicionário" lemma="Enrustido_Por_Dicionário" pos="prop" morph="M S" extra="tit *"/>
			<t id="s29_17" word="inFormal" lemma="inFormal" pos="adj" morph="M S" extra="np-close"/>
			<t id="s29_18" word="(" lemma="--" pos="pu" morph="--" extra="--"/>
			<t id="s29_19" word="SP" lemma="SP" pos="prop" morph="M S" extra="civ *"/>
			<t id="s29_20" word=")" lemma="--" pos="pu" morph="--" extra="--"/>
			<t id="s29_21" word="em" lemma="em" pos="prp" morph="--" extra="--"/>
			<t id="s29_22" word="25-07-2010" lemma="25-07-2010" pos="num" morph="M/F S" extra="card"/>
			<t id="s29_23" word="Incubado_Pareceu-me" lemma="Incubado_Pareceu-me" pos="prop" morph="F S" extra="org * heur"/>
			<t id="s29_24" word="ser" lemma="ser" pos="v-inf" morph="3S" extra="vK mv"/>
			<t id="s29_25" word="uma" lemma="um" pos="art" morph="F S" extra="--"/>
			<t id="s29_26" word="'" lemma="--" pos="pu" morph="--" extra="--"/>
			<t id="s29_27" word="bichinha" lemma="bichinha" pos="n" morph="F S" extra="DERS"/>
			<t id="s29_28" word="'" lemma="--" pos="pu" morph="--" extra="--"/>
			<t id="s29_29" word="enrustida" lemma="enrustido" pos="adj" morph="F S" extra="--"/>
			<t id="s29_30" word="Compartilhar" lemma="compartilhar" pos="v-inf" morph="--" extra="* vH mv"/>
			<t id="s29_31" word="enviar" lemma="enviar" pos="v-inf" morph="--" extra="vH mv"/>
			<t id="s29_32" word="nova" lemma="novo" pos="adj" morph="F S" extra="jh"/>
			<t id="s29_33" word="definição" lemma="definição" pos="n" morph="F S" sem="sem-c" extra="--"/>
			<t id="s29_34" word="enviar" lemma="enviar" pos="v-inf" morph="3S" extra="vH mv"/>
			<t id="s29_35" word="nova" lemma="novo" pos="adj" morph="F S" extra="jh"/>
			<t id="s29_36" word="imagem" lemma="imagem" pos="n" morph="F S" sem="pict sem-c ac-cat" extra="--"/>
			<t id="s29_37" word="denunciar" lemma="denunciar" pos="v-inf" morph="--" extra="vH mv"/>
			<t id="s29_38" word="abuso" lemma="abuso" pos="n" morph="M S" sem="activity" extra="--"/>
			<t id="s29_39" word="Outras_Informações" lemma="Outras_Informações" pos="prop" morph="M S" extra="hum * heur np-close"/>
			<t id="s29_40" word=":Palavras" lemma=":Palavras" pos="n" morph="M S" extra="cjt-head cjt-head-S"/>
			<t id="s29_41" word="com" lemma="com" pos="prp" morph="--" extra="--"/>
			<t id="s29_42" word="9" lemma="9" pos="num" morph="F P" extra="card"/>
			<t id="s29_43" word="letras" lemma="letra" pos="n" morph="F P" sem="ac-sign sem-r domain" extra="--"/>
			<t id="s29_44" word="A" lemma="o" pos="art" morph="F S" extra="* "/>
			<t id="s29_45" word="palavra" lemma="palavra" pos="n" morph="F S" sem="ac-cat act-s" extra="cjt-S"/>
			<t id="s29_46" word="possui" lemma="possuir" pos="v-fin" morph="PR 3S IND VFIN" extra="cjt-STA vH fmc mv"/>
			<t id="s29_47" word="4" lemma="4" pos="num" morph="M P" extra="card"/>
			<t id="s29_48" word="vogais" lemma="vogal" pos="n" morph="M P" sem="ac-cat H" extra="--"/>
			<t id="s29_49" word="--" lemma="--" pos="pu" morph="--" extra="--"/>
			<t id="s29_50" word="e" lemma="e" pos="conj-c" morph="--" extra="--"/>
			<t id="s29_51" word="u" lemma="u" pos="n" morph="M S" sem="ac-sign" extra="--"/>
			<t id="s29_52" word="i" lemma="i" pos="n" morph="M S" sem="ac-sign" extra="--"/>
			<t id="s29_53" word="o" lemma="o" pos="art" morph="M S" extra="--"/>
			<t id="s29_54" word="A" lemma="o" pos="art" morph="F S" extra="* "/>
			<t id="s29_55" word="palavra" lemma="palavra" pos="n" morph="F S" sem="ac-cat act-s" extra="--"/>
			<t id="s29_56" word="possui" lemma="possuir" pos="v-fin" morph="PR 3S IND VFIN" extra="cjt-STA vH fmc mv"/>
			<t id="s29_57" word="5" lemma="5" pos="num" morph="F P" extra="card"/>
			<t id="s29_58" word="consoantes" lemma="consoante" pos="n" morph="F P" sem="ac-cat" extra="--"/>
			<t id="s29_59" word="--" lemma="--" pos="pu" morph="--" extra="--"/>
			<t id="s29_60" word="nr" lemma="nr" pos="n" morph="M/F S" extra="cjt-head cjt-head-S foreign"/>
			<t id="s29_61" word="st" lemma="st" pos="n" morph="M/F S" extra="cjt-S foreign"/>
			<t id="s29_62" word="d" lemma="d" pos="n" morph="M S" sem="ac-sign" extra="cjt-S"/>
			<t id="s29_63" word="1" lemma="1" pos="num" morph="F S" extra="card"/>
			<t id="s29_64" word="página" lemma="página" pos="n" morph="F S" sem="cc-r" extra="cjt-S"/>
			<t id="s29_65" word="--" lemma="--" pos="pu" morph="--" extra="--"/>
			<t id="s29_66" word="4" lemma="4" pos="num" morph="F P" extra="card"/>
			<t id="s29_67" word="Definições" lemma="definição" pos="n" morph="F P" sem="sem-c" extra="prop *"/>
			<t id="s29_68" word="manchete" lemma="manchete" pos="n" morph="F S" sem="sem-r" extra="--"/>
			<t id="s29_69" word="mandubé" lemma="mandubé" pos="n" morph="M S" extra="heur"/>
			<t id="s29_70" word="dar" lemma="dar" pos="v-inf" morph="3S" extra="mv"/>
			<t id="s29_71" word="a" lemma="a" pos="prp" morph="--" extra="--"/>
			<t id="s29_72" word="cria" lemma="criar" pos="v-fin" morph="PR 3S IND VFIN" extra="cjt-STA fmc mv"/>
			<t id="s29_73" word="xifópago" lemma="xifópago" pos="adj" morph="M S" extra="--"/>
			<t id="s29_74" word="xenotima" lemma="xenotimo" pos="adj" morph="F S" extra="SUP DERP"/>
			<t id="s29_75" word="." lemma="--" pos="pu" morph="--" extra="--"/>
		</terminals>

		<nonterminals>
			<nt id="s29_500" cat="s">
				<edge label="STA" idref="s29_501"/>
			</nt>
			<nt id="s29_501" cat="fcl">
				<edge label="S" idref="s29_502"/>
				<edge label="Od" idref="s29_10"/>
				<edge label="X" idref="s29_509"/>
				<edge label="PU" idref="s29_75"/>
			</nt>
			<nt id="s29_502" cat="par">
				<edge label="CJT" idref="s29_503"/>
				<edge label="CJT" idref="s29_506"/>
			</nt>
			<nt id="s29_503" cat="icl">
				<edge label="P" idref="s29_1"/>
				<edge label="Od" idref="s29_504"/>
			</nt>
			<nt id="s29_504" cat="icl">
				<edge label="P" idref="s29_2"/>
				<edge label="Od" idref="s29_505"/>
			</nt>
			<nt id="s29_505" cat="np">
				<edge label="DN" idref="s29_3"/>
				<edge label="H" idref="s29_4"/>
			</nt>
			<nt id="s29_506" cat="fcl">
				<edge label="S" idref="s29_507"/>
				<edge label="P" idref="s29_8"/>
				<edge label="Od" idref="s29_9"/>
			</nt>
			<nt id="s29_507" cat="icl">
				<edge label="P" idref="s29_5"/>
				<edge label="Od" idref="s29_508"/>
			</nt>
			<nt id="s29_508" cat="np">
				<edge label="DN" idref="s29_6"/>
				<edge label="H" idref="s29_7"/>
			</nt>
			<nt id="s29_509" cat="par">
				<edge label="CJT" idref="s29_510"/>
				<edge label="PU" idref="s29_12"/>
				<edge label="CJT" idref="s29_511"/>
				<edge label="CJT" idref="s29_515"/>
				<edge label="CJT" idref="s29_529"/>
				<edge label="CJT" idref="s29_536"/>
			</nt>
			<nt id="s29_510" cat="x">
				<edge label="P" idref="s29_11"/>
			</nt>
			<nt id="s29_511" cat="fcl">
				<edge label="Od" idref="s29_13"/>
				<edge label="P" idref="s29_14"/>
				<edge label="fCs" idref="s29_15"/>
				<edge label="S" idref="s29_512"/>
				<edge label="PU" idref="s29_18"/>
				<edge label="Od" idref="s29_513"/>
				<edge label="PU" idref="s29_20"/>
				<edge label="fA" idref="s29_514"/>
			</nt>
			<nt id="s29_512" cat="np">
				<edge label="H" idref="s29_16"/>
				<edge label="DN" idref="s29_17"/>
			</nt>
			<nt id="s29_513" cat="fcl">
				<edge label="S" idref="s29_19"/>
			</nt>
			<nt id="s29_514" cat="pp">
				<edge label="H" idref="s29_21"/>
				<edge label="DP" idref="s29_22"/>
				<edge label="P" idref="s29_24"/>
				<edge label="Cs" idref="s29_516"/>
				<edge label="PU" idref="s29_28"/>
				<edge label="fCs" idref="s29_29"/>
			</nt>
			<nt id="s29_515" cat="fcl">
				<edge label="S" idref="s29_23"/>
				<edge label="UTT" idref="s29_517"/>
				<edge label="S" idref="s29_519"/>
				<edge label="UTT" idref="s29_522"/>
				<edge label="P" idref="s29_46"/>
				<edge label="Od" idref="s29_528"/>
			</nt>
			<nt id="s29_516" cat="np">
				<edge label="DN" idref="s29_25"/>
				<edge label="PU" idref="s29_26"/>
				<edge label="H" idref="s29_27"/>
			</nt>
			<nt id="s29_517" cat="icl">
				<edge label="P" idref="s29_30"/>
				<edge label="Od" idref="s29_518"/>
			</nt>
			<nt id="s29_518" cat="icl">
				<edge label="P" idref="s29_31"/>
				<edge label="Od" idref="s29_520"/>
			</nt>
			<nt id="s29_519" cat="np">
				<edge label="DN" idref="s29_32"/>
				<edge label="H" idref="s29_33"/>
			</nt>
			<nt id="s29_520" cat="icl">
				<edge label="P" idref="s29_34"/>
				<edge label="Od" idref="s29_521"/>
			</nt>
			<nt id="s29_521" cat="np">
				<edge label="DN" idref="s29_35"/>
				<edge label="H" idref="s29_36"/>
			</nt>
			<nt id="s29_522" cat="fcl">
				<edge label="P" idref="s29_37"/>
				<edge label="Od" idref="s29_523"/>
				<edge label="S" idref="s29_524"/>
				<edge label="fA" idref="s29_525"/>
			</nt>
			<nt id="s29_523" cat="np">
				<edge label="H" idref="s29_38"/>
				<edge label="DN" idref="s29_39"/>
			</nt>
			<nt id="s29_524" cat="par">
				<edge label="CJT" idref="s29_40"/>
			</nt>
			<nt id="s29_525" cat="pp">
				<edge label="H" idref="s29_41"/>
				<edge label="DP" idref="s29_526"/>
				<edge label="CJT" idref="s29_527"/>
			</nt>
			<nt id="s29_526" cat="np">
				<edge label="DN" idref="s29_42"/>
				<edge label="H" idref="s29_43"/>
			</nt>
			<nt id="s29_527" cat="np">
				<edge label="DN" idref="s29_44"/>
				<edge label="H" idref="s29_45"/>
			</nt>
			<nt id="s29_528" cat="np">
				<edge label="DN" idref="s29_47"/>
				<edge label="H" idref="s29_48"/>
				<edge label="PU" idref="s29_49"/>
				<edge label="CO" idref="s29_50"/>
			</nt>
			<nt id="s29_529" cat="fcl">
				<edge label="S" idref="s29_51"/>
				<edge label="fCs" idref="s29_52"/>
				<edge label="S" idref="s29_530"/>
				<edge label="P" idref="s29_56"/>
				<edge label="Od" idref="s29_531"/>
				<edge label="S" idref="s29_532"/>
				<edge label="S" idref="s29_534"/>
			</nt>
			<nt id="s29_530" cat="np">
				<edge label="DN" idref="s29_53"/>
				<edge label="DN" idref="s29_54"/>
				<edge label="H" idref="s29_55"/>
			</nt>
			<nt id="s29_531" cat="np">
				<edge label="DN" idref="s29_57"/>
				<edge label="H" idref="s29_58"/>
				<edge label="PU" idref="s29_59"/>
			</nt>
			<nt id="s29_532" cat="par">
				<edge label="CJT" idref="s29_60"/>
				<edge label="CJT" idref="s29_61"/>
				<edge label="CJT" idref="s29_62"/>
				<edge label="CJT" idref="s29_533"/>
			</nt>
			<nt id="s29_533" cat="np">
				<edge label="DN" idref="s29_63"/>
				<edge label="H" idref="s29_64"/>
				<edge label="PU" idref="s29_65"/>
			</nt>
			<nt id="s29_534" cat="icl">
				<edge label="fCs" idref="s29_535"/>
				<edge label="P" idref="s29_70"/>
				<edge label="Op" idref="s29_71"/>
			</nt>
			<nt id="s29_535" cat="np">
				<edge label="DN" idref="s29_66"/>
				<edge label="H" idref="s29_67"/>
			</nt>
			<nt id="s29_536" cat="fcl">
				<edge label="S" idref="s29_68"/>
				<edge label="S" idref="s29_69"/>
				<edge label="P" idref="s29_72"/>
				<edge label="Co" idref="s29_73"/>
				<edge label="fCs" idref="s29_74"/>
			</nt>
		</nonterminals>
	</graph>
</s>

	</body>
</corpus>
