<?xml version="1.0" encoding="UTF-8"?>
<corpus>

	<body>
<s id="s1" ref="1" source="Running text" forest="1" text="Escambo 7 Definições encontradas.">
	<graph root="s1_500">
		<terminals>
			<t id="s1_1" word="Escambo" lemma="escambo" pos="n" morph="M S" sem="act" extra="cjt-head cjt-head-X *"/>
			<t id="s1_2" word="7" lemma="7" pos="num" morph="F P" extra="card"/>
			<t id="s1_3" word="Definições" lemma="definição" pos="n" morph="F P" sem="sem-c" extra="cjt-X prop *"/>
			<t id="s1_4" word="encontradas" lemma="encontrado" pos="adj" morph="F P" extra="nh np-close"/>
			<t id="s1_5" word="." lemma="--" pos="pu" morph="--" extra="--"/>
		</terminals>

		<nonterminals>
			<nt id="s1_500" cat="s">
				<edge label="X" idref="s1_501"/>
			</nt>
			<nt id="s1_501" cat="par">
				<edge label="CJT" idref="s1_1"/>
				<edge label="CJT" idref="s1_502"/>
				<edge label="PU" idref="s1_5"/>
			</nt>
			<nt id="s1_502" cat="np">
				<edge label="DN" idref="s1_2"/>
				<edge label="H" idref="s1_3"/>
				<edge label="DN" idref="s1_4"/>
			</nt>
		</nonterminals>
	</graph>
</s>

<s id="s2" ref="2" source="Running text" forest="1" text="Tweet Classificação morfossintática:">
	<graph root="s2_500">
		<terminals>
			<t id="s2_1" word="Tweet_Classificação" lemma="Tweet_Classificação" pos="prop" morph="M S" extra="common * heur"/>
			<t id="s2_2" word="morfossintática" lemma="morfossintático" pos="adj" morph="F S" extra="DERS jh np-close"/>
			<t id="s2_3" word=":" lemma="--" pos="pu" morph="--" extra="--"/>
		</terminals>

		<nonterminals>
			<nt id="s2_500" cat="s">
				<edge label="X" idref="s2_501"/>
			</nt>
			<nt id="s2_501" cat="np">
				<edge label="H" idref="s2_1"/>
				<edge label="DN" idref="s2_2"/>
				<edge label="PU" idref="s2_3"/>
			</nt>
		</nonterminals>
	</graph>
</s>

<s id="s3" ref="3" source="Running text" forest="1" text="Verbo, presente do indicativo 1a pessoa singular de escambar Substantivo, masculino singular Flexões da palavra Escambo Significados de Escambo:">
	<graph root="s3_500">
		<terminals>
			<t id="s3_1" word="Verbo" lemma="verbo" pos="n" morph="M S" sem="ac-cat" extra="cjt-head cjt-head-X *"/>
			<t id="s3_2" word="," lemma="--" pos="pu" morph="--" extra="--"/>
			<t id="s3_3" word="presente" lemma="presente" pos="adj" morph="M/F S" extra="jh"/>
			<t id="s3_4" word="de" lemma="de" pos="prp" morph="--" extra="sam-"/>
			<t id="s3_5" word="o" lemma="o" pos="art" morph="M S" extra="-sam "/>
			<t id="s3_6" word="indicativo" lemma="indicativo" pos="n" morph="M S" sem="ac-cat" extra="--"/>
			<t id="s3_7" word="1a" lemma="1a" pos="num" morph="F P" extra="card"/>
			<t id="s3_8" word="pessoa" lemma="pessoa" pos="n" morph="F P" sem="H" extra="cjt-X"/>
			<t id="s3_9" word="singular" lemma="singular" pos="adj" morph="F S" extra="jh np-close"/>
			<t id="s3_10" word="de" lemma="de" pos="prp" morph="--" extra="np-close"/>
			<t id="s3_11" word="escambar" lemma="escambar" pos="adj" morph="M S" extra="DERS"/>
			<t id="s3_12" word="Substantivo" lemma="substantivo" pos="n" morph="M S" sem="ac-cat" extra="prop *"/>
			<t id="s3_13" word="," lemma="--" pos="pu" morph="--" extra="--"/>
			<t id="s3_14" word="masculino" lemma="masculino" pos="adj" morph="M S" extra="cjt-X jh"/>
			<t id="s3_15" word="singular" lemma="singular" pos="adj" morph="F S" extra="jh"/>
			<t id="s3_16" word="Flexões" lemma="flexão" pos="n" morph="F P" sem="act" extra="cjt-X prop *"/>
			<t id="s3_17" word="de" lemma="de" pos="prp" morph="--" extra="sam- np-close"/>
			<t id="s3_18" word="a" lemma="o" pos="art" morph="F S" extra="-sam "/>
			<t id="s3_19" word="palavra" lemma="palavra" pos="n" morph="F S" sem="ac-cat act-s" extra="--"/>
			<t id="s3_20" word="Escambo_Significados_de_Escambo" lemma="Escambo_Significados_de_Escambo" pos="prop" morph="F S" extra="org * heur np-close"/>
			<t id="s3_21" word=":" lemma="--" pos="pu" morph="--" extra="--"/>
		</terminals>

		<nonterminals>
			<nt id="s3_500" cat="s">
				<edge label="X" idref="s3_501"/>
			</nt>
			<nt id="s3_501" cat="par">
				<edge label="CJT" idref="s3_502"/>
				<edge label="PU" idref="s3_2"/>
				<edge label="fCs" idref="s3_3"/>
				<edge label="CJT" idref="s3_505"/>
				<edge label="PU" idref="s3_13"/>
				<edge label="CJT" idref="s3_14"/>
				<edge label="CJT" idref="s3_508"/>
				<edge label="PU" idref="s3_21"/>
			</nt>
			<nt id="s3_502" cat="np">
				<edge label="H" idref="s3_1"/>
				<edge label="fA" idref="s3_503"/>
			</nt>
			<nt id="s3_503" cat="pp">
				<edge label="H" idref="s3_4"/>
				<edge label="DP" idref="s3_504"/>
			</nt>
			<nt id="s3_504" cat="np">
				<edge label="DN" idref="s3_5"/>
				<edge label="H" idref="s3_6"/>
			</nt>
			<nt id="s3_505" cat="np">
				<edge label="DN" idref="s3_7"/>
				<edge label="H" idref="s3_8"/>
				<edge label="DN" idref="s3_9"/>
				<edge label="DN" idref="s3_506"/>
			</nt>
			<nt id="s3_506" cat="pp">
				<edge label="H" idref="s3_10"/>
				<edge label="DP" idref="s3_507"/>
			</nt>
			<nt id="s3_507" cat="np">
				<edge label="DN" idref="s3_11"/>
				<edge label="H" idref="s3_12"/>
			</nt>
			<nt id="s3_508" cat="np">
				<edge label="DN" idref="s3_15"/>
				<edge label="H" idref="s3_16"/>
				<edge label="DN" idref="s3_509"/>
			</nt>
			<nt id="s3_509" cat="pp">
				<edge label="H" idref="s3_17"/>
				<edge label="DP" idref="s3_510"/>
			</nt>
			<nt id="s3_510" cat="np">
				<edge label="DN" idref="s3_18"/>
				<edge label="H" idref="s3_19"/>
				<edge label="DN" idref="s3_20"/>
			</nt>
		</nonterminals>
	</graph>
</s>

<s id="s4" ref="4" source="Running text" forest="1" text="121 sobe, 79 desce 1. Escambo Por Solange(SP) em 23-03-2008 S. m.;">
	<graph root="s4_500">
		<terminals>
			<t id="s4_1" word="121" lemma="121" pos="num" morph="M/F S" extra="card"/>
			<t id="s4_2" word="sobe" lemma="subir" pos="v-fin" morph="PR 3S IND VFIN" extra="cjt-head cjt-head-STA fmc mv"/>
			<t id="s4_3" word="," lemma="--" pos="pu" morph="--" extra="--"/>
			<t id="s4_4" word="79" lemma="79" pos="num" morph="M/F P" extra="card"/>
			<t id="s4_5" word="desce" lemma="descer" pos="v-fin" morph="PR 3S IND VFIN" extra="cjt-STA fmc mv"/>
			<t id="s4_6" word="1." lemma="1." pos="adj" morph="M/F S" extra="NUM-ord"/>
			<t id="s4_7" word="Escambo_Por_Solange" lemma="Escambo_Por_Solange" pos="prop" morph="M S" extra="hum * heur"/>
			<t id="s4_8" word="(" lemma="--" pos="pu" morph="--" extra="--"/>
			<t id="s4_9" word="SP" lemma="SP" pos="prop" morph="M S" extra="civ * np-close"/>
			<t id="s4_10" word=")" lemma="--" pos="pu" morph="--" extra="--"/>
			<t id="s4_11" word="em" lemma="em" pos="prp" morph="--" extra="--"/>
			<t id="s4_12" word="23-03-2008" lemma="23-03-2008" pos="num" morph="M/F S" extra="card"/>
			<t id="s4_13" word="S." lemma="S." pos="prop" morph="M/F S" extra="cjt-head cjt-head-Od hum *"/>
			<t id="s4_14" word="m." lemma="m." pos="n" morph="M S" sem="temp" extra="cjt-Od"/>
			<t id="s4_15" word=";" lemma="--" pos="pu" morph="--" extra="--"/>
		</terminals>

		<nonterminals>
			<nt id="s4_500" cat="s">
				<edge label="STA" idref="s4_501"/>
			</nt>
			<nt id="s4_501" cat="par">
				<edge label="CJT" idref="s4_502"/>
				<edge label="PU" idref="s4_3"/>
				<edge label="CJT" idref="s4_503"/>
				<edge label="PU" idref="s4_15"/>
			</nt>
			<nt id="s4_502" cat="fcl">
				<edge label="S" idref="s4_1"/>
				<edge label="P" idref="s4_2"/>
			</nt>
			<nt id="s4_503" cat="fcl">
				<edge label="Od" idref="s4_4"/>
				<edge label="P" idref="s4_5"/>
				<edge label="fCs" idref="s4_6"/>
				<edge label="S" idref="s4_504"/>
				<edge label="fA" idref="s4_505"/>
				<edge label="Od" idref="s4_506"/>
			</nt>
			<nt id="s4_504" cat="np">
				<edge label="H" idref="s4_7"/>
				<edge label="PU" idref="s4_8"/>
				<edge label="DNc" idref="s4_9"/>
				<edge label="PU" idref="s4_10"/>
			</nt>
			<nt id="s4_505" cat="pp">
				<edge label="H" idref="s4_11"/>
				<edge label="DP" idref="s4_12"/>
			</nt>
			<nt id="s4_506" cat="par">
				<edge label="CJT" idref="s4_13"/>
				<edge label="CJT" idref="s4_14"/>
			</nt>
		</nonterminals>
	</graph>
</s>

<s id="s5" ref="5" source="Running text" forest="1" text="Troca;">
	<graph root="s5_500">
		<terminals>
			<t id="s5_1" word="Troca" lemma="troca" pos="n" morph="F S" extra="* act"/>
			<t id="s5_2" word=";" lemma="--" pos="pu" morph="--" extra="--"/>
		</terminals>

		<nonterminals>
			<nt id="s5_500" cat="s">
				<edge label="UTT" idref="s5_501"/>
			</nt>
			<nt id="s5_501" cat="x">
				<edge label="X" idref="s5_1"/>
				<edge label="PU" idref="s5_2"/>
			</nt>
		</nonterminals>
	</graph>
</s>

<s id="s6" ref="6" source="Running text" forest="1" text="permuta;">
	<graph root="s6_500">
		<terminals>
			<t id="s6_1" word="permuta" lemma="permuta" pos="n" morph="F S" sem="act" extra="--"/>
			<t id="s6_2" word=";" lemma="--" pos="pu" morph="--" extra="--"/>
		</terminals>

		<nonterminals>
			<nt id="s6_500" cat="s">
				<edge label="UTT" idref="s6_501"/>
			</nt>
			<nt id="s6_501" cat="x">
				<edge label="X" idref="s6_1"/>
				<edge label="PU" idref="s6_2"/>
			</nt>
		</nonterminals>
	</graph>
</s>

<s id="s7" ref="7" source="Running text" forest="1" text="câmbio.">
	<graph root="s7_500">
		<terminals>
			<t id="s7_1" word="câmbio" lemma="c�=mbio" pos="n" morph="M S" sem="activity mon anbo build cc-r" extra="--"/>
			<t id="s7_2" word="." lemma="--" pos="pu" morph="--" extra="--"/>
		</terminals>

		<nonterminals>
			<nt id="s7_500" cat="s">
				<edge label="UTT" idref="s7_501"/>
			</nt>
			<nt id="s7_501" cat="x">
				<edge label="X" idref="s7_1"/>
				<edge label="PU" idref="s7_2"/>
			</nt>
		</nonterminals>
	</graph>
</s>

<s id="s8" ref="8" source="Running text" forest="1" text="Troca de produtos, mercadorias, serviços, etc..">
	<graph root="s8_500">
		<terminals>
			<t id="s8_1" word="Troca" lemma="trocar" pos="v-fin" morph="PR 3S IND VFIN" extra="* vH fmc mv"/>
			<t id="s8_2" word="de" lemma="de" pos="prp" morph="--" extra="--"/>
			<t id="s8_3" word="produtos" lemma="produto" pos="n" morph="M P" sem="cc-h mon ac-cat" extra="--"/>
			<t id="s8_4" word="," lemma="--" pos="pu" morph="--" extra="--"/>
			<t id="s8_5" word="mercadorias" lemma="mercadoria" pos="n" morph="F P" sem="cc" extra="np-close"/>
			<t id="s8_6" word="," lemma="--" pos="pu" morph="--" extra="--"/>
			<t id="s8_7" word="serviços" lemma="serviço" pos="n" morph="M P" sem="act-d" extra="np-close"/>
			<t id="s8_8" word="," lemma="--" pos="pu" morph="--" extra="--"/>
			<t id="s8_9" word="etc." lemma="etc." pos="adv" morph="--" extra="--"/>
			<t id="s8_10" word="." lemma="--" pos="pu" morph="--" extra="--"/>
		</terminals>

		<nonterminals>
			<nt id="s8_500" cat="s">
				<edge label="STA" idref="s8_501"/>
			</nt>
			<nt id="s8_501" cat="fcl">
				<edge label="P" idref="s8_1"/>
				<edge label="Op" idref="s8_502"/>
				<edge label="PU" idref="s8_8"/>
				<edge label="fA" idref="s8_9"/>
				<edge label="PU" idref="s8_10"/>
			</nt>
			<nt id="s8_502" cat="pp">
				<edge label="H" idref="s8_2"/>
				<edge label="DP" idref="s8_503"/>
			</nt>
			<nt id="s8_503" cat="np">
				<edge label="H" idref="s8_3"/>
				<edge label="PU" idref="s8_4"/>
				<edge label="DNc" idref="s8_504"/>
			</nt>
			<nt id="s8_504" cat="np">
				<edge label="H" idref="s8_5"/>
				<edge label="PU" idref="s8_6"/>
				<edge label="DNc" idref="s8_7"/>
			</nt>
		</nonterminals>
	</graph>
</s>

<s id="s9" ref="9" source="Running text" forest="1" text="Compartilhar enviar nova definição enviar nova imagem denunciar abuso Sinônimos:">
	<graph root="s9_500">
		<terminals>
			<t id="s9_1" word="Compartilhar" lemma="compartilhar" pos="v-inf" morph="--" extra="* vH mv"/>
			<t id="s9_2" word="enviar" lemma="enviar" pos="v-inf" morph="--" extra="vH mv"/>
			<t id="s9_3" word="nova" lemma="novo" pos="adj" morph="F S" extra="jh"/>
			<t id="s9_4" word="definição" lemma="definição" pos="n" morph="F S" sem="sem-c" extra="--"/>
			<t id="s9_5" word="enviar" lemma="enviar" pos="v-inf" morph="--" extra="vH mv"/>
			<t id="s9_6" word="nova" lemma="novo" pos="adj" morph="F S" extra="jh"/>
			<t id="s9_7" word="imagem" lemma="imagem" pos="n" morph="F S" sem="pict sem-c ac-cat" extra="--"/>
			<t id="s9_8" word="denunciar" lemma="denunciar" pos="v-inf" morph="--" extra="vH mv"/>
			<t id="s9_9" word="abuso" lemma="abuso" pos="n" morph="M S" sem="activity" extra="--"/>
			<t id="s9_10" word="Sinônimos" lemma="Sinônimos" pos="prop" morph="M S" extra="hum * np-close"/>
			<t id="s9_11" word=":" lemma="--" pos="pu" morph="--" extra="--"/>
		</terminals>

		<nonterminals>
			<nt id="s9_500" cat="s">
				<edge label="UTT" idref="s9_501"/>
			</nt>
			<nt id="s9_501" cat="icl">
				<edge label="P" idref="s9_1"/>
				<edge label="Od" idref="s9_502"/>
				<edge label="PU" idref="s9_11"/>
			</nt>
			<nt id="s9_502" cat="icl">
				<edge label="P" idref="s9_2"/>
				<edge label="Od" idref="s9_503"/>
				<edge label="UTT" idref="s9_504"/>
				<edge label="UTT" idref="s9_506"/>
			</nt>
			<nt id="s9_503" cat="np">
				<edge label="DN" idref="s9_3"/>
				<edge label="H" idref="s9_4"/>
			</nt>
			<nt id="s9_504" cat="icl">
				<edge label="P" idref="s9_5"/>
				<edge label="Od" idref="s9_505"/>
			</nt>
			<nt id="s9_505" cat="np">
				<edge label="DN" idref="s9_6"/>
				<edge label="H" idref="s9_7"/>
			</nt>
			<nt id="s9_506" cat="icl">
				<edge label="P" idref="s9_8"/>
				<edge label="Od" idref="s9_507"/>
			</nt>
			<nt id="s9_507" cat="np">
				<edge label="H" idref="s9_9"/>
				<edge label="DN" idref="s9_10"/>
			</nt>
		</nonterminals>
	</graph>
</s>

<s id="s10" ref="10" source="Running text" forest="1" text="troca cambio escambo barganha comércio comutação intercambio mangação mofa mudança mutuação permuta substituição transferência transformação volta mais...">
	<graph root="s10_500">
		<terminals>
			<t id="s10_1" word="troca" lemma="troca" pos="n" morph="F S" sem="act" extra="--"/>
			<t id="s10_2" word="cambio" lemma="cambiar" pos="v-fin" morph="PR 1S IND VFIN" extra="cjt-head cjt-head-STA vH fmc mv"/>
			<t id="s10_3" word="escambo" lemma="escambo" pos="n" morph="M S" sem="act" extra="--"/>
			<t id="s10_4" word="barganha" lemma="barganha" pos="n" morph="F S" sem="act" extra="--"/>
			<t id="s10_5" word="comércio" lemma="comércio" pos="n" morph="M S" sem="activity" extra="--"/>
			<t id="s10_6" word="comutação" lemma="comutação" pos="n" morph="F S" sem="act" extra="--"/>
			<t id="s10_7" word="intercambio" lemma="intercambiar" pos="v-fin" morph="PR 1S IND VFIN" extra="nosubj cjt-STA fmc mv"/>
			<t id="s10_8" word="mangação" lemma="mangação" pos="n" morph="F S" sem="act-s am" extra="--"/>
			<t id="s10_9" word="mofa" lemma="mofa" pos="n" morph="F S" sem="act-s" extra="--"/>
			<t id="s10_10" word="mudança" lemma="mudança" pos="n" morph="F S" sem="event act-d" extra="--"/>
			<t id="s10_11" word="mutuação" lemma="mutuação" pos="n" morph="F S" extra="DERS"/>
			<t id="s10_12" word="permuta" lemma="permuta" pos="n" morph="F S" sem="act" extra="--"/>
			<t id="s10_13" word="substituição" lemma="substituição" pos="n" morph="F S" sem="act" extra="--"/>
			<t id="s10_14" word="transferência" lemma="transferência" pos="n" morph="F S" sem="act" extra="--"/>
			<t id="s10_15" word="transformação" lemma="transformação" pos="n" morph="F S" sem="act" extra="--"/>
			<t id="s10_16" word="volta" lemma="volver" pos="v-pcp" morph="F S" extra="vH np-close"/>
			<t id="s10_17" word="mais" lemma="mais" pos="adv" morph="--" extra="quant KOMP"/>
			<t id="s10_18" word="." lemma="--" pos="pu" morph="--" extra="--"/>
		</terminals>

		<nonterminals>
			<nt id="s10_500" cat="s">
				<edge label="STA" idref="s10_501"/>
			</nt>
			<nt id="s10_501" cat="par">
				<edge label="CJT" idref="s10_502"/>
				<edge label="CJT" idref="s10_503"/>
				<edge label="fCs" idref="s10_9"/>
				<edge label="fCs" idref="s10_10"/>
				<edge label="fCs" idref="s10_11"/>
				<edge label="fCs" idref="s10_12"/>
				<edge label="fCs" idref="s10_13"/>
				<edge label="fCs" idref="s10_14"/>
				<edge label="fCs" idref="s10_504"/>
				<edge label="PU" idref="s10_18"/>
			</nt>
			<nt id="s10_502" cat="fcl">
				<edge label="S" idref="s10_1"/>
				<edge label="P" idref="s10_2"/>
				<edge label="Od" idref="s10_3"/>
			</nt>
			<nt id="s10_503" cat="x">
				<edge label="fCs" idref="s10_4"/>
				<edge label="fCs" idref="s10_5"/>
				<edge label="fCs" idref="s10_6"/>
				<edge label="P" idref="s10_7"/>
				<edge label="Od" idref="s10_8"/>
			</nt>
			<nt id="s10_504" cat="np">
				<edge label="H" idref="s10_15"/>
				<edge label="DN" idref="s10_16"/>
				<edge label="fA" idref="s10_17"/>
			</nt>
		</nonterminals>
	</graph>
</s>

<s id="s11" ref="11" source="Running text" forest="1" text="Relacionadas:">
	<graph root="s11_500">
		<terminals>
			<t id="s11_1" word="Relacionadas" lemma="relacionado" pos="adj" morph="F P" extra="* nh"/>
			<t id="s11_2" word=":" lemma="--" pos="pu" morph="--" extra="--"/>
		</terminals>

		<nonterminals>
			<nt id="s11_500" cat="s">
				<edge label="UTT" idref="s11_501"/>
			</nt>
			<nt id="s11_501" cat="x">
				<edge label="X" idref="s11_1"/>
				<edge label="PU" idref="s11_2"/>
			</nt>
		</nonterminals>
	</graph>
</s>

<s id="s12" ref="12" source="Running text" forest="1" text="troca trocar dinheiro mercadoria trabalho exploração moeda valor mais...">
	<graph root="s12_500">
		<terminals>
			<t id="s12_1" word="troca" lemma="troca" pos="n" morph="F S" sem="act" extra="--"/>
			<t id="s12_2" word="trocar" lemma="trocar" pos="v-inf" morph="3S" extra="vH mv"/>
			<t id="s12_3" word="dinheiro" lemma="dinheiro" pos="n" morph="M S" sem="mon cm" extra="--"/>
			<t id="s12_4" word="mercadoria" lemma="mercadoria" pos="n" morph="F S" sem="cc" extra="--"/>
			<t id="s12_5" word="trabalho" lemma="trabalho" pos="n" morph="M S" sem="act-d am" extra="--"/>
			<t id="s12_6" word="exploração" lemma="exploração" pos="n" morph="F S" sem="activity" extra="--"/>
			<t id="s12_7" word="moeda" lemma="moeda" pos="n" morph="F S" sem="cc-h mon" extra="--"/>
			<t id="s12_8" word="valor" lemma="valor" pos="n" morph="M S" sem="am ac unit" extra="--"/>
			<t id="s12_9" word="mais" lemma="mais" pos="adv" morph="--" extra="--"/>
			<t id="s12_10" word="." lemma="--" pos="pu" morph="--" extra="--"/>
		</terminals>

		<nonterminals>
			<nt id="s12_500" cat="s">
				<edge label="UTT" idref="s12_501"/>
			</nt>
			<nt id="s12_501" cat="fcl">
				<edge label="S" idref="s12_1"/>
				<edge label="P" idref="s12_2"/>
				<edge label="Od" idref="s12_3"/>
				<edge label="S" idref="s12_4"/>
				<edge label="S" idref="s12_5"/>
				<edge label="S" idref="s12_6"/>
				<edge label="S" idref="s12_7"/>
				<edge label="S" idref="s12_8"/>
				<edge label="fA" idref="s12_9"/>
				<edge label="PU" idref="s12_10"/>
			</nt>
		</nonterminals>
	</graph>
</s>

<s id="s13" ref="13" source="Running text" forest="1" text="16 sobe, 6 desce 2. Escambo Por Dicionário inFormal(SP) em 03-06-2007 Troca Ele fez o escambo das mercadorias.">
	<graph root="s13_500">
		<terminals>
			<t id="s13_1" word="16" lemma="16" pos="num" morph="M/F P" extra="card"/>
			<t id="s13_2" word="sobe" lemma="subir" pos="v-fin" morph="PR 3S IND VFIN" extra="nosubj cjt-head cjt-head-STA fmc mv"/>
			<t id="s13_3" word="," lemma="--" pos="pu" morph="--" extra="--"/>
			<t id="s13_4" word="6" lemma="6" pos="num" morph="M/F P" extra="card"/>
			<t id="s13_5" word="desce" lemma="descer" pos="v-fin" morph="PR 3S IND VFIN" extra="cjt-STA fmc mv"/>
			<t id="s13_6" word="2." lemma="2." pos="adj" morph="M/F S" extra="NUM-ord"/>
			<t id="s13_7" word="Escambo_Por_Dicionário" lemma="Escambo_Por_Dicionário" pos="prop" morph="M S" extra="tit *"/>
			<t id="s13_8" word="inFormal" lemma="inFormal" pos="adj" morph="M S" extra="np-close"/>
			<t id="s13_9" word="(" lemma="--" pos="pu" morph="--" extra="--"/>
			<t id="s13_10" word="SP" lemma="SP" pos="prop" morph="M S" extra="civ * np-close"/>
			<t id="s13_11" word=")" lemma="--" pos="pu" morph="--" extra="--"/>
			<t id="s13_12" word="em" lemma="em" pos="prp" morph="--" extra="--"/>
			<t id="s13_13" word="03-06-2007" lemma="03-06-2007" pos="num" morph="M/F S" extra="card"/>
			<t id="s13_14" word="Troca_Ele" lemma="Troca_Ele" pos="prop" morph="F S" extra="hum * heur"/>
			<t id="s13_15" word="fez" lemma="fazer" pos="v-fin" morph="PS 3S IND VFIN" extra="nosubj cjt-STA fmc mv"/>
			<t id="s13_16" word="o" lemma="o" pos="art" morph="M S" extra="--"/>
			<t id="s13_17" word="escambo" lemma="escambo" pos="n" morph="M S" sem="act" extra="--"/>
			<t id="s13_18" word="de" lemma="de" pos="prp" morph="--" extra="sam- np-close"/>
			<t id="s13_19" word="as" lemma="o" pos="art" morph="F P" extra="-sam "/>
			<t id="s13_20" word="mercadorias" lemma="mercadoria" pos="n" morph="F P" sem="cc" extra="--"/>
			<t id="s13_21" word="." lemma="--" pos="pu" morph="--" extra="--"/>
		</terminals>

		<nonterminals>
			<nt id="s13_500" cat="s">
				<edge label="STA" idref="s13_501"/>
			</nt>
			<nt id="s13_501" cat="par">
				<edge label="CJT" idref="s13_502"/>
				<edge label="PU" idref="s13_3"/>
				<edge label="CJT" idref="s13_503"/>
				<edge label="CJT" idref="s13_506"/>
				<edge label="PU" idref="s13_21"/>
			</nt>
			<nt id="s13_502" cat="fcl">
				<edge label="Od" idref="s13_1"/>
				<edge label="P" idref="s13_2"/>
			</nt>
			<nt id="s13_503" cat="fcl">
				<edge label="Od" idref="s13_4"/>
				<edge label="P" idref="s13_5"/>
				<edge label="fCs" idref="s13_6"/>
				<edge label="S" idref="s13_504"/>
				<edge label="fA" idref="s13_505"/>
				<edge label="Od" idref="s13_14"/>
			</nt>
			<nt id="s13_504" cat="np">
				<edge label="H" idref="s13_7"/>
				<edge label="DN" idref="s13_8"/>
				<edge label="PU" idref="s13_9"/>
				<edge label="DNapp" idref="s13_10"/>
				<edge label="PU" idref="s13_11"/>
			</nt>
			<nt id="s13_505" cat="pp">
				<edge label="H" idref="s13_12"/>
				<edge label="DP" idref="s13_13"/>
			</nt>
			<nt id="s13_506" cat="x">
				<edge label="P" idref="s13_15"/>
				<edge label="Od" idref="s13_507"/>
			</nt>
			<nt id="s13_507" cat="np">
				<edge label="DN" idref="s13_16"/>
				<edge label="H" idref="s13_17"/>
				<edge label="DN" idref="s13_508"/>
			</nt>
			<nt id="s13_508" cat="pp">
				<edge label="H" idref="s13_18"/>
				<edge label="DP" idref="s13_509"/>
			</nt>
			<nt id="s13_509" cat="np">
				<edge label="DN" idref="s13_19"/>
				<edge label="H" idref="s13_20"/>
			</nt>
		</nonterminals>
	</graph>
</s>

<s id="s14" ref="14" source="Running text" forest="1" text="Compartilhar enviar nova definição enviar nova imagem denunciar abuso 11 sobe, 6 desce 3. Escambo Por Dicionário inFormal(SP) em 25-09-2010 Troca de coisas com outras coisas.">
	<graph root="s14_500">
		<terminals>
			<t id="s14_1" word="Compartilhar" lemma="compartilhar" pos="v-inf" morph="--" extra="cjt-head cjt-head-S * vH mv"/>
			<t id="s14_2" word="enviar" lemma="enviar" pos="v-inf" morph="--" extra="vH mv"/>
			<t id="s14_3" word="nova" lemma="novo" pos="adj" morph="F S" extra="jh"/>
			<t id="s14_4" word="definição" lemma="definição" pos="n" morph="F S" sem="sem-c" extra="--"/>
			<t id="s14_5" word="enviar" lemma="enviar" pos="v-inf" morph="--" extra="vH mv"/>
			<t id="s14_6" word="nova" lemma="novo" pos="adj" morph="F S" extra="jh"/>
			<t id="s14_7" word="imagem" lemma="imagem" pos="n" morph="F S" sem="pict sem-c ac-cat" extra="--"/>
			<t id="s14_8" word="denunciar" lemma="denunciar" pos="v-inf" morph="--" extra="cjt-S vH mv"/>
			<t id="s14_9" word="abuso" lemma="abuso" pos="n" morph="M S" sem="activity" extra="--"/>
			<t id="s14_10" word="11" lemma="11" pos="num" morph="M/F P" extra="card"/>
			<t id="s14_11" word="sobe" lemma="subir" pos="v-fin" morph="PR 3S IND VFIN" extra="cjt-head cjt-head-STA fmc mv"/>
			<t id="s14_12" word="," lemma="--" pos="pu" morph="--" extra="--"/>
			<t id="s14_13" word="6" lemma="6" pos="num" morph="M/F P" extra="card"/>
			<t id="s14_14" word="desce" lemma="descer" pos="v-fin" morph="PR 3S IND VFIN" extra="cjt-STA fmc mv"/>
			<t id="s14_15" word="3." lemma="3." pos="adj" morph="M/F S" extra="NUM-ord"/>
			<t id="s14_16" word="Escambo_Por_Dicionário" lemma="Escambo_Por_Dicionário" pos="prop" morph="M S" extra="tit *"/>
			<t id="s14_17" word="inFormal" lemma="inFormal" pos="adj" morph="M S" extra="np-close"/>
			<t id="s14_18" word="(" lemma="--" pos="pu" morph="--" extra="--"/>
			<t id="s14_19" word="SP" lemma="SP" pos="prop" morph="M S" extra="civ * np-close"/>
			<t id="s14_20" word=")" lemma="--" pos="pu" morph="--" extra="--"/>
			<t id="s14_21" word="em" lemma="em" pos="prp" morph="--" extra="--"/>
			<t id="s14_22" word="25-09-2010" lemma="25-09-2010" pos="num" morph="F P" extra="card"/>
			<t id="s14_23" word="Troca" lemma="troca" pos="n" morph="F P" sem="act" extra="prop *"/>
			<t id="s14_24" word="de" lemma="de" pos="prp" morph="--" extra="np-close"/>
			<t id="s14_25" word="coisas" lemma="coisa" pos="n" morph="F P" sem="cc ac" extra="--"/>
			<t id="s14_26" word="com" lemma="com" pos="prp" morph="--" extra="np-long"/>
			<t id="s14_27" word="outras" lemma="outro" pos="pron-indef" morph="DET F P" extra="diff KOMP"/>
			<t id="s14_28" word="coisas" lemma="coisa" pos="n" morph="F P" sem="cc ac" extra="--"/>
			<t id="s14_29" word="." lemma="--" pos="pu" morph="--" extra="--"/>
		</terminals>

		<nonterminals>
			<nt id="s14_500" cat="s">
				<edge label="STA" idref="s14_501"/>
			</nt>
			<nt id="s14_501" cat="par">
				<edge label="CJT" idref="s14_502"/>
				<edge label="PU" idref="s14_12"/>
				<edge label="CJT" idref="s14_510"/>
				<edge label="PU" idref="s14_29"/>
			</nt>
			<nt id="s14_502" cat="fcl">
				<edge label="S" idref="s14_503"/>
				<edge label="Od" idref="s14_10"/>
				<edge label="P" idref="s14_11"/>
			</nt>
			<nt id="s14_503" cat="par">
				<edge label="CJT" idref="s14_504"/>
				<edge label="CJT" idref="s14_507"/>
			</nt>
			<nt id="s14_504" cat="icl">
				<edge label="P" idref="s14_1"/>
				<edge label="Od" idref="s14_505"/>
			</nt>
			<nt id="s14_505" cat="icl">
				<edge label="P" idref="s14_2"/>
				<edge label="Od" idref="s14_506"/>
			</nt>
			<nt id="s14_506" cat="np">
				<edge label="DN" idref="s14_3"/>
				<edge label="H" idref="s14_4"/>
			</nt>
			<nt id="s14_507" cat="fcl">
				<edge label="S" idref="s14_508"/>
				<edge label="P" idref="s14_8"/>
				<edge label="Od" idref="s14_9"/>
			</nt>
			<nt id="s14_508" cat="icl">
				<edge label="P" idref="s14_5"/>
				<edge label="Od" idref="s14_509"/>
			</nt>
			<nt id="s14_509" cat="np">
				<edge label="DN" idref="s14_6"/>
				<edge label="H" idref="s14_7"/>
			</nt>
			<nt id="s14_510" cat="fcl">
				<edge label="Od" idref="s14_13"/>
				<edge label="P" idref="s14_14"/>
				<edge label="fCs" idref="s14_15"/>
				<edge label="S" idref="s14_511"/>
				<edge label="fA" idref="s14_512"/>
			</nt>
			<nt id="s14_511" cat="np">
				<edge label="H" idref="s14_16"/>
				<edge label="DN" idref="s14_17"/>
				<edge label="PU" idref="s14_18"/>
				<edge label="DNapp" idref="s14_19"/>
				<edge label="PU" idref="s14_20"/>
			</nt>
			<nt id="s14_512" cat="pp">
				<edge label="H" idref="s14_21"/>
				<edge label="DP" idref="s14_513"/>
			</nt>
			<nt id="s14_513" cat="np">
				<edge label="DN" idref="s14_22"/>
				<edge label="H" idref="s14_23"/>
				<edge label="DN" idref="s14_514"/>
				<edge label="DN" idref="s14_515"/>
			</nt>
			<nt id="s14_514" cat="pp">
				<edge label="H" idref="s14_24"/>
				<edge label="DP" idref="s14_25"/>
			</nt>
			<nt id="s14_515" cat="pp">
				<edge label="H" idref="s14_26"/>
				<edge label="DP" idref="s14_516"/>
			</nt>
			<nt id="s14_516" cat="np">
				<edge label="DN" idref="s14_27"/>
				<edge label="H" idref="s14_28"/>
			</nt>
		</nonterminals>
	</graph>
</s>

<s id="s15" ref="15" source="Running text" forest="1" text="Ele sempre faz escambos.">
	<graph root="s15_500">
		<terminals>
			<t id="s15_1" word="Ele" lemma="ele" pos="pron-pers" morph="M 3S NOM" extra="*"/>
			<t id="s15_2" word="sempre" lemma="sempre" pos="adv" morph="--" extra="--"/>
			<t id="s15_3" word="faz" lemma="fazer" pos="v-fin" morph="PR 3S IND VFIN" extra="fmc mv"/>
			<t id="s15_4" word="escambos" lemma="escambo" pos="n" morph="M P" sem="act" extra="--"/>
			<t id="s15_5" word="." lemma="--" pos="pu" morph="--" extra="--"/>
		</terminals>

		<nonterminals>
			<nt id="s15_500" cat="s">
				<edge label="STA" idref="s15_501"/>
			</nt>
			<nt id="s15_501" cat="fcl">
				<edge label="S" idref="s15_1"/>
				<edge label="fA" idref="s15_2"/>
				<edge label="P" idref="s15_3"/>
				<edge label="Od" idref="s15_4"/>
				<edge label="PU" idref="s15_5"/>
			</nt>
		</nonterminals>
	</graph>
</s>

<s id="s16" ref="16" source="Running text" forest="1" text="Compartilhar enviar nova definição enviar nova imagem denunciar abuso 6 sobe, 1 desce 4. Escambo Por Dicionário inFormal(SP) em 10-03-2010 Troca de mercadorias e serviços sem fazer o uso do dinheiro.">
	<graph root="s16_500">
		<terminals>
			<t id="s16_1" word="Compartilhar" lemma="compartilhar" pos="v-inf" morph="--" extra="cjt-head cjt-head-S * vH mv"/>
			<t id="s16_2" word="enviar" lemma="enviar" pos="v-inf" morph="--" extra="vH mv"/>
			<t id="s16_3" word="nova" lemma="novo" pos="adj" morph="F S" extra="jh"/>
			<t id="s16_4" word="definição" lemma="definição" pos="n" morph="F S" sem="sem-c" extra="--"/>
			<t id="s16_5" word="enviar" lemma="enviar" pos="v-inf" morph="--" extra="vH mv"/>
			<t id="s16_6" word="nova" lemma="novo" pos="adj" morph="F S" extra="jh"/>
			<t id="s16_7" word="imagem" lemma="imagem" pos="n" morph="F S" sem="pict sem-c ac-cat" extra="--"/>
			<t id="s16_8" word="denunciar" lemma="denunciar" pos="v-inf" morph="--" extra="cjt-S vH mv"/>
			<t id="s16_9" word="abuso" lemma="abuso" pos="n" morph="M S" sem="activity" extra="--"/>
			<t id="s16_10" word="6" lemma="6" pos="num" morph="M/F P" extra="card"/>
			<t id="s16_11" word="sobe" lemma="subir" pos="v-fin" morph="PR 3S IND VFIN" extra="predco fmc mv"/>
			<t id="s16_12" word="," lemma="--" pos="pu" morph="--" extra="--"/>
			<t id="s16_13" word="1" lemma="1" pos="num" morph="M/F S" extra="card"/>
			<t id="s16_14" word="desce" lemma="descer" pos="v-fin" morph="PR 3S IND VFIN" extra="cjt-STA fmc mv"/>
			<t id="s16_15" word="4." lemma="4." pos="adj" morph="M/F S" extra="NUM-ord"/>
			<t id="s16_16" word="Escambo_Por_Dicionário" lemma="Escambo_Por_Dicionário" pos="prop" morph="M S" extra="tit *"/>
			<t id="s16_17" word="inFormal" lemma="inFormal" pos="adj" morph="M S" extra="np-close"/>
			<t id="s16_18" word="(" lemma="--" pos="pu" morph="--" extra="--"/>
			<t id="s16_19" word="SP" lemma="SP" pos="prop" morph="M S" extra="civ * np-close"/>
			<t id="s16_20" word=")" lemma="--" pos="pu" morph="--" extra="--"/>
			<t id="s16_21" word="em" lemma="em" pos="prp" morph="--" extra="--"/>
			<t id="s16_22" word="10-03-2010" lemma="10-03-2010" pos="num" morph="F P" extra="card"/>
			<t id="s16_23" word="Troca" lemma="troca" pos="n" morph="F P" sem="act" extra="prop *"/>
			<t id="s16_24" word="de" lemma="de" pos="prp" morph="--" extra="np-close"/>
			<t id="s16_25" word="mercadorias" lemma="mercadoria" pos="n" morph="F P" sem="cc" extra="cjt-head cjt-head-DP"/>
			<t id="s16_26" word="e" lemma="e" pos="conj-c" morph="--" extra="--"/>
			<t id="s16_27" word="serviços" lemma="serviço" pos="n" morph="M P" sem="act-d" extra="cjt-DP"/>
			<t id="s16_28" word="sem" lemma="sem" pos="prp" morph="--" extra="--"/>
			<t id="s16_29" word="fazer" lemma="fazer" pos="v-inf" morph="--" extra="mv"/>
			<t id="s16_30" word="o" lemma="o" pos="art" morph="M S" extra="--"/>
			<t id="s16_31" word="uso" lemma="uso" pos="n" morph="M S" sem="act ac" extra="--"/>
			<t id="s16_32" word="de" lemma="de" pos="prp" morph="--" extra="sam- np-close"/>
			<t id="s16_33" word="o" lemma="o" pos="art" morph="M S" extra="-sam "/>
			<t id="s16_34" word="dinheiro" lemma="dinheiro" pos="n" morph="M S" sem="mon cm" extra="--"/>
			<t id="s16_35" word="." lemma="--" pos="pu" morph="--" extra="--"/>
		</terminals>

		<nonterminals>
			<nt id="s16_500" cat="s">
				<edge label="STA" idref="s16_501"/>
			</nt>
			<nt id="s16_501" cat="fcl">
				<edge label="S" idref="s16_502"/>
				<edge label="Od" idref="s16_10"/>
				<edge label="X" idref="s16_509"/>
				<edge label="PU" idref="s16_35"/>
			</nt>
			<nt id="s16_502" cat="par">
				<edge label="CJT" idref="s16_503"/>
				<edge label="CJT" idref="s16_506"/>
			</nt>
			<nt id="s16_503" cat="icl">
				<edge label="P" idref="s16_1"/>
				<edge label="Od" idref="s16_504"/>
			</nt>
			<nt id="s16_504" cat="icl">
				<edge label="P" idref="s16_2"/>
				<edge label="Od" idref="s16_505"/>
			</nt>
			<nt id="s16_505" cat="np">
				<edge label="DN" idref="s16_3"/>
				<edge label="H" idref="s16_4"/>
			</nt>
			<nt id="s16_506" cat="fcl">
				<edge label="S" idref="s16_507"/>
				<edge label="P" idref="s16_8"/>
				<edge label="Od" idref="s16_9"/>
			</nt>
			<nt id="s16_507" cat="icl">
				<edge label="P" idref="s16_5"/>
				<edge label="Od" idref="s16_508"/>
			</nt>
			<nt id="s16_508" cat="np">
				<edge label="DN" idref="s16_6"/>
				<edge label="H" idref="s16_7"/>
			</nt>
			<nt id="s16_509" cat="par">
				<edge label="CJT" idref="s16_510"/>
				<edge label="PU" idref="s16_12"/>
				<edge label="CJT" idref="s16_511"/>
			</nt>
			<nt id="s16_510" cat="x">
				<edge label="P" idref="s16_11"/>
			</nt>
			<nt id="s16_511" cat="fcl">
				<edge label="S" idref="s16_13"/>
				<edge label="P" idref="s16_14"/>
				<edge label="fCs" idref="s16_15"/>
				<edge label="Od" idref="s16_512"/>
				<edge label="fA" idref="s16_513"/>
				<edge label="fA" idref="s16_517"/>
			</nt>
			<nt id="s16_512" cat="np">
				<edge label="H" idref="s16_16"/>
				<edge label="DN" idref="s16_17"/>
				<edge label="PU" idref="s16_18"/>
				<edge label="DNapp" idref="s16_19"/>
				<edge label="PU" idref="s16_20"/>
			</nt>
			<nt id="s16_513" cat="pp">
				<edge label="H" idref="s16_21"/>
				<edge label="DP" idref="s16_514"/>
			</nt>
			<nt id="s16_514" cat="np">
				<edge label="DN" idref="s16_22"/>
				<edge label="H" idref="s16_23"/>
				<edge label="DN" idref="s16_515"/>
			</nt>
			<nt id="s16_515" cat="pp">
				<edge label="H" idref="s16_24"/>
				<edge label="DP" idref="s16_516"/>
			</nt>
			<nt id="s16_516" cat="par">
				<edge label="CJT" idref="s16_25"/>
				<edge label="CO" idref="s16_26"/>
				<edge label="CJT" idref="s16_27"/>
			</nt>
			<nt id="s16_517" cat="pp">
				<edge label="H" idref="s16_28"/>
				<edge label="DP" idref="s16_518"/>
			</nt>
			<nt id="s16_518" cat="icl">
				<edge label="P" idref="s16_29"/>
				<edge label="Od" idref="s16_519"/>
			</nt>
			<nt id="s16_519" cat="np">
				<edge label="DN" idref="s16_30"/>
				<edge label="H" idref="s16_31"/>
				<edge label="DN" idref="s16_520"/>
			</nt>
			<nt id="s16_520" cat="pp">
				<edge label="H" idref="s16_32"/>
				<edge label="DP" idref="s16_521"/>
			</nt>
			<nt id="s16_521" cat="np">
				<edge label="DN" idref="s16_33"/>
				<edge label="H" idref="s16_34"/>
			</nt>
		</nonterminals>
	</graph>
</s>

<s id="s17" ref="17" source="Running text" forest="1" text="Em os escambos, um saco de grão de bico valeria cinco quilogramas de carne de boi Compartilhar enviar nova definição enviar nova imagem denunciar abuso 5 sobe, 0 desce 5. Escambo Por Dicionário inFormal(SP) em 20-10-2011 A palavra escambo significa a troca de mercadorias por trabalho.">
	<graph root="s17_500">
		<terminals>
			<t id="s17_1" word="Em" lemma="em" pos="prp" morph="--" extra="sam- *"/>
			<t id="s17_2" word="os" lemma="o" pos="art" morph="M P" extra=" -sam"/>
			<t id="s17_3" word="escambos" lemma="escambo" pos="n" morph="M P" sem="act" extra="--"/>
			<t id="s17_4" word="," lemma="--" pos="pu" morph="--" extra="--"/>
			<t id="s17_5" word="um" lemma="um" pos="art" morph="M S" extra="--"/>
			<t id="s17_6" word="saco" lemma="saco" pos="n" morph="M S" sem="con an" extra="--"/>
			<t id="s17_7" word="de" lemma="de" pos="prp" morph="--" extra="np-close"/>
			<t id="s17_8" word="grão" lemma="grão" pos="n" morph="M S" sem="cc anbo sick-c" extra="--"/>
			<t id="s17_9" word="de" lemma="de" pos="prp" morph="--" extra="np-close"/>
			<t id="s17_10" word="bico" lemma="bico" pos="n" morph="M S" sem="Labs act-d" extra="--"/>
			<t id="s17_11" word="valeria" lemma="valer" pos="v-fin" morph="COND 3S VFIN" extra="cjt-head cjt-head-STA fmc mv"/>
			<t id="s17_12" word="cinco" lemma="cinco" pos="num" morph="M P" extra="card"/>
			<t id="s17_13" word="quilogramas" lemma="quilograma" pos="n" morph="M P" sem="amount unit" extra="--"/>
			<t id="s17_14" word="de" lemma="de" pos="prp" morph="--" extra="np-close"/>
			<t id="s17_15" word="carne" lemma="carne" pos="n" morph="F S" sem="food" extra="--"/>
			<t id="s17_16" word="de" lemma="de" pos="prp" morph="--" extra="np-close"/>
			<t id="s17_17" word="boi" lemma="boi" pos="n" morph="M S" sem="Azo" extra="--"/>
			<t id="s17_18" word="Compartilhar" lemma="Compartilhar" pos="prop" morph="M/F S" extra="hum *"/>
			<t id="s17_19" word="enviar" lemma="enviar" pos="v-inf" morph="3S" extra="vH mv"/>
			<t id="s17_20" word="nova" lemma="novo" pos="adj" morph="F S" extra="jh"/>
			<t id="s17_21" word="definição" lemma="definição" pos="n" morph="F S" sem="sem-c" extra="--"/>
			<t id="s17_22" word="enviar" lemma="enviar" pos="v-inf" morph="--" extra="vH mv"/>
			<t id="s17_23" word="nova" lemma="novo" pos="adj" morph="F S" extra="jh"/>
			<t id="s17_24" word="imagem" lemma="imagem" pos="n" morph="F S" sem="pict sem-c ac-cat" extra="--"/>
			<t id="s17_25" word="denunciar" lemma="denunciar" pos="v-inf" morph="--" extra="vH mv"/>
			<t id="s17_26" word="abuso" lemma="abuso" pos="n" morph="M S" sem="activity" extra="--"/>
			<t id="s17_27" word="5" lemma="5" pos="num" morph="M/F P" extra="card"/>
			<t id="s17_28" word="sobe" lemma="subir" pos="v-fin" morph="PR 3S IND VFIN" extra="cjt-STA fmc mv"/>
			<t id="s17_29" word="," lemma="--" pos="pu" morph="--" extra="--"/>
			<t id="s17_30" word="0" lemma="xx" pos="num" morph="M/F P" extra="card"/>
			<t id="s17_31" word="desce" lemma="descer" pos="v-fin" morph="PR 3S IND VFIN" extra="cjt-STA fmc mv"/>
			<t id="s17_32" word="5." lemma="5." pos="adj" morph="M/F S" extra="NUM-ord"/>
			<t id="s17_33" word="Escambo_Por_Dicionário" lemma="Escambo_Por_Dicionário" pos="prop" morph="M S" extra="tit *"/>
			<t id="s17_34" word="inFormal" lemma="inFormal" pos="adj" morph="M S" extra="np-close"/>
			<t id="s17_35" word="(" lemma="--" pos="pu" morph="--" extra="--"/>
			<t id="s17_36" word="SP" lemma="SP" pos="prop" morph="M S" extra="civ * np-close"/>
			<t id="s17_37" word=")" lemma="--" pos="pu" morph="--" extra="--"/>
			<t id="s17_38" word="em" lemma="em" pos="prp" morph="--" extra="--"/>
			<t id="s17_39" word="20-10-2011" lemma="20-10-2011" pos="num" morph="M/F S" extra="card"/>
			<t id="s17_40" word="A" lemma="o" pos="art" morph="F S" extra="* "/>
			<t id="s17_41" word="palavra" lemma="palavra" pos="n" morph="F S" sem="ac-cat act-s" extra="cjt-head cjt-head-Od"/>
			<t id="s17_42" word="escambo" lemma="escambo" pos="n" morph="M S" sem="act" extra="cjt-Od"/>
			<t id="s17_43" word="significa" lemma="significar" pos="v-fin" morph="PR 3S IND VFIN" extra="nosubj cjt-STA fmc mv"/>
			<t id="s17_44" word="a" lemma="o" pos="art" morph="F S" extra="--"/>
			<t id="s17_45" word="troca" lemma="troca" pos="n" morph="F S" sem="act" extra="--"/>
			<t id="s17_46" word="de" lemma="de" pos="prp" morph="--" extra="np-close"/>
			<t id="s17_47" word="mercadorias" lemma="mercadoria" pos="n" morph="F P" sem="cc" extra="--"/>
			<t id="s17_48" word="por" lemma="por" pos="prp" morph="--" extra="--"/>
			<t id="s17_49" word="trabalho" lemma="trabalho" pos="n" morph="M S" sem="act-d am" extra="--"/>
			<t id="s17_50" word="." lemma="--" pos="pu" morph="--" extra="--"/>
		</terminals>

		<nonterminals>
			<nt id="s17_500" cat="s">
				<edge label="STA" idref="s17_501"/>
			</nt>
			<nt id="s17_501" cat="par">
				<edge label="CJT" idref="s17_502"/>
				<edge label="CJT" idref="s17_513"/>
				<edge label="CJT" idref="s17_519"/>
				<edge label="CJT" idref="s17_524"/>
				<edge label="PU" idref="s17_50"/>
			</nt>
			<nt id="s17_502" cat="fcl">
				<edge label="fA" idref="s17_503"/>
				<edge label="PU" idref="s17_4"/>
				<edge label="S" idref="s17_505"/>
				<edge label="P" idref="s17_11"/>
				<edge label="As" idref="s17_509"/>
			</nt>
			<nt id="s17_503" cat="pp">
				<edge label="H" idref="s17_1"/>
				<edge label="DP" idref="s17_504"/>
			</nt>
			<nt id="s17_504" cat="np">
				<edge label="DN" idref="s17_2"/>
				<edge label="H" idref="s17_3"/>
			</nt>
			<nt id="s17_505" cat="np">
				<edge label="DN" idref="s17_5"/>
				<edge label="H" idref="s17_6"/>
				<edge label="DN" idref="s17_506"/>
			</nt>
			<nt id="s17_506" cat="pp">
				<edge label="H" idref="s17_7"/>
				<edge label="DP" idref="s17_507"/>
			</nt>
			<nt id="s17_507" cat="np">
				<edge label="H" idref="s17_8"/>
				<edge label="DN" idref="s17_508"/>
			</nt>
			<nt id="s17_508" cat="pp">
				<edge label="H" idref="s17_9"/>
				<edge label="DP" idref="s17_10"/>
			</nt>
			<nt id="s17_509" cat="np">
				<edge label="DN" idref="s17_12"/>
				<edge label="H" idref="s17_13"/>
				<edge label="DN" idref="s17_510"/>
			</nt>
			<nt id="s17_510" cat="pp">
				<edge label="H" idref="s17_14"/>
				<edge label="DP" idref="s17_511"/>
			</nt>
			<nt id="s17_511" cat="np">
				<edge label="H" idref="s17_15"/>
				<edge label="DN" idref="s17_512"/>
			</nt>
			<nt id="s17_512" cat="pp">
				<edge label="H" idref="s17_16"/>
				<edge label="DP" idref="s17_17"/>
			</nt>
			<nt id="s17_513" cat="fcl">
				<edge label="S" idref="s17_18"/>
				<edge label="S" idref="s17_514"/>
				<edge label="S" idref="s17_516"/>
				<edge label="Od" idref="s17_27"/>
				<edge label="P" idref="s17_28"/>
				<edge label="PU" idref="s17_29"/>
				<edge label="Od" idref="s17_30"/>
			</nt>
			<nt id="s17_514" cat="icl">
				<edge label="P" idref="s17_19"/>
				<edge label="Od" idref="s17_515"/>
			</nt>
			<nt id="s17_515" cat="np">
				<edge label="DN" idref="s17_20"/>
				<edge label="H" idref="s17_21"/>
			</nt>
			<nt id="s17_516" cat="fcl">
				<edge label="S" idref="s17_517"/>
				<edge label="P" idref="s17_25"/>
				<edge label="Od" idref="s17_26"/>
			</nt>
			<nt id="s17_517" cat="icl">
				<edge label="P" idref="s17_22"/>
				<edge label="Od" idref="s17_518"/>
			</nt>
			<nt id="s17_518" cat="np">
				<edge label="DN" idref="s17_23"/>
				<edge label="H" idref="s17_24"/>
			</nt>
			<nt id="s17_519" cat="fcl">
				<edge label="P" idref="s17_31"/>
				<edge label="fCs" idref="s17_32"/>
				<edge label="S" idref="s17_520"/>
				<edge label="fA" idref="s17_521"/>
				<edge label="Od" idref="s17_522"/>
			</nt>
			<nt id="s17_520" cat="np">
				<edge label="H" idref="s17_33"/>
				<edge label="DN" idref="s17_34"/>
				<edge label="PU" idref="s17_35"/>
				<edge label="DNapp" idref="s17_36"/>
				<edge label="PU" idref="s17_37"/>
			</nt>
			<nt id="s17_521" cat="pp">
				<edge label="H" idref="s17_38"/>
				<edge label="DP" idref="s17_39"/>
			</nt>
			<nt id="s17_522" cat="par">
				<edge label="CJT" idref="s17_523"/>
				<edge label="CJT" idref="s17_42"/>
			</nt>
			<nt id="s17_523" cat="np">
				<edge label="DN" idref="s17_40"/>
				<edge label="H" idref="s17_41"/>
			</nt>
			<nt id="s17_524" cat="x">
				<edge label="P" idref="s17_43"/>
				<edge label="Od" idref="s17_525"/>
				<edge label="fA" idref="s17_527"/>
			</nt>
			<nt id="s17_525" cat="np">
				<edge label="DN" idref="s17_44"/>
				<edge label="H" idref="s17_45"/>
				<edge label="DN" idref="s17_526"/>
			</nt>
			<nt id="s17_526" cat="pp">
				<edge label="H" idref="s17_46"/>
				<edge label="DP" idref="s17_47"/>
			</nt>
			<nt id="s17_527" cat="pp">
				<edge label="H" idref="s17_48"/>
				<edge label="DP" idref="s17_49"/>
			</nt>
		</nonterminals>
	</graph>
</s>

<s id="s18" ref="18" source="Running text" forest="1" text="Ela é muito utilizada no contexto da exploração do pau-brasil(início do século XVI).">
	<graph root="s18_500">
		<terminals>
			<t id="s18_1" word="Ela" lemma="ela" pos="pron-pers" morph="F 3S NOM" extra="*"/>
			<t id="s18_2" word="é" lemma="ser" pos="v-fin" morph="PR 3S IND VFIN" extra="fmc aux"/>
			<t id="s18_3" word="muito" lemma="muito" pos="adv" morph="--" extra="quant"/>
			<t id="s18_4" word="utilizada" lemma="utilizar" pos="v-pcp" morph="F S" extra="vH mv"/>
			<t id="s18_5" word="em" lemma="em" pos="prp" morph="--" extra="sam-"/>
			<t id="s18_6" word="o" lemma="o" pos="art" morph="M S" extra="-sam "/>
			<t id="s18_7" word="contexto" lemma="contexto" pos="n" morph="M S" sem="Labs" extra="--"/>
			<t id="s18_8" word="de" lemma="de" pos="prp" morph="--" extra="sam- np-close"/>
			<t id="s18_9" word="a" lemma="o" pos="art" morph="F S" extra="-sam "/>
			<t id="s18_10" word="exploração" lemma="exploração" pos="n" morph="F S" sem="activity" extra="--"/>
			<t id="s18_11" word="de" lemma="de" pos="prp" morph="--" extra="sam- np-close"/>
			<t id="s18_12" word="o" lemma="o" pos="art" morph="M S" extra="-sam "/>
			<t id="s18_13" word="pau-brasil" lemma="pau-brasil" pos="n" morph="M S" sem="cm" extra="--"/>
			<t id="s18_14" word="(" lemma="--" pos="pu" morph="--" extra="--"/>
			<t id="s18_15" word="início" lemma="início" pos="n" morph="M S" sem="temp" extra="np-close"/>
			<t id="s18_16" word="de" lemma="de" pos="prp" morph="--" extra="sam- np-close"/>
			<t id="s18_17" word="o" lemma="o" pos="art" morph="M S" extra="-sam "/>
			<t id="s18_18" word="século" lemma="século" pos="n" morph="M S" sem="dur per" extra="--"/>
			<t id="s18_19" word="XVI" lemma="XVI" pos="adj" morph="M S" extra="prop * NUM-ord np-close"/>
			<t id="s18_20" word=")" lemma="--" pos="pu" morph="--" extra="--"/>
			<t id="s18_21" word="." lemma="--" pos="pu" morph="--" extra="--"/>
		</terminals>

		<nonterminals>
			<nt id="s18_500" cat="s">
				<edge label="STA" idref="s18_501"/>
			</nt>
			<nt id="s18_501" cat="fcl">
				<edge label="S" idref="s18_1"/>
				<edge label="P" idref="s18_502"/>
				<edge label="DA" idref="s18_3"/>
				<edge label="fA" idref="s18_503"/>
				<edge label="PU" idref="s18_21"/>
			</nt>
			<nt id="s18_502" cat="vp">
				<edge label="Vaux" idref="s18_2"/>
				<edge label="Vm" idref="s18_4"/>
			</nt>
			<nt id="s18_503" cat="pp">
				<edge label="H" idref="s18_5"/>
				<edge label="DP" idref="s18_504"/>
			</nt>
			<nt id="s18_504" cat="np">
				<edge label="DN" idref="s18_6"/>
				<edge label="H" idref="s18_7"/>
				<edge label="DN" idref="s18_505"/>
			</nt>
			<nt id="s18_505" cat="pp">
				<edge label="H" idref="s18_8"/>
				<edge label="DP" idref="s18_506"/>
			</nt>
			<nt id="s18_506" cat="np">
				<edge label="DN" idref="s18_9"/>
				<edge label="H" idref="s18_10"/>
				<edge label="DN" idref="s18_507"/>
			</nt>
			<nt id="s18_507" cat="pp">
				<edge label="H" idref="s18_11"/>
				<edge label="DP" idref="s18_508"/>
			</nt>
			<nt id="s18_508" cat="np">
				<edge label="DN" idref="s18_12"/>
				<edge label="H" idref="s18_13"/>
				<edge label="PU" idref="s18_14"/>
				<edge label="DNc" idref="s18_509"/>
				<edge label="PU" idref="s18_20"/>
			</nt>
			<nt id="s18_509" cat="np">
				<edge label="H" idref="s18_15"/>
				<edge label="DN" idref="s18_510"/>
			</nt>
			<nt id="s18_510" cat="pp">
				<edge label="H" idref="s18_16"/>
				<edge label="DP" idref="s18_511"/>
			</nt>
			<nt id="s18_511" cat="np">
				<edge label="DN" idref="s18_17"/>
				<edge label="H" idref="s18_18"/>
				<edge label="DN" idref="s18_19"/>
			</nt>
		</nonterminals>
	</graph>
</s>

<s id="s19" ref="19" source="Running text" forest="1" text="Os portugueses davam bugigangas(apitos, espelhos, chocalhos) para os indígenas e, em troca de trabalho, os nativos deveriam cortar as árvores de pau-brasil e carregar os troncos até as caravelas portuguesas.">
	<graph root="s19_500">
		<terminals>
			<t id="s19_1" word="Os" lemma="o" pos="art" morph="M P" extra="* "/>
			<t id="s19_2" word="portugueses" lemma="português" pos="n" morph="M P" sem="Hnat ling" extra="--"/>
			<t id="s19_3" word="davam" lemma="dar" pos="v-fin" morph="IMPF 3P IND VFIN" extra="cjt-head cjt-head-STA fmc mv"/>
			<t id="s19_4" word="bugigangas" lemma="bugiganga" pos="n" morph="F P" sem="cc" extra="--"/>
			<t id="s19_5" word="(" lemma="--" pos="pu" morph="--" extra="--"/>
			<t id="s19_6" word="apitos" lemma="apito" pos="n" morph="M P" sem="percep-l" extra="np-close"/>
			<t id="s19_7" word="," lemma="--" pos="pu" morph="--" extra="--"/>
			<t id="s19_8" word="espelhos" lemma="espelho" pos="n" morph="M P" sem="tool Labs" extra="np-close"/>
			<t id="s19_9" word="," lemma="--" pos="pu" morph="--" extra="--"/>
			<t id="s19_10" word="chocalhos" lemma="chocalho" pos="n" morph="M P" sem="tool-mus" extra="np-close"/>
			<t id="s19_11" word=")" lemma="--" pos="pu" morph="--" extra="--"/>
			<t id="s19_12" word="para" lemma="para" pos="prp" morph="--" extra="--"/>
			<t id="s19_13" word="os" lemma="o" pos="art" morph="M P" extra="--"/>
			<t id="s19_14" word="indígenas" lemma="indígena" pos="adj" morph="M P" extra="n jh"/>
			<t id="s19_15" word="e" lemma="e" pos="conj-c" morph="--" extra="--"/>
			<t id="s19_16" word="," lemma="--" pos="pu" morph="--" extra="--"/>
			<t id="s19_17" word="em_troca" lemma="em_troca" pos="adv" morph="--" sem="pp" extra="--"/>
			<t id="s19_18" word="de" lemma="de" pos="prp" morph="--" extra="--"/>
			<t id="s19_19" word="trabalho" lemma="trabalho" pos="n" morph="M S" sem="act-d am" extra="--"/>
			<t id="s19_20" word="," lemma="--" pos="pu" morph="--" extra="--"/>
			<t id="s19_21" word="os" lemma="o" pos="art" morph="M P" extra="--"/>
			<t id="s19_22" word="nativos" lemma="nativo" pos="n" morph="M P" sem="H" extra="--"/>
			<t id="s19_23" word="deveriam" lemma="dever" pos="v-fin" morph="COND 3P VFIN" extra="cjt-STA fmc aux"/>
			<t id="s19_24" word="cortar" lemma="cortar" pos="v-inf" morph="--" extra="cjt-head cjt-head-AUX mv"/>
			<t id="s19_25" word="as" lemma="o" pos="art" morph="F P" extra="--"/>
			<t id="s19_26" word="árvores" lemma="árvore" pos="n" morph="F P" sem="Btree" extra="--"/>
			<t id="s19_27" word="de" lemma="de" pos="prp" morph="--" extra="np-close"/>
			<t id="s19_28" word="pau-brasil" lemma="pau-brasil" pos="n" morph="M S" sem="cm" extra="--"/>
			<t id="s19_29" word="e" lemma="e" pos="conj-c" morph="--" extra="--"/>
			<t id="s19_30" word="carregar" lemma="carregar" pos="v-inf" morph="--" extra="cjt-AUX vH mv"/>
			<t id="s19_31" word="os" lemma="o" pos="art" morph="M P" extra="--"/>
			<t id="s19_32" word="troncos" lemma="tronco" pos="n" morph="M P" sem="anbo cc an" extra="--"/>
			<t id="s19_33" word="até" lemma="até" pos="adv" morph="--" extra="--"/>
			<t id="s19_34" word="as" lemma="o" pos="art" morph="F P" extra="--"/>
			<t id="s19_35" word="caravelas" lemma="caravela" pos="n" morph="F P" sem="Vwater" extra="--"/>
			<t id="s19_36" word="portuguesas" lemma="português" pos="adj" morph="F P" extra="nat np-close"/>
			<t id="s19_37" word="." lemma="--" pos="pu" morph="--" extra="--"/>
		</terminals>

		<nonterminals>
			<nt id="s19_500" cat="s">
				<edge label="STA" idref="s19_501"/>
			</nt>
			<nt id="s19_501" cat="par">
				<edge label="CJT" idref="s19_502"/>
				<edge label="PU" idref="s19_16"/>
				<edge label="CJT" idref="s19_509"/>
				<edge label="PU" idref="s19_37"/>
			</nt>
			<nt id="s19_502" cat="fcl">
				<edge label="S" idref="s19_503"/>
				<edge label="P" idref="s19_3"/>
				<edge label="Od" idref="s19_504"/>
				<edge label="fA" idref="s19_507"/>
			</nt>
			<nt id="s19_503" cat="np">
				<edge label="DN" idref="s19_1"/>
				<edge label="H" idref="s19_2"/>
			</nt>
			<nt id="s19_504" cat="np">
				<edge label="H" idref="s19_4"/>
				<edge label="PU" idref="s19_5"/>
				<edge label="DNc" idref="s19_505"/>
				<edge label="PU" idref="s19_11"/>
			</nt>
			<nt id="s19_505" cat="np">
				<edge label="H" idref="s19_6"/>
				<edge label="PU" idref="s19_7"/>
				<edge label="DNc" idref="s19_506"/>
			</nt>
			<nt id="s19_506" cat="np">
				<edge label="H" idref="s19_8"/>
				<edge label="PU" idref="s19_9"/>
				<edge label="DNc" idref="s19_10"/>
			</nt>
			<nt id="s19_507" cat="pp">
				<edge label="H" idref="s19_12"/>
				<edge label="DP" idref="s19_508"/>
			</nt>
			<nt id="s19_508" cat="np">
				<edge label="DN" idref="s19_13"/>
				<edge label="H" idref="s19_14"/>
				<edge label="CO" idref="s19_15"/>
			</nt>
			<nt id="s19_509" cat="fcl">
				<edge label="fA" idref="s19_510"/>
				<edge label="PU" idref="s19_20"/>
				<edge label="S" idref="s19_512"/>
				<edge label="Paux" idref="s19_23"/>
				<edge label="Oaux" idref="s19_513"/>
				<edge label="S" idref="s19_519"/>
			</nt>
			<nt id="s19_510" cat="advp">
				<edge label="H" idref="s19_17"/>
				<edge label="DA" idref="s19_511"/>
			</nt>
			<nt id="s19_511" cat="pp">
				<edge label="H" idref="s19_18"/>
				<edge label="DP" idref="s19_19"/>
			</nt>
			<nt id="s19_512" cat="np">
				<edge label="DN" idref="s19_21"/>
				<edge label="H" idref="s19_22"/>
			</nt>
			<nt id="s19_513" cat="par">
				<edge label="CJT" idref="s19_514"/>
				<edge label="CJT" idref="s19_517"/>
			</nt>
			<nt id="s19_514" cat="icl">
				<edge label="P" idref="s19_24"/>
				<edge label="Od" idref="s19_515"/>
			</nt>
			<nt id="s19_515" cat="np">
				<edge label="DN" idref="s19_25"/>
				<edge label="H" idref="s19_26"/>
				<edge label="DN" idref="s19_516"/>
			</nt>
			<nt id="s19_516" cat="pp">
				<edge label="H" idref="s19_27"/>
				<edge label="DP" idref="s19_28"/>
			</nt>
			<nt id="s19_517" cat="icl">
				<edge label="P" idref="s19_30"/>
				<edge label="Od" idref="s19_518"/>
			</nt>
			<nt id="s19_518" cat="np">
				<edge label="DN" idref="s19_31"/>
				<edge label="H" idref="s19_32"/>
			</nt>
			<nt id="s19_519" cat="np">
				<edge label="DN" idref="s19_33"/>
				<edge label="DN" idref="s19_34"/>
				<edge label="H" idref="s19_35"/>
				<edge label="DN" idref="s19_36"/>
			</nt>
		</nonterminals>
	</graph>
</s>

<s id="s20" ref="20" source="Running text" forest="1" text="Atualmente, como a economia baseada em moedas, o escambo é pouco utilizado.">
	<graph root="s20_500">
		<terminals>
			<t id="s20_1" word="Atualmente" lemma="atualmente" pos="adv" morph="--" extra="*"/>
			<t id="s20_2" word="," lemma="--" pos="pu" morph="--" extra="--"/>
			<t id="s20_3" word="como" lemma="como" pos="prp" morph="--" extra="com adv-rel"/>
			<t id="s20_4" word="a" lemma="o" pos="art" morph="F S" extra="--"/>
			<t id="s20_5" word="economia" lemma="economia" pos="n" morph="F S" sem="domain" extra="asarg"/>
			<t id="s20_6" word="baseada" lemma="basear" pos="v-pcp" morph="F S" extra="jh mv np-close"/>
			<t id="s20_7" word="em" lemma="em" pos="prp" morph="--" extra="--"/>
			<t id="s20_8" word="moedas" lemma="moeda" pos="n" morph="F P" sem="cc-h mon" extra="--"/>
			<t id="s20_9" word="," lemma="--" pos="pu" morph="--" extra="--"/>
			<t id="s20_10" word="o" lemma="o" pos="art" morph="M S" extra="--"/>
			<t id="s20_11" word="escambo" lemma="escambo" pos="n" morph="M S" sem="act" extra="--"/>
			<t id="s20_12" word="é" lemma="ser" pos="v-fin" morph="PR 3S IND VFIN" extra="fmc aux"/>
			<t id="s20_13" word="pouco" lemma="pouco" pos="adv" morph="--" extra="quant"/>
			<t id="s20_14" word="utilizado" lemma="utilizar" pos="v-pcp" morph="M S" extra="vH mv"/>
			<t id="s20_15" word="." lemma="--" pos="pu" morph="--" extra="--"/>
		</terminals>

		<nonterminals>
			<nt id="s20_500" cat="s">
				<edge label="STA" idref="s20_501"/>
			</nt>
			<nt id="s20_501" cat="fcl">
				<edge label="fA" idref="s20_502"/>
				<edge label="PU" idref="s20_9"/>
				<edge label="S" idref="s20_506"/>
				<edge label="P" idref="s20_507"/>
				<edge label="DA" idref="s20_13"/>
				<edge label="PU" idref="s20_15"/>
			</nt>
			<nt id="s20_502" cat="pp">
				<edge label="DP" idref="s20_503"/>
				<edge label="PU" idref="s20_2"/>
				<edge label="H" idref="s20_3"/>
			</nt>
			<nt id="s20_503" cat="np">
				<edge label="DN" idref="s20_504"/>
				<edge label="DN" idref="s20_4"/>
				<edge label="H" idref="s20_5"/>
			</nt>
			<nt id="s20_504" cat="icl">
				<edge label="fA" idref="s20_1"/>
				<edge label="P" idref="s20_6"/>
				<edge label="Op" idref="s20_505"/>
			</nt>
			<nt id="s20_505" cat="pp">
				<edge label="H" idref="s20_7"/>
				<edge label="DP" idref="s20_8"/>
			</nt>
			<nt id="s20_506" cat="np">
				<edge label="DN" idref="s20_10"/>
				<edge label="H" idref="s20_11"/>
			</nt>
			<nt id="s20_507" cat="vp">
				<edge label="Vaux" idref="s20_12"/>
				<edge label="Vm" idref="s20_14"/>
			</nt>
		</nonterminals>
	</graph>
</s>

<s id="s21" ref="21" source="Running text" forest="1" text="Sobrevive ainda apenas em regiões pouco desenvolvidas.">
	<graph root="s21_500">
		<terminals>
			<t id="s21_1" word="Sobrevive" lemma="sobreviver" pos="v-fin" morph="PR 3S IND VFIN" extra="* vH fmc mv"/>
			<t id="s21_2" word="ainda" lemma="ainda" pos="adv" morph="--" extra="--"/>
			<t id="s21_3" word="apenas" lemma="apenas" pos="adv" morph="--" extra="--"/>
			<t id="s21_4" word="em" lemma="em" pos="prp" morph="--" extra="--"/>
			<t id="s21_5" word="regiões" lemma="região" pos="n" morph="F P" sem="L Ltop" extra="--"/>
			<t id="s21_6" word="pouco" lemma="pouco" pos="adv" morph="--" extra="quant"/>
			<t id="s21_7" word="desenvolvidas" lemma="desenvolver" pos="v-pcp" morph="F P" extra="np-close"/>
			<t id="s21_8" word="." lemma="--" pos="pu" morph="--" extra="--"/>
		</terminals>

		<nonterminals>
			<nt id="s21_500" cat="s">
				<edge label="STA" idref="s21_501"/>
			</nt>
			<nt id="s21_501" cat="fcl">
				<edge label="P" idref="s21_1"/>
				<edge label="fA" idref="s21_2"/>
				<edge label="fA" idref="s21_502"/>
				<edge label="PU" idref="s21_8"/>
			</nt>
			<nt id="s21_502" cat="pp">
				<edge label="DPmod" idref="s21_3"/>
				<edge label="H" idref="s21_4"/>
				<edge label="DP" idref="s21_503"/>
			</nt>
			<nt id="s21_503" cat="np">
				<edge label="H" idref="s21_5"/>
				<edge label="DN" idref="s21_504"/>
			</nt>
			<nt id="s21_504" cat="adjp">
				<edge label="DA" idref="s21_6"/>
				<edge label="H" idref="s21_7"/>
			</nt>
		</nonterminals>
	</graph>
</s>

<s id="s22" ref="22" source="Running text" forest="1" text="Compartilhar enviar nova definição enviar nova imagem denunciar abuso 4 sobe, 0 desce 6. Escambo Por Dicionário inFormal(SP) em 19-04-2011 Troca de favor, trocas.">
	<graph root="s22_500">
		<terminals>
			<t id="s22_1" word="Compartilhar" lemma="compartilhar" pos="v-inf" morph="--" extra="cjt-head cjt-head-S * vH mv"/>
			<t id="s22_2" word="enviar" lemma="enviar" pos="v-inf" morph="--" extra="vH mv"/>
			<t id="s22_3" word="nova" lemma="novo" pos="adj" morph="F S" extra="jh"/>
			<t id="s22_4" word="definição" lemma="definição" pos="n" morph="F S" sem="sem-c" extra="--"/>
			<t id="s22_5" word="enviar" lemma="enviar" pos="v-inf" morph="--" extra="vH mv"/>
			<t id="s22_6" word="nova" lemma="novo" pos="adj" morph="F S" extra="jh"/>
			<t id="s22_7" word="imagem" lemma="imagem" pos="n" morph="F S" sem="pict sem-c ac-cat" extra="--"/>
			<t id="s22_8" word="denunciar" lemma="denunciar" pos="v-inf" morph="--" extra="cjt-S vH mv"/>
			<t id="s22_9" word="abuso" lemma="abuso" pos="n" morph="M S" sem="activity" extra="--"/>
			<t id="s22_10" word="4" lemma="4" pos="num" morph="M/F P" extra="card"/>
			<t id="s22_11" word="sobe" lemma="subir" pos="v-fin" morph="PR 3S IND VFIN" extra="predco fmc mv"/>
			<t id="s22_12" word="," lemma="--" pos="pu" morph="--" extra="--"/>
			<t id="s22_13" word="0" lemma="xx" pos="num" morph="M/F P" extra="card"/>
			<t id="s22_14" word="desce" lemma="descer" pos="v-fin" morph="PR 3S IND VFIN" extra="cjt-STA fmc mv"/>
			<t id="s22_15" word="6." lemma="6." pos="adj" morph="M/F S" extra="NUM-ord"/>
			<t id="s22_16" word="Escambo_Por_Dicionário" lemma="Escambo_Por_Dicionário" pos="prop" morph="M S" extra="tit *"/>
			<t id="s22_17" word="inFormal" lemma="inFormal" pos="adj" morph="M S" extra="np-close"/>
			<t id="s22_18" word="(" lemma="--" pos="pu" morph="--" extra="--"/>
			<t id="s22_19" word="SP" lemma="SP" pos="prop" morph="M S" extra="civ * np-close"/>
			<t id="s22_20" word=")" lemma="--" pos="pu" morph="--" extra="--"/>
			<t id="s22_21" word="em" lemma="em" pos="prp" morph="--" extra="--"/>
			<t id="s22_22" word="19-04-2011" lemma="19-04-2011" pos="num" morph="F P" extra="card"/>
			<t id="s22_23" word="Troca" lemma="troca" pos="n" morph="F P" sem="act" extra="prop *"/>
			<t id="s22_24" word="de" lemma="de" pos="prp" morph="--" extra="np-close"/>
			<t id="s22_25" word="favor" lemma="favor" pos="n" morph="M S" sem="act-d am" extra="--"/>
			<t id="s22_26" word="," lemma="--" pos="pu" morph="--" extra="--"/>
			<t id="s22_27" word="trocas" lemma="trocar" pos="v-fin" morph="PR 2S IND VFIN" extra="nosubj cjt-STA vH fmc mv"/>
			<t id="s22_28" word="." lemma="--" pos="pu" morph="--" extra="--"/>
		</terminals>

		<nonterminals>
			<nt id="s22_500" cat="s">
				<edge label="STA" idref="s22_501"/>
			</nt>
			<nt id="s22_501" cat="fcl">
				<edge label="S" idref="s22_502"/>
				<edge label="Od" idref="s22_10"/>
				<edge label="X" idref="s22_509"/>
				<edge label="PU" idref="s22_28"/>
			</nt>
			<nt id="s22_502" cat="par">
				<edge label="CJT" idref="s22_503"/>
				<edge label="CJT" idref="s22_506"/>
			</nt>
			<nt id="s22_503" cat="icl">
				<edge label="P" idref="s22_1"/>
				<edge label="Od" idref="s22_504"/>
			</nt>
			<nt id="s22_504" cat="icl">
				<edge label="P" idref="s22_2"/>
				<edge label="Od" idref="s22_505"/>
			</nt>
			<nt id="s22_505" cat="np">
				<edge label="DN" idref="s22_3"/>
				<edge label="H" idref="s22_4"/>
			</nt>
			<nt id="s22_506" cat="fcl">
				<edge label="S" idref="s22_507"/>
				<edge label="P" idref="s22_8"/>
				<edge label="Od" idref="s22_9"/>
			</nt>
			<nt id="s22_507" cat="icl">
				<edge label="P" idref="s22_5"/>
				<edge label="Od" idref="s22_508"/>
			</nt>
			<nt id="s22_508" cat="np">
				<edge label="DN" idref="s22_6"/>
				<edge label="H" idref="s22_7"/>
			</nt>
			<nt id="s22_509" cat="par">
				<edge label="CJT" idref="s22_510"/>
				<edge label="PU" idref="s22_12"/>
				<edge label="CJT" idref="s22_511"/>
				<edge label="PU" idref="s22_26"/>
				<edge label="CJT" idref="s22_27"/>
			</nt>
			<nt id="s22_510" cat="x">
				<edge label="P" idref="s22_11"/>
			</nt>
			<nt id="s22_511" cat="fcl">
				<edge label="Od" idref="s22_13"/>
				<edge label="P" idref="s22_14"/>
				<edge label="fCs" idref="s22_15"/>
				<edge label="S" idref="s22_512"/>
				<edge label="fA" idref="s22_513"/>
			</nt>
			<nt id="s22_512" cat="np">
				<edge label="H" idref="s22_16"/>
				<edge label="DN" idref="s22_17"/>
				<edge label="PU" idref="s22_18"/>
				<edge label="DNapp" idref="s22_19"/>
				<edge label="PU" idref="s22_20"/>
			</nt>
			<nt id="s22_513" cat="pp">
				<edge label="H" idref="s22_21"/>
				<edge label="DP" idref="s22_514"/>
			</nt>
			<nt id="s22_514" cat="np">
				<edge label="DN" idref="s22_22"/>
				<edge label="H" idref="s22_23"/>
				<edge label="DN" idref="s22_515"/>
			</nt>
			<nt id="s22_515" cat="pp">
				<edge label="H" idref="s22_24"/>
				<edge label="DP" idref="s22_25"/>
			</nt>
		</nonterminals>
	</graph>
</s>

<s id="s23" ref="23" source="Running text" forest="1" text="Só pode trocar favor ou objeto, não pode trocar dinheiro.">
	<graph root="s23_500">
		<terminals>
			<t id="s23_1" word="Só" lemma="só" pos="adv" morph="--" extra="*"/>
			<t id="s23_2" word="pode" lemma="poder" pos="v-fin" morph="PR 3S IND VFIN" extra="nosubj cjt-head cjt-head-STA fmc aux"/>
			<t id="s23_3" word="trocar" lemma="trocar" pos="v-inf" morph="--" extra="vH mv"/>
			<t id="s23_4" word="favor" lemma="favor" pos="n" morph="M S" sem="act-d am" extra="cjt-head cjt-head-Od"/>
			<t id="s23_5" word="ou" lemma="ou" pos="conj-c" morph="--" extra="--"/>
			<t id="s23_6" word="objeto" lemma="objeto" pos="n" morph="M S" sem="cc ac-cat" extra="cjt-Od"/>
			<t id="s23_7" word="," lemma="--" pos="pu" morph="--" extra="--"/>
			<t id="s23_8" word="não" lemma="não" pos="adv" morph="--" extra="--"/>
			<t id="s23_9" word="pode" lemma="poder" pos="v-fin" morph="PR 3S IND VFIN" extra="nosubj cjt-STA fmc aux"/>
			<t id="s23_10" word="trocar" lemma="trocar" pos="v-inf" morph="--" extra="vH mv"/>
			<t id="s23_11" word="dinheiro" lemma="dinheiro" pos="n" morph="M S" sem="mon cm" extra="--"/>
			<t id="s23_12" word="." lemma="--" pos="pu" morph="--" extra="--"/>
		</terminals>

		<nonterminals>
			<nt id="s23_500" cat="s">
				<edge label="STA" idref="s23_501"/>
			</nt>
			<nt id="s23_501" cat="par">
				<edge label="CJT" idref="s23_502"/>
				<edge label="PU" idref="s23_7"/>
				<edge label="CJT" idref="s23_505"/>
				<edge label="PU" idref="s23_12"/>
			</nt>
			<nt id="s23_502" cat="fcl">
				<edge label="fA" idref="s23_1"/>
				<edge label="P" idref="s23_503"/>
				<edge label="Od" idref="s23_504"/>
			</nt>
			<nt id="s23_503" cat="vp">
				<edge label="Vaux" idref="s23_2"/>
				<edge label="Vm" idref="s23_3"/>
			</nt>
			<nt id="s23_504" cat="par">
				<edge label="CJT" idref="s23_4"/>
				<edge label="CO" idref="s23_5"/>
				<edge label="CJT" idref="s23_6"/>
			</nt>
			<nt id="s23_505" cat="x">
				<edge label="fA" idref="s23_8"/>
				<edge label="P" idref="s23_506"/>
				<edge label="Od" idref="s23_11"/>
			</nt>
			<nt id="s23_506" cat="vp">
				<edge label="Vaux" idref="s23_9"/>
				<edge label="Vm" idref="s23_10"/>
			</nt>
		</nonterminals>
	</graph>
</s>

<s id="s24" ref="24" source="Running text" forest="1" text="Qual a sua moeda de escambo?">
	<graph root="s24_500">
		<terminals>
			<t id="s24_1" word="Qual" lemma="qual" pos="pron-int" morph="DET M/F S" extra="* interr"/>
			<t id="s24_2" word="a" lemma="o" pos="art" morph="F S" extra="--"/>
			<t id="s24_3" word="sua" lemma="seu" pos="pron-poss" morph="DET F S" extra="poss 3S"/>
			<t id="s24_4" word="moeda" lemma="moeda" pos="n" morph="F S" sem="cc-h mon" extra="--"/>
			<t id="s24_5" word="de" lemma="de" pos="prp" morph="--" extra="np-close"/>
			<t id="s24_6" word="escambo" lemma="escambo" pos="n" morph="M S" sem="act" extra="--"/>
			<t id="s24_7" word="?" lemma="--" pos="pu" morph="--" extra="--"/>
		</terminals>

		<nonterminals>
			<nt id="s24_500" cat="s">
				<edge label="Cs" idref="s24_501"/>
			</nt>
			<nt id="s24_501" cat="adjp">
				<edge label="H" idref="s24_1"/>
				<edge label="X" idref="s24_502"/>
				<edge label="PU" idref="s24_7"/>
			</nt>
			<nt id="s24_502" cat="np">
				<edge label="DN" idref="s24_2"/>
				<edge label="DN" idref="s24_3"/>
				<edge label="H" idref="s24_4"/>
				<edge label="DN" idref="s24_503"/>
			</nt>
			<nt id="s24_503" cat="pp">
				<edge label="H" idref="s24_5"/>
				<edge label="DP" idref="s24_6"/>
			</nt>
		</nonterminals>
	</graph>
</s>

<s id="s25" ref="25" source="Running text" forest="1" text="Compartilhar enviar nova definição enviar nova imagem denunciar abuso 4 sobe, 0 desce 7. Escambo Por Dicionário inFormal(SP) em 03-03-2010 Troca.">
	<graph root="s25_500">
		<terminals>
			<t id="s25_1" word="Compartilhar" lemma="compartilhar" pos="v-inf" morph="--" extra="cjt-head cjt-head-S * vH mv"/>
			<t id="s25_2" word="enviar" lemma="enviar" pos="v-inf" morph="--" extra="vH mv"/>
			<t id="s25_3" word="nova" lemma="novo" pos="adj" morph="F S" extra="jh"/>
			<t id="s25_4" word="definição" lemma="definição" pos="n" morph="F S" sem="sem-c" extra="--"/>
			<t id="s25_5" word="enviar" lemma="enviar" pos="v-inf" morph="--" extra="vH mv"/>
			<t id="s25_6" word="nova" lemma="novo" pos="adj" morph="F S" extra="jh"/>
			<t id="s25_7" word="imagem" lemma="imagem" pos="n" morph="F S" sem="pict sem-c ac-cat" extra="--"/>
			<t id="s25_8" word="denunciar" lemma="denunciar" pos="v-inf" morph="--" extra="cjt-S vH mv"/>
			<t id="s25_9" word="abuso" lemma="abuso" pos="n" morph="M S" sem="activity" extra="--"/>
			<t id="s25_10" word="4" lemma="4" pos="num" morph="M/F P" extra="card"/>
			<t id="s25_11" word="sobe" lemma="subir" pos="v-fin" morph="PR 3S IND VFIN" extra="cjt-head cjt-head-STA fmc mv"/>
			<t id="s25_12" word="," lemma="--" pos="pu" morph="--" extra="--"/>
			<t id="s25_13" word="0" lemma="xx" pos="num" morph="M/F P" extra="card"/>
			<t id="s25_14" word="desce" lemma="descer" pos="v-fin" morph="PR 3S IND VFIN" extra="cjt-STA fmc mv"/>
			<t id="s25_15" word="7." lemma="7." pos="adj" morph="M/F S" extra="NUM-ord"/>
			<t id="s25_16" word="Escambo_Por_Dicionário" lemma="Escambo_Por_Dicionário" pos="prop" morph="M S" extra="tit *"/>
			<t id="s25_17" word="inFormal" lemma="inFormal" pos="adj" morph="M S" extra="np-close"/>
			<t id="s25_18" word="(" lemma="--" pos="pu" morph="--" extra="--"/>
			<t id="s25_19" word="SP" lemma="SP" pos="prop" morph="M S" extra="civ * np-close"/>
			<t id="s25_20" word=")" lemma="--" pos="pu" morph="--" extra="--"/>
			<t id="s25_21" word="em" lemma="em" pos="prp" morph="--" extra="--"/>
			<t id="s25_22" word="03-03-2010" lemma="03-03-2010" pos="num" morph="F P" extra="card"/>
			<t id="s25_23" word="Troca" lemma="troca" pos="n" morph="F P" sem="act" extra="prop *"/>
			<t id="s25_24" word="." lemma="--" pos="pu" morph="--" extra="--"/>
		</terminals>

		<nonterminals>
			<nt id="s25_500" cat="s">
				<edge label="STA" idref="s25_501"/>
			</nt>
			<nt id="s25_501" cat="par">
				<edge label="CJT" idref="s25_502"/>
				<edge label="PU" idref="s25_12"/>
				<edge label="CJT" idref="s25_510"/>
				<edge label="PU" idref="s25_24"/>
			</nt>
			<nt id="s25_502" cat="fcl">
				<edge label="S" idref="s25_503"/>
				<edge label="Od" idref="s25_10"/>
				<edge label="P" idref="s25_11"/>
			</nt>
			<nt id="s25_503" cat="par">
				<edge label="CJT" idref="s25_504"/>
				<edge label="CJT" idref="s25_507"/>
			</nt>
			<nt id="s25_504" cat="icl">
				<edge label="P" idref="s25_1"/>
				<edge label="Od" idref="s25_505"/>
			</nt>
			<nt id="s25_505" cat="icl">
				<edge label="P" idref="s25_2"/>
				<edge label="Od" idref="s25_506"/>
			</nt>
			<nt id="s25_506" cat="np">
				<edge label="DN" idref="s25_3"/>
				<edge label="H" idref="s25_4"/>
			</nt>
			<nt id="s25_507" cat="fcl">
				<edge label="S" idref="s25_508"/>
				<edge label="P" idref="s25_8"/>
				<edge label="Od" idref="s25_9"/>
			</nt>
			<nt id="s25_508" cat="icl">
				<edge label="P" idref="s25_5"/>
				<edge label="Od" idref="s25_509"/>
			</nt>
			<nt id="s25_509" cat="np">
				<edge label="DN" idref="s25_6"/>
				<edge label="H" idref="s25_7"/>
			</nt>
			<nt id="s25_510" cat="fcl">
				<edge label="Od" idref="s25_13"/>
				<edge label="P" idref="s25_14"/>
				<edge label="fCs" idref="s25_15"/>
				<edge label="S" idref="s25_511"/>
				<edge label="fA" idref="s25_512"/>
			</nt>
			<nt id="s25_511" cat="np">
				<edge label="H" idref="s25_16"/>
				<edge label="DN" idref="s25_17"/>
				<edge label="PU" idref="s25_18"/>
				<edge label="DNapp" idref="s25_19"/>
				<edge label="PU" idref="s25_20"/>
			</nt>
			<nt id="s25_512" cat="pp">
				<edge label="H" idref="s25_21"/>
				<edge label="DP" idref="s25_513"/>
			</nt>
			<nt id="s25_513" cat="np">
				<edge label="DN" idref="s25_22"/>
				<edge label="H" idref="s25_23"/>
			</nt>
		</nonterminals>
	</graph>
</s>

<s id="s26" ref="26" source="Running text" forest="1" text="Um bairro do rio de janeiro está sendo despropriado para construção de um porto e o escambo de trocar casas deste local por casas em outro local está sendo imputado aos moradores desse bairro.">
	<graph root="s26_500">
		<terminals>
			<t id="s26_1" word="Um" lemma="um" pos="art" morph="M S" extra="* "/>
			<t id="s26_2" word="bairro" lemma="bairro" pos="n" morph="M S" sem="Lciv" extra="--"/>
			<t id="s26_3" word="de" lemma="de" pos="prp" morph="--" extra="sam- np-close"/>
			<t id="s26_4" word="o" lemma="o" pos="art" morph="M S" extra="-sam "/>
			<t id="s26_5" word="rio" lemma="rio" pos="n" morph="M S" sem="Lwater" extra="--"/>
			<t id="s26_6" word="de" lemma="de" pos="prp" morph="--" extra="np-close"/>
			<t id="s26_7" word="janeiro" lemma="janeiro" pos="n" morph="M S" extra="--"/>
			<t id="s26_8" word="está" lemma="estar" pos="v-fin" morph="PR 3S IND VFIN" extra="cjt-head cjt-head-STA fmc aux"/>
			<t id="s26_9" word="sendo" lemma="ser" pos="v-ger" morph="--" extra="clb aux"/>
			<t id="s26_10" word="despropriado" lemma="despropriar" pos="v-pcp" morph="M S" extra="DERP DERS mv"/>
			<t id="s26_11" word="para" lemma="para" pos="prp" morph="--" extra="--"/>
			<t id="s26_12" word="construção" lemma="construção" pos="n" morph="F S" sem="act" extra="--"/>
			<t id="s26_13" word="de" lemma="de" pos="prp" morph="--" extra="np-close"/>
			<t id="s26_14" word="um" lemma="um" pos="art" morph="M S" extra="--"/>
			<t id="s26_15" word="porto" lemma="porto" pos="n" morph="M S" sem="Lwater inst drink" extra="cjt-head cjt-head-DP"/>
			<t id="s26_16" word="e" lemma="e" pos="conj-c" morph="--" extra="--"/>
			<t id="s26_17" word="o" lemma="o" pos="art" morph="M S" extra="--"/>
			<t id="s26_18" word="escambo" lemma="escambo" pos="n" morph="M S" sem="act" extra="cjt-DP"/>
			<t id="s26_19" word="de" lemma="de" pos="prp" morph="--" extra="np-close"/>
			<t id="s26_20" word="trocar" lemma="trocar" pos="v-inf" morph="--" extra="vH mv"/>
			<t id="s26_21" word="casas" lemma="casa" pos="n" morph="F P" sem="build" extra="--"/>
			<t id="s26_22" word="de" lemma="de" pos="prp" morph="--" extra="sam- np-close"/>
			<t id="s26_23" word="este" lemma="este" pos="pron-dem" morph="DET M S" extra="dem -sam"/>
			<t id="s26_24" word="local" lemma="local" pos="n" morph="M S" sem="Lh" extra="--"/>
			<t id="s26_25" word="por" lemma="por" pos="prp" morph="--" extra="--"/>
			<t id="s26_26" word="casas" lemma="casa" pos="n" morph="F P" sem="build" extra="--"/>
			<t id="s26_27" word="em" lemma="em" pos="prp" morph="--" extra="np-close"/>
			<t id="s26_28" word="outro" lemma="outro" pos="pron-indef" morph="DET M S" extra="diff KOMP"/>
			<t id="s26_29" word="local" lemma="local" pos="n" morph="M S" sem="Lh" extra="--"/>
			<t id="s26_30" word="está" lemma="estar" pos="v-fin" morph="PR 3S IND VFIN" extra="nosubj cjt-STA fmc aux"/>
			<t id="s26_31" word="sendo" lemma="ser" pos="v-ger" morph="--" extra="clb aux"/>
			<t id="s26_32" word="imputado" lemma="imputar" pos="v-pcp" morph="M S" extra="vH mv"/>
			<t id="s26_33" word="a" lemma="a" pos="prp" morph="--" extra="sam-"/>
			<t id="s26_34" word="os" lemma="o" pos="art" morph="M P" extra="-sam "/>
			<t id="s26_35" word="moradores" lemma="morador" pos="n" morph="M P" sem="Hattr" extra="--"/>
			<t id="s26_36" word="de" lemma="de" pos="prp" morph="--" extra="sam- np-close"/>
			<t id="s26_37" word="esse" lemma="esse" pos="pron-dem" morph="DET M S" extra="dem -sam"/>
			<t id="s26_38" word="bairro" lemma="bairro" pos="n" morph="M S" sem="Lciv" extra="--"/>
			<t id="s26_39" word="." lemma="--" pos="pu" morph="--" extra="--"/>
		</terminals>

		<nonterminals>
			<nt id="s26_500" cat="s">
				<edge label="STA" idref="s26_501"/>
			</nt>
			<nt id="s26_501" cat="par">
				<edge label="CJT" idref="s26_502"/>
				<edge label="CJT" idref="s26_507"/>
				<edge label="PU" idref="s26_39"/>
			</nt>
			<nt id="s26_502" cat="fcl">
				<edge label="S" idref="s26_503"/>
				<edge label="P" idref="s26_8"/>
			</nt>
			<nt id="s26_503" cat="np">
				<edge label="DN" idref="s26_1"/>
				<edge label="H" idref="s26_2"/>
				<edge label="DN" idref="s26_504"/>
			</nt>
			<nt id="s26_504" cat="pp">
				<edge label="H" idref="s26_3"/>
				<edge label="DP" idref="s26_505"/>
			</nt>
			<nt id="s26_505" cat="np">
				<edge label="DN" idref="s26_4"/>
				<edge label="H" idref="s26_5"/>
				<edge label="DN" idref="s26_506"/>
			</nt>
			<nt id="s26_506" cat="pp">
				<edge label="H" idref="s26_6"/>
				<edge label="DP" idref="s26_7"/>
			</nt>
			<nt id="s26_507" cat="x">
				<edge label="Oaux" idref="s26_9"/>
				<edge label="P" idref="s26_508"/>
				<edge label="fA" idref="s26_509"/>
				<edge label="Paux" idref="s26_30"/>
				<edge label="P" idref="s26_524"/>
				<edge label="Op" idref="s26_525"/>
			</nt>
			<nt id="s26_508" cat="vp">
				<edge label="Vaux" idref="s26_10"/>
			</nt>
			<nt id="s26_509" cat="pp">
				<edge label="H" idref="s26_11"/>
				<edge label="DP" idref="s26_510"/>
			</nt>
			<nt id="s26_510" cat="np">
				<edge label="H" idref="s26_12"/>
				<edge label="DN" idref="s26_511"/>
			</nt>
			<nt id="s26_511" cat="pp">
				<edge label="H" idref="s26_13"/>
				<edge label="DP" idref="s26_512"/>
			</nt>
			<nt id="s26_512" cat="par">
				<edge label="CJT" idref="s26_513"/>
				<edge label="CO" idref="s26_16"/>
				<edge label="CJT" idref="s26_514"/>
			</nt>
			<nt id="s26_513" cat="np">
				<edge label="DN" idref="s26_14"/>
				<edge label="H" idref="s26_15"/>
			</nt>
			<nt id="s26_514" cat="np">
				<edge label="DN" idref="s26_17"/>
				<edge label="H" idref="s26_18"/>
				<edge label="DN" idref="s26_515"/>
			</nt>
			<nt id="s26_515" cat="pp">
				<edge label="H" idref="s26_19"/>
				<edge label="DP" idref="s26_516"/>
			</nt>
			<nt id="s26_516" cat="icl">
				<edge label="P" idref="s26_20"/>
				<edge label="Od" idref="s26_517"/>
				<edge label="Op" idref="s26_520"/>
			</nt>
			<nt id="s26_517" cat="np">
				<edge label="H" idref="s26_21"/>
				<edge label="DN" idref="s26_518"/>
			</nt>
			<nt id="s26_518" cat="pp">
				<edge label="H" idref="s26_22"/>
				<edge label="DP" idref="s26_519"/>
			</nt>
			<nt id="s26_519" cat="np">
				<edge label="DN" idref="s26_23"/>
				<edge label="H" idref="s26_24"/>
			</nt>
			<nt id="s26_520" cat="pp">
				<edge label="H" idref="s26_25"/>
				<edge label="DP" idref="s26_521"/>
			</nt>
			<nt id="s26_521" cat="np">
				<edge label="H" idref="s26_26"/>
				<edge label="DN" idref="s26_522"/>
			</nt>
			<nt id="s26_522" cat="pp">
				<edge label="H" idref="s26_27"/>
				<edge label="DP" idref="s26_523"/>
			</nt>
			<nt id="s26_523" cat="np">
				<edge label="DN" idref="s26_28"/>
				<edge label="H" idref="s26_29"/>
			</nt>
			<nt id="s26_524" cat="vp">
				<edge label="Vaux" idref="s26_31"/>
				<edge label="Vm" idref="s26_32"/>
			</nt>
			<nt id="s26_525" cat="pp">
				<edge label="H" idref="s26_33"/>
				<edge label="DP" idref="s26_526"/>
			</nt>
			<nt id="s26_526" cat="np">
				<edge label="DN" idref="s26_34"/>
				<edge label="H" idref="s26_35"/>
				<edge label="DN" idref="s26_527"/>
			</nt>
			<nt id="s26_527" cat="pp">
				<edge label="H" idref="s26_36"/>
				<edge label="DP" idref="s26_528"/>
			</nt>
			<nt id="s26_528" cat="np">
				<edge label="DN" idref="s26_37"/>
				<edge label="H" idref="s26_38"/>
			</nt>
		</nonterminals>
	</graph>
</s>

<s id="s27" ref="27" source="Running text" forest="1" text="Compartilhar enviar nova definição enviar nova imagem denunciar abuso Outras Informações:Palavras com 7 letras A palavra possui 3 vogais -- e ao A palavra possui 4 consoantes -- sc mb 1 página -- 7 Definições afogar o ganso imagem manchete gamela zâmbia.">
	<graph root="s27_500">
		<terminals>
			<t id="s27_1" word="Compartilhar" lemma="compartilhar" pos="v-inf" morph="--" extra="* vH mv"/>
			<t id="s27_2" word="enviar" lemma="enviar" pos="v-inf" morph="--" extra="vH mv"/>
			<t id="s27_3" word="nova" lemma="novo" pos="adj" morph="F S" extra="jh"/>
			<t id="s27_4" word="definição" lemma="definição" pos="n" morph="F S" sem="sem-c" extra="--"/>
			<t id="s27_5" word="enviar" lemma="enviar" pos="v-inf" morph="--" extra="vH mv"/>
			<t id="s27_6" word="nova" lemma="novo" pos="adj" morph="F S" extra="jh"/>
			<t id="s27_7" word="imagem" lemma="imagem" pos="n" morph="F S" sem="pict sem-c ac-cat" extra="--"/>
			<t id="s27_8" word="denunciar" lemma="denunciar" pos="v-inf" morph="--" extra="vH mv"/>
			<t id="s27_9" word="abuso" lemma="abuso" pos="n" morph="M S" sem="activity" extra="--"/>
			<t id="s27_10" word="Outras_Informações" lemma="Outras_Informações" pos="prop" morph="M S" extra="hum * heur np-close"/>
			<t id="s27_11" word=":Palavras" lemma=":Palavras" pos="n" morph="M S" extra="cjt-head cjt-head-S"/>
			<t id="s27_12" word="com" lemma="com" pos="prp" morph="--" extra="--"/>
			<t id="s27_13" word="7" lemma="7" pos="num" morph="F P" extra="card"/>
			<t id="s27_14" word="letras" lemma="letra" pos="n" morph="F P" sem="ac-sign sem-r domain" extra="--"/>
			<t id="s27_15" word="A" lemma="o" pos="art" morph="F S" extra="* "/>
			<t id="s27_16" word="palavra" lemma="palavra" pos="n" morph="F S" sem="ac-cat act-s" extra="cjt-S"/>
			<t id="s27_17" word="possui" lemma="possuir" pos="v-fin" morph="PR 3S IND VFIN" extra="cjt-head cjt-head-STA vH fmc mv"/>
			<t id="s27_18" word="3" lemma="3" pos="num" morph="M P" extra="card"/>
			<t id="s27_19" word="vogais" lemma="vogal" pos="n" morph="M P" sem="ac-cat H" extra="cjt-head cjt-head-Od"/>
			<t id="s27_20" word="--" lemma="--" pos="pu" morph="--" extra="--"/>
			<t id="s27_21" word="e" lemma="e" pos="conj-c" morph="--" extra="--"/>
			<t id="s27_22" word="a" lemma="a" pos="prp" morph="--" extra="--"/>
			<t id="s27_23" word="o" lemma="o" pos="art" morph="M S" extra="--"/>
			<t id="s27_24" word="A" lemma="o" pos="art" morph="F S" extra="* "/>
			<t id="s27_25" word="palavra" lemma="palavra" pos="n" morph="F S" sem="ac-cat act-s" extra="--"/>
			<t id="s27_26" word="possui" lemma="possuir" pos="v-fin" morph="PR 3S IND VFIN" extra="cjt-STA vH fmc mv"/>
			<t id="s27_27" word="4" lemma="4" pos="num" morph="F P" extra="card"/>
			<t id="s27_28" word="consoantes" lemma="consoante" pos="n" morph="F P" sem="ac-cat" extra="cjt-Od"/>
			<t id="s27_29" word="--" lemma="--" pos="pu" morph="--" extra="--"/>
			<t id="s27_30" word="sc" lemma="sc" pos="n" morph="M/F S" extra="cjt-head cjt-head-S foreign"/>
			<t id="s27_31" word="mb" lemma="mb" pos="n" morph="M/F S" extra="cjt-S foreign"/>
			<t id="s27_32" word="1" lemma="1" pos="num" morph="F S" extra="card"/>
			<t id="s27_33" word="página" lemma="página" pos="n" morph="F S" sem="cc-r" extra="cjt-S"/>
			<t id="s27_34" word="--" lemma="--" pos="pu" morph="--" extra="--"/>
			<t id="s27_35" word="7" lemma="7" pos="num" morph="F P" extra="card"/>
			<t id="s27_36" word="Definições" lemma="definição" pos="n" morph="F P" sem="sem-c" extra="prop *"/>
			<t id="s27_37" word="afogar" lemma="afogar" pos="v-inf" morph="--" extra="mv"/>
			<t id="s27_38" word="o" lemma="o" pos="art" morph="M S" extra="--"/>
			<t id="s27_39" word="ganso" lemma="ganso" pos="n" morph="M S" sem="Aorn H" extra="--"/>
			<t id="s27_40" word="imagem" lemma="imagem" pos="n" morph="F S" sem="pict sem-c ac-cat" extra="cjt-head cjt-head-S"/>
			<t id="s27_41" word="manchete" lemma="manchete" pos="n" morph="F S" sem="sem-r" extra="cjt-S"/>
			<t id="s27_42" word="gamela" lemma="gamela" pos="n" morph="F S" sem="con sem-s an Adom" extra="cjt-S"/>
			<t id="s27_43" word="zâmbia" lemma="z�=mbia" pos="n" morph="F S" extra="cjt-S DERS"/>
			<t id="s27_44" word="." lemma="--" pos="pu" morph="--" extra="--"/>
		</terminals>

		<nonterminals>
			<nt id="s27_500" cat="s">
				<edge label="UTT" idref="s27_501"/>
			</nt>
			<nt id="s27_501" cat="x">
				<edge label="UTT" idref="s27_507"/>
				<edge label="P" idref="s27_5"/>
				<edge label="Od" idref="s27_508"/>
				<edge label="UTT" idref="s27_509"/>
				<edge label="PU" idref="s27_44"/>
			</nt>
			<nt id="s27_502" cat="par">
				<edge label="CJT" idref="s27_503"/>
			</nt>
			<nt id="s27_503" cat="fcl">
				<edge label="S" idref="s27_504"/>
			</nt>
			<nt id="s27_504" cat="icl">
				<edge label="P" idref="s27_1"/>
				<edge label="Od" idref="s27_505"/>
			</nt>
			<nt id="s27_505" cat="icl">
				<edge label="P" idref="s27_2"/>
				<edge label="Od" idref="s27_506"/>
			</nt>
			<nt id="s27_506" cat="np">
				<edge label="DN" idref="s27_3"/>
				<edge label="H" idref="s27_4"/>
			</nt>
			<nt id="s27_507" cat="icl">
			</nt>
			<nt id="s27_508" cat="np">
				<edge label="DN" idref="s27_6"/>
				<edge label="H" idref="s27_7"/>
			</nt>
			<nt id="s27_509" cat="fcl">
				<edge label="P" idref="s27_8"/>
				<edge label="Od" idref="s27_510"/>
				<edge label="S" idref="s27_511"/>
				<edge label="fA" idref="s27_512"/>
				<edge label="CJT" idref="s27_517"/>
			</nt>
			<nt id="s27_510" cat="np">
				<edge label="H" idref="s27_9"/>
				<edge label="DN" idref="s27_10"/>
			</nt>
			<nt id="s27_511" cat="par">
				<edge label="CJT" idref="s27_11"/>
			</nt>
			<nt id="s27_512" cat="pp">
				<edge label="H" idref="s27_12"/>
				<edge label="DP" idref="s27_513"/>
				<edge label="CJT" idref="s27_514"/>
				<edge label="P" idref="s27_17"/>
				<edge label="Od" idref="s27_515"/>
			</nt>
			<nt id="s27_513" cat="np">
				<edge label="DN" idref="s27_13"/>
				<edge label="H" idref="s27_14"/>
			</nt>
			<nt id="s27_514" cat="np">
				<edge label="DN" idref="s27_15"/>
				<edge label="H" idref="s27_16"/>
			</nt>
			<nt id="s27_515" cat="par">
				<edge label="CJT" idref="s27_516"/>
				<edge label="CO" idref="s27_21"/>
			</nt>
			<nt id="s27_516" cat="np">
				<edge label="DN" idref="s27_18"/>
				<edge label="H" idref="s27_19"/>
				<edge label="PU" idref="s27_20"/>
			</nt>
			<nt id="s27_517" cat="fcl">
				<edge label="fA" idref="s27_518"/>
				<edge label="P" idref="s27_26"/>
				<edge label="S" idref="s27_521"/>
				<edge label="fCsta" idref="s27_523"/>
				<edge label="Od" idref="s27_524"/>
			</nt>
			<nt id="s27_518" cat="pp">
				<edge label="H" idref="s27_22"/>
				<edge label="DP" idref="s27_519"/>
				<edge label="CJT" idref="s27_520"/>
			</nt>
			<nt id="s27_519" cat="np">
				<edge label="DN" idref="s27_23"/>
				<edge label="DN" idref="s27_24"/>
				<edge label="H" idref="s27_25"/>
			</nt>
			<nt id="s27_520" cat="np">
				<edge label="DN" idref="s27_27"/>
				<edge label="H" idref="s27_28"/>
				<edge label="PU" idref="s27_29"/>
			</nt>
			<nt id="s27_521" cat="par">
				<edge label="CJT" idref="s27_30"/>
				<edge label="CJT" idref="s27_31"/>
				<edge label="CJT" idref="s27_522"/>
			</nt>
			<nt id="s27_522" cat="np">
				<edge label="DN" idref="s27_32"/>
				<edge label="H" idref="s27_33"/>
				<edge label="PU" idref="s27_34"/>
			</nt>
			<nt id="s27_523" cat="np">
				<edge label="DN" idref="s27_35"/>
				<edge label="H" idref="s27_36"/>
			</nt>
			<nt id="s27_524" cat="fcl">
				<edge label="P" idref="s27_37"/>
				<edge label="Od" idref="s27_525"/>
				<edge label="S" idref="s27_526"/>
				<edge label="CJT" idref="s27_43"/>
			</nt>
			<nt id="s27_525" cat="np">
				<edge label="DN" idref="s27_38"/>
				<edge label="H" idref="s27_39"/>
			</nt>
			<nt id="s27_526" cat="par">
				<edge label="CJT" idref="s27_40"/>
				<edge label="CJT" idref="s27_41"/>
				<edge label="CJT" idref="s27_42"/>
			</nt>
		</nonterminals>
	</graph>
</s>

	</body>
</corpus>
