<?xml version="1.0" encoding="UTF-8"?>
<corpus>

	<body>
<s id="s1" ref="1" source="Running text" forest="1" text="Estamento 1 Definição encontrada.">
	<graph root="s1_500">
		<terminals>
			<t id="s1_1" word="Estamento" lemma="estamento" pos="adj" morph="M S" extra="cjt-head cjt-head-X * DERS jh"/>
			<t id="s1_2" word="1" lemma="1" pos="num" morph="F S" extra="card"/>
			<t id="s1_3" word="Definição" lemma="definição" pos="n" morph="F S" sem="sem-c" extra="cjt-X prop *"/>
			<t id="s1_4" word="encontrada" lemma="encontrado" pos="adj" morph="F S" extra="nh np-close"/>
			<t id="s1_5" word="." lemma="--" pos="pu" morph="--" extra="--"/>
		</terminals>

		<nonterminals>
			<nt id="s1_500" cat="s">
				<edge label="X" idref="s1_501"/>
			</nt>
			<nt id="s1_501" cat="par">
				<edge label="CJT" idref="s1_1"/>
				<edge label="CJT" idref="s1_502"/>
				<edge label="PU" idref="s1_5"/>
			</nt>
			<nt id="s1_502" cat="np">
				<edge label="DN" idref="s1_2"/>
				<edge label="H" idref="s1_3"/>
				<edge label="DN" idref="s1_4"/>
			</nt>
		</nonterminals>
	</graph>
</s>

<s id="s2" ref="2" source="Running text" forest="1" text="Tweet Significados de Estamento:">
	<graph root="s2_500">
		<terminals>
			<t id="s2_1" word="Tweet_Significados_de_Estamento" lemma="Tweet_Significados_de_Estamento" pos="prop" morph="M S" extra="top * heur"/>
			<t id="s2_2" word=":" lemma="--" pos="pu" morph="--" extra="--"/>
		</terminals>

		<nonterminals>
			<nt id="s2_500" cat="s">
				<edge label="UTT" idref="s2_501"/>
			</nt>
			<nt id="s2_501" cat="x">
				<edge label="X" idref="s2_1"/>
				<edge label="PU" idref="s2_2"/>
			</nt>
		</nonterminals>
	</graph>
</s>

<s id="s3" ref="3" source="Running text" forest="1" text="105 sobe, 57 desce 1. Estamento Por daniel silveira(SP) em 25-02-2010 Constitui uma forma de estratificação social com camadas sociais mais fechadas do que as classes sociais, e mais abertas do que as castas(tipo de sociedades ainda presentes na Índia, em o qual o indivíduo desde o nascimento está obrigado a seguir um estilo de vida pré-determinado), reconhecidas por lei e geralmente ligadas ao conceito de honra.">
	<graph root="s3_500">
		<terminals>
			<t id="s3_1" word="105" lemma="105" pos="num" morph="M/F S" extra="card"/>
			<t id="s3_2" word="sobe" lemma="subir" pos="v-fin" morph="PR 3S IND VFIN" extra="cjt-head cjt-head-STA fmc mv"/>
			<t id="s3_3" word="," lemma="--" pos="pu" morph="--" extra="--"/>
			<t id="s3_4" word="57" lemma="57" pos="num" morph="M/F P" extra="card"/>
			<t id="s3_5" word="desce" lemma="descer" pos="v-fin" morph="PR 3S IND VFIN" extra="cjt-STA fmc mv"/>
			<t id="s3_6" word="1." lemma="1." pos="adj" morph="M/F S" extra="NUM-ord"/>
			<t id="s3_7" word="Estamento_Por" lemma="Estamento_Por" pos="prop" morph="M S" extra="top * heur"/>
			<t id="s3_8" word="daniel" lemma="daniel" pos="n" morph="F S" extra="heur"/>
			<t id="s3_9" word="silveira" lemma="silveiro" pos="adj" morph="F S" extra="DERS np-close"/>
			<t id="s3_10" word="(" lemma="--" pos="pu" morph="--" extra="--"/>
			<t id="s3_11" word="SP" lemma="SP" pos="prop" morph="M S" extra="civ * np-close"/>
			<t id="s3_12" word=")" lemma="--" pos="pu" morph="--" extra="--"/>
			<t id="s3_13" word="em" lemma="em" pos="prp" morph="--" extra="--"/>
			<t id="s3_14" word="25-02-2010" lemma="25-02-2010" pos="num" morph="M/F S" extra="card"/>
			<t id="s3_15" word="Constitui" lemma="constituir" pos="v-fin" morph="PR 3S IND VFIN" extra="nosubj cjt-STA * fmc mv"/>
			<t id="s3_16" word="uma" lemma="um" pos="art" morph="F S" extra="--"/>
			<t id="s3_17" word="forma" lemma="forma" pos="n" morph="F S" sem="percep-f con" extra="--"/>
			<t id="s3_18" word="de" lemma="de" pos="prp" morph="--" extra="np-close"/>
			<t id="s3_19" word="estratificação" lemma="estratificação" pos="n" morph="F S" sem="event" extra="--"/>
			<t id="s3_20" word="social" lemma="social" pos="adj" morph="F S" extra="np-close"/>
			<t id="s3_21" word="com" lemma="com" pos="prp" morph="--" extra="np-long"/>
			<t id="s3_22" word="camadas" lemma="camada" pos="n" morph="F P" sem="Labs HH" extra="--"/>
			<t id="s3_23" word="sociais" lemma="social" pos="adj" morph="F P" extra="jh np-close"/>
			<t id="s3_24" word="mais" lemma="mais" pos="adv" morph="--" extra="quant KOMP"/>
			<t id="s3_25" word="fechadas" lemma="fechar" pos="v-pcp" morph="F P" extra="jh np-close"/>
			<t id="s3_26" word="do_que" lemma="do_que" pos="conj-s" morph="--" extra="com"/>
			<t id="s3_27" word="as" lemma="o" pos="art" morph="F P" extra="--"/>
			<t id="s3_28" word="classes" lemma="classe" pos="n" morph="F P" sem="HH" extra="--"/>
			<t id="s3_29" word="sociais" lemma="social" pos="adj" morph="F P" extra="jh np-close"/>
			<t id="s3_30" word="," lemma="--" pos="pu" morph="--" extra="--"/>
			<t id="s3_31" word="e" lemma="e" pos="conj-c" morph="--" extra="--"/>
			<t id="s3_32" word="mais" lemma="mais" pos="adv" morph="--" extra="quant KOMP"/>
			<t id="s3_33" word="abertas" lemma="abrir" pos="v-pcp" morph="F P" extra="vH np-close"/>
			<t id="s3_34" word="do_que" lemma="do_que" pos="conj-s" morph="--" extra="com"/>
			<t id="s3_35" word="as" lemma="o" pos="art" morph="F P" extra="--"/>
			<t id="s3_36" word="castas" lemma="casta" pos="n" morph="F P" sem="ac HH" extra="--"/>
			<t id="s3_37" word="(" lemma="--" pos="pu" morph="--" extra="--"/>
			<t id="s3_38" word="tipo" lemma="tipo" pos="n" morph="M S" sem="meta H ac-sign" extra="np-close"/>
			<t id="s3_39" word="de" lemma="de" pos="prp" morph="--" extra="np-close"/>
			<t id="s3_40" word="sociedades" lemma="sociedade" pos="n" morph="F P" sem="HH" extra="--"/>
			<t id="s3_41" word="ainda" lemma="ainda" pos="adv" morph="--" extra="--"/>
			<t id="s3_42" word="presentes" lemma="presente" pos="adj" morph="M/F P" extra="jh np-close"/>
			<t id="s3_43" word="em" lemma="em" pos="prp" morph="--" extra="sam-"/>
			<t id="s3_44" word="a" lemma="o" pos="art" morph="F S" extra="-sam "/>
			<t id="s3_45" word="Índia" lemma="Índia" pos="prop" morph="F S" extra="civ *"/>
			<t id="s3_46" word="," lemma="--" pos="pu" morph="--" extra="--"/>
			<t id="s3_47" word="em" lemma="em" pos="prp" morph="--" extra="sam-"/>
			<t id="s3_48" word="o_qual" lemma="o_qual" pos="spec" morph="M S" extra="clb-fs rel -sam"/>
			<t id="s3_49" word="o" lemma="o" pos="art" morph="M S" extra="--"/>
			<t id="s3_50" word="indivíduo" lemma="indivíduo" pos="n" morph="M S" sem="H" extra="--"/>
			<t id="s3_51" word="desde" lemma="desde" pos="prp" morph="--" extra="np-close"/>
			<t id="s3_52" word="o" lemma="o" pos="art" morph="M S" extra="--"/>
			<t id="s3_53" word="nascimento" lemma="nascimento" pos="n" morph="M S" sem="event" extra="--"/>
			<t id="s3_54" word="está" lemma="estar" pos="v-fin" morph="PR 3S IND VFIN" extra="vK mv np-close"/>
			<t id="s3_55" word="obrigado" lemma="obrigar" pos="v-pcp" morph="M S" extra="jh mv"/>
			<t id="s3_56" word="a" lemma="a" pos="prp" morph="--" extra="--"/>
			<t id="s3_57" word="seguir" lemma="seguir" pos="v-inf" morph="--" extra="mv"/>
			<t id="s3_58" word="um" lemma="um" pos="art" morph="M S" extra="--"/>
			<t id="s3_59" word="estilo" lemma="estilo" pos="n" morph="M S" sem="ac-cat tool anbo" extra="--"/>
			<t id="s3_60" word="de" lemma="de" pos="prp" morph="--" extra="np-close"/>
			<t id="s3_61" word="vida" lemma="vida" pos="n" morph="F S" sem="per" extra="--"/>
			<t id="s3_62" word="pré-determinado" lemma="pré-determinado" pos="adj" morph="M S" extra="np-long"/>
			<t id="s3_63" word=")" lemma="--" pos="pu" morph="--" extra="--"/>
			<t id="s3_64" word="," lemma="--" pos="pu" morph="--" extra="--"/>
			<t id="s3_65" word="reconhecidas" lemma="reconhecer" pos="v-pcp" morph="F P" extra="vH mv"/>
			<t id="s3_66" word="por" lemma="por" pos="prp" morph="--" extra="--"/>
			<t id="s3_67" word="lei" lemma="lei" pos="n" morph="F S" sem="conv percep-f" extra="--"/>
			<t id="s3_68" word="e" lemma="e" pos="conj-c" morph="--" extra="--"/>
			<t id="s3_69" word="geralmente" lemma="geralmente" pos="adv" morph="--" extra="--"/>
			<t id="s3_70" word="ligadas" lemma="ligar" pos="v-pcp" morph="F P" extra="mv np-close"/>
			<t id="s3_71" word="a" lemma="a" pos="prp" morph="--" extra="sam-"/>
			<t id="s3_72" word="o" lemma="o" pos="art" morph="M S" extra="-sam "/>
			<t id="s3_73" word="conceito" lemma="conceito" pos="n" morph="M S" sem="ac sem-c" extra="--"/>
			<t id="s3_74" word="de" lemma="de" pos="prp" morph="--" extra="np-close"/>
			<t id="s3_75" word="honra" lemma="honra" pos="n" morph="F S" sem="f-psych" extra="--"/>
			<t id="s3_76" word="." lemma="--" pos="pu" morph="--" extra="--"/>
		</terminals>

		<nonterminals>
			<nt id="s3_500" cat="s">
				<edge label="STA" idref="s3_501"/>
			</nt>
			<nt id="s3_501" cat="par">
				<edge label="CJT" idref="s3_502"/>
				<edge label="PU" idref="s3_3"/>
				<edge label="CJT" idref="s3_503"/>
				<edge label="CJT" idref="s3_506"/>
				<edge label="DN" idref="s3_537"/>
				<edge label="DA" idref="s3_69"/>
				<edge label="Op" idref="s3_538"/>
				<edge label="DP" idref="s3_539"/>
				<edge label="DN" idref="s3_72"/>
				<edge label="DN" idref="s3_540"/>
				<edge label="DP" idref="s3_75"/>
				<edge label="PU" idref="s3_76"/>
			</nt>
			<nt id="s3_502" cat="fcl">
				<edge label="S" idref="s3_1"/>
				<edge label="P" idref="s3_2"/>
			</nt>
			<nt id="s3_503" cat="fcl">
				<edge label="Od" idref="s3_4"/>
				<edge label="P" idref="s3_5"/>
				<edge label="fCs" idref="s3_6"/>
				<edge label="S" idref="s3_7"/>
				<edge label="Od" idref="s3_504"/>
				<edge label="fA" idref="s3_505"/>
			</nt>
			<nt id="s3_504" cat="np">
				<edge label="H" idref="s3_8"/>
				<edge label="DN" idref="s3_9"/>
				<edge label="PU" idref="s3_10"/>
				<edge label="DNapp" idref="s3_11"/>
				<edge label="PU" idref="s3_12"/>
			</nt>
			<nt id="s3_505" cat="pp">
				<edge label="H" idref="s3_13"/>
				<edge label="DP" idref="s3_14"/>
			</nt>
			<nt id="s3_506" cat="x">
				<edge label="P" idref="s3_15"/>
				<edge label="Od" idref="s3_507"/>
			</nt>
			<nt id="s3_507" cat="np">
				<edge label="DN" idref="s3_16"/>
				<edge label="H" idref="s3_17"/>
				<edge label="DN" idref="s3_508"/>
			</nt>
			<nt id="s3_508" cat="pp">
				<edge label="H" idref="s3_18"/>
				<edge label="DP" idref="s3_509"/>
			</nt>
			<nt id="s3_509" cat="np">
				<edge label="H" idref="s3_19"/>
				<edge label="DN" idref="s3_20"/>
				<edge label="DN" idref="s3_510"/>
			</nt>
			<nt id="s3_510" cat="pp">
				<edge label="H" idref="s3_21"/>
				<edge label="DP" idref="s3_511"/>
			</nt>
			<nt id="s3_511" cat="np">
				<edge label="H" idref="s3_22"/>
				<edge label="DN" idref="s3_23"/>
				<edge label="DN" idref="s3_512"/>
			</nt>
			<nt id="s3_512" cat="adjp">
				<edge label="DA" idref="s3_24"/>
				<edge label="H" idref="s3_25"/>
				<edge label="DAcom" idref="s3_513"/>
			</nt>
			<nt id="s3_513" cat="acl">
				<edge label="H" idref="s3_26"/>
				<edge label="X" idref="s3_514"/>
			</nt>
			<nt id="s3_514" cat="np">
				<edge label="DN" idref="s3_27"/>
				<edge label="H" idref="s3_28"/>
				<edge label="DN" idref="s3_29"/>
				<edge label="PU" idref="s3_30"/>
				<edge label="DN" idref="s3_515"/>
			</nt>
			<nt id="s3_515" cat="adjp">
				<edge label="CO" idref="s3_31"/>
				<edge label="DA" idref="s3_32"/>
				<edge label="H" idref="s3_33"/>
				<edge label="DAcom" idref="s3_516"/>
			</nt>
			<nt id="s3_516" cat="acl">
				<edge label="H" idref="s3_34"/>
				<edge label="X" idref="s3_517"/>
			</nt>
			<nt id="s3_517" cat="np">
				<edge label="DN" idref="s3_35"/>
				<edge label="H" idref="s3_36"/>
				<edge label="PU" idref="s3_37"/>
				<edge label="DNc" idref="s3_518"/>
				<edge label="PU" idref="s3_63"/>
			</nt>
			<nt id="s3_518" cat="np">
				<edge label="H" idref="s3_38"/>
				<edge label="DN" idref="s3_519"/>
			</nt>
			<nt id="s3_519" cat="pp">
				<edge label="H" idref="s3_39"/>
				<edge label="DP" idref="s3_520"/>
			</nt>
			<nt id="s3_520" cat="np">
				<edge label="H" idref="s3_40"/>
				<edge label="DN" idref="s3_521"/>
			</nt>
			<nt id="s3_521" cat="adjp">
				<edge label="DA" idref="s3_41"/>
				<edge label="H" idref="s3_42"/>
				<edge label="DA" idref="s3_522"/>
			</nt>
			<nt id="s3_522" cat="pp">
				<edge label="H" idref="s3_43"/>
				<edge label="DP" idref="s3_523"/>
			</nt>
			<nt id="s3_523" cat="np">
				<edge label="DN" idref="s3_44"/>
				<edge label="H" idref="s3_45"/>
				<edge label="PU" idref="s3_46"/>
				<edge label="DN" idref="s3_524"/>
			</nt>
			<nt id="s3_524" cat="fcl">
				<edge label="As" idref="s3_525"/>
				<edge label="S" idref="s3_526"/>
				<edge label="P" idref="s3_54"/>
				<edge label="Cs" idref="s3_529"/>
			</nt>
			<nt id="s3_525" cat="pp">
				<edge label="H" idref="s3_47"/>
				<edge label="DP" idref="s3_48"/>
			</nt>
			<nt id="s3_526" cat="np">
				<edge label="DN" idref="s3_49"/>
				<edge label="H" idref="s3_50"/>
				<edge label="DN" idref="s3_527"/>
			</nt>
			<nt id="s3_527" cat="pp">
				<edge label="H" idref="s3_51"/>
				<edge label="DP" idref="s3_528"/>
			</nt>
			<nt id="s3_528" cat="np">
				<edge label="DN" idref="s3_52"/>
				<edge label="H" idref="s3_53"/>
			</nt>
			<nt id="s3_529" cat="icl">
				<edge label="P" idref="s3_55"/>
				<edge label="Op" idref="s3_530"/>
			</nt>
			<nt id="s3_530" cat="pp">
				<edge label="H" idref="s3_56"/>
				<edge label="DP" idref="s3_531"/>
			</nt>
			<nt id="s3_531" cat="icl">
				<edge label="P" idref="s3_57"/>
				<edge label="Od" idref="s3_532"/>
			</nt>
			<nt id="s3_532" cat="np">
				<edge label="DN" idref="s3_58"/>
				<edge label="H" idref="s3_59"/>
				<edge label="DN" idref="s3_533"/>
				<edge label="DN" idref="s3_62"/>
			</nt>
			<nt id="s3_533" cat="pp">
				<edge label="H" idref="s3_60"/>
				<edge label="DP" idref="s3_534"/>
			</nt>
			<nt id="s3_534" cat="np">
				<edge label="H" idref="s3_61"/>
				<edge label="PU" idref="s3_64"/>
				<edge label="DNc" idref="s3_535"/>
			</nt>
			<nt id="s3_535" cat="icl">
				<edge label="P" idref="s3_65"/>
				<edge label="fApass" idref="s3_536"/>
			</nt>
			<nt id="s3_536" cat="pp">
				<edge label="H" idref="s3_66"/>
				<edge label="DP" idref="s3_67"/>
			</nt>
			<nt id="s3_537" cat="icl">
			</nt>
			<nt id="s3_538" cat="pp">
				<edge label="H" idref="s3_71"/>
			</nt>
			<nt id="s3_539" cat="np">
			</nt>
			<nt id="s3_540" cat="pp">
				<edge label="H" idref="s3_74"/>
			</nt>
		</nonterminals>
	</graph>
</s>

<s id="s4" ref="4" source="Running text" forest="1" text="Historicamente, os estamentos caracterizaram a sociedade feudal durante a Idade Média. Cada estamento da sociedade feudal obedece a um tipo de lei específica e conceitos de honra.">
	<graph root="s4_500">
		<terminals>
			<t id="s4_1" word="Historicamente" lemma="histórico" pos="adv" morph="--" extra="*"/>
			<t id="s4_2" word="," lemma="--" pos="pu" morph="--" extra="--"/>
			<t id="s4_3" word="os" lemma="o" pos="art" morph="M P" extra="--"/>
			<t id="s4_4" word="estamentos" lemma="estamento" pos="n" morph="M P" extra="DERS"/>
			<t id="s4_5" word="caracterizaram" lemma="caracterizar" pos="v-fin" morph="PS/MQP 3P IND VFIN" extra="vH fmc mv"/>
			<t id="s4_6" word="a" lemma="o" pos="art" morph="F S" extra="--"/>
			<t id="s4_7" word="sociedade" lemma="sociedade" pos="n" morph="F S" sem="HH" extra="--"/>
			<t id="s4_8" word="feudal" lemma="feudal" pos="adj" morph="F S" extra="nh np-close"/>
			<t id="s4_9" word="durante" lemma="durante" pos="prp" morph="--" extra="--"/>
			<t id="s4_10" word="a" lemma="o" pos="art" morph="F S" extra="--"/>
			<t id="s4_11" word="Idade_Média" lemma="Idade_Média" pos="prop" morph="F S" extra="org *"/>
			<t id="s4_12" word="." lemma="--" pos="pu" morph="--" extra="--"/>
			<t id="s4_13" word="Cada" lemma="cada" pos="pron-indef" morph="DET M S" extra="* quant"/>
			<t id="s4_14" word="estamento" lemma="estamento" pos="n" morph="M S" extra="DERS"/>
			<t id="s4_15" word="de" lemma="de" pos="prp" morph="--" extra="sam-"/>
			<t id="s4_16" word="a" lemma="o" pos="art" morph="F S" extra="-sam "/>
			<t id="s4_17" word="sociedade" lemma="sociedade" pos="n" morph="F S" sem="HH" extra="--"/>
			<t id="s4_18" word="feudal" lemma="feudal" pos="adj" morph="F S" extra="nh np-close"/>
			<t id="s4_19" word="obedece" lemma="obedecer" pos="v-fin" morph="PR 3S IND VFIN" extra="vH fmc mv"/>
			<t id="s4_20" word="a" lemma="a" pos="prp" morph="--" extra="--"/>
			<t id="s4_21" word="um" lemma="um" pos="art" morph="M S" extra="--"/>
			<t id="s4_22" word="tipo" lemma="tipo" pos="n" morph="M S" sem="meta H ac-sign" extra="cjt-head cjt-head-DP"/>
			<t id="s4_23" word="de_lei" lemma="de_lei" pos="adj" morph="--" sem="pp" extra="--"/>
			<t id="s4_24" word="específica" lemma="específico" pos="adj" morph="F S" extra="jh"/>
			<t id="s4_25" word="e" lemma="e" pos="conj-c" morph="--" extra="--"/>
			<t id="s4_26" word="conceitos" lemma="conceito" pos="n" morph="M P" sem="ac sem-c" extra="cjt-DP"/>
			<t id="s4_27" word="de" lemma="de" pos="prp" morph="--" extra="np-close"/>
			<t id="s4_28" word="honra" lemma="honra" pos="n" morph="F S" sem="f-psych" extra="--"/>
			<t id="s4_29" word="." lemma="--" pos="pu" morph="--" extra="--"/>
		</terminals>

		<nonterminals>
			<nt id="s4_500" cat="s">
				<edge label="STA" idref="s4_501"/>
			</nt>
			<nt id="s4_501" cat="fcl">
				<edge label="fA" idref="s4_1"/>
				<edge label="PU" idref="s4_2"/>
				<edge label="S" idref="s4_502"/>
				<edge label="P" idref="s4_5"/>
				<edge label="Od" idref="s4_503"/>
				<edge label="fA" idref="s4_504"/>
				<edge label="fA" idref="s4_508"/>
				<edge label="PU" idref="s4_29"/>
			</nt>
			<nt id="s4_502" cat="np">
				<edge label="DN" idref="s4_3"/>
				<edge label="H" idref="s4_4"/>
			</nt>
			<nt id="s4_503" cat="np">
				<edge label="DN" idref="s4_6"/>
				<edge label="H" idref="s4_7"/>
				<edge label="DN" idref="s4_8"/>
			</nt>
			<nt id="s4_504" cat="pp">
				<edge label="H" idref="s4_9"/>
				<edge label="DP" idref="s4_505"/>
				<edge label="PU" idref="s4_12"/>
				<edge label="STA" idref="s4_506"/>
			</nt>
			<nt id="s4_505" cat="np">
				<edge label="DN" idref="s4_10"/>
				<edge label="H" idref="s4_11"/>
			</nt>
			<nt id="s4_506" cat="fcl">
				<edge label="S" idref="s4_507"/>
			</nt>
			<nt id="s4_507" cat="np">
				<edge label="DN" idref="s4_13"/>
				<edge label="H" idref="s4_14"/>
			</nt>
			<nt id="s4_508" cat="pp">
				<edge label="H" idref="s4_15"/>
				<edge label="DP" idref="s4_509"/>
				<edge label="fCs" idref="s4_24"/>
			</nt>
			<nt id="s4_509" cat="np">
				<edge label="DN" idref="s4_16"/>
				<edge label="H" idref="s4_17"/>
				<edge label="DN" idref="s4_18"/>
				<edge label="P" idref="s4_19"/>
				<edge label="Op" idref="s4_510"/>
				<edge label="CO" idref="s4_25"/>
			</nt>
			<nt id="s4_510" cat="pp">
				<edge label="H" idref="s4_20"/>
				<edge label="DP" idref="s4_511"/>
			</nt>
			<nt id="s4_511" cat="par">
				<edge label="CJT" idref="s4_512"/>
				<edge label="CJT" idref="s4_513"/>
			</nt>
			<nt id="s4_512" cat="np">
				<edge label="DN" idref="s4_21"/>
				<edge label="H" idref="s4_22"/>
				<edge label="DN" idref="s4_23"/>
			</nt>
			<nt id="s4_513" cat="np">
				<edge label="H" idref="s4_26"/>
				<edge label="DN" idref="s4_514"/>
			</nt>
			<nt id="s4_514" cat="pp">
				<edge label="H" idref="s4_27"/>
				<edge label="DP" idref="s4_28"/>
			</nt>
		</nonterminals>
	</graph>
</s>

<lixo (fonte:http //pt.wikipedia.org/wiki/Esta>
<lixo mento)>
<s id="s5" ref="5" source="Running text" forest="1" text="Compartilhar enviar nova definição enviar nova imagem denunciar abuso Sinônimos:">
	<graph root="s5_500">
		<terminals>
			<t id="s5_1" word="Compartilhar" lemma="compartilhar" pos="v-inf" morph="--" extra="* vH mv"/>
			<t id="s5_2" word="enviar" lemma="enviar" pos="v-inf" morph="--" extra="vH mv"/>
			<t id="s5_3" word="nova" lemma="novo" pos="adj" morph="F S" extra="jh"/>
			<t id="s5_4" word="definição" lemma="definição" pos="n" morph="F S" sem="sem-c" extra="--"/>
			<t id="s5_5" word="enviar" lemma="enviar" pos="v-inf" morph="--" extra="vH mv"/>
			<t id="s5_6" word="nova" lemma="novo" pos="adj" morph="F S" extra="jh"/>
			<t id="s5_7" word="imagem" lemma="imagem" pos="n" morph="F S" sem="pict sem-c ac-cat" extra="--"/>
			<t id="s5_8" word="denunciar" lemma="denunciar" pos="v-inf" morph="--" extra="vH mv"/>
			<t id="s5_9" word="abuso" lemma="abuso" pos="n" morph="M S" sem="activity" extra="--"/>
			<t id="s5_10" word="Sinônimos" lemma="Sinônimos" pos="prop" morph="M S" extra="hum * np-close"/>
			<t id="s5_11" word=":" lemma="--" pos="pu" morph="--" extra="--"/>
		</terminals>

		<nonterminals>
			<nt id="s5_500" cat="s">
				<edge label="UTT" idref="s5_501"/>
			</nt>
			<nt id="s5_501" cat="icl">
				<edge label="P" idref="s5_1"/>
				<edge label="Od" idref="s5_502"/>
				<edge label="PU" idref="s5_11"/>
			</nt>
			<nt id="s5_502" cat="icl">
				<edge label="P" idref="s5_2"/>
				<edge label="Od" idref="s5_503"/>
				<edge label="UTT" idref="s5_504"/>
				<edge label="UTT" idref="s5_506"/>
			</nt>
			<nt id="s5_503" cat="np">
				<edge label="DN" idref="s5_3"/>
				<edge label="H" idref="s5_4"/>
			</nt>
			<nt id="s5_504" cat="icl">
				<edge label="P" idref="s5_5"/>
				<edge label="Od" idref="s5_505"/>
			</nt>
			<nt id="s5_505" cat="np">
				<edge label="DN" idref="s5_6"/>
				<edge label="H" idref="s5_7"/>
			</nt>
			<nt id="s5_506" cat="icl">
				<edge label="P" idref="s5_8"/>
				<edge label="Od" idref="s5_507"/>
			</nt>
			<nt id="s5_507" cat="np">
				<edge label="H" idref="s5_9"/>
				<edge label="DN" idref="s5_10"/>
			</nt>
		</nonterminals>
	</graph>
</s>

<s id="s6" ref="6" source="Running text" forest="1" text="estratificação mais...">
	<graph root="s6_500">
		<terminals>
			<t id="s6_1" word="estratificação" lemma="estratificação" pos="n" morph="F S" sem="event" extra="--"/>
			<t id="s6_2" word="mais" lemma="mais" pos="adv" morph="--" extra="--"/>
			<t id="s6_3" word="." lemma="--" pos="pu" morph="--" extra="--"/>
		</terminals>

		<nonterminals>
			<nt id="s6_500" cat="s">
				<edge label="X" idref="s6_501"/>
			</nt>
			<nt id="s6_501" cat="np">
				<edge label="H" idref="s6_1"/>
				<edge label="fA" idref="s6_2"/>
				<edge label="PU" idref="s6_3"/>
			</nt>
		</nonterminals>
	</graph>
</s>

<s id="s7" ref="7" source="Running text" forest="1" text="Relacionadas:">
	<graph root="s7_500">
		<terminals>
			<t id="s7_1" word="Relacionadas" lemma="relacionado" pos="adj" morph="F P" extra="* nh"/>
			<t id="s7_2" word=":" lemma="--" pos="pu" morph="--" extra="--"/>
		</terminals>

		<nonterminals>
			<nt id="s7_500" cat="s">
				<edge label="UTT" idref="s7_501"/>
			</nt>
			<nt id="s7_501" cat="x">
				<edge label="X" idref="s7_1"/>
				<edge label="PU" idref="s7_2"/>
			</nt>
		</nonterminals>
	</graph>
</s>

<s id="s8" ref="8" source="Running text" forest="1" text="classes sociais mais...">
	<graph root="s8_500">
		<terminals>
			<t id="s8_1" word="classes" lemma="classe" pos="n" morph="F P" sem="HH" extra="--"/>
			<t id="s8_2" word="sociais" lemma="social" pos="adj" morph="F P" extra="jh np-close"/>
			<t id="s8_3" word="mais" lemma="mais" pos="adv" morph="--" extra="quant KOMP"/>
			<t id="s8_4" word="." lemma="--" pos="pu" morph="--" extra="--"/>
		</terminals>

		<nonterminals>
			<nt id="s8_500" cat="s">
				<edge label="X" idref="s8_501"/>
			</nt>
			<nt id="s8_501" cat="np">
				<edge label="H" idref="s8_1"/>
				<edge label="DN" idref="s8_2"/>
				<edge label="fA" idref="s8_3"/>
				<edge label="PU" idref="s8_4"/>
			</nt>
		</nonterminals>
	</graph>
</s>

<s id="s9" ref="9" source="Running text" forest="1" text="Outras Informações:Palavras com 9 letras A palavra possui 4 vogais -- e a e o A palavra possui 5 consoantes -- st m nt 1 página -- 1 Definição 68 crocodilo-da-américa wildiano afogar o ganso taj mahal.">
	<graph root="s9_500">
		<terminals>
			<t id="s9_1" word="Outras_Informações" lemma="Outras_Informações" pos="prop" morph="M/F S" extra="hum * heur"/>
			<t id="s9_2" word=":Palavras" lemma=":Palavras" pos="n" morph="M S" extra="--"/>
			<t id="s9_3" word="com" lemma="com" pos="prp" morph="--" extra="np-close"/>
			<t id="s9_4" word="9" lemma="9" pos="num" morph="F P" extra="card"/>
			<t id="s9_5" word="letras" lemma="letra" pos="n" morph="F P" sem="ac-sign sem-r domain" extra="--"/>
			<t id="s9_6" word="A" lemma="o" pos="art" morph="F S" extra="* "/>
			<t id="s9_7" word="palavra" lemma="palavra" pos="n" morph="F S" sem="ac-cat act-s" extra="--"/>
			<t id="s9_8" word="possui" lemma="possuir" pos="v-fin" morph="PR 3S IND VFIN" extra="cjt-head cjt-head-STA vH fmc mv"/>
			<t id="s9_9" word="4" lemma="4" pos="num" morph="M P" extra="card"/>
			<t id="s9_10" word="vogais" lemma="vogal" pos="n" morph="M P" sem="ac-cat H" extra="cjt-head cjt-head-Od"/>
			<t id="s9_11" word="--" lemma="--" pos="pu" morph="--" extra="--"/>
			<t id="s9_12" word="e" lemma="e" pos="conj-c" morph="--" extra="--"/>
			<t id="s9_13" word="a" lemma="a" pos="prp" morph="--" extra="--"/>
			<t id="s9_14" word="e" lemma="e" pos="conj-c" morph="--" extra="--"/>
			<t id="s9_15" word="o" lemma="o" pos="art" morph="M S" extra="--"/>
			<t id="s9_16" word="A" lemma="o" pos="art" morph="F S" extra="* "/>
			<t id="s9_17" word="palavra" lemma="palavra" pos="n" morph="F S" sem="ac-cat act-s" extra="--"/>
			<t id="s9_18" word="possui" lemma="possuir" pos="v-fin" morph="PR 3S IND VFIN" extra="cjt-STA vH fmc mv"/>
			<t id="s9_19" word="5" lemma="5" pos="num" morph="F P" extra="card"/>
			<t id="s9_20" word="consoantes" lemma="consoante" pos="n" morph="F P" sem="ac-cat" extra="cjt-Od"/>
			<t id="s9_21" word="--" lemma="--" pos="pu" morph="--" extra="--"/>
			<t id="s9_22" word="st" lemma="st" pos="n" morph="M/F S" extra="cjt-head cjt-head-S foreign"/>
			<t id="s9_23" word="m" lemma="m" pos="n" morph="M S" sem="unit ac-sign" extra="cjt-S"/>
			<t id="s9_24" word="nt" lemma="nt" pos="n" morph="M/F S" extra="cjt-S foreign"/>
			<t id="s9_25" word="1" lemma="1" pos="num" morph="F S" extra="card"/>
			<t id="s9_26" word="página" lemma="página" pos="n" morph="F S" sem="cc-r" extra="cjt-S"/>
			<t id="s9_27" word="--" lemma="--" pos="pu" morph="--" extra="--"/>
			<t id="s9_28" word="1" lemma="1" pos="num" morph="F S" extra="card"/>
			<t id="s9_29" word="Definição" lemma="definição" pos="n" morph="F S" sem="sem-c" extra="prop *"/>
			<t id="s9_30" word="68" lemma="68" pos="num" morph="M P" extra="card"/>
			<t id="s9_31" word="crocodilo-da-américa" lemma="crocodilo-da-américa" pos="n" morph="M P" sem="Azo Aich" extra="--"/>
			<t id="s9_32" word="wildiano" lemma="wildiano" pos="adj" morph="M S" extra="DERS foreign np-close"/>
			<t id="s9_33" word="afogar" lemma="afogar" pos="v-inf" morph="3S" extra="mv"/>
			<t id="s9_34" word="o" lemma="o" pos="art" morph="M S" extra="--"/>
			<t id="s9_35" word="ganso" lemma="ganso" pos="n" morph="M S" sem="Aorn H" extra="cjt-head cjt-head-Od"/>
			<t id="s9_36" word="taj" lemma="taj" pos="n" morph="M S" extra="cjt-Od heur"/>
			<t id="s9_37" word="mahal" lemma="mahal" pos="adj" morph="M S" extra="np-close"/>
			<t id="s9_38" word="." lemma="--" pos="pu" morph="--" extra="--"/>
		</terminals>

		<nonterminals>
			<nt id="s9_500" cat="s">
				<edge label="STA" idref="s9_501"/>
			</nt>
			<nt id="s9_501" cat="par">
				<edge label="CJT" idref="s9_502"/>
				<edge label="CJT" idref="s9_509"/>
				<edge label="PU" idref="s9_38"/>
			</nt>
			<nt id="s9_502" cat="fcl">
				<edge label="S" idref="s9_1"/>
				<edge label="fCs" idref="s9_503"/>
				<edge label="S" idref="s9_506"/>
				<edge label="P" idref="s9_8"/>
				<edge label="Od" idref="s9_507"/>
			</nt>
			<nt id="s9_503" cat="np">
				<edge label="H" idref="s9_2"/>
				<edge label="DN" idref="s9_504"/>
			</nt>
			<nt id="s9_504" cat="pp">
				<edge label="H" idref="s9_3"/>
				<edge label="DP" idref="s9_505"/>
			</nt>
			<nt id="s9_505" cat="np">
				<edge label="DN" idref="s9_4"/>
				<edge label="H" idref="s9_5"/>
			</nt>
			<nt id="s9_506" cat="np">
				<edge label="DN" idref="s9_6"/>
				<edge label="H" idref="s9_7"/>
			</nt>
			<nt id="s9_507" cat="par">
				<edge label="CJT" idref="s9_508"/>
				<edge label="CO" idref="s9_12"/>
				<edge label="CO" idref="s9_14"/>
				<edge label="DP" idref="s9_510"/>
				<edge label="CJT" idref="s9_511"/>
			</nt>
			<nt id="s9_508" cat="np">
				<edge label="DN" idref="s9_9"/>
				<edge label="H" idref="s9_10"/>
				<edge label="PU" idref="s9_11"/>
			</nt>
			<nt id="s9_509" cat="fcl">
				<edge label="fA" idref="s9_13"/>
				<edge label="P" idref="s9_18"/>
				<edge label="S" idref="s9_512"/>
				<edge label="fCsta" idref="s9_514"/>
				<edge label="Od" idref="s9_515"/>
			</nt>
			<nt id="s9_510" cat="np">
				<edge label="DN" idref="s9_15"/>
				<edge label="DN" idref="s9_16"/>
				<edge label="H" idref="s9_17"/>
			</nt>
			<nt id="s9_511" cat="np">
				<edge label="DN" idref="s9_19"/>
				<edge label="H" idref="s9_20"/>
				<edge label="PU" idref="s9_21"/>
			</nt>
			<nt id="s9_512" cat="par">
				<edge label="CJT" idref="s9_22"/>
				<edge label="CJT" idref="s9_23"/>
				<edge label="CJT" idref="s9_24"/>
				<edge label="CJT" idref="s9_513"/>
			</nt>
			<nt id="s9_513" cat="np">
				<edge label="DN" idref="s9_25"/>
				<edge label="H" idref="s9_26"/>
				<edge label="PU" idref="s9_27"/>
			</nt>
			<nt id="s9_514" cat="np">
				<edge label="DN" idref="s9_28"/>
				<edge label="H" idref="s9_29"/>
			</nt>
			<nt id="s9_515" cat="fcl">
				<edge label="S" idref="s9_516"/>
				<edge label="P" idref="s9_33"/>
				<edge label="Od" idref="s9_517"/>
			</nt>
			<nt id="s9_516" cat="np">
				<edge label="DN" idref="s9_30"/>
				<edge label="H" idref="s9_31"/>
				<edge label="DN" idref="s9_32"/>
			</nt>
			<nt id="s9_517" cat="par">
				<edge label="CJT" idref="s9_518"/>
				<edge label="CJT" idref="s9_519"/>
			</nt>
			<nt id="s9_518" cat="np">
				<edge label="DN" idref="s9_34"/>
				<edge label="H" idref="s9_35"/>
			</nt>
			<nt id="s9_519" cat="np">
				<edge label="H" idref="s9_36"/>
				<edge label="DN" idref="s9_37"/>
			</nt>
		</nonterminals>
	</graph>
</s>

	</body>
</corpus>
