<?xml version="1.0" encoding="UTF-8"?>
<corpus>

	<body>
<s id="s1" ref="1" source="Running text" forest="1" text="Excludente 2 Definições encontradas.">
	<graph root="s1_500">
		<terminals>
			<t id="s1_1" word="Excludente" lemma="excludente" pos="adj" morph="M/F S" extra="cjt-head cjt-head-X * nh"/>
			<t id="s1_2" word="2" lemma="2" pos="num" morph="F P" extra="card"/>
			<t id="s1_3" word="Definições" lemma="definição" pos="n" morph="F P" sem="sem-c" extra="cjt-X prop *"/>
			<t id="s1_4" word="encontradas" lemma="encontrado" pos="adj" morph="F P" extra="nh np-close"/>
			<t id="s1_5" word="." lemma="--" pos="pu" morph="--" extra="--"/>
		</terminals>

		<nonterminals>
			<nt id="s1_500" cat="s">
				<edge label="X" idref="s1_501"/>
			</nt>
			<nt id="s1_501" cat="par">
				<edge label="CJT" idref="s1_1"/>
				<edge label="CJT" idref="s1_502"/>
				<edge label="PU" idref="s1_5"/>
			</nt>
			<nt id="s1_502" cat="np">
				<edge label="DN" idref="s1_2"/>
				<edge label="H" idref="s1_3"/>
				<edge label="DN" idref="s1_4"/>
			</nt>
		</nonterminals>
	</graph>
</s>

<s id="s2" ref="2" source="Running text" forest="1" text="Tweet Classificação morfossintática:">
	<graph root="s2_500">
		<terminals>
			<t id="s2_1" word="Tweet_Classificação" lemma="Tweet_Classificação" pos="prop" morph="M S" extra="common * heur"/>
			<t id="s2_2" word="morfossintática" lemma="morfossintático" pos="adj" morph="F S" extra="DERS jh np-close"/>
			<t id="s2_3" word=":" lemma="--" pos="pu" morph="--" extra="--"/>
		</terminals>

		<nonterminals>
			<nt id="s2_500" cat="s">
				<edge label="X" idref="s2_501"/>
			</nt>
			<nt id="s2_501" cat="np">
				<edge label="H" idref="s2_1"/>
				<edge label="DN" idref="s2_2"/>
				<edge label="PU" idref="s2_3"/>
			</nt>
		</nonterminals>
	</graph>
</s>

<s id="s3" ref="3" source="Running text" forest="1" text="Adjetivo, masculino singular Adjetivo, feminino singular Flexões da palavra Excludente Significados de Excludente:">
	<graph root="s3_500">
		<terminals>
			<t id="s3_1" word="Adjetivo" lemma="adjetivar" pos="v-fin" morph="PR 1S IND VFIN" extra="* vH fmc mv"/>
			<t id="s3_2" word="," lemma="--" pos="pu" morph="--" extra="--"/>
			<t id="s3_3" word="masculino" lemma="masculino" pos="n" morph="M S" sem="ac-cat" extra="--"/>
			<t id="s3_4" word="singular" lemma="singular" pos="adj" morph="M/F S" extra="jh"/>
			<t id="s3_5" word="Adjetivo" lemma="adjetivo" pos="n" morph="M S" sem="ac-cat" extra="prop *"/>
			<t id="s3_6" word="," lemma="--" pos="pu" morph="--" extra="--"/>
			<t id="s3_7" word="feminino" lemma="feminino" pos="n" morph="M S" sem="ac-cat" extra="cjt-head cjt-head-Od"/>
			<t id="s3_8" word="singular" lemma="singular" pos="adj" morph="M S" extra="np-close"/>
			<t id="s3_9" word="Flexões" lemma="flexão" pos="n" morph="F P" sem="act" extra="cjt-Od prop *"/>
			<t id="s3_10" word="de" lemma="de" pos="prp" morph="--" extra="sam- np-close"/>
			<t id="s3_11" word="a" lemma="o" pos="art" morph="F S" extra="-sam "/>
			<t id="s3_12" word="palavra" lemma="palavra" pos="n" morph="F S" sem="ac-cat act-s" extra="--"/>
			<t id="s3_13" word="Excludente_Significados_de_Excludente" lemma="Excludente_Significados_de_Excludente" pos="prop" morph="F S" extra="org * heur np-close"/>
			<t id="s3_14" word=":" lemma="--" pos="pu" morph="--" extra="--"/>
		</terminals>

		<nonterminals>
			<nt id="s3_500" cat="s">
				<edge label="STA" idref="s3_501"/>
			</nt>
			<nt id="s3_501" cat="fcl">
				<edge label="P" idref="s3_1"/>
				<edge label="PU" idref="s3_2"/>
				<edge label="fCs" idref="s3_3"/>
				<edge label="fCs" idref="s3_4"/>
				<edge label="fCs" idref="s3_5"/>
				<edge label="PU" idref="s3_6"/>
				<edge label="Od" idref="s3_502"/>
				<edge label="PU" idref="s3_14"/>
			</nt>
			<nt id="s3_502" cat="par">
				<edge label="CJT" idref="s3_503"/>
				<edge label="CJT" idref="s3_504"/>
			</nt>
			<nt id="s3_503" cat="np">
				<edge label="H" idref="s3_7"/>
				<edge label="DN" idref="s3_8"/>
			</nt>
			<nt id="s3_504" cat="np">
				<edge label="H" idref="s3_9"/>
				<edge label="DN" idref="s3_505"/>
			</nt>
			<nt id="s3_505" cat="pp">
				<edge label="H" idref="s3_10"/>
				<edge label="DP" idref="s3_506"/>
			</nt>
			<nt id="s3_506" cat="np">
				<edge label="DN" idref="s3_11"/>
				<edge label="H" idref="s3_12"/>
				<edge label="DN" idref="s3_13"/>
			</nt>
		</nonterminals>
	</graph>
</s>

<s id="s4" ref="4" source="Running text" forest="1" text="76 sobe, 122 desce 1. Excludente Por Aline Padilha(SP) em 25-05-2007 Que exclui.">
	<graph root="s4_500">
		<terminals>
			<t id="s4_1" word="76" lemma="76" pos="num" morph="M/F S" extra="card"/>
			<t id="s4_2" word="sobe" lemma="subir" pos="v-fin" morph="PR 3S IND VFIN" extra="cjt-head cjt-head-STA fmc mv"/>
			<t id="s4_3" word="," lemma="--" pos="pu" morph="--" extra="--"/>
			<t id="s4_4" word="122" lemma="122" pos="num" morph="M/F P" extra="card"/>
			<t id="s4_5" word="desce" lemma="descer" pos="v-fin" morph="PR 3S IND VFIN" extra="cjt-STA fmc mv"/>
			<t id="s4_6" word="1." lemma="1." pos="adj" morph="M/F S" extra="NUM-ord"/>
			<t id="s4_7" word="Excludente_Por_Aline_Padilha" lemma="Excludente_Por_Aline_Padilha" pos="prop" morph="M/F S" extra="hum * heur"/>
			<t id="s4_8" word="(" lemma="--" pos="pu" morph="--" extra="--"/>
			<t id="s4_9" word="SP" lemma="SP" pos="prop" morph="M S" extra="civ * np-close"/>
			<t id="s4_10" word=")" lemma="--" pos="pu" morph="--" extra="--"/>
			<t id="s4_11" word="em" lemma="em" pos="prp" morph="--" extra="--"/>
			<t id="s4_12" word="25-05-2007" lemma="25-05-2007" pos="num" morph="M/F S" extra="card"/>
			<t id="s4_13" word="Que" lemma="que" pos="spec" morph="M S" extra="clb clb-fs * rel"/>
			<t id="s4_14" word="exclui" lemma="excluir" pos="v-fin" morph="PR 3S IND VFIN" extra="vH mv np-close"/>
			<t id="s4_15" word="." lemma="--" pos="pu" morph="--" extra="--"/>
		</terminals>

		<nonterminals>
			<nt id="s4_500" cat="s">
				<edge label="STA" idref="s4_501"/>
			</nt>
			<nt id="s4_501" cat="par">
				<edge label="CJT" idref="s4_502"/>
				<edge label="PU" idref="s4_3"/>
				<edge label="CJT" idref="s4_503"/>
				<edge label="PU" idref="s4_15"/>
			</nt>
			<nt id="s4_502" cat="fcl">
				<edge label="S" idref="s4_1"/>
				<edge label="P" idref="s4_2"/>
			</nt>
			<nt id="s4_503" cat="fcl">
				<edge label="Od" idref="s4_4"/>
				<edge label="P" idref="s4_5"/>
				<edge label="fCs" idref="s4_6"/>
				<edge label="S" idref="s4_504"/>
				<edge label="fA" idref="s4_505"/>
			</nt>
			<nt id="s4_504" cat="np">
				<edge label="H" idref="s4_7"/>
				<edge label="PU" idref="s4_8"/>
				<edge label="DNc" idref="s4_9"/>
				<edge label="PU" idref="s4_10"/>
			</nt>
			<nt id="s4_505" cat="pp">
				<edge label="H" idref="s4_11"/>
				<edge label="DP" idref="s4_506"/>
			</nt>
			<nt id="s4_506" cat="np">
				<edge label="H" idref="s4_12"/>
				<edge label="DN" idref="s4_507"/>
			</nt>
			<nt id="s4_507" cat="fcl">
				<edge label="Od" idref="s4_13"/>
				<edge label="P" idref="s4_14"/>
			</nt>
		</nonterminals>
	</graph>
</s>

<s id="s5" ref="5" source="Running text" forest="1" text="Em constante atrito com a expansão de um sistema privado dirigido por a logica excludente de mercado, coerente com o modelo de desenvolvimento hegemonico no Brasil Compartilhar enviar nova definição enviar nova imagem denunciar abuso Sinônimos:">
	<graph root="s5_500">
		<terminals>
			<t id="s5_1" word="Em" lemma="em" pos="prp" morph="--" extra="*"/>
			<t id="s5_2" word="constante" lemma="constante" pos="adj" morph="M S" extra="nh"/>
			<t id="s5_3" word="atrito" lemma="atrito" pos="n" morph="M S" sem="process" extra="--"/>
			<t id="s5_4" word="com" lemma="com" pos="prp" morph="--" extra="np-close"/>
			<t id="s5_5" word="a" lemma="o" pos="art" morph="F S" extra="--"/>
			<t id="s5_6" word="expansão" lemma="expansão" pos="n" morph="F S" sem="process" extra="--"/>
			<t id="s5_7" word="de" lemma="de" pos="prp" morph="--" extra="np-close"/>
			<t id="s5_8" word="um" lemma="um" pos="art" morph="M S" extra="--"/>
			<t id="s5_9" word="sistema" lemma="sistema" pos="n" morph="M S" sem="ac" extra="--"/>
			<t id="s5_10" word="privado" lemma="privado" pos="adj" morph="M S" extra="np-close"/>
			<t id="s5_11" word="dirigido" lemma="dirigir" pos="v-pcp" morph="M S" extra="vH jh np-close"/>
			<t id="s5_12" word="por" lemma="por" pos="prp" morph="--" extra="sam-"/>
			<t id="s5_13" word="a" lemma="o" pos="art" morph="F S" extra="-sam "/>
			<t id="s5_14" word="logica" lemma="logico" pos="adj" morph="F S" extra="n DERS jh"/>
			<t id="s5_15" word="excludente" lemma="excludente" pos="adj" morph="M/F S" extra="nh np-close"/>
			<t id="s5_16" word="de" lemma="de" pos="prp" morph="--" extra="np-close"/>
			<t id="s5_17" word="mercado" lemma="mercado" pos="n" morph="M S" sem="inst" extra="cjt-head cjt-head-DP"/>
			<t id="s5_18" word="," lemma="--" pos="pu" morph="--" extra="--"/>
			<t id="s5_19" word="coerente" lemma="coerente" pos="adj" morph="M/F S" extra="cjt-DP nh"/>
			<t id="s5_20" word="com" lemma="com" pos="prp" morph="--" extra="--"/>
			<t id="s5_21" word="o" lemma="o" pos="art" morph="M S" extra="--"/>
			<t id="s5_22" word="modelo" lemma="modelo" pos="n" morph="M S" sem="ac Hprof" extra="--"/>
			<t id="s5_23" word="de" lemma="de" pos="prp" morph="--" extra="np-close"/>
			<t id="s5_24" word="desenvolvimento" lemma="desenvolvimento" pos="n" morph="M S" sem="process act" extra="--"/>
			<t id="s5_25" word="hegemonico" lemma="hegemonico" pos="adj" morph="M S" extra="DERS jh np-close"/>
			<t id="s5_26" word="em" lemma="em" pos="prp" morph="--" extra="sam- np-long"/>
			<t id="s5_27" word="o" lemma="o" pos="art" morph="M S" extra="clb -sam artd"/>
			<t id="s5_28" word="Brasil_Compartilhar" lemma="Brasil_Compartilhar" pos="prop" morph="M S" sem="inst" extra="* heur"/>
			<t id="s5_29" word="enviar" lemma="enviar" pos="v-inf" morph="3S" extra="vH mv"/>
			<t id="s5_30" word="nova" lemma="novo" pos="adj" morph="F S" extra="jh"/>
			<t id="s5_31" word="definição" lemma="definição" pos="n" morph="F S" sem="sem-c" extra="--"/>
			<t id="s5_32" word="enviar" lemma="enviar" pos="v-inf" morph="--" extra="vH mv"/>
			<t id="s5_33" word="nova" lemma="novo" pos="adj" morph="F S" extra="jh"/>
			<t id="s5_34" word="imagem" lemma="imagem" pos="n" morph="F S" sem="pict sem-c ac-cat" extra="--"/>
			<t id="s5_35" word="denunciar" lemma="denunciar" pos="v-inf" morph="--" extra="vH mv"/>
			<t id="s5_36" word="abuso" lemma="abuso" pos="n" morph="M S" sem="activity" extra="--"/>
			<t id="s5_37" word="Sinônimos" lemma="Sinônimos" pos="prop" morph="M S" extra="hum * np-close"/>
			<t id="s5_38" word=":" lemma="--" pos="pu" morph="--" extra="--"/>
		</terminals>

		<nonterminals>
			<nt id="s5_500" cat="s">
				<edge label="fA" idref="s5_501"/>
			</nt>
			<nt id="s5_501" cat="pp">
				<edge label="H" idref="s5_1"/>
				<edge label="DP" idref="s5_502"/>
				<edge label="PU" idref="s5_38"/>
			</nt>
			<nt id="s5_502" cat="np">
				<edge label="DN" idref="s5_2"/>
				<edge label="H" idref="s5_3"/>
				<edge label="DN" idref="s5_503"/>
			</nt>
			<nt id="s5_503" cat="pp">
				<edge label="H" idref="s5_4"/>
				<edge label="DP" idref="s5_504"/>
			</nt>
			<nt id="s5_504" cat="np">
				<edge label="DN" idref="s5_5"/>
				<edge label="H" idref="s5_6"/>
				<edge label="DN" idref="s5_505"/>
			</nt>
			<nt id="s5_505" cat="pp">
				<edge label="H" idref="s5_7"/>
				<edge label="DP" idref="s5_506"/>
				<edge label="fApass" idref="s5_507"/>
				<edge label="UTT" idref="s5_520"/>
				<edge label="UTT" idref="s5_522"/>
			</nt>
			<nt id="s5_506" cat="np">
				<edge label="DN" idref="s5_8"/>
				<edge label="H" idref="s5_9"/>
				<edge label="DN" idref="s5_10"/>
				<edge label="DNc" idref="s5_11"/>
			</nt>
			<nt id="s5_507" cat="pp">
				<edge label="H" idref="s5_12"/>
				<edge label="DP" idref="s5_508"/>
			</nt>
			<nt id="s5_508" cat="np">
				<edge label="DN" idref="s5_13"/>
				<edge label="H" idref="s5_14"/>
				<edge label="DN" idref="s5_15"/>
				<edge label="DN" idref="s5_509"/>
			</nt>
			<nt id="s5_509" cat="pp">
				<edge label="H" idref="s5_16"/>
				<edge label="DP" idref="s5_510"/>
			</nt>
			<nt id="s5_510" cat="par">
				<edge label="CJT" idref="s5_17"/>
				<edge label="PU" idref="s5_18"/>
				<edge label="CJT" idref="s5_511"/>
			</nt>
			<nt id="s5_511" cat="adjp">
				<edge label="H" idref="s5_19"/>
				<edge label="DA" idref="s5_512"/>
			</nt>
			<nt id="s5_512" cat="pp">
				<edge label="H" idref="s5_20"/>
				<edge label="DP" idref="s5_513"/>
			</nt>
			<nt id="s5_513" cat="np">
				<edge label="DN" idref="s5_21"/>
				<edge label="H" idref="s5_22"/>
				<edge label="DN" idref="s5_514"/>
			</nt>
			<nt id="s5_514" cat="pp">
				<edge label="H" idref="s5_23"/>
				<edge label="DP" idref="s5_515"/>
			</nt>
			<nt id="s5_515" cat="np">
				<edge label="H" idref="s5_24"/>
				<edge label="DN" idref="s5_25"/>
				<edge label="DN" idref="s5_516"/>
			</nt>
			<nt id="s5_516" cat="pp">
				<edge label="H" idref="s5_26"/>
				<edge label="DP" idref="s5_517"/>
			</nt>
			<nt id="s5_517" cat="fcl">
				<edge label="S" idref="s5_518"/>
				<edge label="P" idref="s5_29"/>
				<edge label="Od" idref="s5_519"/>
			</nt>
			<nt id="s5_518" cat="np">
				<edge label="DN" idref="s5_27"/>
				<edge label="H" idref="s5_28"/>
			</nt>
			<nt id="s5_519" cat="np">
				<edge label="DN" idref="s5_30"/>
				<edge label="H" idref="s5_31"/>
			</nt>
			<nt id="s5_520" cat="icl">
				<edge label="P" idref="s5_32"/>
				<edge label="Od" idref="s5_521"/>
			</nt>
			<nt id="s5_521" cat="np">
				<edge label="DN" idref="s5_33"/>
				<edge label="H" idref="s5_34"/>
			</nt>
			<nt id="s5_522" cat="icl">
				<edge label="P" idref="s5_35"/>
				<edge label="Od" idref="s5_523"/>
			</nt>
			<nt id="s5_523" cat="np">
				<edge label="H" idref="s5_36"/>
				<edge label="DN" idref="s5_37"/>
			</nt>
		</nonterminals>
	</graph>
</s>

<s id="s6" ref="6" source="Running text" forest="1" text="excluir mais...">
	<graph root="s6_500">
		<terminals>
			<t id="s6_1" word="excluir" lemma="excluir" pos="v-inf" morph="--" extra="vH mv"/>
			<t id="s6_2" word="mais" lemma="mais" pos="adv" morph="--" extra="--"/>
			<t id="s6_3" word="." lemma="--" pos="pu" morph="--" extra="--"/>
		</terminals>

		<nonterminals>
			<nt id="s6_500" cat="s">
				<edge label="UTT" idref="s6_501"/>
			</nt>
			<nt id="s6_501" cat="icl">
				<edge label="P" idref="s6_1"/>
				<edge label="fA" idref="s6_2"/>
				<edge label="PU" idref="s6_3"/>
			</nt>
		</nonterminals>
	</graph>
</s>

<s id="s7" ref="7" source="Running text" forest="1" text="Antônimos:">
	<graph root="s7_500">
		<terminals>
			<t id="s7_1" word="Antônimos" lemma="antônimo" pos="adj" morph="M P" extra="* nh"/>
			<t id="s7_2" word=":" lemma="--" pos="pu" morph="--" extra="--"/>
		</terminals>

		<nonterminals>
			<nt id="s7_500" cat="s">
				<edge label="UTT" idref="s7_501"/>
			</nt>
			<nt id="s7_501" cat="x">
				<edge label="X" idref="s7_1"/>
				<edge label="PU" idref="s7_2"/>
			</nt>
		</nonterminals>
	</graph>
</s>

<s id="s8" ref="8" source="Running text" forest="1" text="incluir mais...">
	<graph root="s8_500">
		<terminals>
			<t id="s8_1" word="incluir" lemma="incluir" pos="v-inf" morph="--" extra="mv"/>
			<t id="s8_2" word="mais" lemma="mais" pos="adv" morph="--" extra="--"/>
			<t id="s8_3" word="." lemma="--" pos="pu" morph="--" extra="--"/>
		</terminals>

		<nonterminals>
			<nt id="s8_500" cat="s">
				<edge label="UTT" idref="s8_501"/>
			</nt>
			<nt id="s8_501" cat="icl">
				<edge label="P" idref="s8_1"/>
				<edge label="fA" idref="s8_2"/>
				<edge label="PU" idref="s8_3"/>
			</nt>
		</nonterminals>
	</graph>
</s>

<s id="s9" ref="9" source="Running text" forest="1" text="Relacionadas:">
	<graph root="s9_500">
		<terminals>
			<t id="s9_1" word="Relacionadas" lemma="relacionado" pos="adj" morph="F P" extra="* nh"/>
			<t id="s9_2" word=":" lemma="--" pos="pu" morph="--" extra="--"/>
		</terminals>

		<nonterminals>
			<nt id="s9_500" cat="s">
				<edge label="UTT" idref="s9_501"/>
			</nt>
			<nt id="s9_501" cat="x">
				<edge label="X" idref="s9_1"/>
				<edge label="PU" idref="s9_2"/>
			</nt>
		</nonterminals>
	</graph>
</s>

<s id="s10" ref="10" source="Running text" forest="1" text="tirar mais...">
	<graph root="s10_500">
		<terminals>
			<t id="s10_1" word="tirar" lemma="tirar" pos="v-inf" morph="--" extra="vH mv"/>
			<t id="s10_2" word="mais" lemma="mais" pos="adv" morph="--" extra="--"/>
			<t id="s10_3" word="." lemma="--" pos="pu" morph="--" extra="--"/>
		</terminals>

		<nonterminals>
			<nt id="s10_500" cat="s">
				<edge label="UTT" idref="s10_501"/>
			</nt>
			<nt id="s10_501" cat="icl">
				<edge label="P" idref="s10_1"/>
				<edge label="fA" idref="s10_2"/>
				<edge label="PU" idref="s10_3"/>
			</nt>
		</nonterminals>
	</graph>
</s>

<s id="s11" ref="11" source="Running text" forest="1" text="Significados de excludente(Flexões):">
	<graph root="s11_500">
		<terminals>
			<t id="s11_1" word="Significados" lemma="significado" pos="n" morph="M P" sem="sem-c" extra="cjt-head cjt-head-X *"/>
			<t id="s11_2" word="de" lemma="de" pos="prp" morph="--" extra="np-close"/>
			<t id="s11_3" word="excludente" lemma="excludente" pos="adj" morph="M/F S" extra="nh"/>
			<t id="s11_4" word="(" lemma="--" pos="pu" morph="--" extra="--"/>
			<t id="s11_5" word="Flexões" lemma="Flexões" pos="prop" morph="M/F S" extra="cjt-X hum *"/>
			<t id="s11_6" word=")" lemma="--" pos="pu" morph="--" extra="--"/>
			<t id="s11_7" word=":" lemma="--" pos="pu" morph="--" extra="--"/>
		</terminals>

		<nonterminals>
			<nt id="s11_500" cat="s">
				<edge label="X" idref="s11_501"/>
			</nt>
			<nt id="s11_501" cat="par">
				<edge label="CJT" idref="s11_502"/>
				<edge label="PU" idref="s11_4"/>
				<edge label="CJT" idref="s11_5"/>
				<edge label="PU" idref="s11_6"/>
				<edge label="PU" idref="s11_7"/>
			</nt>
			<nt id="s11_502" cat="np">
				<edge label="H" idref="s11_1"/>
				<edge label="DN" idref="s11_503"/>
			</nt>
			<nt id="s11_503" cat="pp">
				<edge label="H" idref="s11_2"/>
				<edge label="DP" idref="s11_3"/>
			</nt>
		</nonterminals>
	</graph>
</s>

<s id="s12" ref="12" source="Running text" forest="1" text="1 sobe, 0 desce 2. Excludentes Por Dicionário inFormal(SP) em 28-05-2014 Aquele que exclui Com relação a os excludentes veremos mais tarde Compartilhar enviar nova definição enviar nova imagem denunciar abuso Outras Informações:Palavras com 10 letras A palavra possui 4 vogais -- e u e e A palavra possui 6 consoantes -- xcl d nt 1 página -- 2 Definições arte zâmbia 68 lichia quetognata.">
	<graph root="s12_500">
		<terminals>
			<t id="s12_1" word="1" lemma="1" pos="num" morph="M/F S" extra="card"/>
			<t id="s12_2" word="sobe" lemma="subir" pos="v-fin" morph="PR 3S IND VFIN" extra="nosubj nosubj cjt-head cjt-head-STA fmc mv"/>
			<t id="s12_3" word="," lemma="--" pos="pu" morph="--" extra="--"/>
			<t id="s12_4" word="0" lemma="xx" pos="num" morph="M/F P" extra="card"/>
			<t id="s12_5" word="desce" lemma="descer" pos="v-fin" morph="PR 3S IND VFIN" extra="cjt-STA fmc mv"/>
			<t id="s12_6" word="2." lemma="2." pos="adj" morph="M/F S" extra="NUM-ord"/>
			<t id="s12_7" word="Excludentes_Por_Dicionário" lemma="Excludentes_Por_Dicionário" pos="prop" morph="M S" extra="tit *"/>
			<t id="s12_8" word="inFormal" lemma="inFormal" pos="adj" morph="M S" extra="np-close"/>
			<t id="s12_9" word="(" lemma="--" pos="pu" morph="--" extra="--"/>
			<t id="s12_10" word="SP" lemma="SP" pos="prop" morph="M S" extra="civ * np-close"/>
			<t id="s12_11" word=")" lemma="--" pos="pu" morph="--" extra="--"/>
			<t id="s12_12" word="em" lemma="em" pos="prp" morph="--" extra="--"/>
			<t id="s12_13" word="28-05-2014" lemma="28-05-2014" pos="num" morph="M/F S" extra="card"/>
			<t id="s12_14" word="Aquele" lemma="aquele" pos="pron-dem" morph="DET M S" extra="* dem"/>
			<t id="s12_15" word="que" lemma="que" pos="spec" morph="M S" extra="clb clb-fs rel"/>
			<t id="s12_16" word="exclui" lemma="excluir" pos="v-fin" morph="PR 3S IND VFIN" extra="vH mv np-close"/>
			<t id="s12_17" word="Com_relação_a" lemma="com_relação_a" pos="prp" morph="--" extra="sam- *"/>
			<t id="s12_18" word="os" lemma="o" pos="art" morph="M P" extra=" -sam"/>
			<t id="s12_19" word="excludentes" lemma="excludente" pos="adj" morph="M P" extra="n nh"/>
			<t id="s12_20" word="veremos" lemma="ver" pos="v-fin" morph="FUT 1P IND VFIN" extra="nosubj cjt-STA vH fmc mv"/>
			<t id="s12_21" word="mais" lemma="mais" pos="adv" morph="--" extra="--"/>
			<t id="s12_22" word="tarde" lemma="tarde" pos="adv" morph="--" sem="pp" extra="--"/>
			<t id="s12_23" word="Compartilhar" lemma="Compartilhar" pos="prop" morph="M/F S" extra="hum *"/>
			<t id="s12_24" word="enviar" lemma="enviar" pos="v-inf" morph="3S" extra="vH mv"/>
			<t id="s12_25" word="nova" lemma="novo" pos="adj" morph="F S" extra="jh"/>
			<t id="s12_26" word="definição" lemma="definição" pos="n" morph="F S" sem="sem-c" extra="--"/>
			<t id="s12_27" word="enviar" lemma="enviar" pos="v-inf" morph="--" extra="vH mv"/>
			<t id="s12_28" word="nova" lemma="novo" pos="adj" morph="F S" extra="jh"/>
			<t id="s12_29" word="imagem" lemma="imagem" pos="n" morph="F S" sem="pict sem-c ac-cat" extra="--"/>
			<t id="s12_30" word="denunciar" lemma="denunciar" pos="v-inf" morph="3S" extra="vH mv"/>
			<t id="s12_31" word="abuso" lemma="abuso" pos="n" morph="M S" sem="activity" extra="cjt-head cjt-head-Od"/>
			<t id="s12_32" word="Outras_Informações" lemma="Outras_Informações" pos="prop" morph="M S" extra="hum * heur np-close"/>
			<t id="s12_33" word=":Palavras" lemma=":Palavras" pos="n" morph="M S" extra="cjt-Od"/>
			<t id="s12_34" word="com" lemma="com" pos="prp" morph="--" extra="--"/>
			<t id="s12_35" word="10" lemma="10" pos="num" morph="F P" extra="card"/>
			<t id="s12_36" word="letras" lemma="letra" pos="n" morph="F P" sem="ac-sign sem-r domain" extra="--"/>
			<t id="s12_37" word="A" lemma="o" pos="art" morph="F S" extra="* "/>
			<t id="s12_38" word="palavra" lemma="palavra" pos="n" morph="F S" sem="ac-cat act-s" extra="cjt-Od"/>
			<t id="s12_39" word="possui" lemma="possuir" pos="v-fin" morph="PR 3S IND VFIN" extra="cjt-STA vH fmc mv"/>
			<t id="s12_40" word="4" lemma="4" pos="num" morph="M P" extra="card"/>
			<t id="s12_41" word="vogais" lemma="vogal" pos="n" morph="M P" sem="ac-cat H" extra="--"/>
			<t id="s12_42" word="--" lemma="--" pos="pu" morph="--" extra="--"/>
			<t id="s12_43" word="e" lemma="e" pos="conj-c" morph="--" extra="--"/>
			<t id="s12_44" word="u" lemma="u" pos="n" morph="M S" sem="ac-sign" extra="--"/>
			<t id="s12_45" word="e" lemma="e" pos="conj-c" morph="--" extra="--"/>
			<t id="s12_46" word="e" lemma="e" pos="conj-c" morph="--" extra="--"/>
			<t id="s12_47" word="A" lemma="o" pos="art" morph="F S" extra="* "/>
			<t id="s12_48" word="palavra" lemma="palavra" pos="n" morph="F S" sem="ac-cat act-s" extra="--"/>
			<t id="s12_49" word="possui" lemma="possuir" pos="v-fin" morph="PR 3S IND VFIN" extra="cjt-STA vH fmc mv"/>
			<t id="s12_50" word="6" lemma="6" pos="num" morph="F P" extra="card"/>
			<t id="s12_51" word="consoantes" lemma="consoante" pos="n" morph="F P" sem="ac-cat" extra="--"/>
			<t id="s12_52" word="--" lemma="--" pos="pu" morph="--" extra="--"/>
			<t id="s12_53" word="xcl" lemma="xcl" pos="n" morph="M S" extra="foreign heur"/>
			<t id="s12_54" word="d" lemma="d" pos="n" morph="M S" sem="ac-sign" extra="--"/>
			<t id="s12_55" word="nt" lemma="nt" pos="n" morph="M/F S" extra="foreign"/>
			<t id="s12_56" word="1" lemma="1" pos="num" morph="F S" extra="card"/>
			<t id="s12_57" word="página" lemma="página" pos="n" morph="F S" sem="cc-r" extra="--"/>
			<t id="s12_58" word="--" lemma="--" pos="pu" morph="--" extra="--"/>
			<t id="s12_59" word="2" lemma="2" pos="num" morph="F P" extra="card"/>
			<t id="s12_60" word="Definições" lemma="definição" pos="n" morph="F P" sem="sem-c" extra="prop *"/>
			<t id="s12_61" word="arte" lemma="arte" pos="n" morph="F S" sem="domain" extra="--"/>
			<t id="s12_62" word="zâmbia" lemma="z�=mbia" pos="n" morph="F S" extra="DERS"/>
			<t id="s12_63" word="68" lemma="68" pos="num" morph="F P" extra="card"/>
			<t id="s12_64" word="lichia" lemma="lichia" pos="n" morph="F P" extra="heur"/>
			<t id="s12_65" word="quetognata" lemma="quetognato" pos="adj" morph="F S" extra="heur np-close"/>
			<t id="s12_66" word="." lemma="--" pos="pu" morph="--" extra="--"/>
		</terminals>

		<nonterminals>
			<nt id="s12_500" cat="s">
				<edge label="STA" idref="s12_501"/>
			</nt>
			<nt id="s12_501" cat="par">
				<edge label="CJT" idref="s12_502"/>
				<edge label="PU" idref="s12_3"/>
				<edge label="CJT" idref="s12_503"/>
				<edge label="CJT" idref="s12_510"/>
				<edge label="CJT" idref="s12_511"/>
				<edge label="CJT" idref="s12_523"/>
				<edge label="fCs" idref="s12_62"/>
				<edge label="fCs" idref="s12_528"/>
				<edge label="DN" idref="s12_63"/>
				<edge label="H" idref="s12_64"/>
				<edge label="DN" idref="s12_65"/>
				<edge label="PU" idref="s12_66"/>
			</nt>
			<nt id="s12_502" cat="fcl">
				<edge label="S" idref="s12_1"/>
				<edge label="P" idref="s12_2"/>
			</nt>
			<nt id="s12_503" cat="fcl">
				<edge label="Od" idref="s12_4"/>
				<edge label="P" idref="s12_5"/>
				<edge label="fCs" idref="s12_6"/>
				<edge label="S" idref="s12_504"/>
				<edge label="fA" idref="s12_505"/>
				<edge label="Od" idref="s12_506"/>
			</nt>
			<nt id="s12_504" cat="np">
				<edge label="H" idref="s12_7"/>
				<edge label="DN" idref="s12_8"/>
				<edge label="PU" idref="s12_9"/>
				<edge label="DNapp" idref="s12_10"/>
				<edge label="PU" idref="s12_11"/>
			</nt>
			<nt id="s12_505" cat="pp">
				<edge label="H" idref="s12_12"/>
				<edge label="DP" idref="s12_13"/>
			</nt>
			<nt id="s12_506" cat="np">
				<edge label="H" idref="s12_14"/>
				<edge label="DN" idref="s12_507"/>
			</nt>
			<nt id="s12_507" cat="fcl">
				<edge label="Od" idref="s12_15"/>
				<edge label="P" idref="s12_16"/>
				<edge label="fA" idref="s12_508"/>
			</nt>
			<nt id="s12_508" cat="pp">
				<edge label="H" idref="s12_17"/>
				<edge label="DP" idref="s12_509"/>
			</nt>
			<nt id="s12_509" cat="np">
				<edge label="DN" idref="s12_18"/>
				<edge label="H" idref="s12_19"/>
			</nt>
			<nt id="s12_510" cat="x">
				<edge label="P" idref="s12_20"/>
				<edge label="fA" idref="s12_21"/>
				<edge label="fA" idref="s12_22"/>
			</nt>
			<nt id="s12_511" cat="fcl">
				<edge label="S" idref="s12_23"/>
				<edge label="Od" idref="s12_512"/>
				<edge label="S" idref="s12_515"/>
				<edge label="P" idref="s12_39"/>
				<edge label="Od" idref="s12_522"/>
			</nt>
			<nt id="s12_512" cat="icl">
				<edge label="P" idref="s12_24"/>
				<edge label="Od" idref="s12_513"/>
				<edge label="UTT" idref="s12_514"/>
			</nt>
			<nt id="s12_513" cat="np">
				<edge label="DN" idref="s12_25"/>
				<edge label="H" idref="s12_26"/>
			</nt>
			<nt id="s12_514" cat="icl">
				<edge label="P" idref="s12_27"/>
			</nt>
			<nt id="s12_515" cat="np">
				<edge label="DN" idref="s12_28"/>
				<edge label="H" idref="s12_29"/>
				<edge label="Od" idref="s12_516"/>
			</nt>
			<nt id="s12_516" cat="icl">
				<edge label="P" idref="s12_30"/>
				<edge label="Od" idref="s12_517"/>
				<edge label="fA" idref="s12_519"/>
			</nt>
			<nt id="s12_517" cat="par">
				<edge label="CJT" idref="s12_518"/>
				<edge label="CJT" idref="s12_33"/>
			</nt>
			<nt id="s12_518" cat="np">
				<edge label="H" idref="s12_31"/>
				<edge label="DN" idref="s12_32"/>
			</nt>
			<nt id="s12_519" cat="pp">
				<edge label="H" idref="s12_34"/>
				<edge label="DP" idref="s12_520"/>
				<edge label="CJT" idref="s12_521"/>
			</nt>
			<nt id="s12_520" cat="np">
				<edge label="DN" idref="s12_35"/>
				<edge label="H" idref="s12_36"/>
			</nt>
			<nt id="s12_521" cat="np">
				<edge label="DN" idref="s12_37"/>
				<edge label="H" idref="s12_38"/>
			</nt>
			<nt id="s12_522" cat="np">
				<edge label="DN" idref="s12_40"/>
				<edge label="H" idref="s12_41"/>
				<edge label="PU" idref="s12_42"/>
				<edge label="CO" idref="s12_43"/>
				<edge label="CO" idref="s12_45"/>
				<edge label="CO" idref="s12_46"/>
			</nt>
			<nt id="s12_523" cat="fcl">
				<edge label="S" idref="s12_44"/>
				<edge label="S" idref="s12_524"/>
				<edge label="P" idref="s12_49"/>
				<edge label="Od" idref="s12_525"/>
				<edge label="fCs" idref="s12_53"/>
				<edge label="fCs" idref="s12_54"/>
				<edge label="fCs" idref="s12_55"/>
				<edge label="fCs" idref="s12_526"/>
				<edge label="fCsta" idref="s12_527"/>
				<edge label="fCs" idref="s12_61"/>
			</nt>
			<nt id="s12_524" cat="np">
				<edge label="DN" idref="s12_47"/>
				<edge label="H" idref="s12_48"/>
			</nt>
			<nt id="s12_525" cat="np">
				<edge label="DN" idref="s12_50"/>
				<edge label="H" idref="s12_51"/>
				<edge label="PU" idref="s12_52"/>
			</nt>
			<nt id="s12_526" cat="np">
				<edge label="DN" idref="s12_56"/>
				<edge label="H" idref="s12_57"/>
				<edge label="PU" idref="s12_58"/>
			</nt>
			<nt id="s12_527" cat="np">
				<edge label="DN" idref="s12_59"/>
				<edge label="H" idref="s12_60"/>
			</nt>
			<nt id="s12_528" cat="np">
			</nt>
		</nonterminals>
	</graph>
</s>

	</body>
</corpus>
