<?xml version="1.0" encoding="UTF-8"?>
<corpus>

	<body>
<s id="s1" ref="1" source="Running text" forest="1" text="Eximir 3 Definições encontradas.">
	<graph root="s1_500">
		<terminals>
			<t id="s1_1" word="Eximir" lemma="eximir" pos="v-inf" morph="--" extra="* vH mv"/>
			<t id="s1_2" word="3" lemma="3" pos="num" morph="F P" extra="card"/>
			<t id="s1_3" word="Definições" lemma="definição" pos="n" morph="F P" sem="sem-c" extra="prop *"/>
			<t id="s1_4" word="encontradas" lemma="encontrado" pos="adj" morph="F P" extra="nh np-close"/>
			<t id="s1_5" word="." lemma="--" pos="pu" morph="--" extra="--"/>
		</terminals>

		<nonterminals>
			<nt id="s1_500" cat="s">
				<edge label="UTT" idref="s1_501"/>
			</nt>
			<nt id="s1_501" cat="icl">
				<edge label="P" idref="s1_1"/>
				<edge label="Od" idref="s1_502"/>
				<edge label="PU" idref="s1_5"/>
			</nt>
			<nt id="s1_502" cat="np">
				<edge label="DN" idref="s1_2"/>
				<edge label="H" idref="s1_3"/>
				<edge label="DN" idref="s1_4"/>
			</nt>
		</nonterminals>
	</graph>
</s>

<s id="s2" ref="2" source="Running text" forest="1" text="Tweet Classificação morfossintática:">
	<graph root="s2_500">
		<terminals>
			<t id="s2_1" word="Tweet_Classificação" lemma="Tweet_Classificação" pos="prop" morph="M S" extra="common * heur"/>
			<t id="s2_2" word="morfossintática" lemma="morfossintático" pos="adj" morph="F S" extra="DERS jh np-close"/>
			<t id="s2_3" word=":" lemma="--" pos="pu" morph="--" extra="--"/>
		</terminals>

		<nonterminals>
			<nt id="s2_500" cat="s">
				<edge label="X" idref="s2_501"/>
			</nt>
			<nt id="s2_501" cat="np">
				<edge label="H" idref="s2_1"/>
				<edge label="DN" idref="s2_2"/>
				<edge label="PU" idref="s2_3"/>
			</nt>
		</nonterminals>
	</graph>
</s>

<s id="s3" ref="3" source="Running text" forest="1" text="Verbo, infinitivo 1a pessoa singular de eximir Verbo, infinitivo 3a pessoa singular de eximir Verbo, futuro do subjuntivo 1a pessoa singular de eximir Verbo, futuro do subjuntivo 3a pessoa singular de eximir Flexões da palavra Eximir Significados de Eximir:">
	<graph root="s3_500">
		<terminals>
			<t id="s3_1" word="Verbo" lemma="verbo" pos="n" morph="M S" sem="ac-cat" extra="cjt-head cjt-head-X *"/>
			<t id="s3_2" word="," lemma="--" pos="pu" morph="--" extra="--"/>
			<t id="s3_3" word="infinitivo" lemma="infinitivo" pos="adj" morph="M S" extra="jh"/>
			<t id="s3_4" word="1a" lemma="1a" pos="num" morph="F P" extra="card"/>
			<t id="s3_5" word="pessoa" lemma="pessoa" pos="n" morph="F P" sem="H" extra="cjt-X"/>
			<t id="s3_6" word="singular" lemma="singular" pos="adj" morph="F S" extra="jh np-close"/>
			<t id="s3_7" word="de" lemma="de" pos="prp" morph="--" extra="np-close"/>
			<t id="s3_8" word="eximir" lemma="eximir" pos="v-inf" morph="--" extra="vH mv"/>
			<t id="s3_9" word="Verbo" lemma="Verbo" pos="prop" morph="M S" extra="hum *"/>
			<t id="s3_10" word="," lemma="--" pos="pu" morph="--" extra="--"/>
			<t id="s3_11" word="infinitivo" lemma="infinitivo" pos="adj" morph="M S" extra="np-close"/>
			<t id="s3_12" word="3a" lemma="3a" pos="num" morph="F P" extra="card"/>
			<t id="s3_13" word="pessoa" lemma="pessoa" pos="n" morph="F P" sem="H" extra="cjt-X"/>
			<t id="s3_14" word="singular" lemma="singular" pos="adj" morph="F S" extra="jh np-close"/>
			<t id="s3_15" word="de" lemma="de" pos="prp" morph="--" extra="np-close"/>
			<t id="s3_16" word="eximir" lemma="eximir" pos="v-inf" morph="--" extra="vH mv"/>
			<t id="s3_17" word="Verbo" lemma="Verbo" pos="prop" morph="M S" extra="cjt-head cjt-head-Od hum *"/>
			<t id="s3_18" word="," lemma="--" pos="pu" morph="--" extra="--"/>
			<t id="s3_19" word="futuro" lemma="futuro" pos="n" morph="M S" sem="per" extra="np-close"/>
			<t id="s3_20" word="de" lemma="de" pos="prp" morph="--" extra="sam- np-close"/>
			<t id="s3_21" word="o" lemma="o" pos="art" morph="M S" extra="-sam "/>
			<t id="s3_22" word="subjuntivo" lemma="subjuntivo" pos="n" morph="M S" sem="ac-cat" extra="--"/>
			<t id="s3_23" word="1a" lemma="1a" pos="num" morph="F P" extra="card"/>
			<t id="s3_24" word="pessoa" lemma="pessoa" pos="n" morph="F P" sem="H" extra="cjt-Od"/>
			<t id="s3_25" word="singular" lemma="singular" pos="adj" morph="F S" extra="jh np-close"/>
			<t id="s3_26" word="de" lemma="de" pos="prp" morph="--" extra="np-close"/>
			<t id="s3_27" word="eximir" lemma="eximir" pos="v-inf" morph="--" extra="vH mv"/>
			<t id="s3_28" word="Verbo" lemma="Verbo" pos="prop" morph="M S" extra="cjt-head cjt-head-Od hum *"/>
			<t id="s3_29" word="," lemma="--" pos="pu" morph="--" extra="--"/>
			<t id="s3_30" word="futuro" lemma="futuro" pos="n" morph="M S" sem="per" extra="np-close"/>
			<t id="s3_31" word="de" lemma="de" pos="prp" morph="--" extra="sam- np-close"/>
			<t id="s3_32" word="o" lemma="o" pos="art" morph="M S" extra="-sam "/>
			<t id="s3_33" word="subjuntivo" lemma="subjuntivo" pos="n" morph="M S" sem="ac-cat" extra="--"/>
			<t id="s3_34" word="3a" lemma="3a" pos="num" morph="F P" extra="card"/>
			<t id="s3_35" word="pessoa" lemma="pessoa" pos="n" morph="F P" sem="H" extra="cjt-Od"/>
			<t id="s3_36" word="singular" lemma="singular" pos="adj" morph="F S" extra="jh np-close"/>
			<t id="s3_37" word="de" lemma="de" pos="prp" morph="--" extra="np-close"/>
			<t id="s3_38" word="eximir" lemma="eximir" pos="v-inf" morph="--" extra="vH mv"/>
			<t id="s3_39" word="Flexões" lemma="Flexões" pos="prop" morph="M/F S" extra="hum *"/>
			<t id="s3_40" word="de" lemma="de" pos="prp" morph="--" extra="sam-"/>
			<t id="s3_41" word="a" lemma="o" pos="art" morph="F S" extra="-sam "/>
			<t id="s3_42" word="palavra" lemma="palavra" pos="n" morph="F S" sem="ac-cat act-s" extra="--"/>
			<t id="s3_43" word="Eximir_Significados_de_Eximir" lemma="Eximir_Significados_de_Eximir" pos="prop" morph="F S" extra="org * heur np-close"/>
			<t id="s3_44" word=":" lemma="--" pos="pu" morph="--" extra="--"/>
		</terminals>

		<nonterminals>
			<nt id="s3_500" cat="s">
				<edge label="X" idref="s3_501"/>
			</nt>
			<nt id="s3_501" cat="par">
				<edge label="CJT" idref="s3_1"/>
				<edge label="PU" idref="s3_2"/>
				<edge label="CJT" idref="s3_502"/>
				<edge label="CJT" idref="s3_506"/>
				<edge label="PU" idref="s3_44"/>
			</nt>
			<nt id="s3_502" cat="np">
				<edge label="DN" idref="s3_503"/>
				<edge label="DN" idref="s3_4"/>
				<edge label="H" idref="s3_5"/>
				<edge label="DN" idref="s3_6"/>
			</nt>
			<nt id="s3_503" cat="pp">
				<edge label="DP" idref="s3_504"/>
				<edge label="H" idref="s3_7"/>
			</nt>
			<nt id="s3_504" cat="icl">
				<edge label="fCs" idref="s3_3"/>
				<edge label="P" idref="s3_8"/>
				<edge label="Od" idref="s3_505"/>
			</nt>
			<nt id="s3_505" cat="np">
				<edge label="H" idref="s3_9"/>
				<edge label="PU" idref="s3_10"/>
				<edge label="DNc" idref="s3_11"/>
			</nt>
			<nt id="s3_506" cat="np">
				<edge label="DN" idref="s3_12"/>
				<edge label="H" idref="s3_13"/>
				<edge label="DN" idref="s3_14"/>
				<edge label="DN" idref="s3_507"/>
			</nt>
			<nt id="s3_507" cat="pp">
				<edge label="H" idref="s3_15"/>
				<edge label="DP" idref="s3_508"/>
			</nt>
			<nt id="s3_508" cat="icl">
				<edge label="P" idref="s3_16"/>
				<edge label="Od" idref="s3_509"/>
			</nt>
			<nt id="s3_509" cat="par">
				<edge label="CJT" idref="s3_510"/>
				<edge label="CJT" idref="s3_514"/>
			</nt>
			<nt id="s3_510" cat="np">
				<edge label="H" idref="s3_17"/>
				<edge label="PU" idref="s3_18"/>
				<edge label="DNc" idref="s3_511"/>
			</nt>
			<nt id="s3_511" cat="np">
				<edge label="H" idref="s3_19"/>
				<edge label="DN" idref="s3_512"/>
			</nt>
			<nt id="s3_512" cat="pp">
				<edge label="H" idref="s3_20"/>
				<edge label="DP" idref="s3_513"/>
			</nt>
			<nt id="s3_513" cat="np">
				<edge label="DN" idref="s3_21"/>
				<edge label="H" idref="s3_22"/>
			</nt>
			<nt id="s3_514" cat="np">
				<edge label="DN" idref="s3_23"/>
				<edge label="H" idref="s3_24"/>
				<edge label="DN" idref="s3_25"/>
				<edge label="DN" idref="s3_515"/>
			</nt>
			<nt id="s3_515" cat="pp">
				<edge label="H" idref="s3_26"/>
				<edge label="DP" idref="s3_516"/>
			</nt>
			<nt id="s3_516" cat="icl">
				<edge label="P" idref="s3_27"/>
				<edge label="Od" idref="s3_517"/>
			</nt>
			<nt id="s3_517" cat="par">
				<edge label="CJT" idref="s3_518"/>
				<edge label="CJT" idref="s3_522"/>
			</nt>
			<nt id="s3_518" cat="np">
				<edge label="H" idref="s3_28"/>
				<edge label="PU" idref="s3_29"/>
				<edge label="DNc" idref="s3_519"/>
			</nt>
			<nt id="s3_519" cat="np">
				<edge label="H" idref="s3_30"/>
				<edge label="DN" idref="s3_520"/>
			</nt>
			<nt id="s3_520" cat="pp">
				<edge label="H" idref="s3_31"/>
				<edge label="DP" idref="s3_521"/>
			</nt>
			<nt id="s3_521" cat="np">
				<edge label="DN" idref="s3_32"/>
				<edge label="H" idref="s3_33"/>
			</nt>
			<nt id="s3_522" cat="np">
				<edge label="DN" idref="s3_34"/>
				<edge label="H" idref="s3_35"/>
				<edge label="DN" idref="s3_36"/>
				<edge label="DN" idref="s3_523"/>
			</nt>
			<nt id="s3_523" cat="pp">
				<edge label="H" idref="s3_37"/>
				<edge label="DP" idref="s3_524"/>
			</nt>
			<nt id="s3_524" cat="icl">
				<edge label="P" idref="s3_38"/>
				<edge label="Od" idref="s3_39"/>
				<edge label="Op" idref="s3_525"/>
			</nt>
			<nt id="s3_525" cat="pp">
				<edge label="H" idref="s3_40"/>
				<edge label="DP" idref="s3_526"/>
			</nt>
			<nt id="s3_526" cat="np">
				<edge label="DN" idref="s3_41"/>
				<edge label="H" idref="s3_42"/>
				<edge label="DN" idref="s3_43"/>
			</nt>
		</nonterminals>
	</graph>
</s>

<s id="s4" ref="4" source="Running text" forest="1" text="81 sobe, 40 desce 1. Eximir Por GGAS(PE) em 03-06-2008 Desobrigar, isentar, livrar.">
	<graph root="s4_500">
		<terminals>
			<t id="s4_1" word="81" lemma="81" pos="num" morph="M/F S" extra="card"/>
			<t id="s4_2" word="sobe" lemma="subir" pos="v-fin" morph="PR 3S IND VFIN" extra="cjt-head cjt-head-STA fmc mv"/>
			<t id="s4_3" word="," lemma="--" pos="pu" morph="--" extra="--"/>
			<t id="s4_4" word="40" lemma="40" pos="num" morph="M/F P" extra="card"/>
			<t id="s4_5" word="desce" lemma="descer" pos="v-fin" morph="PR 3S IND VFIN" extra="cjt-STA fmc mv"/>
			<t id="s4_6" word="1." lemma="1." pos="adj" morph="M/F S" extra="NUM-ord"/>
			<t id="s4_7" word="Eximir" lemma="eximir" pos="v-inf" morph="--" extra="* vH mv"/>
			<t id="s4_8" word="Por_GGAS" lemma="Por_GGAS" pos="prop" morph="M S" extra="top * heur"/>
			<t id="s4_9" word="(" lemma="--" pos="pu" morph="--" extra="--"/>
			<t id="s4_10" word="PE" lemma="PE" pos="prop" morph="M S" extra="civ * np-close"/>
			<t id="s4_11" word=")" lemma="--" pos="pu" morph="--" extra="--"/>
			<t id="s4_12" word="em" lemma="em" pos="prp" morph="--" extra="--"/>
			<t id="s4_13" word="03-06-2008" lemma="03-06-2008" pos="num" morph="M/F S" extra="card"/>
			<t id="s4_14" word="Desobrigar" lemma="desobrigar" pos="v-inf" morph="--" extra="* vH mv"/>
			<t id="s4_15" word="," lemma="--" pos="pu" morph="--" extra="--"/>
			<t id="s4_16" word="isentar" lemma="isentar" pos="v-inf" morph="--" extra="vH mv"/>
			<t id="s4_17" word="," lemma="--" pos="pu" morph="--" extra="--"/>
			<t id="s4_18" word="livrar" lemma="livrar" pos="v-inf" morph="--" extra="vH mv"/>
			<t id="s4_19" word="." lemma="--" pos="pu" morph="--" extra="--"/>
		</terminals>

		<nonterminals>
			<nt id="s4_500" cat="s">
				<edge label="STA" idref="s4_501"/>
			</nt>
			<nt id="s4_501" cat="par">
				<edge label="CJT" idref="s4_502"/>
				<edge label="PU" idref="s4_3"/>
				<edge label="CJT" idref="s4_503"/>
				<edge label="PU" idref="s4_19"/>
			</nt>
			<nt id="s4_502" cat="fcl">
				<edge label="S" idref="s4_1"/>
				<edge label="P" idref="s4_2"/>
			</nt>
			<nt id="s4_503" cat="fcl">
				<edge label="Od" idref="s4_4"/>
				<edge label="P" idref="s4_5"/>
				<edge label="fCs" idref="s4_6"/>
				<edge label="S" idref="s4_504"/>
			</nt>
			<nt id="s4_504" cat="icl">
				<edge label="P" idref="s4_7"/>
				<edge label="Od" idref="s4_505"/>
				<edge label="fA" idref="s4_506"/>
				<edge label="UTT" idref="s4_14"/>
				<edge label="PU" idref="s4_15"/>
				<edge label="UTT" idref="s4_16"/>
				<edge label="PU" idref="s4_17"/>
				<edge label="UTT" idref="s4_18"/>
			</nt>
			<nt id="s4_505" cat="np">
				<edge label="H" idref="s4_8"/>
				<edge label="PU" idref="s4_9"/>
				<edge label="DNc" idref="s4_10"/>
				<edge label="PU" idref="s4_11"/>
			</nt>
			<nt id="s4_506" cat="pp">
				<edge label="H" idref="s4_12"/>
				<edge label="DP" idref="s4_13"/>
			</nt>
		</nonterminals>
	</graph>
</s>

<s id="s5" ref="5" source="Running text" forest="1" text="A empresa Xxx assumui todas as despesas com acidentes, eximindo o motorista definitivamente.">
	<graph root="s5_500">
		<terminals>
			<t id="s5_1" word="A" lemma="o" pos="art" morph="F S" extra="* "/>
			<t id="s5_2" word="empresa" lemma="empresa" pos="n" morph="F S" sem="HH" extra="--"/>
			<t id="s5_3" word="Xxx" lemma="xx" pos="xx" morph="M S" extra="prop heur * np-close"/>
			<t id="s5_4" word="assumui" lemma="assumuer" pos="v-fin" morph="PS 1S IND VFIN" extra="heur fmc mv"/>
			<t id="s5_5" word="todas_as" lemma="todo_o" pos="pron-indef" morph="DET F P" extra="quant"/>
			<t id="s5_6" word="despesas" lemma="despesa" pos="n" morph="F P" sem="mon act-d" extra="--"/>
			<t id="s5_7" word="com" lemma="com" pos="prp" morph="--" extra="--"/>
			<t id="s5_8" word="acidentes" lemma="acidente" pos="n" morph="M P" sem="event" extra="--"/>
			<t id="s5_9" word="," lemma="--" pos="pu" morph="--" extra="--"/>
			<t id="s5_10" word="eximindo" lemma="eximir" pos="v-ger" morph="--" extra="clb vH mv"/>
			<t id="s5_11" word="o" lemma="o" pos="art" morph="M S" extra="--"/>
			<t id="s5_12" word="motorista" lemma="motorista" pos="n" morph="M S" sem="Hprof" extra="--"/>
			<t id="s5_13" word="definitivamente" lemma="definitivamente" pos="adv" morph="--" extra="nh"/>
			<t id="s5_14" word="." lemma="--" pos="pu" morph="--" extra="--"/>
		</terminals>

		<nonterminals>
			<nt id="s5_500" cat="s">
				<edge label="STA" idref="s5_501"/>
			</nt>
			<nt id="s5_501" cat="fcl">
				<edge label="S" idref="s5_502"/>
				<edge label="P" idref="s5_4"/>
				<edge label="Od" idref="s5_503"/>
				<edge label="fA" idref="s5_504"/>
				<edge label="PU" idref="s5_9"/>
				<edge label="fA" idref="s5_505"/>
				<edge label="PU" idref="s5_14"/>
			</nt>
			<nt id="s5_502" cat="np">
				<edge label="DN" idref="s5_1"/>
				<edge label="H" idref="s5_2"/>
				<edge label="Xxx" idref="s5_3"/>
			</nt>
			<nt id="s5_503" cat="np">
				<edge label="DN" idref="s5_5"/>
				<edge label="H" idref="s5_6"/>
			</nt>
			<nt id="s5_504" cat="pp">
				<edge label="H" idref="s5_7"/>
				<edge label="DP" idref="s5_8"/>
			</nt>
			<nt id="s5_505" cat="advp">
				<edge label="P" idref="s5_10"/>
				<edge label="Od" idref="s5_506"/>
				<edge label="fA" idref="s5_13"/>
			</nt>
			<nt id="s5_506" cat="np">
				<edge label="DN" idref="s5_11"/>
				<edge label="H" idref="s5_12"/>
			</nt>
		</nonterminals>
	</graph>
</s>

<s id="s6" ref="6" source="Running text" forest="1" text="Compartilhar enviar nova definição enviar nova imagem denunciar abuso Sinônimos:">
	<graph root="s6_500">
		<terminals>
			<t id="s6_1" word="Compartilhar" lemma="compartilhar" pos="v-inf" morph="--" extra="* vH mv"/>
			<t id="s6_2" word="enviar" lemma="enviar" pos="v-inf" morph="--" extra="vH mv"/>
			<t id="s6_3" word="nova" lemma="novo" pos="adj" morph="F S" extra="jh"/>
			<t id="s6_4" word="definição" lemma="definição" pos="n" morph="F S" sem="sem-c" extra="--"/>
			<t id="s6_5" word="enviar" lemma="enviar" pos="v-inf" morph="--" extra="vH mv"/>
			<t id="s6_6" word="nova" lemma="novo" pos="adj" morph="F S" extra="jh"/>
			<t id="s6_7" word="imagem" lemma="imagem" pos="n" morph="F S" sem="pict sem-c ac-cat" extra="--"/>
			<t id="s6_8" word="denunciar" lemma="denunciar" pos="v-inf" morph="--" extra="vH mv"/>
			<t id="s6_9" word="abuso" lemma="abuso" pos="n" morph="M S" sem="activity" extra="--"/>
			<t id="s6_10" word="Sinônimos" lemma="Sinônimos" pos="prop" morph="M S" extra="hum * np-close"/>
			<t id="s6_11" word=":" lemma="--" pos="pu" morph="--" extra="--"/>
		</terminals>

		<nonterminals>
			<nt id="s6_500" cat="s">
				<edge label="UTT" idref="s6_501"/>
			</nt>
			<nt id="s6_501" cat="icl">
				<edge label="P" idref="s6_1"/>
				<edge label="Od" idref="s6_502"/>
				<edge label="PU" idref="s6_11"/>
			</nt>
			<nt id="s6_502" cat="icl">
				<edge label="P" idref="s6_2"/>
				<edge label="Od" idref="s6_503"/>
				<edge label="UTT" idref="s6_504"/>
				<edge label="UTT" idref="s6_506"/>
			</nt>
			<nt id="s6_503" cat="np">
				<edge label="DN" idref="s6_3"/>
				<edge label="H" idref="s6_4"/>
			</nt>
			<nt id="s6_504" cat="icl">
				<edge label="P" idref="s6_5"/>
				<edge label="Od" idref="s6_505"/>
			</nt>
			<nt id="s6_505" cat="np">
				<edge label="DN" idref="s6_6"/>
				<edge label="H" idref="s6_7"/>
			</nt>
			<nt id="s6_506" cat="icl">
				<edge label="P" idref="s6_8"/>
				<edge label="Od" idref="s6_507"/>
			</nt>
			<nt id="s6_507" cat="np">
				<edge label="H" idref="s6_9"/>
				<edge label="DN" idref="s6_10"/>
			</nt>
		</nonterminals>
	</graph>
</s>

<s id="s7" ref="7" source="Running text" forest="1" text="desobrigar absolver aliviar desempenar desonerar dispensar eximir exonerar isentar liberar libertar livrar perdoar quitar relevar remitir conceder dar desculpar enjeitar licenciar prescindir privar rejeitar demitir desempregar despedir desocupar excetuar expulsar mais...">
	<graph root="s7_500">
		<terminals>
			<t id="s7_1" word="desobrigar" lemma="desobrigar" pos="v-inf" morph="--" extra="vH mv"/>
			<t id="s7_2" word="absolver" lemma="absolver" pos="v-inf" morph="--" extra="vH mv"/>
			<t id="s7_3" word="aliviar" lemma="aliviar" pos="v-inf" morph="--" extra="mv"/>
			<t id="s7_4" word="desempenar" lemma="desempenar" pos="v-inf" morph="--" extra="vH mv"/>
			<t id="s7_5" word="desonerar" lemma="desonerar" pos="v-inf" morph="--" extra="vH mv"/>
			<t id="s7_6" word="dispensar" lemma="dispensar" pos="v-inf" morph="--" extra="vH mv"/>
			<t id="s7_7" word="eximir" lemma="eximir" pos="v-inf" morph="--" extra="vH mv"/>
			<t id="s7_8" word="exonerar" lemma="exonerar" pos="v-inf" morph="--" extra="vH mv"/>
			<t id="s7_9" word="isentar" lemma="isentar" pos="v-inf" morph="--" extra="vH mv"/>
			<t id="s7_10" word="liberar" lemma="liberar" pos="v-inf" morph="--" extra="vH mv"/>
			<t id="s7_11" word="libertar" lemma="libertar" pos="v-inf" morph="--" extra="vH mv"/>
			<t id="s7_12" word="livrar" lemma="livrar" pos="v-inf" morph="--" extra="vH mv"/>
			<t id="s7_13" word="perdoar" lemma="perdoar" pos="v-inf" morph="--" extra="vH mv"/>
			<t id="s7_14" word="quitar" lemma="quitar" pos="v-inf" morph="--" extra="vH mv"/>
			<t id="s7_15" word="relevar" lemma="relevar" pos="v-inf" morph="--" extra="mv"/>
			<t id="s7_16" word="remitir" lemma="remitir" pos="v-inf" morph="--" extra="mv"/>
			<t id="s7_17" word="conceder" lemma="conceder" pos="v-inf" morph="--" extra="vH mv"/>
			<t id="s7_18" word="dar" lemma="dar" pos="v-inf" morph="--" extra="mv"/>
			<t id="s7_19" word="desculpar" lemma="desculpar" pos="v-inf" morph="--" extra="vH mv"/>
			<t id="s7_20" word="enjeitar" lemma="enjeitar" pos="v-inf" morph="--" extra="vH mv"/>
			<t id="s7_21" word="licenciar" lemma="licenciar" pos="v-inf" morph="--" extra="vH mv"/>
			<t id="s7_22" word="prescindir" lemma="prescindir" pos="v-inf" morph="--" extra="vH mv"/>
			<t id="s7_23" word="privar" lemma="privar" pos="v-inf" morph="--" extra="vH mv"/>
			<t id="s7_24" word="rejeitar" lemma="rejeitar" pos="v-inf" morph="--" extra="vH mv"/>
			<t id="s7_25" word="demitir" lemma="demitir" pos="v-inf" morph="--" extra="vH mv"/>
			<t id="s7_26" word="desempregar" lemma="desempregar" pos="v-inf" morph="--" extra="vH mv"/>
			<t id="s7_27" word="despedir" lemma="despedir" pos="v-inf" morph="--" extra="vH mv"/>
			<t id="s7_28" word="desocupar" lemma="desocupar" pos="v-inf" morph="--" extra="mv"/>
			<t id="s7_29" word="excetuar" lemma="excetuar" pos="v-inf" morph="--" extra="vH mv"/>
			<t id="s7_30" word="expulsar" lemma="expulsar" pos="v-inf" morph="--" extra="vH mv"/>
			<t id="s7_31" word="mais" lemma="mais" pos="adv" morph="--" extra="--"/>
			<t id="s7_32" word="." lemma="--" pos="pu" morph="--" extra="--"/>
		</terminals>

		<nonterminals>
			<nt id="s7_500" cat="s">
				<edge label="UTT" idref="s7_501"/>
			</nt>
			<nt id="s7_501" cat="icl">
				<edge label="P" idref="s7_1"/>
				<edge label="Od" idref="s7_502"/>
				<edge label="PU" idref="s7_32"/>
			</nt>
			<nt id="s7_502" cat="icl">
				<edge label="P" idref="s7_2"/>
				<edge label="Od" idref="s7_503"/>
			</nt>
			<nt id="s7_503" cat="icl">
				<edge label="P" idref="s7_3"/>
				<edge label="Od" idref="s7_504"/>
			</nt>
			<nt id="s7_504" cat="icl">
				<edge label="P" idref="s7_4"/>
				<edge label="Od" idref="s7_505"/>
			</nt>
			<nt id="s7_505" cat="icl">
				<edge label="P" idref="s7_5"/>
				<edge label="Od" idref="s7_506"/>
			</nt>
			<nt id="s7_506" cat="icl">
				<edge label="P" idref="s7_6"/>
				<edge label="Od" idref="s7_507"/>
			</nt>
			<nt id="s7_507" cat="icl">
				<edge label="P" idref="s7_7"/>
				<edge label="Od" idref="s7_508"/>
			</nt>
			<nt id="s7_508" cat="icl">
				<edge label="P" idref="s7_8"/>
				<edge label="Od" idref="s7_509"/>
			</nt>
			<nt id="s7_509" cat="icl">
				<edge label="P" idref="s7_9"/>
				<edge label="Od" idref="s7_510"/>
			</nt>
			<nt id="s7_510" cat="icl">
				<edge label="P" idref="s7_10"/>
				<edge label="Od" idref="s7_511"/>
			</nt>
			<nt id="s7_511" cat="icl">
				<edge label="P" idref="s7_11"/>
				<edge label="Od" idref="s7_512"/>
			</nt>
			<nt id="s7_512" cat="icl">
				<edge label="P" idref="s7_12"/>
				<edge label="Od" idref="s7_513"/>
			</nt>
			<nt id="s7_513" cat="icl">
				<edge label="P" idref="s7_13"/>
				<edge label="Od" idref="s7_514"/>
			</nt>
			<nt id="s7_514" cat="icl">
				<edge label="P" idref="s7_14"/>
				<edge label="Od" idref="s7_515"/>
			</nt>
			<nt id="s7_515" cat="icl">
				<edge label="P" idref="s7_15"/>
				<edge label="Od" idref="s7_516"/>
			</nt>
			<nt id="s7_516" cat="icl">
				<edge label="P" idref="s7_16"/>
				<edge label="Od" idref="s7_517"/>
			</nt>
			<nt id="s7_517" cat="icl">
				<edge label="P" idref="s7_17"/>
				<edge label="Od" idref="s7_518"/>
			</nt>
			<nt id="s7_518" cat="icl">
				<edge label="P" idref="s7_18"/>
				<edge label="Od" idref="s7_519"/>
			</nt>
			<nt id="s7_519" cat="icl">
				<edge label="P" idref="s7_19"/>
				<edge label="Od" idref="s7_520"/>
			</nt>
			<nt id="s7_520" cat="icl">
				<edge label="P" idref="s7_20"/>
				<edge label="Od" idref="s7_521"/>
				<edge label="UTT" idref="s7_522"/>
			</nt>
			<nt id="s7_521" cat="icl">
				<edge label="P" idref="s7_21"/>
				<edge label="Od" idref="s7_22"/>
			</nt>
			<nt id="s7_522" cat="icl">
				<edge label="P" idref="s7_23"/>
				<edge label="Od" idref="s7_523"/>
			</nt>
			<nt id="s7_523" cat="icl">
				<edge label="P" idref="s7_24"/>
			</nt>
			<nt id="s7_524" cat="icl">
				<edge label="P" idref="s7_25"/>
				<edge label="Od" idref="s7_525"/>
			</nt>
			<nt id="s7_525" cat="icl">
				<edge label="P" idref="s7_26"/>
				<edge label="Od" idref="s7_526"/>
			</nt>
			<nt id="s7_526" cat="icl">
				<edge label="P" idref="s7_27"/>
				<edge label="Od" idref="s7_527"/>
			</nt>
			<nt id="s7_527" cat="icl">
				<edge label="P" idref="s7_28"/>
				<edge label="Od" idref="s7_528"/>
			</nt>
			<nt id="s7_528" cat="icl">
				<edge label="P" idref="s7_29"/>
				<edge label="Od" idref="s7_529"/>
			</nt>
			<nt id="s7_529" cat="icl">
				<edge label="P" idref="s7_30"/>
				<edge label="fA" idref="s7_31"/>
			</nt>
		</nonterminals>
	</graph>
</s>

<s id="s8" ref="8" source="Running text" forest="1" text="Antônimos:">
	<graph root="s8_500">
		<terminals>
			<t id="s8_1" word="Antônimos" lemma="antônimo" pos="adj" morph="M P" extra="* nh"/>
			<t id="s8_2" word=":" lemma="--" pos="pu" morph="--" extra="--"/>
		</terminals>

		<nonterminals>
			<nt id="s8_500" cat="s">
				<edge label="UTT" idref="s8_501"/>
			</nt>
			<nt id="s8_501" cat="x">
				<edge label="X" idref="s8_1"/>
				<edge label="PU" idref="s8_2"/>
			</nt>
		</nonterminals>
	</graph>
</s>

<s id="s9" ref="9" source="Running text" forest="1" text="sujeitar onerar obrigar coagir coatar compulsar constranger forçar forcar impor mais...">
	<graph root="s9_500">
		<terminals>
			<t id="s9_1" word="sujeitar" lemma="sujeitar" pos="v-inf" morph="--" extra="vH mv"/>
			<t id="s9_2" word="onerar" lemma="onerar" pos="v-inf" morph="--" extra="vH mv"/>
			<t id="s9_3" word="obrigar" lemma="obrigar" pos="v-inf" morph="--" extra="mv"/>
			<t id="s9_4" word="coagir" lemma="coagir" pos="v-inf" morph="--" extra="vH mv"/>
			<t id="s9_5" word="coatar" lemma="coatar" pos="n" morph="M S" sem="percep-o" extra="DERP"/>
			<t id="s9_6" word="compulsar" lemma="compulsar" pos="v-inf" morph="--" extra="vH mv"/>
			<t id="s9_7" word="constranger" lemma="constranger" pos="v-inf" morph="--" extra="vH mv"/>
			<t id="s9_8" word="forçar" lemma="forçar" pos="v-inf" morph="--" extra="vH mv"/>
			<t id="s9_9" word="forcar" lemma="forcar" pos="adj" morph="M/F S" extra="DERS"/>
			<t id="s9_10" word="impor" lemma="impor" pos="v-inf" morph="--" extra="vH mv"/>
			<t id="s9_11" word="mais" lemma="mais" pos="adv" morph="--" extra="--"/>
			<t id="s9_12" word="." lemma="--" pos="pu" morph="--" extra="--"/>
		</terminals>

		<nonterminals>
			<nt id="s9_500" cat="s">
				<edge label="S" idref="s9_501"/>
			</nt>
			<nt id="s9_501" cat="icl">
				<edge label="P" idref="s9_1"/>
				<edge label="Od" idref="s9_502"/>
				<edge label="PU" idref="s9_12"/>
			</nt>
			<nt id="s9_502" cat="icl">
				<edge label="P" idref="s9_2"/>
				<edge label="Od" idref="s9_503"/>
			</nt>
			<nt id="s9_503" cat="icl">
				<edge label="P" idref="s9_3"/>
				<edge label="Od" idref="s9_504"/>
				<edge label="S" idref="s9_505"/>
			</nt>
			<nt id="s9_504" cat="icl">
				<edge label="P" idref="s9_4"/>
				<edge label="Od" idref="s9_5"/>
			</nt>
			<nt id="s9_505" cat="icl">
				<edge label="P" idref="s9_6"/>
				<edge label="Od" idref="s9_506"/>
			</nt>
			<nt id="s9_506" cat="icl">
				<edge label="P" idref="s9_7"/>
				<edge label="Od" idref="s9_507"/>
			</nt>
			<nt id="s9_507" cat="fcl">
				<edge label="P" idref="s9_8"/>
				<edge label="fCs" idref="s9_9"/>
				<edge label="S" idref="s9_508"/>
			</nt>
			<nt id="s9_508" cat="icl">
				<edge label="P" idref="s9_10"/>
				<edge label="fA" idref="s9_11"/>
			</nt>
		</nonterminals>
	</graph>
</s>

<s id="s10" ref="10" source="Running text" forest="1" text="2 sobe, 0 desce 2. Eximir Por Dicionário inFormal(SP) em 04-02-2014 Fazer com que fique isento;">
	<graph root="s10_500">
		<terminals>
			<t id="s10_1" word="2" lemma="2" pos="num" morph="M/F P" extra="card"/>
			<t id="s10_2" word="sobe" lemma="subir" pos="v-fin" morph="PR 3S IND VFIN" extra="cjt-head cjt-head-STA fmc mv"/>
			<t id="s10_3" word="," lemma="--" pos="pu" morph="--" extra="--"/>
			<t id="s10_4" word="0" lemma="xx" pos="num" morph="M/F P" extra="card"/>
			<t id="s10_5" word="desce" lemma="descer" pos="v-fin" morph="PR 3S IND VFIN" extra="cjt-STA fmc mv"/>
			<t id="s10_6" word="2." lemma="2." pos="adj" morph="M/F S" extra="NUM-ord"/>
			<t id="s10_7" word="Eximir_Por_Dicionário" lemma="Eximir_Por_Dicionário" pos="prop" morph="M S" extra="tit *"/>
			<t id="s10_8" word="inFormal" lemma="inFormal" pos="adj" morph="M S" extra="np-close"/>
			<t id="s10_9" word="(" lemma="--" pos="pu" morph="--" extra="--"/>
			<t id="s10_10" word="SP" lemma="SP" pos="prop" morph="M S" extra="civ *"/>
			<t id="s10_11" word=")" lemma="--" pos="pu" morph="--" extra="--"/>
			<t id="s10_12" word="em" lemma="em" pos="prp" morph="--" extra="--"/>
			<t id="s10_13" word="04-02-2014" lemma="04-02-2014" pos="num" morph="M/F S" extra="card"/>
			<t id="s10_14" word="Fazer" lemma="fazer" pos="v-inf" morph="--" extra="* mv"/>
			<t id="s10_15" word="com" lemma="com" pos="prp" morph="--" extra="--"/>
			<t id="s10_16" word="que" lemma="que" pos="conj-s" morph="--" extra="clb clb-fs"/>
			<t id="s10_17" word="fique" lemma="ficar" pos="v-fin" morph="PR 3S SUBJ VFIN" extra="vK mv"/>
			<t id="s10_18" word="isento" lemma="isento" pos="adj" morph="M S" extra="jh"/>
			<t id="s10_19" word=";" lemma="--" pos="pu" morph="--" extra="--"/>
		</terminals>

		<nonterminals>
			<nt id="s10_500" cat="s">
				<edge label="UTT" idref="s10_501"/>
			</nt>
			<nt id="s10_501" cat="x">
				<edge label="Od" idref="s10_1"/>
				<edge label="STA" idref="s10_502"/>
				<edge label="CJT" idref="s10_2"/>
				<edge label="PU" idref="s10_3"/>
				<edge label="CJT" idref="s10_503"/>
				<edge label="PU" idref="s10_19"/>
			</nt>
			<nt id="s10_502" cat="par">
			</nt>
			<nt id="s10_503" cat="fcl">
				<edge label="Od" idref="s10_4"/>
				<edge label="P" idref="s10_5"/>
				<edge label="fCs" idref="s10_6"/>
				<edge label="S" idref="s10_504"/>
				<edge label="PU" idref="s10_9"/>
				<edge label="Od" idref="s10_505"/>
				<edge label="PU" idref="s10_11"/>
				<edge label="fA" idref="s10_508"/>
			</nt>
			<nt id="s10_504" cat="np">
				<edge label="H" idref="s10_7"/>
				<edge label="DN" idref="s10_8"/>
			</nt>
			<nt id="s10_505" cat="icl">
				<edge label="fA" idref="s10_506"/>
			</nt>
			<nt id="s10_506" cat="pp">
				<edge label="DP" idref="s10_507"/>
			</nt>
			<nt id="s10_507" cat="fcl">
				<edge label="S" idref="s10_10"/>
			</nt>
			<nt id="s10_508" cat="pp">
				<edge label="H" idref="s10_12"/>
				<edge label="DP" idref="s10_13"/>
				<edge label="P" idref="s10_14"/>
				<edge label="fA" idref="s10_509"/>
			</nt>
			<nt id="s10_509" cat="pp">
				<edge label="H" idref="s10_15"/>
				<edge label="DP" idref="s10_510"/>
			</nt>
			<nt id="s10_510" cat="fcl">
				<edge label="SUB" idref="s10_16"/>
				<edge label="P" idref="s10_17"/>
				<edge label="Cs" idref="s10_18"/>
			</nt>
		</nonterminals>
	</graph>
</s>

<s id="s11" ref="11" source="Running text" forest="1" text="dispensar ou dispensar- se;">
	<graph root="s11_500">
		<terminals>
			<t id="s11_1" word="dispensar" lemma="dispensar" pos="v-inf" morph="--" extra="vH mv"/>
			<t id="s11_2" word="ou" lemma="ou" pos="conj-c" morph="--" extra="--"/>
			<t id="s11_3" word="dispensar-" lemma="dispensar" pos="v-inf" morph="--" extra="hyfen vH mv"/>
			<t id="s11_4" word="se" lemma="se" pos="pron-pers" morph="M/F 3S/P ACC" extra="pass"/>
			<t id="s11_5" word=";" lemma="--" pos="pu" morph="--" extra="--"/>
		</terminals>

		<nonterminals>
			<nt id="s11_500" cat="s">
				<edge label="UTT" idref="s11_501"/>
			</nt>
			<nt id="s11_501" cat="x">
				<edge label="UTT" idref="s11_1"/>
				<edge label="UTT" idref="s11_502"/>
				<edge label="CO" idref="s11_2"/>
				<edge label="P" idref="s11_3"/>
				<edge label="Od" idref="s11_4"/>
				<edge label="PU" idref="s11_5"/>
			</nt>
			<nt id="s11_502" cat="icl">
			</nt>
		</nonterminals>
	</graph>
</s>

<s id="s12" ref="12" source="Running text" forest="1" text="não obrigar;">
	<graph root="s12_500">
		<terminals>
			<t id="s12_1" word="não" lemma="não" pos="adv" morph="--" extra="--"/>
			<t id="s12_2" word="obrigar" lemma="obrigar" pos="v-inf" morph="--" extra="mv"/>
			<t id="s12_3" word=";" lemma="--" pos="pu" morph="--" extra="--"/>
		</terminals>

		<nonterminals>
			<nt id="s12_500" cat="s">
				<edge label="UTT" idref="s12_501"/>
			</nt>
			<nt id="s12_501" cat="icl">
				<edge label="fA" idref="s12_1"/>
				<edge label="P" idref="s12_2"/>
				<edge label="PU" idref="s12_3"/>
			</nt>
		</nonterminals>
	</graph>
</s>

<s id="s13" ref="13" source="Running text" forest="1" text="desobrigação:">
	<graph root="s13_500">
		<terminals>
			<t id="s13_1" word="desobrigação" lemma="desobrigação" pos="n" morph="F S" sem="act" extra="--"/>
			<t id="s13_2" word=":" lemma="--" pos="pu" morph="--" extra="--"/>
		</terminals>

		<nonterminals>
			<nt id="s13_500" cat="s">
				<edge label="UTT" idref="s13_501"/>
			</nt>
			<nt id="s13_501" cat="x">
				<edge label="X" idref="s13_1"/>
				<edge label="PU" idref="s13_2"/>
			</nt>
		</nonterminals>
	</graph>
</s>

<s id="s14" ref="14" source="Running text" forest="1" text="alguns estados foram eximidos dos impostos;">
	<graph root="s14_500">
		<terminals>
			<t id="s14_1" word="alguns" lemma="algum" pos="pron-indef" morph="DET M P" extra="quant"/>
			<t id="s14_2" word="estados" lemma="estado" pos="n" morph="M P" sem="Lciv state" extra="--"/>
			<t id="s14_3" word="foram" lemma="ser" pos="v-fin" morph="PS/MQP 3P IND VFIN" extra="fmc aux"/>
			<t id="s14_4" word="eximidos" lemma="eximir" pos="v-pcp" morph="M P" extra="vH mv"/>
			<t id="s14_5" word="de" lemma="de" pos="prp" morph="--" extra="sam-"/>
			<t id="s14_6" word="os" lemma="o" pos="art" morph="M P" extra="-sam "/>
			<t id="s14_7" word="impostos" lemma="imposto" pos="n" morph="M P" sem="amount mon" extra="--"/>
			<t id="s14_8" word=";" lemma="--" pos="pu" morph="--" extra="--"/>
		</terminals>

		<nonterminals>
			<nt id="s14_500" cat="s">
				<edge label="STA" idref="s14_501"/>
			</nt>
			<nt id="s14_501" cat="fcl">
				<edge label="S" idref="s14_502"/>
				<edge label="P" idref="s14_503"/>
				<edge label="Op" idref="s14_504"/>
				<edge label="PU" idref="s14_8"/>
			</nt>
			<nt id="s14_502" cat="np">
				<edge label="DN" idref="s14_1"/>
				<edge label="H" idref="s14_2"/>
			</nt>
			<nt id="s14_503" cat="vp">
				<edge label="Vaux" idref="s14_3"/>
				<edge label="Vm" idref="s14_4"/>
			</nt>
			<nt id="s14_504" cat="pp">
				<edge label="H" idref="s14_5"/>
				<edge label="DP" idref="s14_505"/>
			</nt>
			<nt id="s14_505" cat="np">
				<edge label="DN" idref="s14_6"/>
				<edge label="H" idref="s14_7"/>
			</nt>
		</nonterminals>
	</graph>
</s>

<s id="s15" ref="15" source="Running text" forest="1" text="eximiu- se de um compromisso.">
	<graph root="s15_500">
		<terminals>
			<t id="s15_1" word="eximiu-" lemma="eximir" pos="v-fin" morph="PS 3S IND VFIN" extra="hyfen vH fmc mv v-pron"/>
			<t id="s15_2" word="se" lemma="se" pos="pron-pers" morph="M/F 3S ACC" extra="refl"/>
			<t id="s15_3" word="de" lemma="de" pos="prp" morph="--" extra="--"/>
			<t id="s15_4" word="um" lemma="um" pos="art" morph="M S" extra="--"/>
			<t id="s15_5" word="compromisso" lemma="compromisso" pos="n" morph="M S" sem="sem-c sem-s" extra="--"/>
			<t id="s15_6" word="." lemma="--" pos="pu" morph="--" extra="--"/>
		</terminals>

		<nonterminals>
			<nt id="s15_500" cat="s">
				<edge label="STA" idref="s15_501"/>
			</nt>
			<nt id="s15_501" cat="fcl">
				<edge label="P" idref="s15_1"/>
				<edge label="Od" idref="s15_2"/>
				<edge label="Op" idref="s15_502"/>
				<edge label="PU" idref="s15_6"/>
			</nt>
			<nt id="s15_502" cat="pp">
				<edge label="H" idref="s15_3"/>
				<edge label="DP" idref="s15_503"/>
			</nt>
			<nt id="s15_503" cat="np">
				<edge label="DN" idref="s15_4"/>
				<edge label="H" idref="s15_5"/>
			</nt>
		</nonterminals>
	</graph>
</s>

<s id="s16" ref="16" source="Running text" forest="1" text="Evitar o contato;">
	<graph root="s16_500">
		<terminals>
			<t id="s16_1" word="Evitar" lemma="evitar" pos="v-inf" morph="--" extra="* vH mv"/>
			<t id="s16_2" word="o" lemma="o" pos="art" morph="M S" extra="--"/>
			<t id="s16_3" word="contato" lemma="contato" pos="n" morph="M S" sem="ac H" extra="--"/>
			<t id="s16_4" word=";" lemma="--" pos="pu" morph="--" extra="--"/>
		</terminals>

		<nonterminals>
			<nt id="s16_500" cat="s">
				<edge label="UTT" idref="s16_501"/>
			</nt>
			<nt id="s16_501" cat="icl">
				<edge label="P" idref="s16_1"/>
				<edge label="Od" idref="s16_502"/>
				<edge label="PU" idref="s16_4"/>
			</nt>
			<nt id="s16_502" cat="np">
				<edge label="DN" idref="s16_2"/>
				<edge label="H" idref="s16_3"/>
			</nt>
		</nonterminals>
	</graph>
</s>

<s id="s17" ref="17" source="Running text" forest="1" text="esquivar:">
	<graph root="s17_500">
		<terminals>
			<t id="s17_1" word="esquivar" lemma="esquivar" pos="v-inf" morph="--" extra="vH mv"/>
			<t id="s17_2" word=":" lemma="--" pos="pu" morph="--" extra="--"/>
		</terminals>

		<nonterminals>
			<nt id="s17_500" cat="s">
				<edge label="UTT" idref="s17_501"/>
			</nt>
			<nt id="s17_501" cat="x">
				<edge label="UTT" idref="s17_1"/>
				<edge label="PU" idref="s17_2"/>
			</nt>
		</nonterminals>
	</graph>
</s>

<s id="s18" ref="18" source="Running text" forest="1" text="eximiu- se a aceitar o noivado.">
	<graph root="s18_500">
		<terminals>
			<t id="s18_1" word="eximiu-" lemma="eximir" pos="v-fin" morph="PS 3S IND VFIN" extra="hyfen vH fmc mv v-pron"/>
			<t id="s18_2" word="se" lemma="se" pos="pron-pers" morph="M/F 3S ACC" extra="refl"/>
			<t id="s18_3" word="a" lemma="a" pos="prp" morph="--" extra="--"/>
			<t id="s18_4" word="aceitar" lemma="aceitar" pos="v-inf" morph="--" extra="vH mv"/>
			<t id="s18_5" word="o" lemma="o" pos="art" morph="M S" extra="--"/>
			<t id="s18_6" word="noivado" lemma="noivado" pos="n" morph="M S" sem="occ" extra="--"/>
			<t id="s18_7" word="." lemma="--" pos="pu" morph="--" extra="--"/>
		</terminals>

		<nonterminals>
			<nt id="s18_500" cat="s">
				<edge label="STA" idref="s18_501"/>
			</nt>
			<nt id="s18_501" cat="fcl">
				<edge label="P" idref="s18_1"/>
				<edge label="Od" idref="s18_2"/>
				<edge label="Op" idref="s18_502"/>
				<edge label="PU" idref="s18_7"/>
			</nt>
			<nt id="s18_502" cat="pp">
				<edge label="H" idref="s18_3"/>
				<edge label="DP" idref="s18_503"/>
			</nt>
			<nt id="s18_503" cat="icl">
				<edge label="P" idref="s18_4"/>
				<edge label="Od" idref="s18_504"/>
			</nt>
			<nt id="s18_504" cat="np">
				<edge label="DN" idref="s18_5"/>
				<edge label="H" idref="s18_6"/>
			</nt>
		</nonterminals>
	</graph>
</s>

<s id="s19" ref="19" source="Running text" forest="1" text="Colocar- se ou estar- se a salvo;">
	<graph root="s19_500">
		<terminals>
			<t id="s19_1" word="Colocar-" lemma="colocar" pos="v-inf" morph="--" extra="* hyfen vH mv v-pron"/>
			<t id="s19_2" word="se" lemma="se" pos="pron-pers" morph="M/F 3S/P ACC" extra="refl pass"/>
			<t id="s19_3" word="ou" lemma="ou" pos="conj-c" morph="--" extra="--"/>
			<t id="s19_4" word="estar-" lemma="estar" pos="v-inf" morph="--" extra="hyfen mv"/>
			<t id="s19_5" word="se" lemma="se" pos="pron-pers" morph="M/F 3S/P ACC" extra="--"/>
			<t id="s19_6" word="a_salvo" lemma="a_salvo" pos="adv" morph="--" sem="pp" extra="--"/>
			<t id="s19_7" word=";" lemma="--" pos="pu" morph="--" extra="--"/>
		</terminals>

		<nonterminals>
			<nt id="s19_500" cat="s">
				<edge label="UTT" idref="s19_501"/>
			</nt>
			<nt id="s19_501" cat="icl">
				<edge label="P" idref="s19_1"/>
				<edge label="Od" idref="s19_2"/>
				<edge label="CO" idref="s19_3"/>
				<edge label="Od" idref="s19_502"/>
				<edge label="PU" idref="s19_7"/>
			</nt>
			<nt id="s19_502" cat="fcl">
				<edge label="P" idref="s19_4"/>
				<edge label="S" idref="s19_5"/>
				<edge label="fA" idref="s19_6"/>
			</nt>
		</nonterminals>
	</graph>
</s>

<s id="s20" ref="20" source="Running text" forest="1" text="escapar.">
	<graph root="s20_500">
		<terminals>
			<t id="s20_1" word="escapar" lemma="escapar" pos="v-inf" morph="--" extra="vH mv"/>
			<t id="s20_2" word="." lemma="--" pos="pu" morph="--" extra="--"/>
		</terminals>

		<nonterminals>
			<nt id="s20_500" cat="s">
				<edge label="UTT" idref="s20_501"/>
			</nt>
			<nt id="s20_501" cat="x">
				<edge label="UTT" idref="s20_1"/>
				<edge label="PU" idref="s20_2"/>
			</nt>
		</nonterminals>
	</graph>
</s>

<s id="s21" ref="21" source="Running text" forest="1" text="Comparar não é, para um ignorante, senão um meio cômodo de se eximir de julgar.">
	<graph root="s21_500">
		<terminals>
			<t id="s21_1" word="Comparar" lemma="comparar" pos="v-inf" morph="--" extra="* vH mv"/>
			<t id="s21_2" word="não" lemma="não" pos="adv" morph="--" extra="--"/>
			<t id="s21_3" word="é" lemma="ser" pos="v-fin" morph="PR 3S IND VFIN" extra="fmc mv"/>
			<t id="s21_4" word="," lemma="--" pos="pu" morph="--" extra="--"/>
			<t id="s21_5" word="para" lemma="para" pos="prp" morph="--" extra="--"/>
			<t id="s21_6" word="um" lemma="um" pos="art" morph="M S" extra="--"/>
			<t id="s21_7" word="ignorante" lemma="ignorante" pos="n" morph="M S" sem="H" extra="--"/>
			<t id="s21_8" word="," lemma="--" pos="pu" morph="--" extra="--"/>
			<t id="s21_9" word="senão" lemma="senão" pos="conj-c" morph="--" extra="--"/>
			<t id="s21_10" word="um" lemma="um" pos="art" morph="M S" extra="--"/>
			<t id="s21_11" word="meio" lemma="meio" pos="adj" morph="M S" extra="--"/>
			<t id="s21_12" word="cômodo" lemma="cômodo" pos="n" morph="M S" sem="am" extra="--"/>
			<t id="s21_13" word="de" lemma="de" pos="prp" morph="--" extra="np-close"/>
			<t id="s21_14" word="se" lemma="se" pos="pron-pers" morph="M/F 3S/P ACC" extra="refl"/>
			<t id="s21_15" word="eximir" lemma="eximir" pos="v-inf" morph="--" extra="vH mv v-pron"/>
			<t id="s21_16" word="de" lemma="de" pos="prp" morph="--" extra="--"/>
			<t id="s21_17" word="julgar" lemma="julgar" pos="v-inf" morph="--" extra="vH mv"/>
			<t id="s21_18" word="." lemma="--" pos="pu" morph="--" extra="--"/>
		</terminals>

		<nonterminals>
			<nt id="s21_500" cat="s">
				<edge label="STA" idref="s21_501"/>
			</nt>
			<nt id="s21_501" cat="fcl">
				<edge label="S" idref="s21_502"/>
				<edge label="P" idref="s21_3"/>
				<edge label="PU" idref="s21_4"/>
				<edge label="fA" idref="s21_503"/>
				<edge label="S" idref="s21_505"/>
				<edge label="PU" idref="s21_18"/>
			</nt>
			<nt id="s21_502" cat="icl">
				<edge label="P" idref="s21_1"/>
				<edge label="fA" idref="s21_2"/>
			</nt>
			<nt id="s21_503" cat="pp">
				<edge label="H" idref="s21_5"/>
				<edge label="DP" idref="s21_504"/>
			</nt>
			<nt id="s21_504" cat="np">
				<edge label="DN" idref="s21_6"/>
				<edge label="H" idref="s21_7"/>
				<edge label="PU" idref="s21_8"/>
				<edge label="CO" idref="s21_9"/>
			</nt>
			<nt id="s21_505" cat="np">
				<edge label="DN" idref="s21_10"/>
				<edge label="DN" idref="s21_11"/>
				<edge label="H" idref="s21_12"/>
				<edge label="DN" idref="s21_506"/>
			</nt>
			<nt id="s21_506" cat="pp">
				<edge label="H" idref="s21_13"/>
				<edge label="DP" idref="s21_507"/>
			</nt>
			<nt id="s21_507" cat="icl">
				<edge label="Od" idref="s21_14"/>
				<edge label="P" idref="s21_15"/>
				<edge label="Op" idref="s21_508"/>
			</nt>
			<nt id="s21_508" cat="pp">
				<edge label="H" idref="s21_16"/>
				<edge label="DP" idref="s21_17"/>
			</nt>
		</nonterminals>
	</graph>
</s>

<s id="s22" ref="22" source="Running text" forest="1" text="Compartilhar enviar nova definição enviar nova imagem denunciar abuso 1 sobe, 0 desce 3. Eximir Por Dicionário inFormal(SP) em 02-06-2014 Deixar de pagar, isentar alguém de algo, livrar alguém de uma obrigação.">
	<graph root="s22_500">
		<terminals>
			<t id="s22_1" word="Compartilhar" lemma="compartilhar" pos="v-inf" morph="--" extra="* vH mv"/>
			<t id="s22_2" word="enviar" lemma="enviar" pos="v-inf" morph="--" extra="vH mv"/>
			<t id="s22_3" word="nova" lemma="novo" pos="adj" morph="F S" extra="jh"/>
			<t id="s22_4" word="definição" lemma="definição" pos="n" morph="F S" sem="sem-c" extra="--"/>
			<t id="s22_5" word="enviar" lemma="enviar" pos="v-inf" morph="--" extra="vH mv"/>
			<t id="s22_6" word="nova" lemma="novo" pos="adj" morph="F S" extra="jh"/>
			<t id="s22_7" word="imagem" lemma="imagem" pos="n" morph="F S" sem="pict sem-c ac-cat" extra="--"/>
			<t id="s22_8" word="denunciar" lemma="denunciar" pos="v-inf" morph="--" extra="vH mv"/>
			<t id="s22_9" word="abuso" lemma="abuso" pos="n" morph="M S" sem="activity" extra="--"/>
			<t id="s22_10" word="1" lemma="1" pos="num" morph="M/F S" extra="card"/>
			<t id="s22_11" word="sobe" lemma="subir" pos="v-fin" morph="PR 3S IND VFIN" extra="cjt-head cjt-head-STA fmc mv"/>
			<t id="s22_12" word="," lemma="--" pos="pu" morph="--" extra="--"/>
			<t id="s22_13" word="0" lemma="xx" pos="num" morph="M/F P" extra="card"/>
			<t id="s22_14" word="desce" lemma="descer" pos="v-fin" morph="PR 3S IND VFIN" extra="cjt-STA fmc mv"/>
			<t id="s22_15" word="3." lemma="3." pos="adj" morph="M/F S" extra="NUM-ord"/>
			<t id="s22_16" word="Eximir_Por_Dicionário" lemma="Eximir_Por_Dicionário" pos="prop" morph="M S" extra="tit *"/>
			<t id="s22_17" word="inFormal" lemma="inFormal" pos="adj" morph="M S" extra="np-close"/>
			<t id="s22_18" word="(" lemma="--" pos="pu" morph="--" extra="--"/>
			<t id="s22_19" word="SP" lemma="SP" pos="prop" morph="M S" extra="civ * np-close"/>
			<t id="s22_20" word=")" lemma="--" pos="pu" morph="--" extra="--"/>
			<t id="s22_21" word="em" lemma="em" pos="prp" morph="--" extra="--"/>
			<t id="s22_22" word="02-06-2014" lemma="02-06-2014" pos="num" morph="M/F S" extra="card"/>
			<t id="s22_23" word="Deixar" lemma="deixar" pos="v-inf" morph="--" extra="* aux"/>
			<t id="s22_24" word="de" lemma="de" pos="prp" morph="--" extra="--"/>
			<t id="s22_25" word="pagar" lemma="pagar" pos="v-inf" morph="--" extra="vH mv"/>
			<t id="s22_26" word="," lemma="--" pos="pu" morph="--" extra="--"/>
			<t id="s22_27" word="isentar" lemma="isentar" pos="v-inf" morph="--" extra="vH mv"/>
			<t id="s22_28" word="alguém" lemma="alguém" pos="spec" morph="M S" extra="--"/>
			<t id="s22_29" word="de" lemma="de" pos="prp" morph="--" extra="--"/>
			<t id="s22_30" word="algo" lemma="algo" pos="spec" morph="M S" extra="quant"/>
			<t id="s22_31" word="," lemma="--" pos="pu" morph="--" extra="--"/>
			<t id="s22_32" word="livrar" lemma="livrar" pos="v-inf" morph="--" extra="vH mv"/>
			<t id="s22_33" word="alguém" lemma="alguém" pos="spec" morph="M S" extra="--"/>
			<t id="s22_34" word="de" lemma="de" pos="prp" morph="--" extra="--"/>
			<t id="s22_35" word="uma" lemma="um" pos="art" morph="F S" extra="--"/>
			<t id="s22_36" word="obrigação" lemma="obrigação" pos="n" morph="F S" sem="act" extra="--"/>
			<t id="s22_37" word="." lemma="--" pos="pu" morph="--" extra="--"/>
		</terminals>

		<nonterminals>
			<nt id="s22_500" cat="s">
				<edge label="UTT" idref="s22_501"/>
			</nt>
			<nt id="s22_501" cat="icl">
				<edge label="P" idref="s22_1"/>
				<edge label="Od" idref="s22_502"/>
				<edge label="PU" idref="s22_37"/>
			</nt>
			<nt id="s22_502" cat="icl">
				<edge label="P" idref="s22_2"/>
				<edge label="Od" idref="s22_503"/>
				<edge label="UTT" idref="s22_504"/>
				<edge label="UTT" idref="s22_506"/>
				<edge label="STA" idref="s22_507"/>
				<edge label="PU" idref="s22_26"/>
				<edge label="UTT" idref="s22_514"/>
				<edge label="PU" idref="s22_31"/>
				<edge label="UTT" idref="s22_516"/>
			</nt>
			<nt id="s22_503" cat="np">
				<edge label="DN" idref="s22_3"/>
				<edge label="H" idref="s22_4"/>
			</nt>
			<nt id="s22_504" cat="icl">
				<edge label="P" idref="s22_5"/>
				<edge label="Od" idref="s22_505"/>
			</nt>
			<nt id="s22_505" cat="np">
				<edge label="DN" idref="s22_6"/>
				<edge label="H" idref="s22_7"/>
			</nt>
			<nt id="s22_506" cat="icl">
				<edge label="P" idref="s22_8"/>
				<edge label="Od" idref="s22_9"/>
			</nt>
			<nt id="s22_507" cat="par">
				<edge label="CJT" idref="s22_508"/>
				<edge label="PU" idref="s22_12"/>
				<edge label="CJT" idref="s22_509"/>
			</nt>
			<nt id="s22_508" cat="fcl">
				<edge label="S" idref="s22_10"/>
				<edge label="P" idref="s22_11"/>
			</nt>
			<nt id="s22_509" cat="fcl">
				<edge label="Od" idref="s22_13"/>
				<edge label="P" idref="s22_14"/>
				<edge label="fCs" idref="s22_15"/>
				<edge label="S" idref="s22_510"/>
				<edge label="fA" idref="s22_511"/>
				<edge label="Od" idref="s22_512"/>
			</nt>
			<nt id="s22_510" cat="np">
				<edge label="H" idref="s22_16"/>
				<edge label="DN" idref="s22_17"/>
				<edge label="PU" idref="s22_18"/>
				<edge label="DNapp" idref="s22_19"/>
				<edge label="PU" idref="s22_20"/>
			</nt>
			<nt id="s22_511" cat="pp">
				<edge label="H" idref="s22_21"/>
				<edge label="DP" idref="s22_22"/>
			</nt>
			<nt id="s22_512" cat="icl">
				<edge label="P" idref="s22_513"/>
			</nt>
			<nt id="s22_513" cat="vp">
				<edge label="Vaux" idref="s22_23"/>
				<edge label="SUBaux" idref="s22_24"/>
				<edge label="Vm" idref="s22_25"/>
			</nt>
			<nt id="s22_514" cat="icl">
				<edge label="P" idref="s22_27"/>
				<edge label="Od" idref="s22_28"/>
				<edge label="Op" idref="s22_515"/>
			</nt>
			<nt id="s22_515" cat="pp">
				<edge label="H" idref="s22_29"/>
				<edge label="DP" idref="s22_30"/>
			</nt>
			<nt id="s22_516" cat="icl">
				<edge label="P" idref="s22_32"/>
				<edge label="Od" idref="s22_33"/>
				<edge label="Op" idref="s22_517"/>
			</nt>
			<nt id="s22_517" cat="pp">
				<edge label="H" idref="s22_34"/>
				<edge label="DP" idref="s22_518"/>
			</nt>
			<nt id="s22_518" cat="np">
				<edge label="DN" idref="s22_35"/>
				<edge label="H" idref="s22_36"/>
			</nt>
		</nonterminals>
	</graph>
</s>

<s id="s23" ref="23" source="Running text" forest="1" text="Quando eu viajar daqui a dois meses meu professor terá que me exigir de auxiliar- lo no laboratório.">
	<graph root="s23_500">
		<terminals>
			<t id="s23_1" word="Quando" lemma="quando" pos="adv" morph="--" extra="clb clb-fs * rel ks"/>
			<t id="s23_2" word="eu" lemma="eu" pos="pron-pers" morph="M/F 1S NOM" extra="--"/>
			<t id="s23_3" word="viajar" lemma="viajar" pos="v-fin" morph="FUT 1S SUBJ VFIN" extra="cjt-head cjt-head-fA vH mv"/>
			<t id="s23_4" word="de" lemma="de" pos="prp" morph="--" extra="sam-"/>
			<t id="s23_5" word="aqui" lemma="aqui" pos="adv" morph="--" extra="-sam"/>
			<t id="s23_6" word="a" lemma="a" pos="prp" morph="--" extra="cjt-As"/>
			<t id="s23_7" word="dois" lemma="dois" pos="num" morph="M P" extra="card"/>
			<t id="s23_8" word="meses" lemma="mês" pos="n" morph="M P" sem="dur per unit" extra="--"/>
			<t id="s23_9" word="meu" lemma="meu" pos="pron-poss" morph="DET M S" extra="poss 1S"/>
			<t id="s23_10" word="professor" lemma="professor" pos="n" morph="M S" sem="Hprof" extra="--"/>
			<t id="s23_11" word="terá" lemma="ter" pos="v-fin" morph="FUT 3S IND VFIN" extra="fmc aux"/>
			<t id="s23_12" word="que" lemma="que" pos="conj-s" morph="--" extra="--"/>
			<t id="s23_13" word="me" lemma="eu" pos="pron-pers" morph="M/F 1S DAT" extra="refl"/>
			<t id="s23_14" word="exigir" lemma="exigir" pos="v-inf" morph="--" extra="vH mv"/>
			<t id="s23_15" word="de" lemma="de" pos="prp" morph="--" extra="--"/>
			<t id="s23_16" word="auxiliar-" lemma="auxiliar" pos="v-inf" morph="--" extra="hyfen vH mv"/>
			<t id="s23_17" word="lo" lemma="ele" pos="pron-pers" morph="M 3S ACC" extra="--"/>
			<t id="s23_18" word="em" lemma="em" pos="prp" morph="--" extra="sam-"/>
			<t id="s23_19" word="o" lemma="o" pos="art" morph="M S" extra="-sam "/>
			<t id="s23_20" word="laboratório" lemma="laboratório" pos="n" morph="M S" sem="inst" extra="--"/>
			<t id="s23_21" word="." lemma="--" pos="pu" morph="--" extra="--"/>
		</terminals>

		<nonterminals>
			<nt id="s23_500" cat="s">
				<edge label="STA" idref="s23_501"/>
			</nt>
			<nt id="s23_501" cat="fcl">
				<edge label="fA" idref="s23_502"/>
				<edge label="P" idref="s23_508"/>
				<edge label="Oi" idref="s23_13"/>
				<edge label="P" idref="s23_509"/>
				<edge label="Op" idref="s23_510"/>
				<edge label="PU" idref="s23_21"/>
			</nt>
			<nt id="s23_502" cat="par">
				<edge label="CJT" idref="s23_503"/>
				<edge label="CJT" idref="s23_505"/>
			</nt>
			<nt id="s23_503" cat="fcl">
				<edge label="fA" idref="s23_1"/>
				<edge label="S" idref="s23_2"/>
				<edge label="P" idref="s23_3"/>
				<edge label="As" idref="s23_504"/>
			</nt>
			<nt id="s23_504" cat="pp">
				<edge label="H" idref="s23_4"/>
				<edge label="DP" idref="s23_5"/>
			</nt>
			<nt id="s23_505" cat="pp">
				<edge label="H" idref="s23_6"/>
				<edge label="DP" idref="s23_506"/>
				<edge label="Od" idref="s23_507"/>
			</nt>
			<nt id="s23_506" cat="np">
				<edge label="DN" idref="s23_7"/>
				<edge label="H" idref="s23_8"/>
			</nt>
			<nt id="s23_507" cat="np">
				<edge label="DN" idref="s23_9"/>
				<edge label="H" idref="s23_10"/>
			</nt>
			<nt id="s23_508" cat="vp">
				<edge label="Vaux" idref="s23_11"/>
				<edge label="SUBaux" idref="s23_12"/>
			</nt>
			<nt id="s23_509" cat="vp">
				<edge label="Vm" idref="s23_14"/>
			</nt>
			<nt id="s23_510" cat="pp">
				<edge label="H" idref="s23_15"/>
				<edge label="DP" idref="s23_511"/>
			</nt>
			<nt id="s23_511" cat="icl">
				<edge label="P" idref="s23_16"/>
				<edge label="Od" idref="s23_17"/>
				<edge label="fA" idref="s23_512"/>
			</nt>
			<nt id="s23_512" cat="pp">
				<edge label="H" idref="s23_18"/>
				<edge label="DP" idref="s23_513"/>
			</nt>
			<nt id="s23_513" cat="np">
				<edge label="DN" idref="s23_19"/>
				<edge label="H" idref="s23_20"/>
			</nt>
		</nonterminals>
	</graph>
</s>

<s id="s24" ref="24" source="Running text" forest="1" text="Compartilhar enviar nova definição enviar nova imagem denunciar abuso Outras Informações:Palavras com 6 letras A palavra possui 3 vogais -- e i i A palavra possui 3 consoantes -- x m r 1 página -- 3 Definições arte dar a cria sarraceno manchete wildiano.">
	<graph root="s24_500">
		<terminals>
			<t id="s24_1" word="Compartilhar" lemma="compartilhar" pos="v-inf" morph="--" extra="* vH mv"/>
			<t id="s24_2" word="enviar" lemma="enviar" pos="v-inf" morph="--" extra="vH mv"/>
			<t id="s24_3" word="nova" lemma="novo" pos="adj" morph="F S" extra="jh"/>
			<t id="s24_4" word="definição" lemma="definição" pos="n" morph="F S" sem="sem-c" extra="--"/>
			<t id="s24_5" word="enviar" lemma="enviar" pos="v-inf" morph="--" extra="vH mv"/>
			<t id="s24_6" word="nova" lemma="novo" pos="adj" morph="F S" extra="jh"/>
			<t id="s24_7" word="imagem" lemma="imagem" pos="n" morph="F S" sem="pict sem-c ac-cat" extra="--"/>
			<t id="s24_8" word="denunciar" lemma="denunciar" pos="v-inf" morph="--" extra="vH mv"/>
			<t id="s24_9" word="abuso" lemma="abuso" pos="n" morph="M S" sem="activity" extra="--"/>
			<t id="s24_10" word="Outras_Informações" lemma="Outras_Informações" pos="prop" morph="M/F S" extra="hum * heur"/>
			<t id="s24_11" word=":Palavras" lemma=":Palavras" pos="n" morph="M S" extra="--"/>
			<t id="s24_12" word="com" lemma="com" pos="prp" morph="--" extra="--"/>
			<t id="s24_13" word="6" lemma="6" pos="num" morph="F P" extra="card"/>
			<t id="s24_14" word="letras" lemma="letra" pos="n" morph="F P" sem="ac-sign sem-r domain" extra="--"/>
			<t id="s24_15" word="A" lemma="o" pos="art" morph="F S" extra="* "/>
			<t id="s24_16" word="palavra" lemma="palavra" pos="n" morph="F S" sem="ac-cat act-s" extra="--"/>
			<t id="s24_17" word="possui" lemma="possuir" pos="v-fin" morph="PR 3S IND VFIN" extra="cjt-head cjt-head-STA vH fmc mv"/>
			<t id="s24_18" word="3" lemma="3" pos="num" morph="M P" extra="card"/>
			<t id="s24_19" word="vogais" lemma="vogal" pos="n" morph="M P" sem="ac-cat H" extra="--"/>
			<t id="s24_20" word="--" lemma="--" pos="pu" morph="--" extra="--"/>
			<t id="s24_21" word="e" lemma="e" pos="conj-c" morph="--" extra="--"/>
			<t id="s24_22" word="i" lemma="i" pos="n" morph="M S" sem="ac-sign" extra="--"/>
			<t id="s24_23" word="i" lemma="i" pos="n" morph="M S" sem="ac-sign" extra="--"/>
			<t id="s24_24" word="A" lemma="o" pos="art" morph="F S" extra="* "/>
			<t id="s24_25" word="palavra" lemma="palavra" pos="n" morph="F S" sem="ac-cat act-s" extra="--"/>
			<t id="s24_26" word="possui" lemma="possuir" pos="v-fin" morph="PR 3S IND VFIN" extra="cjt-STA vH fmc mv"/>
			<t id="s24_27" word="3" lemma="3" pos="num" morph="F P" extra="card"/>
			<t id="s24_28" word="consoantes" lemma="consoante" pos="n" morph="F P" sem="ac-cat" extra="--"/>
			<t id="s24_29" word="--" lemma="--" pos="pu" morph="--" extra="--"/>
			<t id="s24_30" word="x" lemma="x" pos="n" morph="M S" sem="ac-sign" extra="cjt-head cjt-head-S"/>
			<t id="s24_31" word="m" lemma="m" pos="n" morph="M S" sem="unit ac-sign" extra="cjt-S"/>
			<t id="s24_32" word="r" lemma="r" pos="n" morph="M S" sem="ac-sign" extra="cjt-S"/>
			<t id="s24_33" word="1" lemma="1" pos="num" morph="F S" extra="card"/>
			<t id="s24_34" word="página" lemma="página" pos="n" morph="F S" sem="cc-r" extra="cjt-S"/>
			<t id="s24_35" word="--" lemma="--" pos="pu" morph="--" extra="--"/>
			<t id="s24_36" word="3" lemma="3" pos="num" morph="F P" extra="card"/>
			<t id="s24_37" word="Definições" lemma="definição" pos="n" morph="F P" sem="sem-c" extra="prop *"/>
			<t id="s24_38" word="arte" lemma="arte" pos="n" morph="F S" sem="domain" extra="--"/>
			<t id="s24_39" word="dar" lemma="dar" pos="v-inf" morph="3S" extra="mv"/>
			<t id="s24_40" word="a" lemma="a" pos="prp" morph="--" extra="--"/>
			<t id="s24_41" word="cria" lemma="criar" pos="v-fin" morph="PR 3S IND VFIN" extra="cjt-STA fmc mv"/>
			<t id="s24_42" word="sarraceno" lemma="sarraceno" pos="adj" morph="M S" extra="nat jh"/>
			<t id="s24_43" word="manchete" lemma="manchete" pos="n" morph="F S" sem="sem-r" extra="--"/>
			<t id="s24_44" word="wildiano" lemma="wildiano" pos="adj" morph="M S" extra="DERS jh foreign np-close"/>
			<t id="s24_45" word="." lemma="--" pos="pu" morph="--" extra="--"/>
		</terminals>

		<nonterminals>
			<nt id="s24_500" cat="s">
				<edge label="UTT" idref="s24_501"/>
			</nt>
			<nt id="s24_501" cat="icl">
				<edge label="P" idref="s24_1"/>
				<edge label="Od" idref="s24_502"/>
				<edge label="PU" idref="s24_45"/>
			</nt>
			<nt id="s24_502" cat="icl">
				<edge label="P" idref="s24_2"/>
				<edge label="Od" idref="s24_503"/>
				<edge label="UTT" idref="s24_504"/>
				<edge label="UTT" idref="s24_506"/>
				<edge label="STA" idref="s24_507"/>
			</nt>
			<nt id="s24_503" cat="np">
				<edge label="DN" idref="s24_3"/>
				<edge label="H" idref="s24_4"/>
			</nt>
			<nt id="s24_504" cat="icl">
				<edge label="P" idref="s24_5"/>
				<edge label="Od" idref="s24_505"/>
			</nt>
			<nt id="s24_505" cat="np">
				<edge label="DN" idref="s24_6"/>
				<edge label="H" idref="s24_7"/>
			</nt>
			<nt id="s24_506" cat="icl">
				<edge label="P" idref="s24_8"/>
				<edge label="Od" idref="s24_9"/>
			</nt>
			<nt id="s24_507" cat="par">
				<edge label="CJT" idref="s24_508"/>
				<edge label="fA" idref="s24_509"/>
				<edge label="CJT" idref="s24_513"/>
				<edge label="CJT" idref="s24_514"/>
			</nt>
			<nt id="s24_508" cat="fcl">
				<edge label="S" idref="s24_10"/>
				<edge label="S" idref="s24_11"/>
			</nt>
			<nt id="s24_509" cat="pp">
				<edge label="H" idref="s24_12"/>
				<edge label="DP" idref="s24_510"/>
				<edge label="S" idref="s24_511"/>
				<edge label="P" idref="s24_17"/>
				<edge label="Od" idref="s24_512"/>
			</nt>
			<nt id="s24_510" cat="np">
				<edge label="DN" idref="s24_13"/>
				<edge label="H" idref="s24_14"/>
			</nt>
			<nt id="s24_511" cat="np">
				<edge label="DN" idref="s24_15"/>
				<edge label="H" idref="s24_16"/>
			</nt>
			<nt id="s24_512" cat="np">
				<edge label="DN" idref="s24_18"/>
				<edge label="H" idref="s24_19"/>
				<edge label="PU" idref="s24_20"/>
				<edge label="CO" idref="s24_21"/>
			</nt>
			<nt id="s24_513" cat="fcl">
				<edge label="S" idref="s24_22"/>
			</nt>
			<nt id="s24_514" cat="fcl">
				<edge label="S" idref="s24_23"/>
				<edge label="S" idref="s24_515"/>
				<edge label="P" idref="s24_26"/>
				<edge label="Od" idref="s24_516"/>
				<edge label="S" idref="s24_517"/>
				<edge label="S" idref="s24_519"/>
				<edge label="S" idref="s24_38"/>
				<edge label="P" idref="s24_41"/>
				<edge label="Co" idref="s24_42"/>
				<edge label="Od" idref="s24_521"/>
			</nt>
			<nt id="s24_515" cat="np">
				<edge label="DN" idref="s24_24"/>
				<edge label="H" idref="s24_25"/>
			</nt>
			<nt id="s24_516" cat="np">
				<edge label="DN" idref="s24_27"/>
				<edge label="H" idref="s24_28"/>
				<edge label="PU" idref="s24_29"/>
			</nt>
			<nt id="s24_517" cat="par">
				<edge label="CJT" idref="s24_30"/>
				<edge label="CJT" idref="s24_31"/>
				<edge label="CJT" idref="s24_32"/>
				<edge label="CJT" idref="s24_518"/>
			</nt>
			<nt id="s24_518" cat="np">
				<edge label="DN" idref="s24_33"/>
				<edge label="H" idref="s24_34"/>
				<edge label="PU" idref="s24_35"/>
			</nt>
			<nt id="s24_519" cat="icl">
				<edge label="fCs" idref="s24_520"/>
				<edge label="P" idref="s24_39"/>
				<edge label="Op" idref="s24_40"/>
			</nt>
			<nt id="s24_520" cat="np">
				<edge label="DN" idref="s24_36"/>
				<edge label="H" idref="s24_37"/>
			</nt>
			<nt id="s24_521" cat="np">
				<edge label="H" idref="s24_43"/>
				<edge label="DN" idref="s24_44"/>
			</nt>
		</nonterminals>
	</graph>
</s>

	</body>
</corpus>
